"gene","AD_logFC","AD_padj","AD_label","AD_drug_logFC","AD_drug_padj","AD_drug_label"
"FOS",2.68841983217182,0,"up",-2.08250957712168,1.23567900543383e-268,"down"
"HSPA8",-2.63760092443883,0,"down",2.59855567660747,0,"up"
"ATP1A1",-2.71581849853895,4.70770124533921e-303,"down",2.64143106441847,5.53840916830071e-278,"up"
"EGR1",2.71798750514226,7.06095769018645e-251,"up",-1.56372523641332,7.53481374036656e-100,"down"
"GPNMB",-2.88785021422886,1.42583786523279e-243,"down",2.32553708532941,8.73713541811619e-138,"up"
"EIF3L",-2.05480495637907,2.53128580881738e-214,"down",1.97936270916927,1.18565133650424e-179,"up"
"PDIA6",-2.48882610444926,4.3596076729716e-211,"down",2.40549931149398,5.02205146065681e-203,"up"
"SYT2",-2.44103270482219,2.39468104637329e-208,"down",2.45977087929794,1.4544936142639e-215,"up"
"A2M",-1.92239986333797,2.3574392162956e-207,"down",2.15709076239104,1.6008884371634e-300,"up"
"NEAT1",1.68230203120061,3.52941888975855e-187,"up",-1.16031120835795,2.58639585816229e-93,"down"
"SRA1",1.82880165327894,1.04895717302483e-184,"up",-1.57876076428572,1.1312157760564e-132,"down"
"DUSP1",2.03971916150719,1.14872806834286e-182,"up",-1.67014559620474,2.16797624065835e-121,"down"
"PSAP",-1.71031179997119,2.5637504585805e-180,"down",1.57810268745586,4.09420003295028e-161,"up"
"FCGBP",-1.71289686699258,1.53687707069817e-179,"down",1.43211895334274,1.54775379416379e-21,"up"
"CNOT1",-1.76066346292693,5.5203313200638e-179,"down",1.68771909387997,4.15224386982739e-146,"up"
"PRKDC",-1.64961830787872,1.70003083149749e-165,"down",1.54274419152651,1.50141018689201e-143,"up"
"ABHD2",-2.57728371460754,2.87211261656685e-161,"down",2.46849916552291,6.8762708434428e-165,"up"
"IER2",2.3763969078338,3.55122363688962e-161,"up",-1.90377191997994,1.00315782598306e-114,"down"
"GNS",-1.75701862424951,1.04335042942934e-160,"down",1.72182404584148,3.26892121717031e-128,"up"
"MRC1",-2.97108645872463,5.10253180093977e-147,"down",2.27929198138887,8.69637508286406e-71,"up"
"FLNA",-2.18829265672229,5.86301892017777e-144,"down",2.27343346457946,4.8443147666478e-148,"up"
"POU2F2",1.4893994212823,4.22422866086227e-140,"up",-1.41935011748321,8.2583398208346e-121,"down"
"PLXDC2",-1.49942750484704,7.88266583529782e-139,"down",1.43463240627217,1.83959171398767e-114,"up"
"SLC31A1",-1.67245256777108,2.42794211353675e-136,"down",1.58790973343094,1.15102532195451e-121,"up"
"GOLGA8A",1.99368737189366,4.76919335250415e-134,"up",-1.6584656781735,3.77238811188061e-135,"down"
"PECAM1",-1.48859188498019,1.06922742651955e-132,"down",1.52098153756085,6.45015557921693e-142,"up"
"ARHGEF12",-2.56207573413103,1.73127290753241e-131,"down",2.15292433506515,9.10462903012596e-87,"up"
"CCNL2",1.61531881977294,7.9708547208494e-131,"up",-1.40440405694776,3.93156304795542e-120,"down"
"RGS1",2.20351213720647,3.44770928058052e-129,"up",-1.60809541733322,4.87797872889712e-53,"down"
"CD163",-2.07976702081404,1.29895475742788e-127,"down",1.44281431222279,2.71664193534647e-49,"up"
"MYO15B",1.88951090847234,1.81414804002069e-127,"up",-1.44490489089479,1.81930153017091e-75,"down"
"MIR503HG",1.80076296275392,5.75336404920679e-126,"up",-1.73123346858071,2.42295903676066e-97,"down"
"CLTC",-1.49862751761988,6.09516842680537e-126,"down",1.47073117344656,3.18606707057865e-125,"up"
"MGAT5",-2.07382478503453,8.64530828935623e-125,"down",2.00508306134225,4.77740913273353e-117,"up"
"IQGAP1",-1.33884117017802,3.05743303516125e-124,"down",1.3700128341626,8.59833977423369e-110,"up"
"FGD5",-2.08048686445333,5.36037595345521e-120,"down",1.76549516781021,1.16906930601049e-100,"up"
"CTDSP2",-1.46815400374323,6.55052262284836e-118,"down",1.36504709783937,5.56168093273937e-92,"up"
"CX3CR1",-1.23242038129155,2.16359873945613e-117,"down",1.11624989738076,1.01229721766762e-98,"up"
"TSC22D3",1.92266280241836,1.01560422681539e-115,"up",-1.7147895351654,1.96288349762232e-77,"down"
"CYBB",-1.4099918665392,3.92617597212412e-115,"down",1.47121256163887,1.05757564746843e-93,"up"
"SMCR8",-1.89805571554055,5.76799436393121e-115,"down",1.90885107875451,1.62414075628267e-108,"up"
"LRP1",-1.50416473401252,1.0415918084143e-114,"down",1.22786262847219,1.28938764660857e-42,"up"
"LENG8",1.47751698728761,2.60608582687906e-114,"up",-1.25785612301141,1.04439770017484e-52,"down"
"EEF1A1P5",-2.09201188365142,5.55910383453867e-114,"down",1.90015550627172,4.17714544063968e-185,"up"
"DYNC1H1",-1.33000368223898,7.66933462431184e-114,"down",1.30582448242492,4.14694506727478e-95,"up"
"LIPA",-1.56418679639065,1.49695541149614e-113,"down",1.71897092939501,4.97235863163902e-132,"up"
"ABCC4",-1.3960782431449,1.91564639350391e-113,"down",1.39394696942177,9.95785411480305e-106,"up"
"NOTCH2",-1.77868012505895,8.90048033627406e-113,"down",1.74544206199438,6.41311161243002e-106,"up"
"NDRG1",-1.6912422360713,4.98886645057156e-111,"down",1.50153430737853,4.63104482156318e-79,"up"
"CMKLR1",-1.7814391912137,5.30957685912838e-110,"down",1.5493218380011,7.40246265083162e-84,"up"
"EPB41L2",-1.54326717811041,6.20838646269407e-108,"down",1.30551594383796,3.17287561895968e-68,"up"
"PARP4",-1.41672024950729,7.61284899521594e-107,"down",1.4618043308138,7.87766121389872e-109,"up"
"TLN1",-1.34655018891902,2.19382657622216e-106,"down",1.23467635117256,1.36387615130713e-71,"up"
"HYOU1",-2.11207587159707,5.41832604047643e-106,"down",2.03414644693963,2.12539678858829e-98,"up"
"SEL1L",-1.66678480110869,6.89059579558373e-104,"down",1.7600128879816,9.83494038982629e-103,"up"
"NCOA4",-1.19931571458151,1.13737446766006e-102,"down",1.25386128931016,1.67439070239839e-76,"up"
"HADHA",-1.27100712374218,2.3954736173037e-102,"down",1.23958654614427,7.9382469985811e-75,"up"
"ARHGAP35",-1.44699156632419,7.12201920685232e-101,"down",1.3273959690231,1.63001067711986e-89,"up"
"TLR7",-1.41944537973238,5.31467707162568e-99,"down",1.48187085804565,7.5746722904082e-86,"up"
"ALOX5AP",-1.47754523351465,6.35681449106889e-99,"down",1.25155865566787,2.71228521580689e-100,"up"
"APBB3",1.63537347416034,2.93374790637712e-97,"up",-1.09868356435084,2.72896044450122e-61,"down"
"PLEKHB2",-1.2893104698843,4.30017873239046e-97,"down",1.22387057361825,4.8696914273163e-85,"up"
"GLB1",-1.61466270467911,1.63762517292041e-96,"down",1.42222278550279,4.1222342618982e-78,"up"
"FKBP11",2.05138465787433,2.68993546065453e-96,"up",-1.68254481035475,5.35914405745005e-74,"down"
"TRIP12",-1.24580638769333,4.71491079733291e-96,"down",1.32997772652151,7.98107496939128e-95,"up"
"AHSA2P",1.47654236940317,4.92546344141661e-96,"up",-1.12332684207513,6.56435873251189e-54,"down"
"WNK1",-1.19003371568829,1.03935044050323e-95,"down",1.12430966883979,1.47334952651426e-83,"up"
"CPD",-1.89112921875625,1.09441280334772e-95,"down",1.90888931564901,1.31196984992937e-105,"up"
"NIN",-1.34497607519372,3.16435145444708e-95,"down",1.2133128467253,3.26284421847409e-65,"up"
"KLF13",-1.58786071974101,9.85040790844902e-95,"down",1.49546647839633,3.02600522824136e-79,"up"
"USP22",-1.49898730248775,1.73019201550486e-94,"down",1.3548250953674,8.89280052997286e-73,"up"
"ZFP36L2",-1.2563666881758,1.96807600925929e-94,"down",1.24972680646966,2.53540387129072e-75,"up"
"GOLGA8B",1.90327997399861,3.44040086567616e-94,"up",-1.44969417529758,2.25136704724323e-38,"down"
"RALGAPA2",-1.55581053355226,1.17029029137233e-92,"down",1.57167260368967,3.51817230158182e-94,"up"
"ATP5F1B",-1.24326404143694,1.86448142359939e-92,"down",1.10334745826647,2.70386261290264e-79,"up"
"CTNNB1",-1.13824975684725,6.49127062879273e-92,"down",1.12575544178251,1.34398211041342e-90,"up"
"MAN2C1",1.59807868610226,8.76486921516621e-92,"up",-1.35771385002673,4.04781309294438e-93,"down"
"PARM1",-1.28343778778239,1.44544175827169e-91,"down",1.37229957694711,5.91523723814248e-101,"up"
"TGFBR2",-1.34149380342987,3.06235422387246e-90,"down",1.30717052743352,3.79692345164407e-82,"up"
"IGF2R",-1.50163730303159,4.27451159954222e-89,"down",1.40587681728043,5.05193261122375e-78,"up"
"PLA2G7",-2.04696065036448,1.9678385336926e-88,"down",1.90679219692297,1.05245863039801e-72,"up"
"APOB",-3.12667448239544,2.14943187896705e-87,"down",2.49782568369242,1.11486104762128e-45,"up"
"CD93",-1.61112843081585,2.6433706830539e-87,"down",1.63488467332639,1.76589348297696e-88,"up"
"ASCC3",-1.52377864230672,2.85528717446601e-87,"down",1.53155529054773,3.67932172803778e-77,"up"
"AP2B1",-1.58918631922912,3.43973474766307e-86,"down",1.57204471860366,1.25603029371227e-90,"up"
"CLEC2D",2.10306626360357,1.46514580788364e-85,"up",-1.79420568270919,8.23246455529604e-70,"down"
"APLP2",-1.17706323153658,4.44830258104102e-85,"down",1.00755811441797,5.01342137373742e-60,"up"
"MACF1",-1.04510781510101,9.6680228158924e-85,"down",1.08055684002819,2.5529924219605e-76,"up"
"SLCO2B1",-1.46221026288625,1.78313494475743e-84,"down",1.38137832129127,2.49305494534561e-68,"up"
"HUWE1",-1.21593080982036,5.37036006960012e-84,"down",1.19558341588293,4.00359558402647e-79,"up"
"TBC1D14",-2.16864301494044,7.31188859756556e-84,"down",2.30198702468504,8.41649543333529e-97,"up"
"PLXNC1",-1.30172021643179,1.19299272935832e-83,"down",1.21568159285078,1.26060547594443e-73,"up"
"CERS6",-2.38593198161281,2.94328894869895e-82,"down",2.49249810237848,4.43713113941557e-88,"up"
"PPP1R16B",-1.30454048274017,2.06990768745132e-81,"down",1.30973244382366,4.03965819333305e-95,"up"
"PNN",1.22995609641374,5.2013609827922e-81,"up",-1.21049485508971,6.08652404991921e-63,"down"
"CENATAC",1.96450043681202,1.93241834016485e-80,"up",-1.6316024969408,5.06040827683714e-85,"down"
"DOCK11",-1.40407086620911,1.9828995224106e-80,"down",1.3008747689868,2.61372927613786e-45,"up"
"ST14",-1.7645822706819,3.81601748878567e-80,"down",1.27708673893903,9.54581465568191e-35,"up"
"LRRC37A6P",-2.04256834042649,8.14645404926214e-80,"down",1.88221683914269,5.11203234263344e-74,"up"
"CSNK1A1",-1.57936697908837,1.0264379726493e-79,"down",1.54417477190742,3.91518367027585e-73,"up"
"CLASRP",1.58640003253221,1.54727625351997e-79,"up",-1.56374308963017,1.52186494223154e-84,"down"
"SPG7",1.20246674771112,1.77355290874355e-79,"up",-1.11849935881429,6.95114007729411e-51,"down"
"FOSB",4.20986564718831,2.74250363204872e-79,"up",-1.95646716631226,1.97585506007498e-24,"down"
"GALNT2",-1.49209259231221,1.02301046261758e-78,"down",1.53576780111125,3.79228952713047e-61,"up"
"PRKCA",-1.3648369711769,1.02301046261758e-78,"down",1.33361286032475,2.14176773945963e-82,"up"
"ITPR2",-1.41741475365171,1.17457813525772e-78,"down",1.35565825245127,2.38288169785588e-72,"up"
"HERC1",-1.24808729650494,3.10021089492034e-78,"down",1.27280978694331,1.65448427739455e-82,"up"
"LRBA",-1.49198957624162,4.92448423162538e-78,"down",1.50421616715092,2.17648384068176e-68,"up"
"MLEC",-1.11039212780345,5.13618062327092e-78,"down",1.04500590983674,5.69569648080184e-68,"up"
"CPED1",-1.51763433581491,7.44335056572168e-78,"down",1.47137663907504,8.82759775253596e-67,"up"
"SSH1",-1.20838998719718,2.77280194352415e-77,"down",1.28816633415973,3.79692345164407e-82,"up"
"RASSF2",-1.21250929406282,5.73834304823975e-76,"down",1.18995517408079,1.16652189350052e-76,"up"
"ANXA6",-1.56165333929883,8.42490521560651e-76,"down",1.19720323206816,1.30785517976022e-36,"up"
"ITGA4",-1.60738986867414,9.65360160759429e-76,"down",1.53216334560504,2.48340408322038e-77,"up"
"SIRPA",-1.15311772348179,3.91336955757125e-75,"down",1.06305750196018,1.85342627412788e-60,"up"
"HDLBP",-1.11074938986861,4.53452553781828e-75,"down",1.00729126911436,2.18279757502855e-63,"up"
"APP",-1.27023905845399,8.82122482574365e-75,"down",1.18381267783583,7.24609682236119e-72,"up"
"SEC23B",-1.63724107832632,3.52486155026557e-74,"down",1.51672893535854,4.27761359428584e-65,"up"
"TMED10",-1.16851166733947,4.76083777709846e-74,"down",1.16946261479849,8.8627317229044e-72,"up"
"ARRB1",-1.59774707543854,8.01725289673545e-74,"down",1.65656436134468,3.8363825006917e-85,"up"
"ZNF700",1.87789726066447,9.68473319070443e-74,"up",-1.59412459224484,1.74794674085222e-76,"down"
"FMN1",-1.8017513425633,1.16181466121846e-73,"down",1.58872278374287,1.53148385037829e-53,"up"
"HERC2",-1.12726291378338,1.6204345429788e-73,"down",1.08149142828382,1.130146481965e-53,"up"
"SPRING1",-1.55023723859274,2.72224933194473e-73,"down",1.36654246970722,8.33140952174238e-58,"up"
"DIP2B",-1.41800710928394,4.572327264914e-73,"down",1.43845546687413,1.07245252444048e-69,"up"
"M6PR",-1.20386740912005,6.65942652011076e-73,"down",1.11783520151126,2.58020615345924e-68,"up"
"TGOLN2",-1.11440537449653,1.98424809470271e-72,"down",1.10443932285598,2.25929476595305e-75,"up"
"ITGB2-AS1",1.54213592818432,2.42398371995147e-72,"up",-1.3113126645426,1.42564476949097e-72,"down"
"ASMTL-AS1",2.34906290658424,4.08934098595926e-72,"up",-1.90381255766375,1.39392793251609e-62,"down"
"MYCBP2",-1.13475619040586,9.63247639369857e-72,"down",1.1385466571218,7.74461209196404e-58,"up"
"MAT2A",-1.09227094237425,1.45096413085705e-71,"down",1.10080292792341,7.89374356066612e-84,"up"
"SH3PXD2A",-1.71352062150104,3.49810737373057e-71,"down",1.51041440629322,7.94672924442768e-54,"up"
"PGGHG",1.94871421942029,5.13232542763756e-71,"up",-1.43248395501324,1.45654789100918e-39,"down"
"C3AR1",-1.09641388516727,5.1750941033181e-71,"down",1.09741027902658,4.23616396923285e-74,"up"
"MT-ND6",1.17030972495569,5.57418710595567e-71,"up",-1.02065047592311,2.74460788804773e-51,"down"
"CKAP5",-1.26062804054738,6.81529984002106e-71,"down",1.15663122907168,3.44044174867275e-44,"up"
"SMC1A",-1.12515316503852,1.11187750324168e-70,"down",1.04481710971763,6.57045276472062e-66,"up"
"SCARB2",-1.8392694441331,1.56287496222417e-70,"down",1.67630864530058,5.76161774286111e-53,"up"
"MLXIPL",1.88628175445492,3.05325096302528e-70,"up",-1.80354532038695,6.34075381687005e-77,"down"
"ITGB5",-1.26235454874315,3.70899988234672e-70,"down",1.05616096337553,2.52967163054934e-35,"up"
"TBC1D5",-1.57717042486542,6.1645831553771e-70,"down",1.65344612403472,5.95957849417824e-87,"up"
"USP9X",-1.35550930625041,8.45549216310948e-70,"down",1.35588927367804,7.92930650350203e-70,"up"
"TFRC",-1.19395393367707,8.75970754635316e-70,"down",1.19853604404862,4.22888121284212e-61,"up"
"ATRN",-1.45694755910693,1.13698346453803e-69,"down",1.43952857700883,7.16966950489241e-76,"up"
"PRPF8",-1.22836255367689,1.33494494243553e-69,"down",1.11811747139146,3.10086274622674e-61,"up"
"DOCK2",-1.1782586842653,1.63178664607788e-69,"down",1.14369120500006,4.78429220250229e-74,"up"
"SRSF11",1.16200628702268,1.88236643942608e-69,"up",-1.06130526024063,1.30807799188098e-47,"down"
"AGER",2.4284543780746,2.44915471984484e-69,"up",-2.08066254486698,1.20546284441851e-45,"down"
"KIAA0100",-1.22073702529475,3.07654694138389e-69,"down",1.20651542205289,1.19045676939244e-79,"up"
"MAPK8IP3",1.37460485515024,8.25585335192247e-69,"up",-1.22142012482972,2.15798238470215e-51,"down"
"SGPL1",-1.47435716399716,1.57427453593252e-68,"down",1.21042815830642,9.44062208183021e-44,"up"
"SPTBN1",-1.36183073400669,3.79440285919986e-68,"down",1.42493415034945,4.85715857146981e-78,"up"
"TNF",1.29845712448136,3.91588983277284e-68,"up",-1.2692669753447,3.05517019991457e-50,"down"
"CSDE1",-1.03746554259961,4.4334091943218e-68,"down",1.05536695233733,4.9837761396805e-56,"up"
"SORT1",-1.20841609783222,9.78531902115032e-68,"down",1.2370682519293,1.4683344694573e-91,"up"
"ADAR",-1.02666445418972,1.38535651563971e-67,"down",1.03176864056136,7.70200624011057e-65,"up"
"PGM1",-1.86271815339584,2.20345912625545e-67,"down",1.72962685820005,2.13157177541604e-56,"up"
"TTLL3",1.45241982848349,2.35670745393886e-67,"up",-1.19245703801998,8.7343027562146e-52,"down"
"TLR4",-1.75509652919728,6.54450828009647e-67,"down",1.69661500774762,4.11612424179009e-53,"up"
"MT-ATP6",1.09752495648395,1.05229133001389e-66,"up",-1.19780806670169,3.27426342669213e-72,"down"
"BIRC6",-1.14824643391922,1.07486374902816e-66,"down",1.18764859402442,4.91633316854533e-68,"up"
"NEK6",-1.25065691302821,1.83824148207422e-66,"down",1.19651880609619,6.05572534439652e-47,"up"
"GIMAP6",-1.49043954518025,2.93265758182119e-66,"down",1.41379769666578,3.55214239991043e-58,"up"
"NSD1",-1.09177759117625,5.35849467947246e-66,"down",1.07619927580592,1.97899459138584e-62,"up"
"LCP1",-1.01562698862727,6.01473361996073e-66,"down",1.09096993904501,1.64382731575507e-68,"up"
"MT-ND4",1.01941941635285,6.813138466537e-66,"up",-1.09159971659844,9.37167464801683e-80,"down"
"MBP",-1.27027759632992,7.12384730199683e-66,"down",1.27153157006298,1.58162859386728e-72,"up"
"GALNT10",-1.39582343938008,8.75603121354058e-66,"down",1.4053871517852,9.46236215663951e-70,"up"
"TM9SF2",-1.17177660188739,2.19480892938774e-65,"down",1.19331048951141,2.34813986817141e-53,"up"
"GTF3C1",-1.24344821409803,3.60740825561495e-65,"down",1.18666408624052,1.5444686559126e-50,"up"
"ANKRD12",1.35699001962414,4.44225799835801e-65,"up",-1.60467997458761,5.81561483704289e-71,"down"
"ZFP36",1.556354580244,4.86916067389762e-65,"up",-1.43512308923901,4.87746787763888e-59,"down"
"CD180",-1.10063902932349,6.16393044718491e-65,"down",1.07468512843877,8.80460556217599e-55,"up"
"ZNF26",1.67942335108375,8.33933120189141e-65,"up",-1.50523658245782,6.23502724195587e-39,"down"
"SLC36A1",-1.75454710481835,5.06288684268534e-64,"down",1.50395452197435,1.30148640600804e-45,"up"
"ARHGAP31",-1.1821078337175,1.5423388695136e-63,"down",1.19923321084292,9.84470366097863e-70,"up"
"CCNL1",1.13391651675872,1.62701966349955e-63,"up",-1.02898355458678,2.60807290902489e-53,"down"
"PSMA3-AS1",1.38732017925327,1.91232438119239e-63,"up",-1.18626277160578,1.00738468595895e-41,"down"
"PRAM1",1.16634778311537,2.66010661892904e-63,"up",-1.16801672317027,2.19992789968287e-51,"down"
"APAF1",-1.3358229918665,6.64242853639786e-63,"down",1.47517388413252,1.04660688508807e-91,"up"
"TDRD6",-2.68279531352771,7.04233446043571e-63,"down",2.35645102130565,6.97577940867826e-36,"up"
"GSTM2",1.38352635673537,7.48715688799744e-63,"up",-1.38926693869866,1.46503320139112e-64,"down"
"ITGB1",-1.28464683636256,1.3788667991542e-62,"down",1.43422804876774,1.17513735996558e-95,"up"
"CD36",-1.38709924077296,2.0001655896961e-62,"down",1.10337387651329,2.10231509995481e-33,"up"
"NPIPB5",2.01121007154139,2.14704487317849e-62,"up",-1.78560210784483,3.12608642068108e-28,"down"
"PJA2",-1.21307318321204,3.37316776248398e-62,"down",1.23877219142224,9.5045804975263e-53,"up"
"ADGRE4P",1.66089752377747,3.5600609961341e-62,"up",-1.26589400060573,1.31677504897934e-49,"down"
"ZNF106",-1.19426602632509,8.16700587075376e-62,"down",1.24347950677494,1.28935113381944e-70,"up"
"MGA",-1.25781879447998,2.88285687606334e-61,"down",1.26325628900916,1.04214896271659e-47,"up"
"HSD17B4",-1.02921932519996,6.77855874000802e-61,"down",1.07587957737408,4.67073797754408e-46,"up"
"SLC37A2",-1.3863222700472,1.02565316593148e-60,"down",1.37535616745899,2.45679207267089e-64,"up"
"MYO1D",-1.42102370721863,1.8932626711052e-60,"down",1.24653723256536,3.60647723734077e-48,"up"
"CRYBG3",-1.49492707251539,3.56631125565672e-60,"down",1.39005886152221,2.93772954523269e-45,"up"
"PCDHGC3",-2.9243731849749,4.02596198596117e-60,"down",2.88682929657275,4.87474620526117e-53,"up"
"CANT1",-1.678692095299,4.43099233427058e-60,"down",1.55703946774398,3.69953750303097e-43,"up"
"CENPT",1.63403273903005,5.07196136755574e-60,"up",-1.62217227286707,3.67614403522096e-60,"down"
"FAM168B",-1.20328828066237,7.24072008393164e-60,"down",1.10164114698019,5.4102018140167e-54,"up"
"MYOF",-1.05036599431288,9.19720213461196e-60,"down",1.14350085321531,3.47755742114646e-68,"up"
"MYO5A",-1.10985412878281,9.33679944729974e-60,"down",1.03644882466077,8.00967176620935e-44,"up"
"NRIP1",-1.67445193832222,3.06768226581839e-59,"down",1.56620177050509,1.01141667379842e-55,"up"
"CARD9",1.75803563013386,3.25420532603893e-59,"up",-1.5729685946392,1.18384185084117e-41,"down"
"USP34",-1.22575322674736,6.49490376251639e-59,"down",1.1706223176612,8.70893687780847e-52,"up"
"ADAM9",-1.16917602329581,9.88086675163296e-59,"down",1.01126895164157,4.6690396052755e-40,"up"
"ADAMTS10",1.54881246340066,1.08674627075803e-58,"up",-1.33828558019902,5.66539684934003e-42,"down"
"PTGFRN",-1.69876719751741,1.28171621828623e-58,"down",1.5194916203506,8.17967128880277e-50,"up"
"NKTR",1.16980416575646,1.56036779860015e-58,"up",-1.14869527543994,5.15791527541054e-66,"down"
"ARCN1",-1.1405698999077,1.58222918967567e-58,"down",1.0964025882895,8.64579036729333e-57,"up"
"FPR1",-1.73915181025922,4.94345853263776e-58,"down",1.42923658807139,7.163928227429e-37,"up"
"COPB2",-1.31949548289826,6.90393654367247e-58,"down",1.37561530401198,1.37128689516304e-69,"up"
"XYLT1",-1.4500057377949,8.66564126340348e-58,"down",1.40605231502689,4.42815518428236e-53,"up"
"EFCAB14",-1.26171788386373,9.24177115675682e-58,"down",1.32260945658995,1.55104784652924e-59,"up"
"MGAT1",-1.22837589404267,1.20221351295834e-57,"down",1.14400348929728,6.83207927577251e-46,"up"
"CCR5",-1.6633166126363,1.20700019062826e-57,"down",1.53011409937989,1.55114198060677e-48,"up"
"DDIT4",1.33144058436124,1.38030191645013e-57,"up",-1.20602342559344,1.48949070840336e-56,"down"
"SLC1A4",-1.09907406853195,1.52899528558723e-57,"down",1.07344527740586,2.222050691703e-53,"up"
"ACACA",-1.26023780573935,3.66242638529205e-57,"down",1.26853718322013,3.09555386776072e-62,"up"
"MTATP6P1",1.07853884754508,3.74973251410946e-57,"up",-1.13840518331294,3.90966923654406e-69,"down"
"MT-ND1",1.02091242517591,4.40399629661761e-57,"up",-1.07614150582782,2.97946619481618e-71,"down"
"JAK1",-1.05568194224051,5.44016023239333e-57,"down",1.14525881839925,1.42993413910681e-64,"up"
"TMEM140",-2.75050256506236,8.17598649314124e-57,"down",2.73535574877915,6.5291037355138e-61,"up"
"HK1",-1.24765878869087,9.25667338437782e-57,"down",1.12204948963395,7.0983737433281e-52,"up"
"ANTXR2",-2.96295146046994,5.49577726927467e-56,"down",2.64448464960452,2.12036820716633e-53,"up"
"EMP1",-2.09504468889666,6.37644413154345e-56,"down",2.06897150582519,7.09669433642069e-57,"up"
"MCFD2",-1.26264248033083,1.38439693180641e-55,"down",1.19119072091089,2.09568639502699e-37,"up"
"CALU",-1.37687879284841,1.41768452941357e-55,"down",1.39520676689139,6.90722518325259e-59,"up"
"LUC7L",1.40193712862212,1.63554141274271e-55,"up",-1.16700988329696,2.27160446279651e-59,"down"
"SETX",-1.19499864346214,1.74995987387297e-55,"down",1.17481361130112,1.07404124299953e-51,"up"
"TNS3",-1.21809056351896,1.89900296197829e-55,"down",1.12551310358742,1.66098567844174e-42,"up"
"LYZ",-1.83198082977643,3.28585742844834e-55,"down",1.31341365721634,4.88786425687843e-28,"up"
"NRP1",-1.66323464868191,4.83717287571624e-55,"down",1.18558412234771,1.41901404581683e-27,"up"
"SLC30A1",-1.4547462644592,7.08266851504214e-55,"down",1.35944083002022,3.81334497744507e-46,"up"
"PCYOX1",-1.44239155062495,7.61454678334329e-55,"down",1.60890441084082,1.21253480509055e-73,"up"
"PABPN1",1.33746901738346,1.47339251889351e-54,"up",-1.046388695061,3.61504946329449e-32,"down"
"SCRN1",-1.01998140718514,4.25496354564447e-54,"down",1.17097267322635,1.15073023597563e-78,"up"
"B3GNT5",-1.31894978703027,6.15290485549539e-54,"down",1.22795668648036,3.41946470979962e-43,"up"
"TXNRD1",-1.24310457513665,6.21409324085751e-54,"down",1.24354362040188,8.9266260960603e-64,"up"
"PSMD2",-1.15350811321745,1.04215064208865e-53,"down",1.01640384379315,6.94400678041315e-41,"up"
"GALC",-1.39034005980238,1.23711420663257e-53,"down",1.35531751009284,3.89557435362405e-52,"up"
"CBL",-1.0731398494282,1.47081104224679e-53,"down",1.03935699649825,2.16909828137855e-61,"up"
"OSGEP",1.13719537253256,6.36573837096125e-53,"up",-1.01744224996496,4.53643745849507e-47,"down"
"WDFY3",-1.16630363886366,8.13315591804093e-53,"down",1.26568281933966,9.57726566409122e-63,"up"
"SNX29",-1.70652290167445,8.14799572451618e-53,"down",1.59975380346282,6.09435379297413e-49,"up"
"C6orf89",-1.14334510931205,1.17469165939687e-52,"down",1.11986937539911,7.85095299249436e-53,"up"
"BMP2K",-1.60290098845182,1.24585239647282e-52,"down",1.67259818195043,5.0223418090456e-58,"up"
"RAB31",-1.09377133735031,1.45346375252252e-52,"down",1.03285956491816,1.33362328076398e-56,"up"
"MCM2",-2.07599930899431,1.4900236632316e-52,"down",1.60899611749863,2.60068730012973e-39,"up"
"CCR1",-1.3405305178828,1.5033306316797e-52,"down",1.03624517676883,4.24158529111043e-34,"up"
"ULK3",1.23357664511209,1.9064512836961e-52,"up",-1.15311664818306,2.0365041440619e-36,"down"
"RBM25",1.13838015451529,1.91353435067183e-52,"up",-1.09083430185867,1.89595782992524e-43,"down"
"EXOC4",-1.41916086440824,3.49703907401125e-52,"down",1.44884077574688,1.11397008470223e-57,"up"
"CLIP2",-1.07323774650078,7.16285937439285e-52,"down",1.14205522062373,2.48263407326083e-43,"up"
"ITPR1",-1.20653495686212,1.05028402642509e-51,"down",1.21375961171056,1.2197241618421e-52,"up"
"CERS2",-1.66368714720613,1.48634209266668e-51,"down",1.57107745612414,3.60647723734077e-48,"up"
"ANO6",-1.60209770432688,1.72200362240008e-51,"down",1.61325218582402,5.749102099032e-61,"up"
"GIPR",1.61845184724015,2.00633973524054e-51,"up",-1.26079103493488,2.6517811860133e-33,"down"
"ADAMDEC1",-1.86801529653583,3.03330668363288e-51,"down",1.33996701898227,4.64432099541507e-23,"up"
"EPB41",-1.17193795532562,3.83626576955113e-51,"down",1.17497810823242,2.3127804206261e-49,"up"
"LUC7L3",1.28672076268118,4.12123159353361e-51,"up",-1.14086901230458,1.69924657547913e-47,"down"
"GAS6-AS1",1.44703170930184,4.5697388857777e-51,"up",-1.22333939601332,5.10222917498659e-51,"down"
"NORAD",-1.07617997055498,6.94281495508747e-51,"down",1.0759575205465,1.09943195170735e-52,"up"
"SEPTIN9",-1.32837982868677,8.46437450183243e-51,"down",1.14061518942816,4.49991579586138e-37,"up"
"CAND1",-1.17499745583731,1.69562724519424e-50,"down",1.0894739101091,6.40538529002929e-38,"up"
"GAS7",-1.24607087178404,2.15082631990068e-50,"down",1.16330775566757,7.12524799665544e-45,"up"
"KHNYN",-1.3455110777861,4.01842590383252e-50,"down",1.40694439936613,3.96973476859503e-57,"up"
"TGFBR1",-1.07020166426024,4.01842590383252e-50,"down",1.04680932172311,5.82887057481148e-43,"up"
"ANKRD13D",1.09406971911529,4.54856768638127e-50,"up",-1.03546330099993,1.04677580856658e-32,"down"
"RAB11FIP1",-1.60137192972316,5.73389462087738e-50,"down",1.63048822453428,9.75185261076792e-56,"up"
"EP400P1",1.28207630489612,6.01208153926995e-50,"up",-1.10882744017388,2.12029022898513e-37,"down"
"LAMP1",-1.22688241900414,7.37720597602411e-50,"down",1.0930923730276,3.83311603864844e-33,"up"
"UBASH3B",-1.66445088904169,9.08777216813194e-50,"down",1.69056656582094,2.08142741319925e-49,"up"
"ERMN",2.50715856404235,1.2469034971857e-49,"up",-2.67756856348888,5.01893113686228e-60,"down"
"GTF2I",-1.35266759436068,1.30672909886419e-49,"down",1.31281074876876,9.42878360896794e-57,"up"
"ARHGAP30",-1.08149220768992,1.44813532524589e-49,"down",1.06651329991613,7.99866613356422e-53,"up"
"GNA12",-1.33127521493111,1.75010691585098e-49,"down",1.29781806471797,1.73607275848414e-54,"up"
"SH3PXD2B",-2.20209802239498,2.22153336860105e-49,"down",1.79547170773886,4.63024861752535e-32,"up"
"FBXW11",-1.16519749001528,2.44921094345888e-49,"down",1.19834896483701,1.1586434755008e-42,"up"
"ARHGEF1",1.07287757939496,3.96019592655122e-49,"up",-1.02329789191383,5.83325356228877e-35,"down"
"AKAP17A",1.22637422772059,4.72802990134522e-49,"up",-1.08515012415801,4.03403977249204e-37,"down"
"SLC40A1",-2.15850766546795,6.4792164983156e-49,"down",1.75895803137269,6.44433933133767e-33,"up"
"DNAJC13",-1.10020175901193,6.63421017001494e-49,"down",1.06329179698425,3.29690935180998e-38,"up"
"DCTN1",-1.23714778635379,8.27788009879101e-49,"down",1.17764744040899,3.48607590086222e-47,"up"
"MHENCR",2.18807115335813,9.69378176224295e-49,"up",-2.04071940449132,4.24923107341363e-31,"down"
"NSUN5P1",1.35956111706303,1.87194592715753e-48,"up",-1.16187414706113,2.06855071073579e-37,"down"
"STK24",-1.44543627948678,4.09067551597259e-48,"down",1.34008820239937,1.34652080454942e-44,"up"
"TBC1D16",-1.66690269984147,4.35708267403416e-48,"down",1.35314567600567,1.32525298937135e-32,"up"
"CAB39",-1.1547529402681,5.31352482484664e-48,"down",1.16757151380863,1.52873755345321e-57,"up"
"OGDH",-1.11078254193208,6.15663586384729e-48,"down",1.01325821153917,4.36504942273935e-38,"up"
"DUSP6",1.0641515695193,9.80678356546263e-48,"up",-1.07388574725675,9.9352153586641e-56,"down"
"CYP51A1",-3.67015291505093,1.07319492476165e-47,"down",3.71702898655287,2.45958747486403e-51,"up"
"ASXL2",-1.14065228500669,1.45458902661144e-47,"down",1.16619032284014,1.12481128992861e-40,"up"
"UBR5",-1.02602587713235,1.80465674016313e-47,"down",1.07493890680415,2.16132807955178e-51,"up"
"RTCB",-1.11368582829481,5.69491460311896e-47,"down",1.04800151520879,2.1090239279925e-43,"up"
"CLK2",1.21735190935299,1.19888059153294e-46,"up",-1.01336824520343,2.9598628394665e-33,"down"
"CAPZA2",-1.15643973353898,1.50049454390913e-46,"down",1.15458590757589,4.90759866577634e-42,"up"
"G3BP2",-1.08305336337363,3.15082996981087e-46,"down",1.18573540762523,7.23144313560793e-49,"up"
"CDK5RAP3",1.64395034210507,4.7514355429465e-46,"up",-1.23146102433771,1.65680273210443e-28,"down"
"CHTF18",1.58623907674006,4.75710765783568e-46,"up",-1.49076428740774,1.71524142423615e-31,"down"
"VPS41",-1.17149649301965,5.45568520612906e-46,"down",1.18500030851826,1.33913483923094e-40,"up"
"FKBP4",-1.31689720874203,7.53471150950553e-46,"down",1.3547423063856,3.10227465150008e-54,"up"
"WASHC5",-1.31869793880932,8.73318028244302e-46,"down",1.35122072615357,1.52634483739056e-46,"up"
"ZNF770",-1.77066558902985,9.39525001827375e-46,"down",1.60662504426716,5.88698060268046e-34,"up"
"KAT2A",1.37314171237335,1.44070340820407e-45,"up",-1.40700890464569,5.28729568114909e-67,"down"
"ITGB7",-1.27100257324393,1.50863170406456e-45,"down",1.06402334544379,3.01731512874982e-35,"up"
"GIGYF1",1.10687603856338,1.77193540210931e-45,"up",-1.09679296226919,3.48125561980777e-42,"down"
"B4GALT1",-1.03806861945753,1.78961870361646e-45,"down",1.07436210362445,2.02955627847221e-51,"up"
"NDST1",-1.14127224463834,2.15433066076966e-45,"down",1.05591570465327,1.3966232875411e-36,"up"
"VAT1",-1.26009608298209,2.57408039858943e-45,"down",1.00460380696949,6.58898108553693e-25,"up"
"CCT4",-1.10226989289371,4.9293786972545e-45,"down",1.03570653337546,5.83325356228877e-35,"up"
"MICAL2",-1.94193042193226,7.50476897658344e-45,"down",1.82978326556217,2.11976475966289e-43,"up"
"PNISR",1.19076067671734,7.87465161006917e-45,"up",-1.03390228580026,9.73197241610292e-37,"down"
"CDC42BPB",-1.33823877027601,1.20638001583169e-44,"down",1.32457545346728,1.28276431261448e-45,"up"
"MYO1E",-1.2811746629737,2.17076965303025e-44,"down",1.27746263076258,6.31084917681325e-47,"up"
"ESF1",1.46434337670583,3.07805064294178e-44,"up",-1.8104145803417,4.22068979141684e-69,"down"
"UBE4A",-1.22122707719551,5.04343950725396e-44,"down",1.27965688031296,7.9658186332823e-56,"up"
"RCN3",1.30217330642648,1.07725871699372e-43,"up",-1.33329435505523,6.08543479824502e-44,"down"
"LTB4R",1.16192609715663,1.0898669958071e-43,"up",-1.15994068895783,3.35229990266875e-50,"down"
"CDKN1A",-1.14440947508483,1.29578871391534e-43,"down",1.15264696853669,1.91609614510278e-47,"up"
"INPP4B",-1.89249840264363,1.32305842912379e-43,"down",1.47016422361517,4.1529686410103e-27,"up"
"IQGAP2",-1.51956525478582,1.38073182879931e-43,"down",1.31130884351138,3.84252419860568e-39,"up"
"ALCAM",-1.05801001572265,1.51322668106433e-43,"down",1.21277285100598,4.47748036528575e-45,"up"
"WDR7",-1.59713999875681,1.76455714816749e-43,"down",1.64124267749188,1.52305834351939e-54,"up"
"GBA",-1.5347522943515,1.85250587815021e-43,"down",1.14665810460974,2.77025148975754e-30,"up"
"ATAD3B",1.35160272405858,1.92552135938557e-43,"up",-1.37700975465071,3.44154777358292e-34,"down"
"NIPA2",-1.20822436934272,2.99837681641863e-43,"down",1.14980024430508,6.19707177820015e-46,"up"
"UGGT1",-1.12979289619309,3.4679163069978e-43,"down",1.16982654288784,2.13291363267206e-49,"up"
"HMGN3",1.14979608789528,5.677691628148e-43,"up",-1.10011586091744,2.59686785456678e-46,"down"
"FOXN3",-1.07553154908028,8.40439112339986e-43,"down",1.18983293006946,9.93492900249644e-66,"up"
"PCGF3",1.21527311074117,1.27230258957511e-42,"up",-1.13725767489011,3.34997291627919e-37,"down"
"IFNAR1",-1.14057200921903,1.37895982700644e-42,"down",1.22971026492611,4.93843440686854e-54,"up"
"VPS13D",-1.11170734108464,4.82103401010335e-42,"down",1.15817680053566,1.26367143242711e-47,"up"
"TRAPPC10",-1.14243288871008,6.09759508828996e-42,"down",1.15748259503398,1.79651640887367e-42,"up"
"ITGAV",-1.27929348583985,1.01232628613133e-41,"down",1.23010327111495,1.67418835526905e-29,"up"
"KIFC2",1.54388969850061,2.48189987519914e-41,"up",-1.25558776130981,1.53468867779251e-19,"down"
"NOMO2",-1.43945743464603,2.51244394979336e-41,"down",1.49618826547476,2.63894346434499e-46,"up"
"HMGCR",-1.01056281196078,3.02598847478202e-41,"down",1.13828680380202,2.06968165811128e-59,"up"
"CPNE3",-1.16893760714766,3.44168745023691e-41,"down",1.11963765196962,8.13597420805587e-35,"up"
"GOLGA4",1.10620499617006,3.63002176904893e-41,"up",-1.5729624100362,5.91078679050572e-62,"down"
"FRYL",-1.16409606367784,4.66533609328316e-41,"down",1.17349167642053,4.02703783399194e-41,"up"
"SNX13",-1.03551013670241,4.97852012082782e-41,"down",1.06066431717017,2.42209935293e-37,"up"
"MTPN",-1.05826291896191,5.04549471732429e-41,"down",1.07380856261976,2.41270343436193e-40,"up"
"EME2",1.3533539895562,5.11441152512169e-41,"up",-1.1862693341313,1.51282186270677e-42,"down"
"SERINC5",-1.55444067798425,9.40789380006139e-41,"down",1.46898433464632,4.37026629094133e-36,"up"
"UBXN11",1.51250898717714,1.17573603940512e-40,"up",-1.64844540559882,2.05107230819117e-48,"down"
"H2BC21",2.25575341447573,2.80437009454629e-40,"up",-1.98234051144679,1.8517489452599e-33,"down"
"UHRF1BP1",-1.10204488460236,3.74842342460341e-40,"down",1.17099664479136,2.26857914618208e-47,"up"
"TRMT1",1.1219040890359,5.07394907907581e-40,"up",-1.10691880350188,6.22719493399911e-31,"down"
"LMNA",-2.78981082246441,5.89624185674515e-40,"down",2.26864170558701,7.531719505982e-25,"up"
"SLC25A24",-1.27469054222792,6.34216283287381e-40,"down",1.27782654098433,6.29766586172015e-33,"up"
"MALAT1",2.21414833165342,1.29345288215049e-39,"up",-1.67918971335523,2.10533994318102e-24,"down"
"ERC1",-1.37173235102414,1.86891603591102e-39,"down",1.29653404053709,1.13003191047474e-38,"up"
"AMY2B",1.59934068496305,3.30120396665196e-39,"up",-1.47275875883966,1.41479249432815e-32,"down"
"SNHG3",1.16538518247672,4.70391821558314e-39,"up",-1.11637729884668,1.04167808645133e-36,"down"
"ESYT1",-1.09576816680439,6.04979978552488e-39,"down",1.07771097662079,3.67155727349538e-38,"up"
"GDE1",-1.12559205023192,8.12768419795035e-39,"down",1.11954506178625,1.47898869692667e-41,"up"
"FLNB",-1.25475076515129,8.72221934854686e-39,"down",1.65001594070565,5.40242968014216e-75,"up"
"TRAPPC14",1.22638659425747,1.20944203651138e-38,"up",-1.23196937666054,3.23397769845696e-32,"down"
"FOCAD",-1.40459243283084,1.64307643727148e-38,"down",1.61083760171027,5.64800269155382e-61,"up"
"AFF4",-1.06167273966981,1.65209913330989e-38,"down",1.09292580281262,5.80592745043991e-38,"up"
"USF3",-1.17637100520596,1.66933170591378e-38,"down",1.1912515879181,1.28274073625714e-25,"up"
"IDUA",1.73249503242444,2.11291940439924e-38,"up",-1.48872150261847,7.03635673086748e-35,"down"
"SNHG1",1.11972174602512,2.26095228024597e-38,"up",-1.00576621602827,8.20335576384625e-34,"down"
"TANC2",-1.01695796881036,2.70304643693585e-38,"down",1.00064816030408,6.07324994820084e-37,"up"
"EPRS1",-1.00813441957264,3.19987512607657e-38,"down",1.01644385237732,6.33282052306083e-37,"up"
"PAXX",1.27503701077804,3.6098791112611e-38,"up",-1.47143871704935,3.92875501924601e-45,"down"
"METTL13",-1.44445104329389,5.31036623514574e-38,"down",1.44131697826683,1.38096070861709e-37,"up"
"STT3A",-1.12061397226908,6.327649106227e-38,"down",1.17399429459123,4.6923811222925e-42,"up"
"FLJ40194",1.49242732210266,7.8318630593275e-38,"up",-1.39050744889061,1.13005873030288e-31,"down"
"SETD7",-1.11549214764132,8.09346969564102e-38,"down",1.17513427705483,2.45827600961951e-40,"up"
"SEC24D",-1.23688067647921,1.09975694688171e-37,"down",1.11377537429805,1.3603247595964e-32,"up"
"ZNF366",-1.90136188720358,1.12641473041717e-37,"down",1.91217039052901,1.53427392850302e-41,"up"
"NOP9",-1.38180636196428,2.44267645656917e-37,"down",1.40567150740995,3.15161470948251e-41,"up"
"SLC39A9",-1.14793197618319,2.58135999404619e-37,"down",1.14871412891006,6.97869283473594e-38,"up"
"REC8",2.34613207581345,2.98795588582577e-37,"up",-2.08405109712912,9.36462302975954e-39,"down"
"WDR90",1.7326337047327,3.13242285784187e-37,"up",-1.7092277351055,1.51913672780675e-31,"down"
"ABCA1",-2.25472741435885,3.1501101846414e-37,"down",1.53198224248447,9.46726222667081e-18,"up"
"GCC1",-1.60563230240746,3.43225272694637e-37,"down",1.57729427130948,1.12405336743043e-38,"up"
"SASH1",-1.48207868850429,3.92998071961963e-37,"down",1.3419040446171,6.78078926711422e-27,"up"
"STRN",-1.40330129217118,3.9833582074196e-37,"down",1.24053532746663,3.12432017713011e-33,"up"
"CLCN3",-1.08756832767498,4.06347183773787e-37,"down",1.10565324422654,2.40631042683878e-30,"up"
"NFKBID",1.62850740809126,4.49329699451576e-37,"up",-1.37559853674699,2.05410194690209e-28,"down"
"CERT1",-1.06119002742196,1.4605255177382e-36,"down",1.03898243619714,4.90094621946547e-34,"up"
"LINC00342",1.23868144068877,1.57666243618191e-36,"up",-1.10957561421385,1.71720430812623e-29,"down"
"EFR3A",-1.10738958928665,1.90140725678084e-36,"down",1.09945241682412,6.36644385885017e-35,"up"
"SNX30",-1.15062460050154,3.65912430809625e-36,"down",1.2146299584849,2.92861495659518e-40,"up"
"DPYD",-1.01994608002455,3.78959560513071e-36,"down",1.08628269669935,3.17969506672528e-42,"up"
"KCNE3",-1.38798498709836,3.96515440188852e-36,"down",1.363329177506,2.46608094371236e-34,"up"
"GNA15-DT",2.46821837585261,4.47659416954366e-36,"up",-2.0511984034381,1.78315720860852e-37,"down"
"ZBED1",-1.27345606092633,4.47659416954366e-36,"down",1.13838481966977,1.53306694220517e-30,"up"
"LRP10",-1.22123982021866,4.78610656011752e-36,"down",1.13087432690094,2.09516847314744e-46,"up"
"ADAT2",1.26464423980453,5.2841475792799e-36,"up",-1.06036143562308,1.27639030610212e-27,"down"
"DNAJC2",1.23451116065466,5.58294548444299e-36,"up",-1.32221557823745,7.58573335026083e-32,"down"
"HSPBAP1",1.17283855514295,7.16074357728765e-36,"up",-1.00045995744794,1.42128010227592e-36,"down"
"EPAS1",-3.1734036062461,1.11980138814984e-35,"down",2.38826004870905,9.43835304370282e-17,"up"
"NFATC3",-1.53902715939916,1.12354553665362e-35,"down",1.59406723722009,1.09863676820173e-40,"up"
"TET3",-1.07758215323766,1.14090984477233e-35,"down",1.06226533117991,2.08083260696259e-35,"up"
"NCEH1",-1.22585330648098,1.20438092596214e-35,"down",1.15731985695504,2.44157137796421e-32,"up"
"ITPRIPL2",-1.18116609329559,1.66034835347418e-35,"down",1.30181025774776,4.55050948867742e-66,"up"
"C15orf39",-1.17088996655399,3.77884442514213e-35,"down",1.22950303145533,1.62859022017126e-25,"up"
"SPTLC2",-1.12059742588993,4.10354032978155e-35,"down",1.26115285406093,1.0149991898141e-42,"up"
"NAIP",-1.21603328296373,4.56475308841912e-35,"down",1.32977436919022,1.18764453645582e-37,"up"
"HBP1",-1.4276921451464,5.0323170203315e-35,"down",1.47579379733544,8.36374773405862e-37,"up"
"DICER1",-1.06627738229441,5.14015879495491e-35,"down",1.04554210532579,1.03540756345312e-41,"up"
"FABP5",1.16699267100932,5.7489865488488e-35,"up",-1.14499854706013,2.19951923611272e-37,"down"
"THAP9-AS1",1.43867365584644,8.07235955929834e-35,"up",-1.2873363441562,2.42655667020595e-37,"down"
"GLMP",-1.55226712689041,1.02363418405514e-34,"down",1.29480017376961,1.63032768316048e-24,"up"
"PCNX1",-1.10251563795412,1.05215953644355e-34,"down",1.17912513964068,2.41414830381784e-50,"up"
"CAMK1",-1.66814881530288,1.5529255816439e-34,"down",1.42934617691764,8.58228720317799e-24,"up"
"MTMR12",-1.17038526093656,1.60464359629045e-34,"down",1.19252951752079,5.04631581002928e-35,"up"
"HACD3",-1.15601712711054,1.93613569817701e-34,"down",1.14063566779247,5.19059045543605e-28,"up"
"HMGN5",1.44034347822572,1.99152566183194e-34,"up",-1.78228136206332,3.91401635187837e-11,"down"
"RTL6",-2.41959256549926,2.25657014946705e-34,"down",2.10645622941651,1.01110389462835e-30,"up"
"CSAD",1.52676411315384,2.61436766709583e-34,"up",-1.31276457682131,2.94519633807841e-24,"down"
"TRDN",-2.47209668855832,2.6616170987431e-34,"down",1.29223130906056,1.47163546195976e-05,"up"
"PPP1R12C",1.04351405893941,2.7489767426902e-34,"up",-1.06696040374361,5.98456503101686e-37,"down"
"TAF1C",1.54763846295334,3.19312972501917e-34,"up",-1.39354283715484,1.95727809797041e-09,"down"
"NBAS",-1.55427560814789,3.87611841560987e-34,"down",1.60612108645426,2.79678479191178e-36,"up"
"JUND",1.10923730713261,7.04914595050271e-34,"up",-1.02108283698232,4.82359816539011e-26,"down"
"AP3M1",-1.21578895621065,8.23443936544258e-34,"down",1.13254001911339,8.31103060343721e-36,"up"
"SLC17A9",1.53779268910198,1.28311465268272e-33,"up",-1.4834160548091,1.40011159512789e-30,"down"
"OTULIN",-1.0691249876892,1.42327345112641e-33,"down",1.07979901614949,7.63501582985086e-46,"up"
"ZNF692",1.21189209264255,1.42552948645182e-33,"up",-1.01213594121138,1.00585298303716e-21,"down"
"PSMD7",-1.50261960056848,1.90670214714961e-33,"down",1.42496232710447,1.30898751585966e-31,"up"
"ATP7A",-1.29415353256162,1.93557956135398e-33,"down",1.21825783788341,4.9785858324055e-31,"up"
"UHRF1BP1L",-1.21836174537597,2.00413110242875e-33,"down",1.18408983066025,6.6283558088013e-32,"up"
"ANAPC1",-1.23994658562813,2.1131555792828e-33,"down",1.2669965839561,3.45547632951768e-44,"up"
"SNX12",-1.06928994784197,2.30726215452887e-33,"down",1.02288585886079,1.36363045994146e-32,"up"
"JUNB",1.16608276733977,2.32399667569992e-33,"up",-1.13980443228997,1.49384810238636e-30,"down"
"SH3BP1",1.23986109335602,2.3345296418962e-33,"up",-1.2490727845255,2.95021784206206e-48,"down"
"XACT",3.04910387275087,2.4307708300541e-33,"up",-2.18786943323642,6.09168326517657e-75,"down"
"NPIPB12",1.97777990541148,2.97760433092756e-33,"up",-1.90589794517666,7.01922655914128e-21,"down"
"TCIRG1",1.04324065237604,6.08724570060308e-33,"up",-1.09233044932773,2.10975136288415e-25,"down"
"RSKR",1.82821604799066,6.16495223093704e-33,"up",-1.36790775346111,1.9335056629113e-28,"down"
"CUL3",-1.02687697031836,6.46829451504511e-33,"down",1.04498633091559,9.6138895808971e-35,"up"
"TRANK1",-1.44323402715148,7.28132791993033e-33,"down",1.3546779118629,3.30799596794818e-29,"up"
"BMPR2",-1.21802458638884,9.86233261845654e-33,"down",1.14951202210077,1.22533031810387e-28,"up"
"KIF1B",-1.22969694682426,1.27495556481151e-32,"down",1.28379441710348,2.26146549727092e-36,"up"
"YJU2B",1.26729726686043,1.64721667926004e-32,"up",-1.27308990342385,2.06000622670641e-25,"down"
"DDX12P",1.48507428370554,1.68908018951961e-32,"up",-1.65508953227485,3.45547632951768e-44,"down"
"EXTL3",-1.41936429404788,1.79443617216155e-32,"down",1.24889124375455,4.62386358561811e-31,"up"
"MFAP3",-1.31412762515538,1.88033411068015e-32,"down",1.1702823847458,4.66076608094019e-28,"up"
"PCED1A",1.20101796033559,1.88033411068015e-32,"up",-1.03308873467464,1.24589140300942e-24,"down"
"AFG3L2",-1.21088378722785,1.93259663851348e-32,"down",1.17514508904789,8.72730906292021e-32,"up"
"FAM193B",1.33854838643486,2.2731650921765e-32,"up",-1.16364435984838,7.3620544592673e-29,"down"
"C16orf72",-1.0276527577998,2.57199612491314e-32,"down",1.11057950589724,2.81677524557218e-40,"up"
"ADAM10",-1.06614010826067,2.85670594058173e-32,"down",1.14816933664606,1.16411128649363e-35,"up"
"CYFIP2",-1.02302448497028,2.87861865745407e-32,"down",1.0973159968001,8.3204286326819e-38,"up"
"CHKA",1.37352393840254,3.25807467102165e-32,"up",-1.13036619913883,9.92522043930111e-35,"down"
"LIMA1",-1.15206721570601,4.33474962623147e-32,"down",1.1803062999095,5.6469786740581e-28,"up"
"TCF12",-1.1158194978246,4.92160350450122e-32,"down",1.1604612348968,1.199634705171e-32,"up"
"LTBP4",1.21247980142535,8.02176084092588e-32,"up",-1.11288641744254,1.56169731419045e-16,"down"
"MUL1",-1.57586374273466,1.1549578421006e-31,"down",1.546742733485,2.08638779200663e-29,"up"
"ANAPC7",1.08298829514024,2.44207336188174e-31,"up",-1.01152651601827,5.0154074255824e-34,"down"
"SPINK5",4.55271520373015,3.14665701661588e-31,"up",-1.7860900701641,4.31900734661565e-13,"down"
"GALNT1",-1.14010302591272,3.54110155029159e-31,"down",1.21975087095481,1.08517058041495e-44,"up"
"SLC25A25-AS1",1.71545335096989,4.07611447499027e-31,"up",-1.33420382688502,7.84524722893063e-23,"down"
"ZHX3",-1.1904506455652,4.42292975845953e-31,"down",1.06621723323821,4.97900186007966e-25,"up"
"SEC31B",1.40947462574252,4.42999729028746e-31,"up",-1.20873242409152,3.1646186590444e-35,"down"
"TIFAB",-1.04128258388826,4.92108839170213e-31,"down",1.24376854093105,8.15594667122296e-68,"up"
"ZNF276",1.1953214557977,5.41207792723768e-31,"up",-1.1120616873417,3.6530984463664e-19,"down"
"TMX4",-1.27037960312051,5.54660644196509e-31,"down",1.24015914934329,2.14832361954219e-26,"up"
"XPR1",-1.26551332624744,7.78174124821109e-31,"down",1.31209855208941,3.02244137759456e-39,"up"
"CCL3L1",3.50731247949921,9.95776857251023e-31,"up",-2.08421425046705,9.26491630432015e-18,"down"
"PGBD5",-1.06527081524808,1.33391391314101e-30,"down",1.00546850640407,4.16620693352869e-25,"up"
"MR1",-1.00677619023811,1.40103805208481e-30,"down",1.12108955843558,2.37892290114661e-40,"up"
"HELLS",1.33117149331041,1.98960902705455e-30,"up",-1.47384356801425,6.78885279217084e-46,"down"
"USP37",-1.83793265185026,2.09405668964623e-30,"down",1.73773535737631,1.42080857174731e-30,"up"
"REL",-1.37591307928376,2.47495363826267e-30,"down",1.41315068553574,7.59311221844641e-29,"up"
"PPARA",-1.43913775915515,3.49820647503874e-30,"down",1.31479502646264,2.42294145355101e-27,"up"
"SLC25A16",1.4974048638798,3.81604554656368e-30,"up",-1.29758228063208,3.18928737401397e-45,"down"
"GNB4",-1.0662407415594,3.9205906947445e-30,"down",1.09737482074329,2.32878549452855e-34,"up"
"LIN28B",-1.08140268426241,4.10036565118461e-30,"down",1.08878430302054,1.15427494061196e-25,"up"
"RBX1",1.04558656774973,4.48923016786897e-30,"up",-1.1787041468618,1.82045495985741e-28,"down"
"ACO2",-1.17862536947478,4.95327907900226e-30,"down",1.06459123443737,1.69975925798289e-38,"up"
"SEM1",1.06461911889118,7.51456210638854e-30,"up",-1.16372658047769,7.19001092059392e-45,"down"
"FURIN",-1.28906202154531,7.80983659094367e-30,"down",1.08793072860525,3.88141525780673e-16,"up"
"SPTY2D1",-1.25851297881172,1.13844251377154e-29,"down",1.19312521411805,1.50150457469603e-26,"up"
"LPAR2",1.59110562126533,1.25358257282034e-29,"up",-1.67914395043779,8.87351109540869e-48,"down"
"PTPN13",-1.03451872949351,1.26567540462874e-29,"down",1.00317671517123,3.67558143706947e-25,"up"
"MCCC1",-1.01706771644083,1.29775557133804e-29,"down",1.01116896535487,1.04555778793006e-32,"up"
"TEPSIN",1.45800150150948,1.40977825323789e-29,"up",-1.19674328349336,1.23771686200695e-26,"down"
"C3orf62",1.18965184975629,1.44060929011922e-29,"up",-1.13187284386246,1.01290078424031e-29,"down"
"PIGS",-1.24324969656396,1.55674264003115e-29,"down",1.12339485797607,2.40148725307917e-25,"up"
"CCL2",1.18123399409702,1.92057429844058e-29,"up",-1.23643625544227,1.08772084645007e-43,"down"
"KANTR",1.41166854848623,2.0405521187911e-29,"up",-1.24747062792433,7.02652740870855e-32,"down"
"KLHL17",1.62537930394496,3.05418908056186e-29,"up",-1.46458006758766,2.5853158220407e-20,"down"
"UNC13B",-1.13106606318158,3.18107774736358e-29,"down",1.17617462661815,2.10521861935996e-37,"up"
"PLCL2",-1.55287767545112,3.38392787198456e-29,"down",1.73614605505732,1.62462588060946e-43,"up"
"ERAP1",-1.06829401231617,3.63679676602704e-29,"down",1.04929890518632,7.89584629725136e-33,"up"
"ACP5",-1.36978914035866,4.63644181817171e-29,"down",1.03813690593593,4.0789318061236e-21,"up"
"TMEM259",1.0093353282948,4.86203418375508e-29,"up",-1.11825835485106,1.63191063157365e-32,"down"
"PFDN2",1.00297620759911,8.11784147354371e-29,"up",-1.20064456234702,6.51869349030961e-41,"down"
"ANKDD1A",1.40885650960319,8.54805282604288e-29,"up",-1.22408767587842,4.01617065124219e-18,"down"
"EGR3",2.39728101012708,1.03295300546239e-28,"up",-1.60583149662933,6.70280855697582e-21,"down"
"POM121",-1.07844435280134,1.15966851036706e-28,"down",1.01878246456355,3.07928000140023e-24,"up"
"ARHGAP33",1.57762704728169,1.40152867733696e-28,"up",-1.64308187688424,3.55369518085607e-35,"down"
"VPS26C",-1.08878238292648,1.41762791293191e-28,"down",1.13835228098077,1.23634497080814e-32,"up"
"URB1",-1.23053193567307,2.39024663850902e-28,"down",1.14325321143119,1.96064942906402e-28,"up"
"VGLL4",-1.88880254890999,2.39024663850902e-28,"down",1.94590204478409,1.28319276511919e-32,"up"
"MMGT1",-1.73190958531372,3.08579148143809e-28,"down",1.76670348120782,4.63270685031597e-35,"up"
"GSDME",-1.45048566230137,4.10411682636527e-28,"down",1.29108598125164,3.59790249328114e-24,"up"
"ARHGAP27P1-BPTFP1-KPNA2P3",1.87590198900184,4.31408038418081e-28,"up",-1.59743357137066,7.24556154226006e-24,"down"
"CCDC26",1.16958890603042,4.65780044004004e-28,"up",-1.14321263515838,7.96040075426581e-30,"down"
"ACO1",-1.3181476683817,1.03650691768278e-27,"down",1.27203016314011,3.17596505418181e-26,"up"
"LPL",-1.17053067558064,1.215155431433e-27,"down",1.22934678196252,3.82123765752745e-23,"up"
"KLHDC4",1.04403846301867,1.36956103411926e-27,"up",-1.09106589569176,1.80565877596419e-30,"down"
"CHD4",1.25680847546995,1.96692027465284e-27,"up",-1.18617774153759,7.40625733366272e-26,"down"
"DOP1B",-1.05906856281878,1.96692027465284e-27,"down",1.03395325663159,4.97425617022005e-27,"up"
"STK40",-1.02393333485897,2.49029814528525e-27,"down",1.03151006725261,4.73602915365396e-27,"up"
"TNFRSF13C",2.4006680440234,4.55214729205212e-27,"up",-1.89311524408626,2.88178338973676e-19,"down"
"SLC12A2",-1.64767097411,4.94421166456454e-27,"down",1.68237833684797,1.14896472482624e-36,"up"
"SDSL",-1.58389606302261,4.99621705278225e-27,"down",1.33217190871781,2.82476578061837e-20,"up"
"SUSD1",-1.25733445315581,5.25400279134341e-27,"down",1.08445473375792,1.29385810438926e-21,"up"
"TAOK1",-1.06945690435321,5.52658994674169e-27,"down",1.13927328515602,6.11149599729248e-33,"up"
"CSNK2A2",-1.26473260547849,8.27722610823407e-27,"down",1.2965156597552,1.27639030610212e-27,"up"
"CCDC112",1.16819626308444,8.8205162342506e-27,"up",-1.14412694198766,1.04870275763336e-18,"down"
"UPF3B",1.15102654517594,8.95602514560122e-27,"up",-1.10927172835073,9.89343148614972e-21,"down"
"PRCP",-1.0785789491788,1.1340375930069e-26,"down",1.0141360575852,1.37957072999852e-24,"up"
"MRNIP",1.23425127412334,2.09451491407882e-26,"up",-1.01059206036856,3.74948424422188e-20,"down"
"NPIPB4",1.90446628203766,2.10038649054042e-26,"up",-1.39573928860559,1.31297132893199e-17,"down"
"PDCD5",1.09014641059822,2.16757375749954e-26,"up",-1.15494929169548,1.45421581115701e-37,"down"
"UNC119B",-1.6988973093698,2.34580852839721e-26,"down",1.82206835631772,1.74820424013555e-32,"up"
"DUSP2",1.7028040428854,2.54762167665786e-26,"up",-1.24979254238233,2.22397806026605e-14,"down"
"SEC24C",-1.14701313608714,3.01506411293861e-26,"down",1.08845781720852,5.0341370813974e-24,"up"
"TENM4",-1.62811466977998,3.32966280500603e-26,"down",1.62669690644275,2.13803363733173e-27,"up"
"RNASEH2B-AS1",1.72481050594246,3.36710271140473e-26,"up",-1.73564070557965,8.54779931484073e-26,"down"
"TRPM2-AS",1.80780260900521,5.17258856717552e-26,"up",-1.2356689412127,2.11090912979472e-14,"down"
"ERMP1",-1.18536910294503,5.98759820635411e-26,"down",1.19695305079848,1.81093307841206e-33,"up"
"EIF4A1",1.35306008934402,7.49809372343901e-26,"up",-1.08562019065332,6.2607845982563e-20,"down"
"EGLN1",-2.21345073194459,8.61599681298295e-26,"down",1.9943885972947,1.30813338542953e-18,"up"
"SEMA3F-AS1",2.77557255813935,1.14076631372843e-25,"up",-1.95014018934146,1.56732453557246e-17,"down"
"HSH2D",2.31532650727239,1.4608237432086e-25,"up",-1.94911288632513,1.45938602676556e-25,"down"
"SELENOP",-2.72054423237378,1.83395885679576e-25,"down",2.01991834862416,4.11964093324733e-12,"up"
"SNHG4",1.28711485380309,1.84649657294358e-25,"up",-1.1479019581243,4.53769022957264e-18,"down"
"ATP2B4",-1.18390113816206,1.94235067343969e-25,"down",1.28691753669195,2.62448912165649e-31,"up"
"COPG2",-1.28566023742355,2.03652501187754e-25,"down",1.04234432317834,3.23094317160612e-16,"up"
"TRIM32",-1.16382410732859,2.56868955690045e-25,"down",1.08848898528986,2.67109758236137e-21,"up"
"MARCHF8",-1.26022035068974,2.5866631617612e-25,"down",1.33529150826377,1.90477656781807e-31,"up"
"KLHL9",-1.09608491617315,2.7582734866341e-25,"down",1.08482946641181,9.28616162894265e-28,"up"
"TPM2",1.87374205579395,3.31282089254792e-25,"up",-1.67009800530637,4.24693890349662e-21,"down"
"GPA33",-1.49631276295836,5.84549360244948e-25,"down",1.43590079792582,5.6560515889907e-30,"up"
"CNOT6L",-1.05510265671259,6.1610066394757e-25,"down",1.07071073544631,8.57325422560758e-28,"up"
"ATXN1",-1.16138210699261,6.61975738292274e-25,"down",1.06833722121089,3.38969296217058e-21,"up"
"SGMS1",-1.25008378901556,9.34294952950183e-25,"down",1.0632756921147,2.10170226776923e-18,"up"
"F8",-2.04286337449437,1.03493390820745e-24,"down",1.75411093467886,3.24706015273446e-16,"up"
"CIR1",1.2336222300086,1.09488212421965e-24,"up",-1.18427722954398,1.20059547024556e-19,"down"
"LMBR1",-1.28513846985429,1.17464449918497e-24,"down",1.36747276000495,1.5743377230612e-29,"up"
"SESN3",-1.02732002676637,1.24939646062023e-24,"down",1.00876625690597,7.75016354444446e-26,"up"
"CEMIP2",-1.26943521068703,1.55045762598984e-24,"down",1.06923821366941,3.33494254522321e-17,"up"
"MEGF9",-1.172267787265,1.74814238654042e-24,"down",1.20522607929973,4.1922535857518e-26,"up"
"ILRUN",-1.06188936426117,1.75990848047094e-24,"down",1.06480495254757,4.36173942101797e-27,"up"
"STS",-1.69751510784923,1.78438445360511e-24,"down",1.49950893535985,1.40429399020001e-19,"up"
"SIPA1L2",-1.56544877170084,1.88774282502668e-24,"down",1.44681088036773,3.00593208150442e-21,"up"
"PDXDC2P-NPIPB14P",1.61253252591822,2.0246850933362e-24,"up",-1.6036188894848,4.70530019626858e-26,"down"
"MAML3",-1.26127974327944,2.51663180551894e-24,"down",1.31397195735495,7.4276838956698e-27,"up"
"ZNF44",1.439529004287,3.73890720869366e-24,"up",-1.22198614496999,1.94103139736469e-20,"down"
"CDH23",1.13477937140623,3.89655185508444e-24,"up",-1.08510187033658,5.29966301388407e-24,"down"
"AKAP6",-1.66734171771585,4.1537958161234e-24,"down",1.43899787849726,7.50684474814258e-20,"up"
"SMPD4BP",1.25713883973892,4.5071556795647e-24,"up",-1.25198660758692,1.04683763243905e-25,"down"
"ASPH",-1.28174470286006,4.62954917748727e-24,"down",1.21742666288031,1.70705105940519e-21,"up"
"WASH2P",1.04030456603579,5.03008493934901e-24,"up",-1.23967483032767,5.32485221683731e-36,"down"
"GIMAP8",-1.24224880178104,5.3470017076837e-24,"down",1.24941575591252,1.48027834622533e-23,"up"
"JRK",-1.19670894636904,5.95403725114735e-24,"down",1.18238206830114,2.41377673640877e-25,"up"
"SP1",-1.04269456147172,6.81452844412213e-24,"down",1.06516126840334,3.28989339483861e-35,"up"
"KCNQ1OT1",1.55384835667659,7.72391369866369e-24,"up",-1.13020636065076,1.32875836010832e-14,"down"
"IL1RN",-1.78260922876068,7.92244061268077e-24,"down",1.99974378953844,2.66815452506211e-34,"up"
"TNFRSF10C",-1.85693327705622,1.10134014492878e-23,"down",1.5028627505688,8.27199582525281e-14,"up"
"SLC9A7P1",-2.6795911782184,1.14023740699037e-23,"down",2.26370817938807,3.63405769898663e-16,"up"
"PDZD8",-1.36261531247266,1.28146160034729e-23,"down",1.29341554359822,2.36185314327596e-25,"up"
"RGP1",-1.28521783173907,1.35448865262013e-23,"down",1.26109721771475,6.03435750983536e-24,"up"
"MSANTD2",1.68152517907124,1.50484528680896e-23,"up",-1.09496688683639,8.20190955845245e-16,"down"
"SMG6",-1.33416758109896,1.7817144393506e-23,"down",1.32679583987866,1.80378005063682e-26,"up"
"DPRXP4",2.65291838116791,2.31120560065935e-23,"up",-2.15434362336248,1.4510289235625e-20,"down"
"PTBP2",1.23758066470904,2.85035039621223e-23,"up",-1.27118601429025,1.85801250085031e-29,"down"
"NPIPB15",2.37038619428194,3.04224079661962e-23,"up",-2.0690670343457,2.96360069524787e-24,"down"
"ANKRD50",-1.03808211633636,3.26573509075883e-23,"down",1.04688359672319,3.64790334980547e-24,"up"
"TRIM58",-1.4606101820239,3.59577064666052e-23,"down",1.42613883200639,3.64799080122548e-21,"up"
"DOCK7",-1.26021879129897,4.32629407982135e-23,"down",1.2913387962619,6.71395468234172e-26,"up"
"SPPL2B",1.20651415102798,4.96351350791564e-23,"up",-1.31286687747418,1.27071496472004e-35,"down"
"ANKRD26",1.27883054471953,5.10118116323446e-23,"up",-1.60784643049964,5.4481093702948e-35,"down"
"NPEPL1",2.02642382148139,6.09126381698031e-23,"up",-1.79383994644736,1.800135168254e-21,"down"
"LRRC4",-1.58607936907384,6.66227396904378e-23,"down",1.31044512569287,1.42496913598065e-15,"up"
"MRPS21",1.0461755882668,7.2857369824552e-23,"up",-1.13001601674863,1.67914857545945e-30,"down"
"FNDC3B",-1.31762236103219,7.36366147605791e-23,"down",1.30052689658078,3.71896704387946e-34,"up"
"AGAP4",1.44573151719509,7.99001975885259e-23,"up",-1.12414042239271,3.28440723446752e-17,"down"
"RNF169",-1.29416359767499,1.17164873755976e-22,"down",1.34065543906384,3.64948303427372e-26,"up"
"AGAP9",1.52212904968087,1.3848601214171e-22,"up",-1.32907718253741,1.33440125086137e-23,"down"
"ELF3-AS1",1.72163987880658,2.04186005403043e-22,"up",-1.29471599407794,2.62760245625245e-19,"down"
"CDK4",-1.32985073309299,2.48406322414279e-22,"down",1.1327977341114,1.84213933303006e-17,"up"
"MORF4L1P1",-1.11896088820629,2.58656759496571e-22,"down",1.11631545755334,1.15356178894779e-23,"up"
"FCGR2A",-1.53882290565087,3.24504689853159e-22,"down",1.25492840764813,3.97304662114233e-14,"up"
"RAPH1",-1.63985422124828,3.42954650587961e-22,"down",1.68056899400963,1.62668086719954e-25,"up"
"SNAP47",-1.45592258462793,3.68093051589334e-22,"down",1.22675980568674,3.47645727795334e-15,"up"
"GSKIP",-1.29131883843069,4.90452458666959e-22,"down",1.28212907183205,5.37594187030575e-22,"up"
"TMA7",1.17475486212362,6.35157028228266e-22,"up",-1.25275895867217,1.19276894331713e-25,"down"
"HEATR1",-1.0539631376927,6.52067620562761e-22,"down",1.05221459309299,3.30219080164898e-24,"up"
"PRMT5",-1.38271641131736,7.55999012455896e-22,"down",1.31395537925816,2.43755325615833e-17,"up"
"MSNP1",-2.86433237825978,8.65686614793295e-22,"down",2.90396150614842,6.03860066963717e-24,"up"
"PANX1",-1.46491196853477,1.02998661434357e-21,"down",1.41916297344104,8.97887817735833e-21,"up"
"ESYT2",-1.09132717818665,1.0894996982534e-21,"down",1.12201544470069,1.01617866183205e-21,"up"
"WWC2",-1.06103671789177,1.10067676888741e-21,"down",1.17304422065615,5.44692014491771e-29,"up"
"XAF1",1.68488541540436,1.36256228870712e-21,"up",-1.08442311618301,4.10621004386432e-10,"down"
"SLC16A1-AS1",1.56702439588877,1.47597649354308e-21,"up",-1.48311641076343,2.35692143375534e-22,"down"
"DNAJC14",-1.64301920245923,1.72511841086591e-21,"down",1.60908615280673,2.46445513453071e-22,"up"
"XPC",-1.2801234960777,1.87477759404224e-21,"down",1.41663629203888,8.91851016254604e-33,"up"
"IFITM10",1.3210221595327,1.94785010324036e-21,"up",-1.17808426701285,8.04532227381413e-19,"down"
"HINT3",-1.26565431246436,2.35702608957469e-21,"down",1.34440680650703,1.04001493116082e-22,"up"
"SNRPF",1.15271346422595,2.6274767551529e-21,"up",-1.15273780235621,5.8869309061321e-23,"down"
"TPRG1L",-1.19567284666849,2.64108590927759e-21,"down",1.04007817203078,2.11942532589091e-17,"up"
"PIGL",1.45281369144721,3.16979870501007e-21,"up",-1.38160714685953,1.70567244580314e-19,"down"
"ITFG1",-1.11519140412381,4.37425041085883e-21,"down",1.16798376295113,4.65380618089098e-24,"up"
"PIK3CB",-1.30177658181574,7.24636794776204e-21,"down",1.28843744132181,3.50159197849183e-30,"up"
"PCCA",-1.30095522660126,9.00539082406146e-21,"down",1.19934419039231,2.08328342553479e-17,"up"
"QTRT1",1.0113037359017,1.32624908774054e-20,"up",-1.03913399872732,1.33368240013222e-22,"down"
"GTF3C4",-1.18845000283551,1.41743387769021e-20,"down",1.1725710184887,1.40090288197013e-22,"up"
"CCL3",1.59662858522941,1.45774834909368e-20,"up",-1.60881885491826,4.45674685051499e-19,"down"
"PREPL",-1.04574401299895,1.45774834909368e-20,"down",1.1900153446023,5.9614064241023e-25,"up"
"DHPS",1.87541092659269,1.4790845051275e-20,"up",-1.47483021807367,1.29211473747588e-13,"down"
"STXBP1",-1.18173815428398,1.48524276667782e-20,"down",1.13449404681654,3.11116825617545e-19,"up"
"SHPRH",-1.29606972471291,2.01118260171524e-20,"down",1.24616132525275,7.26914017926242e-20,"up"
"CCR2",-2.99849453885523,2.50292454657006e-20,"down",2.61192045686496,3.0074543830459e-15,"up"
"PDE4DIP",-1.74856042902349,2.5213060187402e-20,"down",1.80182089651398,3.95398559825656e-23,"up"
"MAPK6",-1.0724923795508,2.59031093162873e-20,"down",1.05363365384371,3.88514445854135e-21,"up"
"CCDC18",1.14735811158298,2.82316356407459e-20,"up",-1.39410758403852,2.29672069922974e-48,"down"
"AHI1",1.16126435281325,3.00239173303263e-20,"up",-1.13146240427723,1.46933368487772e-17,"down"
"NDUFA11",1.58764178628985,3.26869697605884e-20,"up",-1.76391039680371,4.01314512819623e-36,"down"
"SNHG6",1.07572718473394,3.58867744875835e-20,"up",-1.10945226050999,4.61885257416766e-32,"down"
"TEX2",-1.11743194970556,3.73236948262727e-20,"down",1.12320999736112,1.1190455428994e-20,"up"
"NSRP1",1.14675190513654,4.59579761704564e-20,"up",-1.29728076550192,6.74811287169707e-32,"down"
"ZBTB47-AS1",-2.55969874426447,5.69297633028701e-20,"down",2.43641514746818,1.06657209569614e-16,"up"
"OBSL1",2.35621374264812,6.26766299928025e-20,"up",-1.30160171601033,8.31135362238751e-07,"down"
"HMG20A",-1.01161399727764,6.8288613300215e-20,"down",1.03556826218293,3.69374316702859e-22,"up"
"CD300C",-1.26143585525774,7.68991066712892e-20,"down",1.03672097929394,1.89332253996063e-15,"up"
"NR1D2",-1.23297953413428,8.62548103816803e-20,"down",1.36514866004939,1.91023944732704e-23,"up"
"MFHAS1",-1.93959082587917,9.21174040304428e-20,"down",1.46685675910633,6.5860708620043e-11,"up"
"FAM133B",1.07511952732239,1.01779642786287e-19,"up",-1.07393206600704,1.04613985598012e-22,"down"
"LARS2",-1.26633778521716,1.01996516684001e-19,"down",1.25469312745801,1.31105036856615e-27,"up"
"EHD4",-1.32352957890178,1.03428678374734e-19,"down",1.21311440538794,6.43783317338321e-19,"up"
"GNG12",-1.60561321787642,1.06827373084805e-19,"down",1.28746356730164,9.3791446989654e-14,"up"
"AOC1",-1.15045979824799,1.24591188950773e-19,"down",1.4269929190358,6.1522712252197e-32,"up"
"IL1RAP",-1.08206002865623,1.3213158106731e-19,"down",1.13760945658469,5.88741378452221e-21,"up"
"DOCK1",-3.43658699543279,1.49619229459833e-19,"down",3.02530665281425,5.9337995048748e-14,"up"
"ASPSCR1",1.09923655001417,1.5808350186009e-19,"up",-1.09935693034486,1.03539662548129e-18,"down"
"POU6F1",1.6443058241118,1.64049047759228e-19,"up",-1.51541690591538,1.08811155329135e-18,"down"
"MEPCE",-1.49929366421182,1.7398722579211e-19,"down",1.31989053361223,8.1271467628203e-12,"up"
"BTBD9",-1.16921671341976,1.84961537328904e-19,"down",1.0429716973653,7.9976018828575e-17,"up"
"CORO7",1.28166130212833,1.86602168564486e-19,"up",-1.41588335467223,2.109511434158e-25,"down"
"SALL4",1.65724244899559,1.87904808016029e-19,"up",-1.36930055217729,2.64253008491486e-17,"down"
"TNFSF13",-1.36205747139059,2.002636828814e-19,"down",1.26262597724099,1.05675028246951e-17,"up"
"RHEX",2.01012594786169,2.25188018989866e-19,"up",-2.3772641029005,1.97147678736212e-24,"down"
"DLAT",-1.01238044823813,2.39053547058623e-19,"down",1.07268797111049,1.60035209715126e-22,"up"
"Y_RNA",1.25281914777223,2.64500439656434e-19,"up",-1.01085138747876,4.55159397698482e-17,"down"
"ATP6V0D2",-4.05183492437724,3.23368240105105e-19,"down",3.28977975861116,1.67361458351899e-10,"up"
"PLEKHA8",-1.21179892071829,3.68233472596697e-19,"down",1.19181969970898,7.16092114784652e-18,"up"
"EEF1A1P6",-1.57520998867971,4.00929410103696e-19,"down",1.19635116064536,2.10744337790662e-17,"up"
"COG2",-1.05284189687544,4.2113996440506e-19,"down",1.07544431001416,1.82486014401375e-22,"up"
"SPART",-1.02844473146755,5.15420724569301e-19,"down",1.12368132661574,5.04417587723307e-23,"up"
"KIF3B",-1.01867411181402,5.56693232400872e-19,"down",1.15755056137596,1.54118791868921e-28,"up"
"KIF26B",-1.22062375987927,6.67704558349621e-19,"down",1.28313133826982,1.05145900925352e-18,"up"
"TSPYL2",1.23183190827885,7.33678634376998e-19,"up",-1.19578180037486,1.58718704444444e-18,"down"
"CYP1B1",-1.28638350428382,7.93215670764286e-19,"down",1.58055300697443,2.36693533403036e-36,"up"
"PIF1",1.31510998018434,8.72143424556838e-19,"up",-1.46535486822508,3.9482137841871e-28,"down"
"KIAA0040",-1.31291205613225,9.14071075545589e-19,"down",1.06223746899686,5.1136676633845e-13,"up"
"FAM20B",-1.00248786450519,9.33424897593135e-19,"down",1.02691470814892,2.14788345361048e-23,"up"
"ACAP3",1.01760934046263,1.14185942697197e-18,"up",-1.09321710541556,3.35929880754919e-18,"down"
"RPL21P7",3.62673795575933,1.16975888272248e-18,"up",-2.21726462500653,7.26032971560998e-10,"down"
"HLTF",-1.25689736453291,1.28597751103114e-18,"down",1.1418240539614,6.53383084467103e-19,"up"
"DMXL2",-1.03539948762884,1.73685150130253e-18,"down",1.082873663076,2.38481857122289e-23,"up"
"NUAK1",-1.09531078609471,1.74971813670408e-18,"down",1.06782099906816,8.96156724251319e-16,"up"
"SEC23A",-1.02589248495905,1.91679447735918e-18,"down",1.07869479389115,1.71653487675641e-20,"up"
"CLCN4",-1.11133038684633,1.93818699822079e-18,"down",1.20914223086772,2.40954556265783e-24,"up"
"SMG8",-1.47640094372733,2.1205168911235e-18,"down",1.57403812193213,4.20654144490571e-24,"up"
"ZNF252P",-1.07458581598225,2.34200016528972e-18,"down",1.18099154454007,8.2873857467304e-18,"up"
"TRPV1",1.38275281870129,2.83159466567814e-18,"up",-1.07724855216639,3.76500085551891e-13,"down"
"PLEKHM3",-1.20704581662754,2.88820713412118e-18,"down",1.29408521712006,1.2090951430424e-21,"up"
"ZMYND15",2.26221949684033,2.96916203931763e-18,"up",-1.27892718389204,6.92412335610147e-09,"down"
"LMBRD2",-1.08503999998675,3.12979471618466e-18,"down",1.07934718252038,9.55833077879203e-17,"up"
"NALT1",1.67554399002014,3.57588746432694e-18,"up",-1.34047214730086,1.23034895320716e-09,"down"
"NPIPB13",2.43656245955967,3.99879850843097e-18,"up",-2.47975613735727,4.04482005729175e-21,"down"
"MAN1A1",-2.16423726683083,4.43709539029738e-18,"down",2.06621821921773,1.84290977878085e-18,"up"
"MTND5P11",2.5201002422613,4.7803536806031e-18,"up",-1.78791615714001,1.12391589142043e-11,"down"
"COG5",-1.0589554259422,4.80735123434266e-18,"down",1.15814675588042,4.19060043622252e-25,"up"
"WDR48",-1.27955339979222,5.39269260715019e-18,"down",1.49950032037781,5.7892110591191e-26,"up"
"RAPGEFL1",1.8524897201961,6.03978115142027e-18,"up",-2.02149913871335,0.000106157474615293,"down"
"SYT11",-2.00086134106794,6.75302351548129e-18,"down",2.04202066842783,1.77112691912192e-18,"up"
"HSPB7",-2.19006289882703,9.04805875376715e-18,"down",2.27255956417382,4.93773220124962e-23,"up"
"NPIPB11",1.94531562627805,9.78606245709995e-18,"up",-1.98691560830591,7.82282530975259e-21,"down"
"ZDHHC2",-1.15943075706135,1.21757631893734e-17,"down",1.17341383267166,7.09112412952735e-21,"up"
"GEMIN4",-1.28554671604007,1.21785792873866e-17,"down",1.10855495599097,1.33274194307412e-12,"up"
"EIF4BP7",-2.38764976002528,1.31708553040111e-17,"down",2.15116409885505,9.14034258011337e-15,"up"
"MRTFB",-1.07357593941124,1.45217761235497e-17,"down",1.10943451581406,5.57578899560134e-20,"up"
"CARD6",-1.00356846393415,1.71190554348592e-17,"down",1.06654345251044,2.73405983430079e-20,"up"
"GPR35",-1.0453091907383,1.91323498328815e-17,"down",1.01275846820678,3.80118793540133e-16,"up"
"MTG1",1.44325294063458,2.26764061493637e-17,"up",-1.41758702532378,1.70567244580314e-19,"down"
"DOC2A",1.28568403096362,2.30013115067292e-17,"up",-1.12376946377175,8.71584416060072e-11,"down"
"SMG1P7",1.34343329675313,2.40785048518454e-17,"up",-1.20322458242407,6.07989432588427e-18,"down"
"EXOC2",-1.06288193664807,2.6067899636816e-17,"down",1.15603873589153,2.03248209435351e-21,"up"
"XRCC3",1.07879540951878,3.63542830656804e-17,"up",-1.14532201878908,6.69067560763734e-15,"down"
"RPSAP15",-1.43582539355682,3.75834368675092e-17,"down",1.29669892090719,1.28912016674493e-19,"up"
"LINC02930",1.99309570975376,5.25539590225094e-17,"up",-1.67411158167512,1.79469124388766e-12,"down"
"SMARCAL1",-1.11329676189067,5.70201389195587e-17,"down",1.1974172399697,4.13075435059409e-18,"up"
"LINC02604",1.96476982797739,6.48781434409473e-17,"up",-1.85926683362214,1.90791519626582e-18,"down"
"SLC30A6",-1.04282083662476,6.80470608687044e-17,"down",1.06108337889844,3.83808384658142e-25,"up"
"KIAA0895L",1.01139083360669,7.02934717298541e-17,"up",-1.02320899518806,2.55963422757028e-20,"down"
"PCDHGA10",-1.51125833898249,7.78515221132595e-17,"down",1.76487991400871,1.26691895558713e-23,"up"
"MAMDC4",1.45263029960299,8.8104090555436e-17,"up",-1.31035520953093,5.28973570504564e-13,"down"
"ATP11C",-1.18201635769912,8.95776965197035e-17,"down",1.12620376137331,4.46604484644517e-14,"up"
"NOXA1",1.67009480627093,9.08090927642879e-17,"up",-1.11003466666261,9.76579942981952e-13,"down"
"SEC24A",-1.19011926623669,9.31966663762952e-17,"down",1.22192102881939,1.92604669407094e-17,"up"
"RNASEK",1.59875834844989,9.43266161080016e-17,"up",-1.4525418453025,3.02976460482929e-19,"down"
"ZNF334",1.16800527575498,1.15453596081754e-16,"up",-1.04037150921766,1.60260741293433e-15,"down"
"CATSPER2",1.71843710854162,1.16787789386759e-16,"up",-1.29633615002685,2.75167927302823e-12,"down"
"SPATA18",-1.49232255305881,1.180603894621e-16,"down",1.55196600664035,5.85395898158689e-20,"up"
"MSS51",1.49306668563528,1.18170800711828e-16,"up",-1.36891782829248,1.24279878344724e-15,"down"
"CYRIA",-1.25800893267634,1.2305625515899e-16,"down",1.28594270198726,4.17223100452666e-16,"up"
"PPP1R3B",-1.49923693991152,1.24929404414449e-16,"down",1.38118046260223,9.63422312915701e-18,"up"
"LCAT",1.93579004516128,1.25006249652169e-16,"up",-1.99519250117315,1.26259300312157e-19,"down"
"IER3",1.21760674513524,1.45233404009803e-16,"up",-1.23578913297087,3.50797115516945e-14,"down"
"SLC26A2",-1.11762818568347,1.56083183582438e-16,"down",1.11375400396626,2.8743459204714e-17,"up"
"DHFRP1",-1.9205737131788,1.56588324888276e-16,"down",1.76005880278544,2.05424363282308e-13,"up"
"LINC01160",2.0744004338493,2.38263882763199e-16,"up",-1.6554400030971,3.78347060172821e-14,"down"
"NPIPB3",1.89733988453475,2.40791130715562e-16,"up",-1.84060455757837,2.05477509672826e-18,"down"
"SLAMF8",-1.41013579547439,2.84493269331265e-16,"down",1.13359703825513,1.49695684817442e-11,"up"
"SLC44A1",-1.02000506838117,2.95572102093936e-16,"down",1.01260218525427,4.83292451938859e-20,"up"
"NCR3LG1",-2.2210184340981,2.98386501404184e-16,"down",2.12766147038041,4.59114624532668e-17,"up"
"PCDHGB6",-2.38408634859345,3.00708379786789e-16,"down",2.28817843502415,2.78765421241008e-14,"up"
"TLR8",-1.25987988720962,3.37385421204563e-16,"down",1.43259892839403,3.41880046805772e-24,"up"
"RAPGEF2",-1.05270571854307,3.52538489564381e-16,"down",1.11742160325941,1.26578675324762e-15,"up"
"PIDD1",1.06937742401853,3.59395632256224e-16,"up",-1.04819105515648,3.13519870474195e-18,"down"
"JAK3",1.02938785355891,3.82063691846464e-16,"up",-1.44139192423738,1.16392301710003e-29,"down"
"SAPCD1",3.91609214705632,3.82063691846464e-16,"up",-3.03381155503925,1.22104998905502e-09,"down"
"EPHB2",-1.33018768176661,4.24610643471675e-16,"down",1.11517865062052,1.62218504266729e-11,"up"
"CH25H",3.01584500963634,5.13453269897169e-16,"up",-2.01443753825668,3.31861231168792e-15,"down"
"BCL9L",-1.1735336576082,5.19251754886303e-16,"down",1.09304372482432,1.48779678847827e-14,"up"
"TMEM106B",-1.38021985463667,5.79553971402879e-16,"down",1.38840736377869,4.43509241617576e-17,"up"
"PFDN5",1.33987336768234,5.99527300216978e-16,"up",-1.1445354711766,2.76380867853374e-12,"down"
"NAA35",-1.05165960985327,6.01124551633522e-16,"down",1.0034453809556,1.16160403879993e-13,"up"
"FAM229A",1.71436299215495,6.1431702915782e-16,"up",-1.94736288098638,7.59843139842976e-20,"down"
"NME1",1.11735754989988,6.70415799240913e-16,"up",-1.09408181862286,1.57321343843885e-15,"down"
"VEZF1",-1.04690077517434,6.716919557786e-16,"down",1.17302617529873,1.59827071580736e-21,"up"
"RTEL1-TNFRSF6B",1.87015492226549,7.21905401477166e-16,"up",-1.80046104169535,7.08002751640823e-16,"down"
"ZNF513",1.07254201889883,7.65068494544134e-16,"up",-1.01496025602909,2.01261441007114e-16,"down"
"LINC01176",1.38998240385439,8.57276089127805e-16,"up",-1.28645571667089,7.39218268673961e-17,"down"
"TNFSF15",-1.10536096729868,9.18198344133624e-16,"down",1.28487821847049,5.60343759694018e-22,"up"
"NAA10",1.02695015581709,9.5046906453773e-16,"up",-1.2354361508616,7.78004816422477e-22,"down"
"RNF24",-1.31162121880315,1.03089673763055e-15,"down",1.45598982436294,1.32193749493904e-24,"up"
"CD302",-1.52760069725601,1.06978948180266e-15,"down",1.41351246124097,3.85185758829114e-11,"up"
"LAMC1",-1.12519553241624,1.10004551159479e-15,"down",1.34696389241291,3.85818217218545e-28,"up"
"WASHC1",1.30581669554763,1.11250207487191e-15,"up",-1.19521781762868,3.03115158230016e-14,"down"
"NRBP2",1.39423737563223,1.15106596215233e-15,"up",-1.25667651139835,5.79203564367109e-12,"down"
"DCUN1D2",1.15965528590698,1.27022832809154e-15,"up",-1.14655306640587,9.46387847811041e-19,"down"
"NT5C",1.07981331630195,1.38900907426093e-15,"up",-1.18617923390851,6.34010615781904e-20,"down"
"WBP4",1.2082254711244,1.4198523420699e-15,"up",-1.12051320240486,6.69754277368042e-22,"down"
"FOXP1",1.13292131454144,1.58833042523124e-15,"up",-1.0257990161409,5.96815527653187e-17,"down"
"RBFOX2",-1.04528867739115,1.69024438954053e-15,"down",1.18343860058041,3.14658686874481e-21,"up"
"PDK3",-1.18495115461093,1.80662140675162e-15,"down",1.02990742769046,9.22430519015996e-22,"up"
"RSPH4A",2.48304144189295,2.17168322386298e-15,"up",-2.48085180345324,4.33690956895411e-13,"down"
"CCDC59",1.11397835434133,2.20143198458865e-15,"up",-1.06572163751183,4.97838855886121e-19,"down"
"PHACTR2",-1.26040717225706,2.42886071646358e-15,"down",1.07602458129445,1.83624656115202e-14,"up"
"PAPSS2",-1.60341895804016,2.48562300125319e-15,"down",1.0221917583048,1.37973788844121e-05,"up"
"MBTPS2",-1.34200618877615,2.48873511742183e-15,"down",1.3006455457678,2.56235030517578e-20,"up"
"MUC6",3.05676497405278,2.51359832413761e-15,"up",-1.81496589829145,1.27920287127672e-08,"down"
"PILRB",1.69322340053511,3.06034164508102e-15,"up",-1.1998161689357,6.23078041483603e-12,"down"
"GTF2IP4",-1.03913631623542,3.2194507333509e-15,"down",1.02393462292288,3.9962801306846e-16,"up"
"HTR7",-1.4988306826984,4.10131087487476e-15,"down",1.50485128568179,1.04730576933416e-15,"up"
"MSH5",1.93483894683728,4.32251656990874e-15,"up",-1.25902878663852,9.65718530967269e-09,"down"
"AKR7L",2.51918535593088,4.7808364665748e-15,"up",-2.53265002000012,5.30576803442184e-17,"down"
"MYO9A",-1.11061404013061,5.23501427479889e-15,"down",1.17069220170956,6.93812865442492e-15,"up"
"RNASEL",-1.18852976738201,5.27058981524967e-15,"down",1.24344928545484,7.22492279351155e-18,"up"
"CENPE",1.03568448726804,5.29532230150644e-15,"up",-1.29822730730452,1.26115535350019e-18,"down"
"PTOV1",1.07610479604947,5.83646771651041e-15,"up",-1.10123450883518,6.31001339892665e-18,"down"
"CBWD6",1.32044222986791,7.66259514982641e-15,"up",-1.25417459672406,2.99277140151937e-15,"down"
"PTPRN2-AS1",-1.79058105263523,7.78073141552543e-15,"down",1.27605338147395,9.41442627819808e-07,"up"
"ANKS3",1.47157295646652,7.96065245520884e-15,"up",-1.30163224207859,1.4682030913514e-20,"down"
"PCBP1",-1.46517339838832,9.90912529750106e-15,"down",1.22247903777141,9.31057923141228e-10,"up"
"KLF11",-1.31816817371228,1.22865094840275e-14,"down",1.28968054829935,2.05458252441644e-14,"up"
"ANKRD36",1.05600830519139,1.61116044481246e-14,"up",-1.0342996505,2.87437063305054e-13,"down"
"PMAIP1",1.43571139086633,1.63372688403228e-14,"up",-1.42585017779359,2.36669130394288e-16,"down"
"RIMS3",-1.43592554834831,1.67267253625791e-14,"down",1.04466492966851,1.88766384623471e-07,"up"
"ZNF280D",1.06589801728157,2.06294970691247e-14,"up",-1.31184568007819,6.80628909355036e-26,"down"
"VAV3",-1.33938484318788,2.31994512793345e-14,"down",1.09839436526807,6.34840514210554e-10,"up"
"DMPK",1.99048227061825,2.51604798822933e-14,"up",-1.356590284223,3.73656508987153e-11,"down"
"CPT2",-1.30122170654941,2.81659487036424e-14,"down",1.2852345247595,5.25111988884684e-16,"up"
"BRICD5",1.8800964114199,3.50411627084213e-14,"up",-1.50669454286663,1.03344542867657e-11,"down"
"RAB4B",1.65397379958153,3.61642808859117e-14,"up",-1.37489739876002,7.34518426434698e-11,"down"
"PTGR1",-1.05843119351213,4.51237467847004e-14,"down",1.07080307293992,8.83657774747533e-17,"up"
"ZNF551",-1.53206257836155,5.02562308350483e-14,"down",1.53888246614885,1.74397655697236e-12,"up"
"LY6G5B",1.48686682136913,5.16797942698351e-14,"up",-1.28684694444297,1.02866485603577e-10,"down"
"PAQR8",-1.20803520028922,5.57897159556565e-14,"down",1.0904742806481,6.9887528565567e-12,"up"
"FAR2P1",2.08090583413313,6.13759708189035e-14,"up",-1.09043143220589,1.37567379843706e-06,"down"
"NME9",2.09402705626529,6.23488147030161e-14,"up",-1.59036882895093,7.94121499638512e-11,"down"
"RPS7P3",4.21076063563056,6.47464400775141e-14,"up",-2.37035552674906,2.08351948263068e-08,"down"
"GPR137B",-1.59239017987813,6.88075994145829e-14,"down",1.55785044689956,1.05514842750032e-14,"up"
"MPDZ",-1.41515790770493,7.52953076123296e-14,"down",1.26535725375418,1.66726100023737e-13,"up"
"TUT1",1.29450722446695,8.38332544421256e-14,"up",-1.13339607418989,1.42643489476724e-11,"down"
"TGM2",-1.51558357266338,9.55542529572918e-14,"down",1.60222667956897,2.43733315819193e-19,"up"
"TBC1D8B",-1.61940182599646,1.08126134714364e-13,"down",1.3055862320344,1.64877246106248e-08,"up"
"CTBP1-AS",1.64053887249533,1.40233146906754e-13,"up",-1.52917430838248,5.28298992838614e-14,"down"
"GRIN2C",2.21449413637194,1.51958260178834e-13,"up",-1.81872705806474,5.81255008259326e-12,"down"
"EPS8L3",1.54163252824793,1.54958450408897e-13,"up",-1.21255337575948,3.65195963014337e-08,"down"
"LINC01355",1.46273829722028,1.57820693181635e-13,"up",-1.09558585430116,4.89140211097531e-09,"down"
"SNX33",-1.40637410381119,1.57820693181635e-13,"down",1.1869923439799,1.7705373556191e-09,"up"
"ZNF561",-1.01400844830671,1.70106837331482e-13,"down",1.21126586035091,3.82362401980594e-21,"up"
"SLC9A9",-1.52658046875083,2.06496126328685e-13,"down",1.14126860827009,4.64001687837653e-07,"up"
"TMEM91",1.92932933000754,2.23447399938656e-13,"up",-1.70624837083436,2.67024567229799e-13,"down"
"GPC2",1.7699534954482,2.24854608327836e-13,"up",-1.56120683968106,1.09510118175953e-12,"down"
"CCDC17",1.72535279895162,2.80091199970832e-13,"up",-1.58272251358182,3.18400612924776e-11,"down"
"LINC00926",1.69658044199971,3.03467657441643e-13,"up",-1.45106992747958,6.08421417294937e-12,"down"
"RASL10A",2.04075928092932,3.14616222829538e-13,"up",-2.28562112037717,6.83662136141144e-17,"down"
"KIF13B",-1.09216170552688,3.14812503264732e-13,"down",1.12106546105218,6.42211496902201e-16,"up"
"MST1",1.46820232817722,4.14328080249593e-13,"up",-1.1911825118794,2.0517962669588e-10,"down"
"SUMO4",2.5280747299289,4.45656430139937e-13,"up",-3.06490820290089,2.66709149335741e-20,"down"
"ERVW-1",-3.26597692010835,4.500312994309e-13,"down",3.17630426838803,1.96201905355732e-13,"up"
"C1orf35",1.00249955017206,4.52910445506567e-13,"up",-1.11510447586554,5.70673919059617e-19,"down"
"INTS5",-1.20904724578464,6.43092222350355e-13,"down",1.18072528048972,2.16031513849874e-16,"up"
"TECPR2",-1.15425851272398,7.30641583047851e-13,"down",1.11991882665488,1.84155660271655e-11,"up"
"LINC00662",1.2917912141749,7.63552577074377e-13,"up",-1.42207248800048,1.56655457207148e-20,"down"
"WASH7P",1.39205650292108,8.31064862289438e-13,"up",-1.18143918327203,3.08936582650815e-11,"down"
"ZNF792",-1.57840403577748,9.01753492082829e-13,"down",1.75349636253405,3.38312788863975e-18,"up"
"ALDH1A1",-2.38572504353359,1.14666475016784e-12,"down",1.58827787556843,0.000146436670309411,"up"
"ALG11",-1.06365398080593,1.26148355343569e-12,"down",1.25750143108906,5.44002933981067e-20,"up"
"SIAE",-1.26795926203594,1.37338644284394e-12,"down",1.26806247823706,6.47237350173686e-15,"up"
"TNIK",-1.704597433479,1.51286055851293e-12,"down",1.66850814239687,2.5322392846025e-13,"up"
"LZTR1",1.1037740785369,1.57872809642853e-12,"up",-1.05199997528336,2.81428092456904e-11,"down"
"IGF2BP3",-1.30108442016187,1.61767443262667e-12,"down",1.35159802914381,2.37680010613546e-14,"up"
"MYL5",1.29379272914425,1.66843123454781e-12,"up",-1.1363948993916,2.70600615791949e-12,"down"
"ANKRD36C",1.1534911905285,1.73941116839188e-12,"up",-1.13399849696108,6.05526577944188e-13,"down"
"RPL36A",1.20737554047104,2.13156476410603e-12,"up",-1.17370573885236,3.42828837129362e-12,"down"
"LINC00674",-1.26989215882033,2.56312128169054e-12,"down",1.19589461929164,8.82213323286794e-12,"up"
"TBC1D22A-DT",1.79571104976834,2.56312128169054e-12,"up",-1.36978247601717,2.33420474205592e-10,"down"
"YJEFN3",1.93455398378766,2.83380952412482e-12,"up",-1.3803239311595,6.57045027096469e-08,"down"
"CDKN2A",1.1902903109172,2.87657379795855e-12,"up",-1.17986833329978,2.42914004354603e-16,"down"
"ODF3B",1.31750010005459,2.9309959257609e-12,"up",-1.52582560388637,2.99117203900384e-21,"down"
"MMP2-AS1",1.59599784076549,2.95883901508736e-12,"up",-1.32495550830869,7.02881735378441e-10,"down"
"DDIT4L",-2.18738469116179,3.12768973498078e-12,"down",1.20965848843749,0.000258974044161547,"up"
"PPP1R9A-AS1",4.73540777330984,3.59186359205807e-12,"up",-3.8154621161937,2.05233448825319e-10,"down"
"TCP11L1",-1.11850991057082,3.93232954624026e-12,"down",1.13514356470537,6.28686428462612e-13,"up"
"PRKACB",-1.50512720871871,4.02132024739317e-12,"down",1.04301548854331,8.51278682185001e-07,"up"
"COL7A1",1.42457719269411,4.07114014784761e-12,"up",-1.10289476298443,3.09666643350962e-08,"down"
"ZMYND19",1.07347058765349,4.56452779237856e-12,"up",-1.21856522912026,2.76770832322847e-19,"down"
"DDIT3",1.36492961633611,4.9205257189405e-12,"up",-1.44002042535369,8.47176494199191e-14,"down"
"ALKBH6",1.52407311622236,5.24401056719566e-12,"up",-1.28875461288343,1.83375213567567e-10,"down"
"EBLN2",1.81239944097512,5.25675462725741e-12,"up",-1.82341213606889,2.87437063305054e-13,"down"
"THTPA",-1.77568371031091,5.33207273345403e-12,"down",1.58608578629977,7.55121351660831e-10,"up"
"PKDCC",1.06411435346789,5.45083527852464e-12,"up",-1.14581645725525,9.64012986656666e-14,"down"
"ADGRG6",-2.41729509440635,6.16265312805195e-12,"down",1.97613107302364,1.09477433361443e-08,"up"
"MXD3",1.23965032616142,6.16265312805195e-12,"up",-1.34315489005934,2.91824612805024e-16,"down"
"RBM12B",-1.12620675512673,6.39224449726801e-12,"down",1.14505447877844,1.0786134075805e-11,"up"
"ISG15",1.36007385617408,6.72914063502829e-12,"up",-1.2607593471785,2.86659597141075e-14,"down"
"AMER1",-1.28300554492691,6.87620571446207e-12,"down",1.1345226699281,5.50390702315137e-10,"up"
"PAM16",1.43139339615991,6.95750892015697e-12,"up",-1.11014483998675,2.85951817171447e-10,"down"
"EDN1",2.37469181405292,7.68503928091317e-12,"up",-1.16713860893604,1.24007746034362e-05,"down"
"VCPKMT",1.19882640832834,7.76492777330439e-12,"up",-1.06688949451491,2.95638194474004e-11,"down"
"RIPK2-DT",1.27417309164596,9.33376919451405e-12,"up",-1.33542642170553,1.58718704444444e-18,"down"
"NPR2",1.38455106768663,9.6599666169509e-12,"up",-1.24791069203964,9.82611906339116e-13,"down"
"MAOA",-1.62414120761094,9.93458176050923e-12,"down",1.32084856657757,4.99270599601429e-07,"up"
"CCDC146",1.19579810348074,1.00029986876113e-11,"up",-1.46364646088302,2.73876588604093e-16,"down"
"BABAM1",1.00191871892258,1.02304734453707e-11,"up",-1.00525833489449,8.37369547592898e-10,"down"
"HDAC10",1.7380461217594,1.06712107829165e-11,"up",-1.36893635370154,6.33110119581798e-09,"down"
"TANGO6",-1.17354811498065,1.113967181919e-11,"down",1.17518460256299,2.74495716694975e-12,"up"
"RBMS1P1",-1.41847739047284,1.19050035432134e-11,"down",1.59424931236622,2.02795252932473e-16,"up"
"LINC00173",4.20493986375116,1.24775310967276e-11,"up",-2.20045831637573,2.01208350366786e-06,"down"
"SCX",2.44340914473555,1.26489009797113e-11,"up",-2.37392153675172,1.85791147135113e-11,"down"
"MT-ATP8",1.41589476889344,1.27982607159026e-11,"up",-1.2149723036804,8.00057080339545e-05,"down"
"LINC01001",1.52492486826698,1.39675493855695e-11,"up",-1.12939621664149,5.18179350616386e-09,"down"
"VWA5A",-1.26547845002151,1.40046863633086e-11,"down",1.12418867713536,2.60661270399013e-11,"up"
"TIGD1",1.76240919677409,1.41375426550903e-11,"up",-1.2922867972858,1.66906144316753e-07,"down"
"TMOD2",-1.33131063615721,1.45508269562465e-11,"down",1.45112720562696,5.39354255670638e-15,"up"
"DXO",1.16251191241408,1.52873543567247e-11,"up",-1.3325002403038,3.19714121297834e-15,"down"
"DOC2GP",1.57287924163049,1.55415082117935e-11,"up",-1.21103680095994,3.2610943240479e-08,"down"
"YES1P1",3.07166522067129,1.56190983679679e-11,"up",-2.81705067768498,4.07979433142246e-11,"down"
"CLEC9A",2.22580274178569,1.60168600280785e-11,"up",-1.78663403321531,1.0493057134982e-10,"down"
"SGF29",1.00405880472839,1.68559884994209e-11,"up",-1.20929133060169,1.16681987578491e-14,"down"
"USP3-AS1",1.90761422024236,1.79187728386206e-11,"up",-1.34683042955202,7.52365234888731e-09,"down"
"DNAH14",1.16780107477734,1.95810347511954e-11,"up",-1.14315872689769,5.04297385889565e-13,"down"
"SRBD1",-1.02136669012962,2.05810102615107e-11,"down",1.05211375675676,8.55024259716329e-14,"up"
"LINC01357",2.6964432103699,2.22930201330252e-11,"up",-1.99645896431587,1.62196465296888e-08,"down"
"MEMO1",1.28475350226115,2.34001867300672e-11,"up",-1.18130375217803,1.34350982601943e-10,"down"
"PGA3",-1.83721328031,2.66692201166607e-11,"down",1.37605872752495,2.04274913258182e-11,"up"
"MSTO2P",1.53498711742819,2.85891677519869e-11,"up",-1.49010282363402,4.04222121041202e-12,"down"
"CRYGS",1.76965302938117,3.31133882635665e-11,"up",-1.07730730001728,1.18840938205817e-05,"down"
"SYCP2L",3.85282481800137,4.09844138025351e-11,"up",-2.86003247217292,4.36641272948644e-09,"down"
"NPIPA1",1.33470421606132,4.20438352650451e-11,"up",-1.52013257854215,4.52468357605339e-18,"down"
"CCDC134",-1.24617840005448,5.77143288737603e-11,"down",1.27920414902689,1.46017256093636e-12,"up"
"SUCNR1",-1.35563623021539,5.77143288737603e-11,"down",1.09390200087158,1.20626652901098e-06,"up"
"KLRK1-AS1",-3.42580044467565,5.81105438628583e-11,"down",2.03887411168269,0.00518773603820554,"up"
"TNFRSF12A",1.33410111765933,6.00992021878852e-11,"up",-1.37142628715691,8.10872404014106e-13,"down"
"PLXNA2",-1.29675134145132,6.24153334735139e-11,"down",1.33162658039526,3.18290519472779e-12,"up"
"LINC01089",1.402904343229,9.96738513824844e-11,"up",-1.49218219957218,1.27606681525622e-24,"down"
"ALKBH2",1.38713576637072,1.00570115128422e-10,"up",-1.16571811295177,8.36814735855749e-09,"down"
"PARL",1.13276448838744,1.06974306898646e-10,"up",-1.24063403342962,1.04096720091584e-13,"down"
"ELF3",3.38527530708885,1.10118877150703e-10,"up",-2.59489231903935,4.01851009896985e-09,"down"
"FAM234B",-1.18163212994714,1.15112361589132e-10,"down",1.33646517453599,1.46676396604165e-14,"up"
"CADPS2",-4.5753056130796,1.17896951317183e-10,"down",2.66285221801765,0.00864198748284067,"up"
"LIN7B",1.86279214677004,1.22509059092033e-10,"up",-1.89043139033814,9.66568365662358e-11,"down"
"WASH8P",1.2050140370074,1.3805743649082e-10,"up",-1.26380324471358,2.4755308255534e-18,"down"
"ZGPAT",1.07214340440537,1.39442118064111e-10,"up",-1.27891725002531,5.18310648282072e-14,"down"
"SNHG30",1.23387910633604,1.53873954662364e-10,"up",-1.30139790047689,5.49401624190277e-14,"down"
"RPSAP47",-1.62289696137137,1.54729852056063e-10,"down",1.55764005295112,2.16326281323691e-14,"up"
"AKT3",-1.06786636578899,1.63572684983096e-10,"down",1.54497680963558,2.1112954850057e-26,"up"
"PI4KAP1",1.45354226247904,1.7355069802627e-10,"up",-1.14495496795975,1.92044058958536e-06,"down"
"FUT10",-1.18864062478936,1.79624118128954e-10,"down",1.06046993971136,9.9157817173344e-08,"up"
"RPL22P1",1.03004580553122,1.97333687753515e-10,"up",-1.03463291611218,1.93900469394329e-09,"down"
"IRF7",1.09849123953474,1.98219761865942e-10,"up",-1.18456243092927,3.33699561487397e-16,"down"
"ZRANB1",-1.22728387633688,2.12288668537675e-10,"down",1.25446682938169,1.44282004083195e-12,"up"
"TRIM39",1.01866906873277,2.18576802385743e-10,"up",-1.02379670954352,1.36882620710602e-10,"down"
"IFIT1",1.23070603273818,2.18893933600091e-10,"up",-1.36227742368383,1.13171230014463e-15,"down"
"YY1P1",2.35755753113887,2.22367433813934e-10,"up",-2.10749670573738,1.88184886467379e-12,"down"
"NGRN",-1.49426974765661,2.30992941361976e-10,"down",1.38615801296372,5.96591583494175e-09,"up"
"RNF175",1.07051759200802,2.3876111846174e-10,"up",-1.08683547550081,1.51407217480601e-11,"down"
"LINC00680",1.29508605994951,2.49496945131586e-10,"up",-1.00288623513754,1.50667181427979e-08,"down"
"SIGLEC1",1.11675095371571,2.5095546170051e-10,"up",-1.37667555252791,5.95766920911564e-19,"down"
"SLC2A9",-1.61554514934862,2.5095546170051e-10,"down",1.46680355614477,9.75520004538514e-09,"up"
"REPS2",-1.45639574185765,2.65865778000759e-10,"down",1.33930959498178,3.34909628850027e-10,"up"
"ACACB",-1.45242725989118,2.71867453015376e-10,"down",1.20336012117072,8.0167220479428e-09,"up"
"PLAU",-1.84682876858437,2.80319010906738e-10,"down",1.45670021777851,8.6892351874903e-06,"up"
"RPS20P14",1.22227391396016,2.82203242682769e-10,"up",-1.12739938727003,1.80891223021221e-10,"down"
"ABCA11P",2.21095351666697,2.93638503845142e-10,"up",-1.90174628067634,5.97109759040204e-09,"down"
"KCNC4",-1.11611083445357,2.9639658965722e-10,"down",1.30503472380867,2.9139941399806e-16,"up"
"CATSPERG",1.78010241208453,3.11531243544548e-10,"up",-1.42846434227612,4.7626792311293e-09,"down"
"CCT6P1",1.22632210536499,3.26537023530066e-10,"up",-1.16444349136208,3.05824997053708e-10,"down"
"FAM238A",2.81922176599898,3.49971767637368e-10,"up",-2.71974306019068,6.81574055212264e-12,"down"
"FBXL14",-1.58489884418003,3.63467175680761e-10,"down",1.31967048329125,2.48438559063718e-06,"up"
"HSPA7",1.72705643850822,3.65143205123979e-10,"up",-1.59757520550504,2.16348841826707e-13,"down"
"TBC1D3L",1.72412504274733,3.85775645779337e-10,"up",-1.57886424998549,2.21970901554667e-10,"down"
"SLC39A14",-1.05937272477072,3.93364771627647e-10,"down",1.03718390682806,6.48884455651098e-11,"up"
"PNMA8A",-1.07693695952392,4.15235928735932e-10,"down",1.16729091947321,1.74539609683786e-13,"up"
"ENTPD1-AS1",1.33972397311127,4.44736436433196e-10,"up",-1.00794114961652,6.64659854310382e-08,"down"
"CCDC150",1.32820372695843,4.62571764040176e-10,"up",-1.42553143555441,1.73863320815174e-11,"down"
"CELSR2",-1.28598377812129,4.6519258662883e-10,"down",1.31964444697716,5.55043474760559e-11,"up"
"CAPS",1.26997505847302,4.77238414450847e-10,"up",-1.06207021061676,6.06921719282624e-10,"down"
"PROS1",-1.1522384694267,4.84177082557368e-10,"down",1.07396439384799,5.57331533866988e-07,"up"
"SNORA33",2.09061424841548,5.36704072644171e-10,"up",-1.99515988078077,2.24487783002535e-09,"down"
"IPO11",-1.31231256753192,5.53350130441116e-10,"down",1.41023414792475,1.31914723244964e-13,"up"
"ROCK1P1",2.02848797135242,5.65396232190645e-10,"up",-1.69752674865403,1.35818250932785e-07,"down"
"AKR7A3",2.47151874533172,5.810225161701e-10,"up",-1.9598115891753,7.67307484851907e-09,"down"
"RNU7-181P",5.191479258977,5.84930554741457e-10,"up",-3.44542079591938,2.32195692923406e-09,"down"
"ZNF407",-1.03711190153446,6.51198981461917e-10,"down",1.23650822981425,9.56463432002461e-16,"up"
"ARRDC5",2.02742138322744,7.34588231256772e-10,"up",-1.37784689208579,5.39244766767652e-05,"down"
"SIAH1",1.24638648787286,8.68002296413738e-10,"up",-1.27576242948623,7.66503344770797e-13,"down"
"LGR4",-1.07498531545687,8.7050899906574e-10,"down",1.13048730047318,4.92493854928037e-10,"up"
"NATD1",-1.24400661637766,9.05968766869246e-10,"down",1.2306757655065,1.84557512789909e-09,"up"
"LRIG1",-1.85989681109378,9.31371922607608e-10,"down",1.60411875053889,4.11749818594043e-08,"up"
"CMTM1",-1.46583833363955,1.05896909803582e-09,"down",1.24900880358879,2.5905268383326e-07,"up"
"MTND4P12",1.51267486174265,1.08118682133557e-09,"up",-1.54811537379154,3.62478688626706e-10,"down"
"RPS15AP10",2.98085124647456,1.15646530102646e-09,"up",-2.51508962935364,4.84625226235468e-10,"down"
"CD2",-6.99368607183309,1.1572533870589e-09,"down",3.9683319114204,0.0167792317358235,"up"
"PCDHGB7",-2.35140645155255,1.17220566605424e-09,"down",2.59382455818924,3.58755525289087e-14,"up"
"SHFL",1.0108677093529,1.21316088705361e-09,"up",-1.02977471136717,1.29346763789712e-12,"down"
"CAMK2B",1.97343096467416,1.36230967420304e-09,"up",-1.65180686401756,3.18431257052641e-09,"down"
"DPP9-AS1",1.9901637064958,1.40163393198313e-09,"up",-1.31144208879712,8.41515431944164e-07,"down"
"SLC9A3-AS1",2.2084205319175,1.47743199859801e-09,"up",-1.09113612210524,0.000412178943871328,"down"
"CHKB",1.91937997850115,1.5334829493705e-09,"up",-1.72286721797725,9.79428852272494e-08,"down"
"LINC01914",2.17169424255562,1.68277340027369e-09,"up",-2.05121861822736,3.36738505775397e-10,"down"
"TGM5",-1.73318637361318,1.86415047305296e-09,"down",1.54929770113061,1.2803666777272e-07,"up"
"TRAPPC6B",-1.10333679164908,1.86882827742659e-09,"down",1.05584332071224,1.81349531830271e-08,"up"
"PJA1",-1.38446499218702,2.02374403919945e-09,"down",1.5875291155044,6.30720717550512e-14,"up"
"MAP2K6",-1.0502565007531,2.17391647506198e-09,"down",1.14295236145344,3.06898722323584e-10,"up"
"RASA4",1.24884515888167,2.22857134842708e-09,"up",-1.00703472418176,2.14010600467676e-07,"down"
"PANK1",-1.1855345470958,2.48902837047754e-09,"down",1.17676152732709,1.78481922081896e-10,"up"
"SLC35A1",1.13668194203456,2.83582786823483e-09,"up",-1.11460826541967,1.10284887438812e-09,"down"
"TNFSF13B",1.09394640080216,2.85056771215785e-09,"up",-1.02677667527101,3.39558214774693e-09,"down"
"USP43",3.74877459633505,2.86967023129117e-09,"up",-2.24914203374515,1.72563212491182e-06,"down"
"MITF",-1.18358792332876,2.88401507525567e-09,"down",1.14794046827882,8.85461542525808e-09,"up"
"ACER2",-2.90223243223905,2.9171889805208e-09,"down",2.94853273434667,1.45814593587427e-12,"up"
"APBA2",-2.20604047679398,3.1602491557375e-09,"down",1.61170909412576,0.000162262448436925,"up"
"DOK2",-1.45617004732671,3.65690373962989e-09,"down",1.64526582505544,4.36201542352424e-16,"up"
"SLC8A1-AS1",1.85743768572249,3.70162717556467e-09,"up",-1.91257322239004,1.25223605495294e-10,"down"
"C1S",3.57925481755932,3.72225504409622e-09,"up",-1.62164084454494,0.000913765880974078,"down"
"TMEM256",1.3269988013321,3.76336314885493e-09,"up",-1.25943485657024,4.4875072450823e-09,"down"
"PELO",-1.33599685235436,4.2073229266842e-09,"down",1.21367592748773,6.31012693107713e-08,"up"
"ARHGAP10",-2.85051986341972,4.32611615707962e-09,"down",3.2263949621884,2.41511288884044e-13,"up"
"GPHN",-1.07790637143454,4.33167914933561e-09,"down",1.02189472456738,6.04071055529724e-08,"up"
"RAB11FIP5",-1.82586851724018,4.35943244743929e-09,"down",1.49566081676637,5.78270511989643e-06,"up"
"PET100",1.8897210857991,4.4969966834554e-09,"up",-1.4463178598601,2.73323958171231e-09,"down"
"ABCG1",-2.23662544550966,4.58158068655516e-09,"down",1.52290973756959,0.000461917001835962,"up"
"PDK2",-1.32211530499568,5.74784472232926e-09,"down",1.41978989557418,7.63178903626907e-15,"up"
"SGPP2",1.81498070320943,5.90955407144069e-09,"up",-1.8379296825712,4.38229123397248e-11,"down"
"SPNS1",2.10192949409949,5.93717370773371e-09,"up",-1.28630610484874,0.000243828471792671,"down"
"RNA5SP498",2.6872220222805,6.18948050946826e-09,"up",-2.19492652029677,2.44819102577383e-09,"down"
"PGLS-DT",1.53694448852642,6.2107466217468e-09,"up",-1.07135560043286,8.16155189949096e-06,"down"
"MAP3K9",-1.03749958872308,6.40151903777336e-09,"down",1.09079952800702,9.55475034588983e-09,"up"
"REEP1",-1.17800140578017,6.46179265541635e-09,"down",1.13774426370746,3.87070693694007e-09,"up"
"MIPEP",-1.05865221388782,6.50731953135605e-09,"down",1.00192065943696,3.96569149655752e-08,"up"
"KCNAB3",1.96945827098701,6.50950512516176e-09,"up",-1.67149008037781,3.94625349025569e-07,"down"
"MIRLET7A1HG",1.24414169958674,6.63392391609999e-09,"up",-1.03793863712538,8.8724902886922e-09,"down"
"ABLIM3",-3.11367886051407,6.75349919546309e-09,"down",1.86096597241862,0.00970178819778101,"up"
"C1orf159",1.15114990766786,6.79785215375448e-09,"up",-1.43259096700863,3.39836003647691e-12,"down"
"CD163L1",-1.85448851435613,6.9829023913124e-09,"down",1.24745212179464,0.00136604715469562,"up"
"MIR1244-2",1.10214532457246,7.18772435154716e-09,"up",-1.02508458399575,1.36575700780603e-09,"down"
"ARG2",-1.33233322158314,7.42053356059891e-09,"down",1.11421465706328,2.1229012630638e-06,"up"
"CDC14B",-1.48288748937781,7.44205199024108e-09,"down",1.19356318146456,2.71997124087539e-06,"up"
"NDUFA5P10",1.48411207692149,7.55346711380233e-09,"up",-1.5103627617368,8.49951857680076e-10,"down"
"AMOT",-1.23852149517589,7.65876049196138e-09,"down",1.37582361514217,5.4427979597433e-13,"up"
"NCAPGP1",2.91225847475685,8.64774975083863e-09,"up",-2.81493368133226,7.29461908577647e-14,"down"
"SNORD14A",2.45365345567629,8.86913348260948e-09,"up",-2.1777333073402,7.79539021977128e-09,"down"
"LPCAT3",-1.51013792764246,9.26649203617326e-09,"down",1.58907894584506,2.33925991859243e-12,"up"
"U2AF1L4",1.3577848886639,9.44297803316762e-09,"up",-1.39851314682062,1.05473945929419e-12,"down"
"MGAT3",-2.09156212226336,9.82658008471403e-09,"down",1.9622320722556,5.57178661090952e-08,"up"
"MXRA8",1.43928042776725,1.01197157038539e-08,"up",-1.09274267064907,1.84490477060542e-06,"down"
"MMP9",-1.33440189230201,1.0180693965435e-08,"down",1.73154132314506,7.49772163928908e-15,"up"
"STARD13",-1.28294859808512,1.07303456305678e-08,"down",1.03995948120217,4.42221778016402e-07,"up"
"CELF2-AS1",-2.48696014155399,1.08963501421174e-08,"down",2.49476553847214,2.56062675037492e-09,"up"
"GABRA3",-2.38893514585991,1.09700371118219e-08,"down",1.92937360216101,2.09845208555151e-05,"up"
"MPV17L",1.1002571080349,1.10860062844696e-08,"up",-1.09798374866502,1.32932467554155e-10,"down"
"VPS9D1-AS1",1.49601556172765,1.14264217047679e-08,"up",-1.47338688136348,1.75054177963851e-09,"down"
"TOM1L1",-1.34468491784463,1.17310248947047e-08,"down",1.28547623961921,1.14546015599265e-09,"up"
"SLIT3",-1.39072994141232,1.34516895662266e-08,"down",1.75613156255651,7.99319881782728e-17,"up"
"RAB23",-1.7002969702173,1.48086884031359e-08,"down",1.56737057692909,2.12313773005877e-06,"up"
"PTOV1-AS2",2.04230505175781,1.5030274515289e-08,"up",-1.90727875921819,1.53236374688931e-13,"down"
"LGALS3",-1.06881089171561,1.52291798124655e-08,"down",1.22982009950288,1.60809422025962e-13,"up"
"ZNF415P1",3.62008768987516,1.54530411082216e-08,"up",-4.07020935786259,4.16452690314132e-10,"down"
"VPS33B",1.44109961931976,1.72301817103034e-08,"up",-1.37642180889992,3.26684364628783e-09,"down"
"RAD51-AS1",1.13672376445386,1.79013046592911e-08,"up",-1.07527979272987,3.34154680083509e-11,"down"
"MZT2B",1.06360877017819,1.81045072815123e-08,"up",-1.21464406459989,9.39565598219463e-15,"down"
"CFAP126",-1.91834405215084,1.86219875041494e-08,"down",2.16333942226297,1.55220878626707e-12,"up"
"CACNB2",1.88184053152781,1.87139433353213e-08,"up",-1.0927205559125,7.80889066701744e-05,"down"
"TREML2",-1.94986715500482,1.88400903024188e-08,"down",2.16064686599002,9.46840126245369e-12,"up"
"PLD1",-2.12571406084568,1.91378868781704e-08,"down",2.24353698415365,8.63129350467478e-11,"up"
"EIF4BP6",-2.42028370817693,1.93931132054628e-08,"down",2.42968338985906,2.19571825115636e-09,"up"
"PDXP-DT",1.95073036931614,1.96419107805424e-08,"up",-1.32947235417541,1.72059229903721e-05,"down"
"PRR22",2.29800701043248,2.00335674486328e-08,"up",-2.35524329848279,1.26304680306129e-11,"down"
"RAB39A",-1.30507208140226,2.13233199328529e-08,"down",1.23221312462007,4.35085900166692e-08,"up"
"DNAH17",1.31849975418823,2.3572678938173e-08,"up",-1.10940476860631,6.79402138683733e-07,"down"
"SPTA1",-1.79091761498467,2.36968361119622e-08,"down",1.77456071085935,5.81790242803515e-08,"up"
"ADAM11",1.455978728616,2.45819692975723e-08,"up",-1.17808492561532,9.675722744976e-06,"down"
"GNMT",2.35788892431771,2.47764634573542e-08,"up",-1.93841480843199,5.06543175456033e-09,"down"
"ATP5ME",1.31975501254229,2.49183231561338e-08,"up",-1.26650125239287,3.87148733589806e-09,"down"
"FAM133DP",2.30611519699229,2.53105515278395e-08,"up",-1.88683083244184,5.53361259931028e-06,"down"
"MYBPC3",2.22966150310667,2.55359621032151e-08,"up",-1.42909560024145,9.38258526065456e-05,"down"
"ANO9",1.99911723382604,2.8479856304236e-08,"up",-1.28012621262112,2.57047384126086e-05,"down"
"DHRS9",1.40127515988124,2.86900671039471e-08,"up",-1.33189261339677,6.15736906740584e-08,"down"
"ZNF668",-1.25370600245614,2.87599979253243e-08,"down",1.1431145108659,8.66818892640877e-07,"up"
"NPIPA5",1.87289676859694,2.95102934463724e-08,"up",-1.63884727074384,1.03670771474312e-06,"down"
"RNU6-595P",4.10464440123945,2.98470091872764e-08,"up",-3.05370418714744,2.49610532474541e-05,"down"
"C11orf45",-1.69531680070725,2.99545590256805e-08,"down",1.47591926472735,1.43564653054252e-06,"up"
"RBM17P4",7.82028870015402,3.09640577366005e-08,"up",-4.03236304621051,8.09336167347293e-07,"down"
"ADCY9",-1.16899480637786,3.57615810018394e-08,"down",1.11803688321045,2.13724827981869e-09,"up"
"PINK1",-1.25912790891283,3.60226683422259e-08,"down",1.1612073089499,5.45128193064076e-07,"up"
"EYA2",-5.23000309361143,3.6791968295763e-08,"down",3.569207481664,0.00570533048098497,"up"
"TTTY14",1.57268494772399,3.95945733296518e-08,"up",-1.36659052219985,6.13518680387166e-08,"down"
"UPF3AP3",2.32917970858862,4.11436385141581e-08,"up",-3.00553678662183,2.01261975930141e-10,"down"
"ZNF682",1.65403020072371,4.69196382273278e-08,"up",-1.46939685956593,8.695215907075e-08,"down"
"HMGA1P4",1.51440495334967,4.70086049718993e-08,"up",-1.18896606041318,7.82061939681498e-06,"down"
"CRABP2",2.92463220569848,4.72584876887543e-08,"up",-2.40210255329519,3.0565789969394e-07,"down"
"TERF1P7",2.74020644709406,4.83681613173138e-08,"up",-2.15065712540199,9.95308813529489e-06,"down"
"TET2-AS1",3.92569426660317,4.92357854920284e-08,"up",-2.27678548536368,0.000662887106005976,"down"
"LINC00265",1.18291631451595,5.49132078296325e-08,"up",-1.00082782649573,6.11930501188935e-08,"down"
"SBNO1-AS1",1.77963622057051,6.08565269290512e-08,"up",-1.95744200173042,2.27786693620529e-10,"down"
"IRF9",1.55743917047467,6.11729690242774e-08,"up",-1.21595889826968,8.15559346475325e-08,"down"
"DLL4",1.50145801617623,6.88387764519194e-08,"up",-1.15504102170367,6.03114266774276e-06,"down"
"PIK3IP1",-1.13419003734796,7.11883921691313e-08,"down",1.16086795490071,2.58500743901709e-09,"up"
"MAP4K1",2.01418157347628,7.38418891544938e-08,"up",-2.00594430645154,7.46076808401776e-09,"down"
"OVGP1",1.65894631771976,7.52235298225298e-08,"up",-1.67330906483492,4.66431756844009e-08,"down"
"SPNS3",1.07898911696199,7.698548562258e-08,"up",-1.12163673316225,2.23791659702793e-07,"down"
"ETS1",-1.52543371585851,7.76075217874941e-08,"down",1.1645231569695,7.48342781958886e-05,"up"
"ABCG2",-2.9325987725722,7.77499350534958e-08,"down",2.17003540596945,0.0006381343358151,"up"
"COX6CP17",4.89325212084761,7.93844389532656e-08,"up",-3.34443608034565,1.82241748659235e-05,"down"
"AP1S3",1.22526167605774,8.0035992549606e-08,"up",-1.03918472152634,9.41343354325459e-07,"down"
"WDR83",1.44009673707124,8.06038401371009e-08,"up",-1.09871312114163,6.49140247825076e-06,"down"
"STIMATE-MUSTN1",1.76074600937616,8.14416504585458e-08,"up",-1.81994213330588,2.28515094570628e-10,"down"
"RPL5P34",1.30304071491308,8.74351185825294e-08,"up",-1.00129662273242,1.27086623843839e-06,"down"
"SIGLEC8",-1.90184029275037,8.88117184605979e-08,"down",1.04490718048814,0.00462767591769021,"up"
"PLIN2",-1.09536270498867,9.15065662631135e-08,"down",1.01834333453592,1.43273573074364e-07,"up"
"GPAM",-1.1277135316005,1.01624611189321e-07,"down",1.07656248988297,2.51013970982178e-08,"up"
"C1QTNF3",2.09610942936605,1.02620927106563e-07,"up",-1.40048857736233,7.34534538042668e-05,"down"
"EIF4EP2",-1.23192972393339,1.11204691383811e-07,"down",1.28636448598014,2.31398682061227e-08,"up"
"CORO6",1.4208619933684,1.15996336764428e-07,"up",-1.73140113395117,2.76915605626444e-11,"down"
"AARSD1",1.539031104568,1.19835456797104e-07,"up",-1.20607809047733,2.36751441101574e-05,"down"
"MUC5B",2.54014662910092,1.22769388131804e-07,"up",-2.32092212946683,6.52895004527224e-08,"down"
"TNFRSF21",-2.71510641431018,1.26427643580232e-07,"down",2.24596721442371,4.77155736076367e-05,"up"
"PEG13",3.18375941032343,1.27490710290238e-07,"up",-2.43839822796414,9.58742927304662e-06,"down"
"TXNDC12",-1.26387072515029,1.31124304578648e-07,"down",1.27547059068348,3.46685016450946e-08,"up"
"CDKL5",-1.24112180149488,1.31144776541017e-07,"down",1.51984733878213,1.77201686661917e-13,"up"
"ATP2A1",2.14852000571546,1.31469751576148e-07,"up",-1.49622308025557,1.08325336262683e-05,"down"
"DGKI",-2.76965038013036,1.33723300208192e-07,"down",2.03534683389356,0.00106581427358106,"up"
"LINC01515",2.24301282543261,1.35647070102239e-07,"up",-1.47865339894118,9.11156168421362e-05,"down"
"LINC00900",-1.91918807297631,1.37917646844564e-07,"down",1.70704736752721,3.86649937358626e-06,"up"
"OGN",2.41476615987991,1.3805434151201e-07,"up",-2.11852462172688,7.47163445669507e-07,"down"
"UCP3",1.56142669568541,1.41186869471055e-07,"up",-1.5219404484576,5.68486545005637e-07,"down"
"CPT1B",1.98907450872186,1.4345800220195e-07,"up",-1.71138034888803,2.31064382284976e-06,"down"
"MYH3",1.22017660571326,1.47761861134198e-07,"up",-1.4476889187465,1.64153396935657e-14,"down"
"ZHX2",-1.14570261338217,1.49146504309737e-07,"down",1.17063577167978,4.32099976556385e-09,"up"
"ACVRL1",-1.89043764599233,1.50210407892341e-07,"down",1.99339164040425,5.30554773737382e-10,"up"
"PRKAG1",1.60021567387515,1.5465217332448e-07,"up",-1.1579829080063,7.25865836216806e-05,"down"
"SNORA3B",2.72296305880673,1.62613891482316e-07,"up",-2.9849429801434,6.76169023287953e-09,"down"
"EPHA1",1.63609829108731,1.62971828540928e-07,"up",-1.39696021294873,1.41607580116449e-06,"down"
"ECM2",2.38745109671304,1.66055094873016e-07,"up",-1.95938043083749,1.20993463991879e-07,"down"
"MUC20",1.44223003951929,1.7317898033032e-07,"up",-1.26876851009302,4.06467506535459e-07,"down"
"CYP2D7",1.61335746349307,1.73529951189549e-07,"up",-1.32262196791492,1.37763368207916e-06,"down"
"SLC25A34",2.58230683016998,1.76796133235092e-07,"up",-1.2160202460478,0.00633581454160219,"down"
"ALG10",-1.69810827792517,1.89647295327194e-07,"down",1.51254001025796,1.67399010420243e-05,"up"
"IL7R",-1.22184673793828,1.94271548341299e-07,"down",2.47801034332641,1.85917949267437e-38,"up"
"C1R",1.91601062953228,1.97488944015319e-07,"up",-2.01221237181098,8.86265413067282e-08,"down"
"SULT4A1",2.83396598469149,1.98054599807196e-07,"up",-1.21836008314109,0.00561595963162175,"down"
"FABP5P7",1.04245076712706,2.01546351459428e-07,"up",-1.04116644725712,7.35010956648859e-07,"down"
"HCG27",1.71755714258342,2.15006853655604e-07,"up",-1.40262750653715,9.80811275814085e-06,"down"
"RNA5SP383",2.86102337351334,2.19810538562592e-07,"up",-2.16432978623777,1.76758986408479e-06,"down"
"SH3BP4",-1.26715486918494,2.27578962539522e-07,"down",1.40621420347051,7.41943342999987e-09,"up"
"VANGL1",-1.23013566680662,2.29786558105137e-07,"down",1.03353516095674,9.11198781923805e-06,"up"
"GABRR2",1.64715295933272,2.30313216248064e-07,"up",-1.01055588491705,0.00261402539224083,"down"
"INKA1",1.54062836915638,2.41863570772576e-07,"up",-1.4499198375819,1.75262543353644e-08,"down"
"RN7SL600P",4.08188981440318,2.47592714857227e-07,"up",-2.54219417832955,9.79560250370659e-06,"down"
"FLJ42393",3.46176505456742,2.48174705312614e-07,"up",-2.54161315100573,7.07852318685498e-05,"down"
"CCDC188",4.24825934156521,2.60158191378057e-07,"up",-3.11134094657503,1.71215262056683e-06,"down"
"CASC19",7.48617640310098,2.70425183865845e-07,"up",-2.26025243064939,0.00143052408594211,"down"
"FAM72A",1.18923768423538,3.21573843238916e-07,"up",-1.06502068627396,1.02160908947457e-07,"down"
"RAC1P2",1.73383818441509,3.44766870546113e-07,"up",-1.26314303535557,0.000123309511892619,"down"
"ASAP1-IT2",3.2411599587704,3.93749430440065e-07,"up",-3.18918299024098,1.01693945468933e-07,"down"
"PPM1J",1.49513390581083,4.09149297397768e-07,"up",-1.67002514919767,9.93434340434505e-09,"down"
"INO80D-AS1",1.95734693734968,4.15448038813469e-07,"up",-2.01640670448015,1.38441782426537e-08,"down"
"HELLPAR",1.15076685669842,4.39833033489274e-07,"up",-1.01774867046335,6.90390194236819e-07,"down"
"NOTCH4",1.37333022428259,4.77233810043611e-07,"up",-1.47939446968655,1.49908908909019e-07,"down"
"DEPP1",-1.85189839794072,4.79883119042078e-07,"down",2.08301856381039,5.15075884771915e-11,"up"
"BSG-AS1",1.12964763956946,4.91281198483108e-07,"up",-1.26745439776245,3.63232784806092e-09,"down"
"CEACAM19",1.7269383924913,4.91648193786198e-07,"up",-1.1015455088645,0.00040419328789596,"down"
"ABCB10P1",-7.29079784594069,5.07478162708705e-07,"down",5.71694789768698,0.0015514396222971,"up"
"TATDN2P2",-1.83581438932758,5.12232346905646e-07,"down",1.51608779029024,2.79091299831565e-05,"up"
"IFI44L",1.51343124533323,5.33552272372385e-07,"up",-1.39468239805212,1.31845557178962e-07,"down"
"LINC01909",1.54149415915419,5.36266207010678e-07,"up",-1.34054386992902,9.80987892530394e-07,"down"
"SIGIRR",1.08400672060085,5.4635159803596e-07,"up",-1.17652343702256,2.26351515242777e-07,"down"
"IL11RA",1.87070999445253,5.65102693154986e-07,"up",-1.55046343660395,8.83526187118671e-06,"down"
"RAB5CP1",4.9835287749147,5.79733028364496e-07,"up",-3.21552463242334,1.47592402199666e-06,"down"
"RBM44",1.12511231018527,5.8709542520028e-07,"up",-1.5975308349133,1.81550961130787e-10,"down"
"UFSP2",-1.08126415366472,6.01619269208241e-07,"down",1.13996935304101,1.74998565896214e-08,"up"
"TGM1",1.77851583690821,6.4915365902251e-07,"up",-1.60536055569258,2.50684857543935e-06,"down"
"SEPTIN7P13",1.15026494425511,6.63515234008014e-07,"up",-1.08590732243316,1.09705786245438e-07,"down"
"ICAM3",-1.50443428563091,6.69754842567096e-07,"down",1.51393365819076,8.27379744816549e-21,"up"
"LINC02019",1.183839843949,7.18378209921082e-07,"up",-1.27549092025491,1.8450188610789e-07,"down"
"SOBP",-1.74979928075511,7.27686757038981e-07,"down",1.10861138931799,0.00619878789895531,"up"
"AVPR2",1.08285628140717,7.40942980456265e-07,"up",-1.25404122685552,2.93808256251029e-09,"down"
"LINC01002",1.61160887580253,7.44384873145844e-07,"up",-1.26891311664603,1.2378442071783e-05,"down"
"CDKN1C",1.88019650347485,8.40605166455448e-07,"up",-1.30298323649448,0.000657888723775826,"down"
"ENOX1-AS1",3.29679760582558,8.88690130934419e-07,"up",-3.29612665512035,6.80790993492698e-07,"down"
"NDUFV2-AS1",1.7496259239457,9.77863618198846e-07,"up",-1.09589744986203,0.00309646318069025,"down"
"MSH5-SAPCD1",2.37477455234884,1.0071389385994e-06,"up",-2.56528662835667,9.98653247305054e-07,"down"
"CNPY2",1.1703734343528,1.11106096199103e-06,"up",-1.01749281134487,2.09588770880895e-06,"down"
"NDUFA6-DT",1.8710605805085,1.17898174170085e-06,"up",-1.10134164097318,0.00130295767087887,"down"
"ELMO3",1.04827848766837,1.18473305287433e-06,"up",-1.17650937399445,2.28100324187041e-08,"down"
"GPT",1.44225658865569,1.21716967459804e-06,"up",-1.09390724353844,8.59089687631756e-06,"down"
"ZNF763",2.06250926271807,1.25588956169848e-06,"up",-1.22578378764505,0.00124051657817795,"down"
"WWC1",-2.37002497984895,1.25637086405836e-06,"down",1.66973931672196,0.00319399256380937,"up"
"CLDN1",2.25452568009894,1.28009300561899e-06,"up",-1.52249397206813,0.000374564466413068,"down"
"RPL24P8",1.35302307620683,1.28226048722963e-06,"up",-1.20112849096788,1.7256600542262e-05,"down"
"ARHGEF5",-2.45323762950279,1.32392148874912e-06,"down",1.53188889781245,0.0135438790531717,"up"
"PRKAG2-AS1",1.70466243338898,1.32948075606396e-06,"up",-1.23285220581141,0.000404909607647178,"down"
"RPL7P18",7.19876425114499,1.33368986725861e-06,"up",-4.38325882572296,5.32962121970344e-05,"down"
"NLGN4Y",-1.12796600448626,1.33798395629577e-06,"down",1.05001130643359,1.45169263582012e-06,"up"
"ARL6IP4",2.01515782058079,1.34567262856734e-06,"up",-1.83548695528043,1.8775296924607e-06,"down"
"CSPG4",-1.97693362822725,1.35310343516372e-06,"down",1.75585498078354,4.33646669825359e-05,"up"
"B3GALT2",3.64737272043601,1.42861957030735e-06,"up",-2.13057271414094,0.000542537530746418,"down"
"NRAV",-1.17327276722413,1.43923837287957e-06,"down",1.14142651446678,3.7559340029191e-06,"up"
"ADCY4",1.44778750770493,1.45418111051162e-06,"up",-1.13211769555465,6.1977993531927e-05,"down"
"CRIP3",1.10371942064075,1.47478708977962e-06,"up",-1.34786440521935,6.5421292194494e-11,"down"
"SH3D19",1.54311574867545,1.5183689760661e-06,"up",-1.09160341461159,0.00056091518992948,"down"
"TCP11L2",-1.49566386349404,1.5511286405228e-06,"down",1.84092950845444,8.1245968445715e-11,"up"
"RN7SL558P",3.09498942149305,1.57711211971641e-06,"up",-3.3355573145503,2.66485444005925e-07,"down"
"ZFPM2-AS1",-7.15642143577957,1.60233095251828e-06,"down",5.32479472092092,0.00683094497382034,"up"
"ADM5",3.1165859780525,1.71961889467202e-06,"up",-1.59391693664061,0.00253745580022462,"down"
"RPL4P7",3.22954602027601,1.78280626414471e-06,"up",-2.6513245712065,4.68011107339824e-06,"down"
"HTR1DP1",4.51416986856624,1.82346868782885e-06,"up",-2.56210171672043,0.000215968030137429,"down"
"HEXD-IT1",2.07723344958045,1.88619005112307e-06,"up",-1.90466993791043,4.58310079250166e-06,"down"
"LRRC8D-DT",2.29985065565127,1.88958475219709e-06,"up",-1.87944544310815,0.000187427788472552,"down"
"PTCSC1",-1.02078938595648,1.93022958502875e-06,"down",1.43439596641477,7.50673806963912e-13,"up"
"TAS2R14",1.55077257822751,1.9936586913689e-06,"up",-1.58578623390444,4.60417413194028e-08,"down"
"PARK7P1",3.38194066439335,1.99444708260077e-06,"up",-1.93626274730195,0.000662204390087522,"down"
"ANKRD44-IT1",1.97219384430007,2.04755861264874e-06,"up",-2.61594411100592,7.10576721238397e-11,"down"
"RPP21",1.73225962038402,2.21893692971705e-06,"up",-1.9236128074924,6.46212950028434e-08,"down"
"KIF13A",-1.67408472732915,2.29197228671863e-06,"down",1.42271064537087,0.000126304682796991,"up"
"SLC9A5",1.56619465849751,2.32887132252996e-06,"up",-1.36378830760678,4.15814638168119e-06,"down"
"UNC5CL",2.11381015167458,2.37649451650656e-06,"up",-1.58874706906332,0.000117551429202907,"down"
"TMPPE",-1.67746224413442,2.44320925844214e-06,"down",1.65870061488023,1.54450427309051e-06,"up"
"SRGAP3-AS3",4.02062558422864,2.46811053391006e-06,"up",-3.80767232554323,1.16741224078834e-06,"down"
"PHBP19",3.65017129863321,2.66990665297194e-06,"up",-2.58035933149692,0.00013888954333975,"down"
"LEPR",-1.0849794412649,2.67708251317492e-06,"down",1.17407129434204,7.12582325446524e-08,"up"
"OXER1",2.12096638994841,2.89372346683834e-06,"up",-1.8439190162114,0.00014460788428119,"down"
"AKAP12",-1.44583988437346,2.9880548320371e-06,"down",1.73723714482907,9.11871626135149e-11,"up"
"FAM151B-DT",2.38674830029964,3.01226663902993e-06,"up",-1.70344487102692,2.10453332973764e-05,"down"
"NUTM2G",1.04376096052499,3.23851684487121e-06,"up",-1.02353569681906,1.62878636695876e-05,"down"
"LRFN3",-1.31306318530563,3.24924966874678e-06,"down",1.05889490878387,0.000143511795875547,"up"
"PSMB8-AS1",1.41851166929114,3.25788801168208e-06,"up",-1.48695001300927,7.12992688684818e-07,"down"
"MUSK",2.84814651156182,3.26723198563153e-06,"up",-2.69951236048682,3.28902794503586e-06,"down"
"LINC01529",1.67260380851471,3.35028546845202e-06,"up",-1.03505327892441,0.00188819595853643,"down"
"IDS",-1.08876512752064,3.55806081250161e-06,"down",1.18571808724002,1.23305116970983e-07,"up"
"STON2",-2.05641729123907,3.57356483918823e-06,"down",1.33194195376028,0.0120068030656327,"up"
"CCT6B",1.70522397309319,3.66820045063705e-06,"up",-1.12469413817517,0.000516856611298871,"down"
"TMPRSS9",1.90977402957897,3.70786756458852e-06,"up",-1.78285963997205,1.36850337226419e-06,"down"
"DNAI7",7.11192141999155,4.00638706487221e-06,"up",-1.76861132545241,0.0424927577035589,"down"
"RNU6-611P",2.75189437979416,4.2752618303252e-06,"up",-2.13497193189867,4.98688089231727e-05,"down"
"INE1",1.44147911631609,4.28755895744939e-06,"up",-1.16367354185422,5.10984918100465e-05,"down"
"LINC01814",-2.08670339304569,4.28793493979418e-06,"down",1.934383243589,1.68427898403261e-05,"up"
"MST1P2",1.62231389735267,4.34544488952457e-06,"up",-1.91017345376869,7.71705874679306e-07,"down"
"MARK2P8",2.48263844965807,4.63663143380534e-06,"up",-2.52975400786019,5.28354421749358e-05,"down"
"CD109",-4.67443732233759,4.64477922423116e-06,"down",4.60977504090427,2.70901618699449e-06,"up"
"LAMB3",-2.29252690942917,4.99768188711059e-06,"down",2.23899731335124,2.53091702804613e-06,"up"
"APRG1",2.03404869683373,5.10990871324494e-06,"up",-1.72428514197487,8.540374116048e-06,"down"
"SMOC1",-1.50143329158426,5.23805804185381e-06,"down",1.24564400814657,9.35918776575778e-05,"up"
"CMAHP",1.14910537743487,5.31952122495128e-06,"up",-1.11932309574794,2.00742275273526e-07,"down"
"RNU6ATAC39P",6.99131996800778,5.58991998472918e-06,"up",-7.37551602581512,1.10718153366773e-06,"down"
"ALB",7.06634613578578,5.68769632315091e-06,"up",-3.59299398155105,0.000741285121359485,"down"
"GCAWKR",2.99761271624768,5.82631034624176e-06,"up",-2.32520118983803,0.000194656391890867,"down"
"GALT",1.32882984665622,6.0710665288512e-06,"up",-1.04761496676369,0.000215574558724921,"down"
"RNU4-47P",3.00313867775457,6.22772569292143e-06,"up",-2.38411136846118,3.95466591239746e-05,"down"
"LRRC37A3",1.04184855131549,6.69543107037775e-06,"up",-1.04310305858831,5.89486792046454e-07,"down"
"EIF4HP1",-2.42220660734683,6.98221968748048e-06,"down",2.45406012472699,8.0724809022639e-07,"up"
"THRA",-1.29833020173391,7.52984426844031e-06,"down",1.0542805797654,0.000467844640179016,"up"
"DDN-AS1",1.78807352775533,7.59310354928401e-06,"up",-1.26359976540066,0.000586933527814633,"down"
"PRSS53",2.27729397536413,8.02234908575546e-06,"up",-1.20882762581076,0.0100667520486373,"down"
"LGI2",-2.67646411524221,8.39141466338479e-06,"down",1.87368698969465,0.0131712852766545,"up"
"MAP2K5",-1.02749144729153,8.4311448333941e-06,"down",1.06400354076721,1.05008454099765e-06,"up"
"TTLL11",-1.1597986012531,1.06120244332184e-05,"down",1.02077867090582,7.20123372595642e-05,"up"
"SLC44A3-AS1",2.61743374086267,1.09844573581061e-05,"up",-2.09519442352197,0.000128221929835903,"down"
"ODAD2P1",-2.56896067719261,1.13923638900315e-05,"down",1.95919701939706,0.00301091476393584,"up"
"AHCTF1P1",-1.51896815609879,1.160928912226e-05,"down",1.41785751825032,4.28440980863025e-05,"up"
"PSD3",-1.20986369585399,1.20495279525688e-05,"down",1.46131364032729,3.55181804247848e-08,"up"
"RABAC1",1.28170358317515,1.22228499021404e-05,"up",-1.18305945528134,6.8976920047914e-06,"down"
"PIGCP1",-1.64583405611569,1.24700217902893e-05,"down",1.77188155047702,7.02097666412995e-07,"up"
"YY2",2.07880701956322,1.29220059411859e-05,"up",-1.65251076803165,3.17210989122146e-06,"down"
"C1orf21",-3.19759135830211,1.34250513208189e-05,"down",2.69206538601277,0.000824384622486653,"up"
"KPNB1-DT",2.12867656756467,1.34844485194887e-05,"up",-1.21947297876869,0.00170324531516429,"down"
"ZNF782",1.30955394924358,1.36059639451799e-05,"up",-1.05796259957796,4.45725553975561e-05,"down"
"HAUS7",2.21494469093336,1.36987931257354e-05,"up",-1.18657915025975,0.0068815782633071,"down"
"ANKLE1",2.01833864665023,1.44184815428152e-05,"up",-1.82059207000412,0.000293255262453998,"down"
"GOT2P6",6.77534508544068,1.45304189874882e-05,"up",-3.70145139498756,0.000631450393633817,"down"
"ASIC3",2.10104285404569,1.47623784631318e-05,"up",-2.10292015729945,7.03494827048951e-06,"down"
"RHOF",-1.18072962652071,1.52369478570452e-05,"down",1.10009218541191,1.58171597191452e-05,"up"
"B3GNT8",-1.68022524177832,1.58973774152121e-05,"down",1.24712384897199,0.00820437120462932,"up"
"CSNK2A3",-2.0473274924804,1.64335387615499e-05,"down",2.20111537288552,3.01017569638637e-07,"up"
"KHK",-2.00346200046451,1.75582210446897e-05,"down",1.50092959153811,0.00245241607627497,"up"
"HNRNPA1P49",-2.29863844165107,1.83756516540051e-05,"down",2.13373295237419,2.53679001048828e-05,"up"
"MTMR8",-2.02313843521466,1.89690626036242e-05,"down",2.26203208231171,5.25332796228412e-08,"up"
"HCG25",1.46676575496145,1.93134344980434e-05,"up",-1.44527815382829,2.75300964142307e-05,"down"
"LIN37",1.49638380268506,1.97716549394497e-05,"up",-1.19558945397534,0.000392255059321968,"down"
"MATN1-AS1",3.23547615940756,2.17685487705348e-05,"up",-1.73329753232322,0.00381947143402797,"down"
"MYORG",-1.93989420148252,2.18632722727924e-05,"down",1.82736479773097,6.04577046349407e-05,"up"
"SARM1",-1.00948993846929,2.2019158581399e-05,"down",1.26199645521179,4.63302972458423e-09,"up"
"MEIS3P1",-3.3955056503477,2.24431640985892e-05,"down",3.32832595720264,2.48474354513907e-05,"up"
"SMN1",1.05690142746056,2.27392798597429e-05,"up",-1.19325360618972,4.36188989627663e-11,"down"
"ATP6V0CP1",5.61238407288813,2.31123664126896e-05,"up",-1.83619683837749,0.0207287395913964,"down"
"MRPL37P1",3.85522341467137,2.43205144835497e-05,"up",-2.67888750705282,0.000255442380753522,"down"
"RNU2-68P",4.91802449780727,2.46609091644134e-05,"up",-3.47508271062886,0.000118393744611399,"down"
"S100A13",1.54904512713694,2.50543084608706e-05,"up",-1.1717172089778,0.000157785682143296,"down"
"LINC01004",1.16298449427058,2.51419704412712e-05,"up",-1.16429448574098,8.70850189381375e-06,"down"
"SNORD15B",3.24198067214328,2.52874910991219e-05,"up",-1.77382343502108,0.0182193869909776,"down"
"NSA2P6",6.71781905132868,2.56195360137239e-05,"up",-3.644308297388,0.0016337577118656,"down"
"CC2D2B",1.19873553823242,2.69635853695519e-05,"up",-1.4629794055638,1.36669399317451e-07,"down"
"CDK11A",1.5308713326766,2.75285632525774e-05,"up",-1.81762048633949,1.13779434784737e-08,"down"
"FTH1P10",2.20018410700826,2.86367547146234e-05,"up",-1.35053358841405,0.00169782309680595,"down"
"NOP2",1.62671964738339,2.98893199403115e-05,"up",-1.05669270741345,0.00156490299517442,"down"
"TMEM53",-1.18819169346601,2.99240319099333e-05,"down",1.11817636863007,0.00010839242209325,"up"
"THBS3",1.39513102633385,3.10389153300802e-05,"up",-1.22767825244398,0.000289048533089939,"down"
"CYP2E1",6.72066022901277,3.16112160632582e-05,"up",-2.18957240220433,0.034677816189135,"down"
"C1orf146",5.63426565666138,3.16644492038113e-05,"up",-3.83040803556173,4.51227715418329e-05,"down"
"ATP7B",-1.15543160284902,3.27134985623112e-05,"down",1.21544653979893,5.06323312923632e-06,"up"
"RPS10",1.45412486995826,3.32014441924479e-05,"up",-1.21627288945053,3.63241299143036e-05,"down"
"MST1L",2.45313867126076,3.37970334338536e-05,"up",-1.60541725482623,0.00147103143153155,"down"
"FRS3",1.0052773478116,3.44759413958865e-05,"up",-1.09867779296902,1.16583092526538e-05,"down"
"TBC1D22A-AS1",1.90393382720395,3.4539458899739e-05,"up",-1.7100948586707,7.90088672000385e-05,"down"
"GPRASP2",-1.69410211886291,3.52296169762255e-05,"down",1.92356555534274,5.17302799386777e-07,"up"
"RNY1P16",4.8617185050688,3.54657561007749e-05,"up",-2.09240505532215,0.017160048069607,"down"
"EGFL8",3.36281628877129,3.56906150873897e-05,"up",-2.57019362509034,0.000185291362307907,"down"
"BIRC6-AS2",3.09688376146138,3.6595459319236e-05,"up",-1.74470259265009,0.0231583323606241,"down"
"NEO1",-1.12244236512483,3.71254772907077e-05,"down",1.21545721028914,2.03191099201882e-07,"up"
"LINC02615",1.74174325638229,3.75381968908135e-05,"up",-1.24839970632657,0.00594202647442949,"down"
"GRIN3A",-1.19299344205925,3.88340846697011e-05,"down",1.02375202075779,0.00015346057657664,"up"
"NBEA",-1.30269648810866,3.90643790815964e-05,"down",1.35859220073504,2.51184083939532e-06,"up"
"PDGFA-DT",1.96488339029371,4.22367563666158e-05,"up",-1.29013054801372,0.000166291087197103,"down"
"DIRAS1",-2.78521084983834,4.69747773900982e-05,"down",2.2847612168259,0.00234820061377431,"up"
"MIOS-DT",2.4714241919002,4.70598329977105e-05,"up",-1.6723232173188,0.0036633888920046,"down"
"ENDOD1",-1.21153087876525,4.85124718533359e-05,"down",1.32242519070788,9.00690370987668e-06,"up"
"CBWD4P",1.48952292798585,5.07742811183813e-05,"up",-1.09125729435836,0.0102132238625461,"down"
"TAMALIN",2.1239407262214,5.09766398872704e-05,"up",-1.02129634817079,0.0251396917858396,"down"
"RPL35AP32",1.7875084884969,5.17573256007303e-05,"up",-1.34692054414446,0.000646737287043673,"down"
"ZBED6",-3.65308662439422,5.56334040172279e-05,"down",3.48573709888585,0.000224258528413724,"up"
"EPHB4",3.12434917783635,5.63608711640303e-05,"up",-1.63663533840341,0.00493681458502624,"down"
"SNORD99",1.74401412165801,5.65491368821855e-05,"up",-1.57677162336731,9.89695401027993e-05,"down"
"CRB2",3.11897623187289,5.7832265376265e-05,"up",-3.61614262802778,3.44202578912283e-05,"down"
"RNU4-62P",2.71631020471308,5.83100423056507e-05,"up",-2.62307476916182,1.90930101517018e-05,"down"
"RNF14P1",4.60509437608403,5.90012691384178e-05,"up",-4.64187696465954,5.81952286596826e-06,"down"
"STX16-NPEPL1",1.6844016717232,5.94717820269646e-05,"up",-1.5044856312827,1.97207078859961e-05,"down"
"GPR39",-2.06974438263863,6.06671938843726e-05,"down",2.16676508372371,8.5808367489415e-06,"up"
"LINC02324",1.66218109238142,6.11750123229e-05,"up",-1.26136023120462,0.000625204027379737,"down"
"IZUMO4",1.48552000849006,6.19750245410672e-05,"up",-1.36325191654208,9.41397306298365e-06,"down"
"HPSE",-1.11530656982101,6.19824333688582e-05,"down",1.04768947751111,0.000237842330144776,"up"
"PPIAP72",3.96456674522695,6.23353705800701e-05,"up",-2.73236134492777,0.000351823187894009,"down"
"PDZD2",1.49504253756076,6.2881447323283e-05,"up",-1.36236371301654,0.000222978091914002,"down"
"LINC00852",1.48360421597225,6.34112566895913e-05,"up",-1.42490470806392,1.79082055150099e-05,"down"
"TIMM9P2",3.29992094193813,6.43460345137539e-05,"up",-2.16797204448011,0.0012987607993122,"down"
"PABPC1P1",4.13273085953127,6.70431562181528e-05,"up",-2.51146481005081,0.000760103087222999,"down"
"CRACD",-4.28317200941236,6.71455762601653e-05,"down",4.42005201734269,2.89266913971269e-05,"up"
"TMEM86B",2.07051297904835,6.72803624399695e-05,"up",-2.33215449804614,1.42702000609433e-08,"down"
"NPM1P52",6.57516747424999,6.88790372656866e-05,"up",-3.51572612419058,0.00187909786463681,"down"
"CHRNE",6.60581723677314,6.89286833050836e-05,"up",-2.98559963203396,0.00787084047879025,"down"
"POPDC2",1.36640456675386,6.95531581258622e-05,"up",-1.06380922733965,0.000846945876353601,"down"
"MDFIC",-1.54177031597922,7.43996707065666e-05,"down",1.12868709842541,0.00976701896166595,"up"
"TOMM5",1.39808482308696,7.51247427907893e-05,"up",-1.13297701084632,0.00010922770012421,"down"
"GOLGA6L5P",1.51407137307272,7.75085271692232e-05,"up",-1.51007499179544,1.80844544891956e-05,"down"
"PPP1R32",2.22613171420773,7.81632346219367e-05,"up",-1.86378232781453,0.000325387150927173,"down"
"RPS10P3",-1.51177175462706,7.92234328357728e-05,"down",1.2998673265647,0.000118125625221505,"up"
"ATP6V0C",1.91267996744579,7.95247867254932e-05,"up",-1.68642176292043,0.000206789548349206,"down"
"LINC00654",-3.000362633146,8.14434016425211e-05,"down",3.10634388488388,4.37133132198421e-06,"up"
"CMBL",-2.02426645047472,8.20463487792382e-05,"down",1.81462118716784,7.96695983919373e-05,"up"
"ZC3HAV1L",-1.28010377449046,8.24431601008753e-05,"down",1.38964501359926,5.39193974550591e-06,"up"
"CCDC149",-3.15563890965543,8.45384628398694e-05,"down",2.15390318672645,0.0292006556088033,"up"
"LINC01664",1.62725607776583,8.68902273240153e-05,"up",-1.45352216952755,0.000690751749017586,"down"
"CRHBP",1.212247747721,9.00909243509616e-05,"up",-1.61142132042335,5.79087322417434e-07,"down"
"SBSPON",1.84905842323847,9.16275272522615e-05,"up",-1.3109520652279,0.00204552575616635,"down"
"IFITM3P5",5.33797301214693,9.26011879336195e-05,"up",-2.56183776954902,0.00307180266826704,"down"
"RNU6-549P",6.45080772472958,9.49481316704021e-05,"up",-3.37761434556428,0.00988894366249203,"down"
"COX5BP6",3.70439328832786,9.72515614476594e-05,"up",-2.37058801956232,0.00114855095181177,"down"
"MCPH1-AS1",1.51803178637185,9.89226457951407e-05,"up",-1.19070685447847,0.00349220315583956,"down"
"RABGAP1L-AS1",4.06637891324443,9.99071035577874e-05,"up",-4.18553136541337,3.37134760521614e-05,"down"
"CCRL2",-1.79325477104474,0.000101489914798661,"down",1.98318455009634,1.40676908501371e-06,"up"
"FRMPD2B",1.59756323965626,0.000101621231925658,"up",-1.70494849433824,0.000150739680520347,"down"
"ZSCAN16-AS1",1.00628676717677,0.000101733176568887,"up",-1.07003908545716,2.63344461598554e-07,"down"
"SCNN1D",1.9559272506474,0.000101910362912266,"up",-1.54645262793479,0.000104620816504034,"down"
"ZNF511",1.0825096306331,0.000103066955787836,"up",-1.261043202248,1.50667181427979e-08,"down"
"OPRL1",-2.17851759928975,0.000108718804525015,"down",2.26708836351147,6.36298245929185e-06,"up"
"EGR2",2.54126478281898,0.000108942139597912,"up",-1.14384548457677,0.047945947121368,"down"
"RHBDF1",6.42825074025783,0.000109139581630794,"up",-2.64883611070605,0.0218669455324429,"down"
"LINC01146",-1.22763473364969,0.000113472094204122,"down",1.20679030212678,0.000148873097964411,"up"
"RPL11P3",1.93871332004428,0.000116096258211403,"up",-1.54936963783867,0.000277888587243848,"down"
"FOXN3-AS2",2.40387625589201,0.000116449707112227,"up",-1.726473413723,0.00216750551278043,"down"
"TMEM229B",-1.0460603003739,0.000117686456206787,"down",1.20130416147848,4.83370438604483e-06,"up"
"FCF1P7",2.86482363223433,0.000120418436290197,"up",-3.01665564868426,3.32483033037435e-08,"down"
"MEX3B",-1.3348468951893,0.000121213254469184,"down",1.05868341563769,0.00304181107434754,"up"
"SERHL2",1.33197326490172,0.00012488451169722,"up",-1.07136955291784,0.000424066033305308,"down"
"SVIL2P",1.52275737426014,0.000126281392469459,"up",-1.31829972646668,0.00186014541409889,"down"
"KMT2E-AS1",1.18655007647306,0.000129032430697186,"up",-1.33154147541805,3.42278261064374e-06,"down"
"OPN3",-1.01503944942877,0.000130754975755333,"down",1.13871811875143,9.60549096715782e-06,"up"
"NPTN-IT1",-1.34600074830649,0.000131724754554452,"down",1.39707806363224,4.18148518503208e-06,"up"
"MED15P9",2.19330794772227,0.000132508314986936,"up",-1.71903639702787,0.000707675853163026,"down"
"CSRP2",2.95403449967925,0.000133811414443592,"up",-3.25722398550967,1.99828704678679e-05,"down"
"EDA",-1.47749576176283,0.000134796933664354,"down",1.17340110048292,0.0045437288093135,"up"
"FAM53A",1.59993527446085,0.00013603530666481,"up",-1.33941479960726,0.000501924200955007,"down"
"FAM209B",2.083154303796,0.000136516718949531,"up",-2.20917613999123,6.13493368947541e-06,"down"
"LSR",1.58222058777131,0.00014181431884692,"up",-1.14844039159825,0.00338093549773096,"down"
"FMNL1-AS1",1.68725299399387,0.000143713526141112,"up",-1.09931605853988,0.00496817319787098,"down"
"MICALL2",1.1569672223203,0.000146519458741534,"up",-1.17288909577834,2.94462585860889e-05,"down"
"ATP2B1-AS1",1.21879512643758,0.00015019358119151,"up",-1.16726488091845,8.76953082452632e-05,"down"
"MEP1A",-2.47166207375852,0.000150418754359171,"down",2.48009276387665,0.000112604126813847,"up"
"NUDT17",1.19335413967493,0.000154897170298577,"up",-1.0976351582337,0.000133015517285925,"down"
"LYRM9",1.32260681794283,0.000161514502932557,"up",-1.03904259358408,0.000252171145340164,"down"
"CYP51A1P2",-6.24821967883428,0.000162098006154651,"down",6.27382973642651,0.000120046558848285,"up"
"SIGLEC14",-1.67125300048013,0.000164231286439315,"down",1.18266429278769,0.0252474008415809,"up"
"AKT3-IT1",6.40638495725131,0.000175528345736276,"up",-3.16098920551763,0.0142077078602344,"down"
"KIF9-AS1",1.08534718761766,0.000178417775957836,"up",-1.10964825690571,0.000250301699792597,"down"
"SYCE1L",1.38147261251036,0.000180236763909357,"up",-1.60145730885812,8.70677037135431e-06,"down"
"LRRC4B",1.74081530199962,0.00018194820487047,"up",-1.67106572439673,0.000133222074993599,"down"
"NPIPB6",6.3266770499595,0.000182484470757518,"up",-3.86480665217324,0.00282181064490215,"down"
"CACNA1A",5.83663793486902,0.000184426554938892,"up",-1.78571417616696,0.0449810986771996,"down"
"ZNF460",-1.63451967184076,0.000185532456265519,"down",1.83410816998132,4.07924029573475e-06,"up"
"DOCK8-AS1",1.32262075786069,0.000186079974046382,"up",-1.12229255353634,0.000681836748923681,"down"
"HSP90AB4P",4.35128981797989,0.000191994973563983,"up",-2.25214557900226,0.00446488177742345,"down"
"KLRA1P",1.11186589343649,0.000193049298850044,"up",-1.02935132287535,0.000362270699497756,"down"
"RPL21P44",3.32151243369913,0.000193206694227818,"up",-2.42029275053687,0.00681777635552384,"down"
"SHOC1",1.61792806212098,0.000199249209513201,"up",-1.36135700306716,0.000906907307069029,"down"
"BACH1-IT1",2.68446407078104,0.000199680249494049,"up",-1.76240482122012,0.0194730658855175,"down"
"AGAP14P",1.63290062239624,0.000208519753190431,"up",-1.26579306780585,0.00234679948026243,"down"
"TAS2R3",-6.24996254120521,0.000208622347170038,"down",6.01439594044496,0.000429201028462296,"up"
"BLVRA",-1.48678343007358,0.000208894350494195,"down",1.10766731814244,0.014446244413108,"up"
"BBS9",-1.07843509349518,0.000211743592772756,"down",1.24628343548625,8.49314562930003e-06,"up"
"MAGEA4",-3.15985641333045,0.000222194130824425,"down",2.18485632206672,0.0440450079939681,"up"
"NANOGP5",3.75513395129585,0.000226297500951518,"up",-3.91430157067364,4.43230712116686e-05,"down"
"SERBP1P5",-1.18355148275481,0.000232541792798561,"down",1.25502780066925,2.85286446830631e-05,"up"
"SEPTIN3",-1.05358965799814,0.000232744671251713,"down",1.19366606251767,3.51254771467126e-06,"up"
"H1-3",4.30546048542848,0.000235179987480614,"up",-2.90938007931593,0.00418611766834649,"down"
"GTF2IRD2P1",2.36386715597904,0.000236234135141175,"up",-1.54693972756955,0.00495358858411657,"down"
"ASTN2",-1.26003299402726,0.000240055112187779,"down",1.34215247280993,0.000287411196789464,"up"
"CCDC78",1.44697782906638,0.000244565291551311,"up",-1.4549987208382,6.10406770269146e-05,"down"
"RUNDC3B",2.53998166893675,0.00024786086187582,"up",-2.29354335136867,0.000288553574065244,"down"
"GTF2IRD2",1.50780610077447,0.000250239692085978,"up",-1.08817158960999,0.00232747411364884,"down"
"PHKG1",1.68773531955832,0.000252891746934169,"up",-1.34963309328362,0.00297534349484474,"down"
"CNPY2-AS1",1.64923389736389,0.000254342516118073,"up",-1.21895273273278,0.00463651996207873,"down"
"RNU6-1016P",1.39968677565583,0.000256698879299081,"up",-1.4281272503324,5.89326886677892e-05,"down"
"GAPDHP43",2.24935414034667,0.000260156076774106,"up",-2.69044552821611,4.4129296045641e-07,"down"
"IL18RAP",1.4300385847976,0.000265536819543381,"up",-1.22702383950829,0.00173698772118456,"down"
"SMAD9",2.79161250145964,0.000267107567844952,"up",-1.30214057585632,0.0400509954651826,"down"
"KRTAP5-9",2.76340679081435,0.000268319843246325,"up",-2.39036592514553,0.000839364206953713,"down"
"SMPD3",-1.16105724001237,0.000282044194954753,"down",1.17648086297754,0.000452008394323162,"up"
"SERTAD3-AS1",1.41684580818009,0.000283967328065905,"up",-1.25418677458928,0.000934976900957391,"down"
"SDC3",-3.39180557915549,0.000297147168865882,"down",2.82161163968384,0.0117505660621126,"up"
"SCARNA7",2.17066494795362,0.000301391211103198,"up",-1.92727413463241,0.000281942481084581,"down"
"NSRP1P1",3.10408441913308,0.000305580069219449,"up",-3.88885420118152,3.22326653545925e-06,"down"
"PRSS27",2.58339136764129,0.000306571992605025,"up",-1.22513390146301,0.0320289748929116,"down"
"MROH7",1.24266911801931,0.000307848610256079,"up",-1.01782603225776,0.000979012864006067,"down"
"GNG8",2.29313172039863,0.000314406140501567,"up",-1.91423962364404,0.00193814695539485,"down"
"RPEP4",2.42205349476532,0.000321231559830188,"up",-2.57706020542316,0.000129613177894206,"down"
"RN7SL233P",6.20421484244447,0.000321882985184965,"up",-4.12526867827703,0.00478520603135911,"down"
"UBQLN4P1",-3.48721424174103,0.000324322091075013,"down",2.74946069546601,0.00863532561039835,"up"
"CNTD1",1.75181370226153,0.000325660750747252,"up",-1.02055756321278,0.0135521474272914,"down"
"DISC1-IT1",3.49469260389433,0.000327146645193667,"up",-3.7243228424428,0.000111846385752479,"down"
"RNU7-40P",3.81037423219171,0.000333634074621341,"up",-1.93987510516192,0.0183462293831151,"down"
"EIF2S3B",-1.45955061695265,0.000334773396602704,"down",1.38858019450403,0.000720879024084308,"up"
"ANKRD33B",-1.91942124747185,0.000339766480098909,"down",2.96380412653469,2.5264156267917e-13,"up"
"MIR581",6.18150145652361,0.000341503075853314,"up",-6.56611669090445,9.68939716687436e-05,"down"
"PRKCA-AS1",2.44166366622499,0.000362780630440119,"up",-2.43278058928123,0.000186218373715099,"down"
"PPIAP2",4.52655947095018,0.000368772988943378,"up",-3.06917287321995,0.00155891184654957,"down"
"PCDHB8",-4.03187475003451,0.000371453424781809,"down",3.47857167104961,0.00509858909607472,"up"
"ZBTB12BP",1.83130917299478,0.000371522510655363,"up",-1.73671337062398,0.000937230997361817,"down"
"GNRH1",1.66542258938024,0.000378396232124724,"up",-1.06325676877355,0.0201894618267694,"down"
"BEAN1",-1.14858964472096,0.00038694859396106,"down",1.37035077107914,1.83353722618351e-07,"up"
"DIPK1B",1.59069744992562,0.000389648616303689,"up",-1.65548824392794,0.000164971774327444,"down"
"HLA-DRB6",1.36061428701211,0.000410685542433844,"up",-1.04730156627682,0.00203906936160669,"down"
"SERPINI1",-1.82852978846956,0.000413344735779053,"down",1.41230063251734,0.0130779739804985,"up"
"NAMPTP1",-1.26081885082368,0.000424004168014036,"down",1.71497504765187,3.10742687932862e-07,"up"
"CACNB1",1.4767181587446,0.000437763306672081,"up",-1.29528595100031,0.0016036802557873,"down"
"UTS2R",6.32593415121872,0.000437965681264697,"up",-3.89311063505144,0.0102103145439926,"down"
"OR13A1",3.66099656920093,0.000453051088827031,"up",-2.85702662972175,0.000896161564436881,"down"
"MT2A",1.67323562576324,0.000454564213334091,"up",-1.13152053412607,0.014761443244578,"down"
"TPH1",1.71134994907781,0.000454652569850822,"up",-1.21017217183092,0.00692131196040221,"down"
"LARGE1",-1.73018548207016,0.000466954544995938,"down",1.19151548805639,0.0340891043411562,"up"
"KCNJ6",-1.68247861522463,0.000477625566446275,"down",1.46129577319849,0.00418321199618096,"up"
"TFAP2E",2.1630683909198,0.000487770057696904,"up",-1.48862144887228,0.00835042690711028,"down"
"CFAP298",1.05096214289349,0.000497652228883564,"up",-1.07946947709401,0.000152415599939795,"down"
"HMGB1P24",4.47983239554144,0.00052765661191946,"up",-2.38868780385586,0.00585607900760553,"down"
"CYP27B1",1.12784825166125,0.000529770371934756,"up",-1.04747283823462,0.00147870431750391,"down"
"WDR97",1.13549110214396,0.000532267512422241,"up",-1.40554239230004,3.96298865947246e-05,"down"
"RBFOX3",2.20854152571189,0.000561898631165927,"up",-2.72624209939795,1.98794572311414e-05,"down"
"GRIN3B",2.28336047891137,0.000572154279014884,"up",-2.22203607407851,0.000295152375748365,"down"
"PPIAP51",3.75444240767882,0.000573641696589214,"up",-2.87187495640029,0.00172838238719886,"down"
"PTCD1",1.0688099315593,0.000580561533695149,"up",-1.45701492050746,1.14895788787472e-06,"down"
"MTCYBP18",2.74726286770986,0.000583858324523065,"up",-1.92101343959356,0.00652199158602304,"down"
"DCTN6-DT",2.60575905032027,0.000585774628417196,"up",-2.17831140398055,0.00152206390653977,"down"
"SYNE3",-1.53742307019054,0.000588174934754859,"down",1.50518249671338,0.000335978901532929,"up"
"UQCRFS1P1",-1.50186569812764,0.000596236226545292,"down",1.22666433798144,0.00522285044353027,"up"
"TNFSF4",-1.48238771564507,0.000605157988682932,"down",1.78038889956638,4.38417152615154e-06,"up"
"RNU6ATAC18P",2.13816869125957,0.000605877453576649,"up",-1.61988204287817,0.00387893889356866,"down"
"IGSF3",-1.29326066032815,0.000612526436010453,"down",1.27652769593241,0.000262434158264424,"up"
"NR3C2",-2.62153876649495,0.000616801111978542,"down",2.64647724012389,0.000350352399115291,"up"
"KLHL29",1.73897369364057,0.00061861538320348,"up",-1.70469642975426,0.0019259390921477,"down"
"RPS14P4",4.96189756961602,0.000628522996993616,"up",-6.25987656189944,5.22425633998373e-05,"down"
"MNS1",2.2384596834149,0.000634278771282534,"up",-1.40959515256759,0.00519434991331141,"down"
"LDLRAD4-AS1",2.59092647913896,0.000635301930952512,"up",-3.21915875539349,2.56508399234176e-06,"down"
"DNAJB13",1.71397813454444,0.000640015443193496,"up",-1.56149202663046,0.00146285585478235,"down"
"AMH",2.16697516058926,0.000642177794289248,"up",-1.41726404663343,0.0196858000938806,"down"
"ARL2BP",-2.45902124286682,0.000643659072292553,"down",2.52617336252195,0.000280403433686949,"up"
"FAM166B",2.37084650777226,0.000646592733214106,"up",-1.50886033987227,0.0144516839270164,"down"
"MTCO3P11",2.70674169744525,0.0006503355230057,"up",-2.57839068030855,0.00272760429313202,"down"
"TLCD5",-2.84399261195804,0.000654917256891928,"down",3.03090040640011,4.63804919337552e-05,"up"
"MLLT3",-1.4579571794054,0.000659985769049588,"down",1.71160642657101,1.80865307059817e-05,"up"
"THSD1",1.90675891566171,0.00066306262717764,"up",-2.23300943801458,8.94388212377012e-05,"down"
"TMEM273",-1.75901973916232,0.000683358199543075,"down",1.93080999221813,3.03228804994694e-05,"up"
"FSCN2",3.99855554639486,0.000685626095902799,"up",-6.27401720579473,4.1576689959485e-05,"down"
"RNF31",1.56830039817092,0.000693646867536926,"up",-1.21640718145615,0.0027211412182953,"down"
"SCO2",1.66575271545794,0.000713109153541298,"up",-1.92001729875634,0.000199003483475796,"down"
"SNORD100",1.93913461364917,0.000713332481198024,"up",-1.85958688386825,0.000220725549196777,"down"
"SMARCA5-AS1",-2.77731035523761,0.000714549942007947,"down",2.72309146995909,0.000902099795843679,"up"
"DIRAS3",6.08093553262284,0.000749289824229108,"up",-3.6483193440774,0.0160659322450061,"down"
"AQP11",1.23732429300035,0.000751245647525992,"up",-1.28697314985765,0.000169846276305466,"down"
"PCSK4",1.28192943974882,0.000760668909317753,"up",-1.0738575671382,0.0156236425709832,"down"
"DAGLA",-1.77900820256549,0.000782533068372309,"down",1.66762032137851,0.00178624620684649,"up"
"C4orf19",2.33151180898814,0.000792613562643489,"up",-1.36620298538894,0.03079320190292,"down"
"SLC25A5-AS1",1.21822559184296,0.000827832879286466,"up",-1.05415320295255,0.000459470345700808,"down"
"RBBP4P2",-5.42793538509435,0.000843317593977251,"down",5.56638509791766,0.000814095590421153,"up"
"ANKRD19P",2.56530800947643,0.000865870353273753,"up",-2.04054448703961,0.00620717251703862,"down"
"GPS2",1.31530052683619,0.000897047555818667,"up",-1.6593760587865,1.67401367573843e-06,"down"
"TNFRSF11A",-1.10083198217,0.000925433661204145,"down",1.34202674484849,1.00277747682962e-05,"up"
"MAMDC2",-5.98919201569056,0.00093162292782839,"down",4.97454841874743,0.0214121514100328,"up"
"RAD54B",1.13620764879522,0.000970054128047367,"up",-1.03555366736966,0.00239896286967145,"down"
"GABARAP",1.22681260962933,0.000970749667143447,"up",-1.35874813439339,8.33473759246518e-05,"down"
"PCDHA4",-1.56270538964058,0.000986437983876974,"down",1.44579564062672,0.000479991603244757,"up"
"SIRT4",1.63583840175711,0.00101004557442237,"up",-1.39434623110145,0.00537877255527541,"down"
"CTTN-DT",1.5485048968912,0.00103953655488246,"up",-1.23799456749202,0.00662613120014304,"down"
"SMARCE1P6",3.10344036402402,0.00104690591920158,"up",-1.85612533999679,0.0263061077942073,"down"
"SNORD104",1.65705062466242,0.00105806814825039,"up",-2.12235553160425,1.92093086724963e-05,"down"
"CAP1P1",-1.60793259835252,0.00105921687647018,"down",1.81170946337313,2.89525463925248e-05,"up"
"MRPL53P1",2.62681982477744,0.00107913141893992,"up",-3.34756356773717,3.15477831924638e-05,"down"
"FBXW12",5.9935418316198,0.0010910676742111,"up",-3.50223456554314,0.0155236848050316,"down"
"CACNA1F",2.20278666678052,0.00109560925262005,"up",-1.6951350452401,0.0129945344501687,"down"
"HDAC4-AS1",2.11328924908235,0.00110591485764585,"up",-1.83502108430704,0.00373875885826444,"down"
"MSTN",2.26174111893277,0.00110949572233291,"up",-3.90590773589696,3.33134318840462e-06,"down"
"RPL32P1",1.640334119191,0.00113019637958127,"up",-1.34541694039918,0.00345310190977698,"down"
"ZNRF2P1",-2.06670914943607,0.00114802183847432,"down",2.08351093029938,0.000904179213113591,"up"
"RANGRF",1.77391390129958,0.00118760006329871,"up",-1.3185902896914,0.0100588338076149,"down"
"LCN12",1.60051703005477,0.00119073241032933,"up",-1.45098113173283,0.00287392343894308,"down"
"EIF2S2P3",1.50130177042755,0.00119179982388011,"up",-1.59490444781826,0.000134074364092742,"down"
"NUTF2P6",3.25083901831396,0.00119742224442532,"up",-3.47816307430428,0.000612369271629716,"down"
"LINC01572",1.33264852590001,0.00120518413717007,"up",-1.11512873836614,0.0065704528283166,"down"
"C8orf76",1.45480775799735,0.00122285445090968,"up",-1.1764624351471,0.00105003575176907,"down"
"LINC02289",5.94870077466168,0.00123525848676145,"up",-6.33359622070194,0.000414059561752355,"down"
"KLF2",4.10430669585615,0.00124801845399941,"up",-2.18905234326602,0.0166545525370572,"down"
"CMTM2",2.36060810798004,0.00125840104441797,"up",-2.79136017576101,0.000275392935360432,"down"
"ATP12A",1.42171121605299,0.00127232119743159,"up",-1.43214365279863,0.000197409337774746,"down"
"RPS26P21",2.42242276483846,0.00127232119743159,"up",-1.4532769238831,0.0295787623310767,"down"
"LINC00499",-2.11890248400567,0.00127952992822509,"down",2.0931934635485,0.00104198975580026,"up"
"ERP27",1.98640320834534,0.00129241654294514,"up",-1.2923248124594,0.0128250252261799,"down"
"C11orf94",3.43716619134908,0.00133677346119657,"up",-1.94465095941465,0.0245867744739498,"down"
"HSP90AA2P",-1.20197210308039,0.00136796156647825,"down",1.09262907681144,0.0033882937994819,"up"
"ACAP2-IT1",-1.56195739807832,0.00140600218299437,"down",1.84736398460112,0.000104104076205892,"up"
"RNU6-824P",4.28331391293124,0.0014186373092263,"up",-7.09052012263431,8.30309817694947e-06,"down"
"CAP1P2",-1.3128153414934,0.00143314779305247,"down",1.33556534348792,0.000782200135758463,"up"
"RPSAP36",3.44307880281495,0.00147728502089383,"up",-3.0937151760148,0.00279880985783037,"down"
"N4BP2L2-IT2",1.68941470223036,0.00151209730646616,"up",-1.42059439971296,1.48851941795015e-13,"down"
"RN7SL285P",4.79389765956333,0.00152417468059193,"up",-3.1486655373187,0.00341449413130378,"down"
"ARMH1",1.23947936900064,0.00154879159026279,"up",-1.70237219872876,3.77191452074029e-07,"down"
"DM1-AS",4.76292464617443,0.00155766683418714,"up",-3.13477330288999,0.00435117150308146,"down"
"FBXL21P",2.53767339327426,0.00156736552578831,"up",-1.80004860005016,0.00547491862172713,"down"
"PTPN20",2.23877872182847,0.00157253165507003,"up",-2.745243589542,8.4595093736052e-05,"down"
"MFSD14A",-1.7979642066639,0.00157914611144233,"down",1.9728791269229,9.42366070317678e-05,"up"
"FAM224B",1.72399246620521,0.00158262071180137,"up",-1.44003687042777,0.00392725139669226,"down"
"CABP4",1.53326242862112,0.00164198689393149,"up",-1.65082426808126,2.60694483583864e-06,"down"
"LINC00115",1.57452041878055,0.00164198689393149,"up",-1.54948315065002,0.000735367760082682,"down"
"ATP6V1C2",1.54986987031627,0.00164253919821414,"up",-1.70529576230375,0.000176456336355373,"down"
"MADCAM1",2.63819493351455,0.0016675197752664,"up",-1.92489075396453,0.00975574691421018,"down"
"RPA4",3.43894934234649,0.00169305660789871,"up",-3.22001232194023,0.00209099657625663,"down"
"EOGT-DT",1.2079780328017,0.00176047255145657,"up",-1.40144576169143,0.000374257487382638,"down"
"COL11A2",1.68110036260142,0.00176747519059296,"up",-1.64427265997799,3.15726608357778e-05,"down"
"STMN3",2.0332343286147,0.00178465316989694,"up",-1.35206882543785,0.0359635311128848,"down"
"RNU6-10P",5.89674204789279,0.00179948643443328,"up",-4.45331728511198,0.0109890574781151,"down"
"B3GALNT1P1",3.48119814574718,0.00180094959787447,"up",-2.51961233547389,0.00913282925109997,"down"
"HINT2",2.6735004405846,0.00187153615805298,"up",-1.67944047306846,0.0171066341352305,"down"
"CHST7",-1.4139476710431,0.00187705993756541,"down",1.40451760194886,0.00177166400112178,"up"
"SLFN12L",-1.04819626561691,0.00189510312575435,"down",1.20423317249173,3.63241299143036e-05,"up"
"RPL5P4",1.83361026049777,0.00189943520218619,"up",-1.21427792226011,0.0478266706882274,"down"
"ARMH4",-5.70141336044898,0.00193679117234192,"down",5.09579630992165,0.0174073760578041,"up"
"OR2T8",2.55974778030857,0.0019574357762216,"up",-2.30247559592759,0.00153565034738927,"down"
"C1GALT1P1",2.29071793097389,0.00204769292778053,"up",-2.25667655095178,0.0035333955966457,"down"
"RPS28P4",1.28708522308108,0.0020485859010428,"up",-1.38185621026999,0.000281353882227526,"down"
"LRP5",-1.31634952007738,0.00210575338027543,"down",2.37067123823165,1.7171248614852e-11,"up"
"HNRNPA1P16",1.5139897318181,0.00213299314510632,"up",-1.22465500443813,0.00624444088934367,"down"
"GLRX5P3",3.52615429619225,0.00213683834301676,"up",-3.70953721183663,0.000767791428635035,"down"
"GAS1",-1.5223920118498,0.00219189781748207,"down",1.76474691002182,6.10933173230098e-05,"up"
"LONRF3",-3.26758459749556,0.00221175946557959,"down",2.74938039207627,0.00630246224405227,"up"
"RIPOR3",1.81156918460012,0.00221937418885001,"up",-1.33757299281219,0.0213549239373354,"down"
"PPIAP41",1.30812309496068,0.0022566947864723,"up",-1.71849782845828,0.000422363140646688,"down"
"OCIAD1-AS1",2.71627644441298,0.00225675196862774,"up",-1.52839294006379,0.0494132473082302,"down"
"LYNX1",-1.72668152818061,0.00228542410125932,"down",1.59716484452181,0.0060766787000229,"up"
"PKD2L2",2.02762633516112,0.00228901405315969,"up",-1.64415977119337,0.00786647623548445,"down"
"COQ8A",1.81108492845203,0.00229029635244121,"up",-1.25509421315269,0.0347714838348505,"down"
"LCMT1-AS1",1.73204746822849,0.00230353052927133,"up",-1.09147437691209,0.0264823922644377,"down"
"PFKFB1",2.24943088470829,0.00234039469115704,"up",-1.45631319964749,0.0264545430488438,"down"
"C1QTNF12",1.77990886769507,0.00236401439282333,"up",-2.22036315433076,0.000271484259563201,"down"
"IPO4",2.9228322482088,0.00238279269148749,"up",-2.89641664443529,0.00291642705168135,"down"
"FAT2",-1.36354270935036,0.00241091424706268,"down",1.50685508097093,0.000108136863074795,"up"
"LBX2-AS1",-2.35975381100473,0.00241957594097766,"down",2.02853763184278,0.0167871951805624,"up"
"FAM184B",1.44875560951044,0.00247150462929321,"up",-1.26721846490802,0.00283164347288758,"down"
"SNX32",1.21423926783597,0.00247772388303474,"up",-1.07174868162742,0.00166142206105289,"down"
"EIF5AP3",5.84233129293223,0.00248423852571595,"up",-4.34932535105265,0.014848461636839,"down"
"NAPSA",2.3513528156925,0.00249001008306627,"up",-1.45590942157713,0.0369276838059055,"down"
"RNU6-238P",4.62873928925637,0.00252216189257405,"up",-5.9151979860642,0.000242095873039989,"down"
"PRAP1",3.87636648780123,0.00252375746685736,"up",-2.43029485919812,0.0107105608731348,"down"
"RNU4-51P",5.72014492190484,0.00257302724469744,"up",-3.63763894391805,0.0276930661969337,"down"
"LAT",1.63587084426947,0.00265105266297303,"up",-1.61374184291547,0.00164779621101027,"down"
"RN7SKP80",2.53390696534311,0.00265105266297303,"up",-1.57932057257658,0.0399169419162317,"down"
"KATNAL1",-1.00658814118261,0.00266873965035581,"down",1.24077560847436,0.000155955945132099,"up"
"BFSP2-AS1",1.33973594593742,0.00270748812761554,"up",-1.92848702132692,1.32067168895257e-05,"down"
"MT-TF",3.5768089824541,0.00271643014531657,"up",-3.94551375454907,0.000664866408366885,"down"
"ZNF410",1.27071792869943,0.00282505739912575,"up",-1.21779326290753,0.00279860493121044,"down"
"FBXW11P1",5.7635632276532,0.00285365075504747,"up",-6.14796915945618,0.00108035807435409,"down"
"LINC01375",2.50348120364918,0.002856847343934,"up",-2.96499642146308,7.58538241941453e-05,"down"
"CCDC175",2.24853320137932,0.00286126561610379,"up",-1.55374116927525,0.0207998828763045,"down"
"AOC2",1.87360222585274,0.00287483159240111,"up",-1.76063873372581,0.00242701519827253,"down"
"FCRL2",1.57970714932092,0.00292926032721463,"up",-1.43011413649517,0.0038191806729948,"down"
"BEX5",2.61009441119205,0.0030344113601571,"up",-1.41544481527675,0.0434074097659624,"down"
"H3P33",5.67030206532448,0.00306273872977843,"up",-6.05471764819998,0.00113954490002005,"down"
"CFAP69",5.79293266521417,0.00308636539628586,"up",-4.35157259988746,0.0167792317358235,"down"
"RN7SL32P",3.24802748131628,0.00311059766056423,"up",-1.81938767032522,0.0347676755122334,"down"
"PRDM5",-2.24103772776679,0.00312950108934249,"down",1.77153636925738,0.0214531883926429,"up"
"RNU6-88P",1.74826236636613,0.00317976215173331,"up",-1.74908572218435,0.00255317312588084,"down"
"LAMA2",-1.42142399559946,0.00319120443582873,"down",1.15765335196252,0.0172365575594346,"up"
"HAMP",1.0877150092148,0.00320585247690171,"up",-1.3497600722185,9.03020185669321e-05,"down"
"POU5F1B",4.54953168735649,0.00323417530326131,"up",-3.65944544332164,0.00323848034301362,"down"
"TEN1-CDK3",1.14740731023967,0.00325802360129215,"up",-1.17267631143162,0.00434533805881958,"down"
"RIMKLBP2",-1.80832930398037,0.00331358873306103,"down",1.76740961705429,0.00318075358221739,"up"
"MIR616",1.43284777262027,0.00342826100508795,"up",-1.2851808021102,0.00318075358221739,"down"
"HMGN2P20",3.49214964338833,0.00345497777148103,"up",-3.8924335982556,0.000602390647845778,"down"
"C22orf15",2.06633851287024,0.00346611757226184,"up",-1.36389050161013,0.00552342313993059,"down"
"SNORD69",2.47765835713649,0.0034685187060395,"up",-2.42970011148428,0.00182974771090789,"down"
"NUSAP1",1.7265304137999,0.00348003051665813,"up",-1.32065352938929,0.0232414190651531,"down"
"EXTL3-AS1",3.48247991329912,0.00352558450450307,"up",-1.90397309727206,0.0411658634561277,"down"
"PYY2",2.57385577101813,0.00353106415377354,"up",-2.8633914715065,0.000189292169939128,"down"
"FAM183BP",2.52516979682159,0.00353239417058479,"up",-3.67969066768901,6.30326050251874e-05,"down"
"MIR647",2.08952860780397,0.00354433969661843,"up",-1.43256487113136,0.021234010890186,"down"
"NEXMIF",-3.13741753876016,0.00356261902880673,"down",3.82552074514135,0.000160620682541965,"up"
"FCRL1",1.13099508206269,0.00361937469852696,"up",-1.07032318367127,0.00400637843160504,"down"
"ZNF503-AS2",-1.84732274926387,0.00366559955032874,"down",1.54738572193554,0.0140899637704307,"up"
"CFAP58-DT",2.50994571126289,0.00372809080629183,"up",-1.89250667483775,0.0166893849188573,"down"
"ANXA2R",1.32225036515944,0.00375628102610186,"up",-1.14312610916445,0.0125702429290091,"down"
"OR7E91P",3.95995403761354,0.00385886423419386,"up",-2.61816345713255,0.0224370603541154,"down"
"CCNY-AS1",1.79599824163135,0.00389717832533733,"up",-1.1595790476672,0.0219671063010795,"down"
"AGAP7P",1.70897620998568,0.00395495082349531,"up",-1.99230320991631,0.000268262847225044,"down"
"NTN5",2.5084213814336,0.0040106048041681,"up",-2.18614472336788,0.00634570334143203,"down"
"TYRO3",2.77023891065149,0.00411416092745322,"up",-2.20677942272076,0.0181125986414843,"down"
"ANGPT2",1.65337722904932,0.00425668573784408,"up",-1.65616507168785,0.00235413923582164,"down"
"TMOD4",1.38481250627226,0.00433260696509525,"up",-1.14641929832441,0.005502278712338,"down"
"CD19",1.42032779924692,0.00439424378298315,"up",-1.30368545732713,0.00420164554404698,"down"
"NHP2P1",2.79073686000638,0.00441651786347399,"up",-2.03933134974592,0.0129945344501687,"down"
"ZNF564",2.3191546142772,0.00443893004183979,"up",-2.36402938927501,0.000803217783973554,"down"
"EHMT2-AS1",2.18710731848923,0.00447309278026438,"up",-2.15821672627449,0.00155692426589968,"down"
"USP50",1.17764312332607,0.0044732674481818,"up",-1.15503515041461,0.00855900731109777,"down"
"RNA5SP296",1.96861071640928,0.00448197263285515,"up",-2.02051601789135,0.00123425444740922,"down"
"HSPD1P11",-2.40826997259423,0.00448896813096508,"down",2.30081404668559,0.00486150312238684,"up"
"NANOGNBP3",4.48749679053263,0.00448896813096508,"up",-2.57673059106123,0.0179717990576989,"down"
"MIR4420",1.45249848940708,0.00449476877727187,"up",-1.13257317282379,0.0128260341290526,"down"
"PTGES3L",2.28740809230652,0.00449657392848783,"up",-2.04532188215748,0.0053270151033208,"down"
"SRXN1",-2.52265307384644,0.00450040042201123,"down",2.02317889761342,0.0461052690900537,"up"
"POM121B",-1.52532120454858,0.00451512330160064,"down",1.42586203456861,0.00546218266721108,"up"
"SEC24B-AS1",1.40436915655855,0.00452449170391626,"up",-1.39407827060129,0.00304738852611953,"down"
"FOXP1-AS1",4.45073056382265,0.00457686568784809,"up",-3.26838412708467,0.00978098517531623,"down"
"SNHG9",1.34842729430308,0.00481405286921914,"up",-1.4497437545833,0.00414035794968133,"down"
"CDC42P6",-1.84937613958106,0.0048472487305501,"down",2.09315985679707,0.000397768687288383,"up"
"DICER1-AS1",1.35295339015553,0.00486281067584327,"up",-1.44840032656601,0.000763929643331121,"down"
"TCAF1P1",-1.72139995307766,0.00487408319190831,"down",1.93338630150165,0.000330452783977332,"up"
"UBE3AP2",2.95713645756133,0.0048783696993536,"up",-5.34313519986002,0.000168176745798851,"down"
"MCCC1-AS1",1.55097223748824,0.00488765484372183,"up",-1.63138846672664,0.00123916970877337,"down"
"CHSY3",-1.41557910758133,0.00489572901542604,"down",1.48484743085299,0.00356536919268262,"up"
"PLS1",-1.07974382418708,0.00493667179663916,"down",1.05266878931675,0.00692438846912307,"up"
"COL4A4",2.12818423699772,0.0049567205375367,"up",-1.50523468235535,0.0211390561021564,"down"
"ANK2-AS1",3.72110770405216,0.00499251691231393,"up",-2.1240731264833,0.0366236592520981,"down"
"POLR2KP1",3.74620127455029,0.00511663025853645,"up",-2.50074294448664,0.0107142669603521,"down"
"ZNF658B",-1.82678509876134,0.0051500887649461,"down",1.6080931748348,0.029588000099788,"up"
"MFAP1P1",5.59168825197355,0.00520420682044884,"up",-5.01448557984065,0.00939062834870153,"down"
"LYPLA1P3",-4.32624808600278,0.0052988446255666,"down",4.56151461958949,0.00176484031838738,"up"
"CCDC196",2.26727218415336,0.00533321645598688,"up",-1.64122223544139,0.0293526401143431,"down"
"PLCXD3",-5.43831034496794,0.00543334721654211,"down",5.25474616857147,0.00934835322084997,"up"
"KIF7",1.80213766111498,0.00554191098187021,"up",-1.63960537913445,0.00231216706118148,"down"
"MAP3K2-DT",1.04459196903789,0.00561566947054697,"up",-1.16043140170438,0.0012836626168657,"down"
"ANKRD20A7P",2.03993922550059,0.00564934875458527,"up",-1.83421283380423,0.0139028947820139,"down"
"AMACR",-1.44631290389838,0.00583831462003472,"down",1.54256059582543,0.00197594468092911,"up"
"PFKP-DT",5.57302077746542,0.00595896436841316,"up",-3.53288579331053,0.0381126665690018,"down"
"MFSD13B",1.48456578672468,0.00603717445452016,"up",-1.25936838514769,0.00727412788719835,"down"
"ZNF610",4.38404985384368,0.0061637299810714,"up",-3.21065641141798,0.0106030159329189,"down"
"MRAS",-1.07642937557512,0.00616602185785369,"down",1.41941874690263,5.74244183621628e-07,"up"
"LRGUK",1.3095104465314,0.00620186928220064,"up",-1.55851104344501,0.000135702363855216,"down"
"ICA1L",1.00966582231357,0.00623874882848132,"up",-1.21182684574642,2.72902151656386e-05,"down"
"PAPLN",1.45521549986616,0.00624725231818385,"up",-1.28110349004422,0.00747144576488264,"down"
"PDXP",-1.14343346291076,0.00629793789463718,"down",1.07685418858022,0.0203747317731934,"up"
"BNIP3P40",2.77635401045282,0.00634722412854337,"up",-1.86082835518131,0.0294172478830283,"down"
"TIMM9P1",5.51890196438653,0.00639737815570516,"up",-5.90365058037106,0.00265073690497407,"down"
"HSP90B2P",1.72662613804397,0.0064089175983343,"up",-1.4893410022467,0.0171482782896956,"down"
"GAPDHP60",3.22889299544947,0.00648288339262875,"up",-3.75686533556259,0.000289988086562834,"down"
"RN7SKP23",1.83751504847376,0.00650650205545642,"up",-1.61888375539343,0.00729098559429254,"down"
"RPSAP16",4.9868289277581,0.00666785192348787,"up",-3.12785315844774,0.0321964668510046,"down"
"MTND6P4",2.01771815417731,0.00670978583130019,"up",-2.28128931962783,0.0012222940075016,"down"
"RPL12P21",5.510556592477,0.00686256972947904,"up",-4.01547758482384,0.0332783233687989,"down"
"DPPA2P1",3.10117567361295,0.00686317457421792,"up",-1.98807733656967,0.0471009554970044,"down"
"LPAR4",1.55209441560873,0.0069081576261202,"up",-1.34748700133932,0.0259643646705658,"down"
"AURKC",1.44321965894765,0.00693467562685613,"up",-1.6064733876909,0.000954971897788026,"down"
"IHO1",1.72044272373761,0.00699317076538796,"up",-1.63637603292813,0.00542336060085207,"down"
"RNU6-50P",3.58469467493937,0.00706816764270912,"up",-3.36185768559486,0.0156395765285647,"down"
"GOLGA8J",1.91863827365812,0.00706979153989229,"up",-1.38326093417964,0.0439110923257691,"down"
"HSD11B1L",1.14239860395258,0.00711760356921128,"up",-1.74680061087738,5.71144328410182e-05,"down"
"KLF3-AS1",2.22640806922874,0.00713320045210999,"up",-1.44861914242291,0.0143013901729497,"down"
"PTGES3P1",-1.36664052948931,0.00713574585327983,"down",1.43309223167838,0.00252402351658059,"up"
"LIX1L-AS1",1.55766338027087,0.00718478663056508,"up",-1.56913635241334,0.00526896596959631,"down"
"ZBTB42",-1.31159805369186,0.00720638065070262,"down",1.16253325138741,0.0108542180252085,"up"
"KCNJ6-AS1",-1.91137221795515,0.00721326552747689,"down",2.15162380755007,0.00121656001132177,"up"
"VARS2",1.87659611625964,0.00721386193786013,"up",-1.69348154954406,0.00653660282357895,"down"
"KCNJ14",1.26527685899161,0.00722160227777091,"up",-1.45079931360112,0.00764141363844085,"down"
"LMNTD2",1.62550773693649,0.00729706928505273,"up",-1.31775198152338,0.0291085812162666,"down"
"FAM133CP",3.35350948600559,0.00731203511421044,"up",-2.81819734258817,0.0107562333646827,"down"
"CYCSP2",5.5292413839967,0.00744385937255013,"up",-5.91317627394002,0.00321998709766752,"down"
"TMEM266",1.37689190095225,0.00745416801780532,"up",-1.14177283180626,0.0166252297684836,"down"
"BTBD9-AS1",3.62075578289155,0.00746702084833362,"up",-2.98311586085435,0.0220790073089062,"down"
"MIR210HG",1.77877116936292,0.00747604229353912,"up",-2.20358588160343,0.000830050037642108,"down"
"LINC00513",2.45834498773431,0.00749479303454679,"up",-2.29319839405561,0.00673832582392021,"down"
"SPDYE3",1.61324567508571,0.00751101513563423,"up",-1.32933052101608,0.0280831445725805,"down"
"OGDHL",1.93377709593855,0.00757926900380483,"up",-1.32242123634842,0.0474907845807642,"down"
"DNMBP",-1.03051032958147,0.00758775270153698,"down",1.22184479166855,0.000571136501099505,"up"
"RHD",1.46402840479346,0.00761778623717542,"up",-1.57463472789869,0.00163476748541189,"down"
"OPTN",-1.0653234814993,0.00775601902087495,"down",1.47438223620728,1.84783647027563e-05,"up"
"CYP2D8P",1.65386245574824,0.00780076012951589,"up",-1.8479557960447,0.00224940038309655,"down"
"PTGES3P3",-5.34124036515744,0.00784409346391314,"down",5.8308690712244,0.000861045559360318,"up"
"RN7SL220P",3.3378361346471,0.00790139400691198,"up",-3.79859826438902,0.00393508919071279,"down"
"TBC1D3",3.920217012847,0.00793315809558995,"up",-5.778467681733,0.000714718716539311,"down"
"RNA5SP425",5.44064305226967,0.00804253523258291,"up",-5.82481975261611,0.00343869096046342,"down"
"RSPO4",5.48745142043262,0.00804253523258291,"up",-5.87162937618687,0.00347751841849258,"down"
"DDX58",1.03493853429714,0.00807561894741249,"up",-1.11745037154691,0.00162991516025262,"down"
"LINC01645",-5.32595120247537,0.00812553274623584,"down",4.77192760368438,0.0359845671763407,"up"
"CCDC136",-1.03085730323245,0.0081781360819854,"down",1.10900720134492,0.00236099605636442,"up"
"CLIP4",-1.85974287174413,0.00834972354344889,"down",1.68971375695599,0.0108807900482665,"up"
"HIGD1AP16",3.40878709621517,0.0083603461099286,"up",-6.31614970166736,6.91664126243083e-05,"down"
"SLC2A14",-1.48141791379597,0.00841052600709955,"down",1.74181505913519,0.0010103233649088,"up"
"FAM81B",5.05537502507853,0.00864156547154066,"up",-4.52337043444163,0.0118262496892644,"down"
"RNU6-415P",2.12325608020888,0.00912362139253326,"up",-1.99253413621857,0.00831444385280592,"down"
"RPL9P30",5.44163299148015,0.00929471178617975,"up",-5.82563189876417,0.00407861834133485,"down"
"RNU6-936P",5.42730720028182,0.00956215457749652,"up",-5.81181656048972,0.0042001532385587,"down"
"ESAM",2.90031513647019,0.00956665077267927,"up",-2.06184364631771,0.0396246997400805,"down"
"HULC",2.14493390954758,0.00956665077267927,"up",-1.96245105716632,0.0122018841982557,"down"
"SNRPFP2",5.38963626472348,0.00992248653206568,"up",-5.77430064390149,0.00434648778069254,"down"
"DCAF4L1",1.24841591210941,0.00998132704094397,"up",-1.03156974967985,0.0105840958946051,"down"
"COPG2IT1",1.76462060196197,0.00998425840553393,"up",-1.20321195209091,0.041699421510231,"down"
"MEF2C-AS2",1.50173224198801,0.0101101194826228,"up",-1.02937605881673,0.0219248506828181,"down"
"MCF2",2.95502427000663,0.0101788224972336,"up",-2.34166487633054,0.0225871700177117,"down"
"TMEM44-AS2",2.06725053160002,0.0101796760408672,"up",-1.54719468509324,0.034229652813022,"down"
"SNORA31",2.5147332614208,0.0102374405688771,"up",-2.50664763173951,0.00726001100586204,"down"
"MIR548AY",5.44985491869707,0.0102535346280734,"up",-3.95414552564799,0.0451314718221313,"down"
"C18orf15",3.2703612803946,0.0103670065592387,"up",-2.50398095294512,0.0184345390429757,"down"
"MCEMP1",-1.31176044478114,0.0104189295474985,"down",1.41769290417336,0.00347708992790062,"up"
"NRP2",-1.48171125486439,0.0104646761193798,"down",2.65213015439234,2.27969367810507e-10,"up"
"NPIPP1",1.68446901450566,0.0105217548028104,"up",-1.65527644385869,0.0119295272420347,"down"
"CARNS1",1.23506696613485,0.0105425518239828,"up",-1.0148098212221,0.0312628006021704,"down"
"MIR5190",3.05033032456528,0.0106980759680094,"up",-3.09307619339991,0.00303146485687575,"down"
"RPL23AP58",3.25520140189999,0.0108877503666899,"up",-2.15339244173672,0.0392413447868095,"down"
"FABP7P1",5.45337000047399,0.0109272757383526,"up",-5.83853430459754,0.00498784817435326,"down"
"LEXM",4.81673821311123,0.010936384902498,"up",-3.34829431934044,0.0406425330363061,"down"
"PRG4",2.24519282404521,0.0109604138328591,"up",-1.91091478314587,0.0075303805127023,"down"
"AGBL5-IT1",2.06548581628517,0.0110045741016393,"up",-1.77478070160592,0.0107903151900071,"down"
"RNA5SP122",5.32701158598694,0.011134356509217,"up",-4.75003001303732,0.0180288886966596,"down"
"MIR3685",2.20631948754562,0.0112491431718789,"up",-1.74351537174537,0.0285723774630382,"down"
"MIR4477B",1.25471012998815,0.0114264690614822,"up",-1.54992977038464,0.00170125680676445,"down"
"MIR4489",1.74751131469893,0.0115398529314514,"up",-1.50635851462853,0.0232603989604341,"down"
"TFR2",1.45357442492656,0.0116509648054626,"up",-1.21237852543607,0.0246872772072927,"down"
"LIME1",1.29836156070304,0.0116686703237859,"up",-1.20175626185542,0.0156395765285647,"down"
"RNU6-942P",3.39565555758931,0.0117996393261771,"up",-6.90900553309768,1.85971810350832e-05,"down"
"RNU6-1010P",3.11003746170486,0.0119023943950237,"up",-2.72573256170031,0.00936736115933633,"down"
"RAPSN",1.75745162511567,0.0120323436985396,"up",-1.85576898708426,0.00374223105468794,"down"
"TMEM74B",4.85032397721419,0.0122728782695503,"up",-3.32345581319854,0.0497849365253167,"down"
"ATP6V0E1P2",5.38095360298482,0.0123547217532173,"up",-5.76611721686375,0.00566775692124878,"down"
"RN7SL587P",3.79691790940639,0.0125900501097465,"up",-2.58000556163404,0.0398318262184435,"down"
"KLLN",-1.66400608604607,0.0126466852553956,"down",1.46383143407742,0.0285615293475186,"up"
"HNRNPA1P57",5.29665722709633,0.012716982860917,"up",-5.68080493378071,0.0057481132081043,"down"
"HM13-IT1",1.22162651104213,0.0127639852769234,"up",-1.11110655258547,0.00766945614076933,"down"
"MC1R",1.93129875267692,0.0130742134677891,"up",-2.7286532836744,8.47874366498497e-05,"down"
"FAHD2CP",1.37262085345854,0.0131168976863337,"up",-1.47196849628558,0.00344985688453246,"down"
"PCP2",1.10834876467232,0.0132054854455536,"up",-1.1148742859677,0.011705890560243,"down"
"C1orf100",3.7764083127644,0.0132265500203772,"up",-3.09604564327919,0.0158722057840829,"down"
"COLGALT2",-1.03158828426533,0.0133830384988969,"down",1.00369076139016,0.00378402455858361,"up"
"SMIM45",3.48574244287307,0.0134049101767489,"up",-6.75170935617294,8.08885652814603e-05,"down"
"BZW1P2",-1.56055244798966,0.013719947428899,"down",1.51685686491813,0.0160589113302697,"up"
"B3GNT4",1.91140482083123,0.0139718149372011,"up",-1.62049226879924,0.025316518735794,"down"
"MIR6859-2",2.80600331274077,0.0139718149372011,"up",-2.96908710037693,0.00688228306143256,"down"
"STAP1",1.49352054422863,0.0141907485282573,"up",-1.13601245075995,0.0392670077177863,"down"
"GPRIN1",-1.10337448015028,0.014503704299157,"down",1.37023612525006,0.000987349484221771,"up"
"SPECC1P1",-4.12836174155691,0.0146439414862605,"down",3.65814074734,0.0442671376467006,"up"
"NRGN",1.0599778149786,0.0146615064606155,"up",-1.32646167485239,7.01019792003164e-05,"down"
"KCNRG",1.02347802140226,0.0147176011415857,"up",-1.19865422420305,0.0020365414386117,"down"
"LINC02803",1.80843034971794,0.0147879884884674,"up",-2.09190241942237,0.00902538455962175,"down"
"MIR320E",3.36965352522349,0.0148222331002065,"up",-2.55444497376173,0.0230884015319073,"down"
"FERP1",2.85722274787494,0.0148635651515015,"up",-2.86193108485915,0.0141372745168553,"down"
"NRG4",1.46142620027745,0.0148658208367046,"up",-1.2740817419209,0.0224430284159366,"down"
"PPIC",-1.24909556468736,0.0152538009546388,"down",1.09178595632406,0.0418784299540126,"up"
"TTC30B",-1.06444978898367,0.0152854161689084,"down",1.03107477878574,0.0192198863580496,"up"
"HMGB3P24",2.39162292380812,0.0152963100010411,"up",-2.76770650764504,0.00808598075570306,"down"
"RNU6-1053P",1.39617716061142,0.0158396499459668,"up",-1.33234197707246,0.00805665977832306,"down"
"DIP2A-IT1",2.1481576341614,0.0162518492703039,"up",-2.71104275943902,0.000679342996905158,"down"
"FGF2",1.43277327568934,0.0164139803285999,"up",-1.05537340944456,0.0199322106269229,"down"
"RPS3AP19",3.03375380459958,0.0165997750222882,"up",-3.41991700704448,0.00656148600205012,"down"
"CD22",1.17323819375186,0.0167051488689587,"up",-2.94374574406667,6.87552408280383e-09,"down"
"STX8P1",4.7751675362348,0.0167199577336459,"up",-4.24271376384601,0.0231569235318757,"down"
"YWHAZP3",-2.30002828297881,0.0167900418943791,"down",2.18699490351151,0.0133993949367287,"up"
"TMEM254-AS1",1.97030904482699,0.0168249986393179,"up",-1.63545592383898,0.0228511947137776,"down"
"SULT1A3",2.11508752815989,0.0170212377281236,"up",-1.99243888191613,0.0152685541049452,"down"
"RBM12B-AS1",-1.81613712849395,0.0171160403336427,"down",2.06916739297713,0.00199513868154204,"up"
"C8G",1.34641822190907,0.0174648734298954,"up",-1.58938303100383,0.00412378298326274,"down"
"AQP7P1",2.54651690511555,0.0175049697077184,"up",-2.31647183680861,0.04175820616604,"down"
"LARP4P",5.20858447711871,0.0178642508939248,"up",-5.59268359441496,0.00858367160936542,"down"
"GRM3",4.20323957982715,0.0180808695121939,"up",-3.19658057844931,0.0438916991234217,"down"
"ADHFE1",1.08604675823584,0.0182057802655253,"up",-1.13279722120668,0.00934633901702303,"down"
"H1-7",1.51166316663218,0.0183430450080199,"up",-1.7200911078634,0.00913193411768758,"down"
"RNU6-665P",5.19948173116373,0.0183435348942465,"up",-4.62213744674104,0.0279986518525015,"down"
"PSMD10P1",-2.54835555624343,0.0184859151551719,"down",2.27699153630587,0.0359141344282358,"up"
"BGN",4.21218479647746,0.0184981236024902,"up",-3.59080637679585,0.0260227715437745,"down"
"AVPR1B",2.10780491397379,0.0190496197407538,"up",-2.20061946853981,0.0146721952410752,"down"
"RYKP1",2.20901383250612,0.0191841730426749,"up",-3.34268537475523,0.000142779596431122,"down"
"PENK-AS1",-2.07001800456026,0.0195226999028511,"down",2.48819514507072,0.000949821241831104,"up"
"CNDP1",2.01520768493109,0.0197557471047628,"up",-1.88695618676591,0.0369276838059055,"down"
"TCF7L1",1.63442790154164,0.0197922861143428,"up",-1.36959331204079,0.0289982075765471,"down"
"CPLANE2",-1.29075914581793,0.0198293995046854,"down",1.49055114488105,0.00239390336661535,"up"
"KRTCAP3",1.18875819818992,0.0202245245270307,"up",-1.12260724808913,0.0237709798572027,"down"
"RNU4-30P",5.13647165384362,0.0207359731022041,"up",-5.52065048440838,0.0101230903623636,"down"
"RNU6-484P",2.74301549017926,0.0208623046714219,"up",-6.79054291901224,3.56497445585439e-05,"down"
"TSNAXIP1",1.50702457489798,0.0209234745566578,"up",-1.61484371125793,0.0101170549431955,"down"
"NDUFA9P1",4.12075579896003,0.0210089489398823,"up",-2.97408608445967,0.0418368389280078,"down"
"LINC00471",-4.56990801691473,0.0214053362915061,"down",4.64692770229488,0.0130730610478697,"up"
"TXLNB",-1.6715523356206,0.0215525305980858,"down",1.80847040624184,0.00568664814179459,"up"
"MIR762HG",1.31323928611505,0.021566548614707,"up",-1.03204951896349,0.0496023853690292,"down"
"LRRC56",1.35142299229165,0.0216924316099187,"up",-1.22690412077474,0.0110555856626295,"down"
"SPIN2P1",5.16108904599796,0.0217008965469503,"up",-5.54619573253892,0.0107452478782957,"down"
"CCNP",5.13731874556985,0.021986186505152,"up",-5.52132404370033,0.0108713768330032,"down"
"SLED1",4.06649608095476,0.02206242790222,"up",-3.52205168085728,0.0276912262513042,"down"
"RNU6-125P",1.89188750357171,0.0224434940081157,"up",-1.91816283259341,0.019866997095442,"down"
"MTATP6P27",4.03844823307119,0.0225307577109414,"up",-2.82297899145359,0.0481184716057021,"down"
"GRIP1",1.4659519339735,0.0225585326682454,"up",-1.23090165610538,0.0135491697169636,"down"
"SLCO3A1",-1.18931516351007,0.0227599512234321,"down",1.50610206015579,0.00178009639853607,"up"
"RPL21P89",3.11302737804484,0.0227930994058232,"up",-3.20774949639443,0.00904684678518063,"down"
"CEP170P1",-1.13439592512303,0.02281610556707,"down",1.0243403638962,0.0303064247624947,"up"
"RPS19P3",1.46406403692326,0.0228301497182728,"up",-2.25094648999172,0.0025815302522974,"down"
"PRR4",1.6698962645145,0.0229175648617143,"up",-1.56097093161399,0.0325420183836783,"down"
"RNU7-143P",5.11207858782158,0.0232759157157065,"up",-5.49673384040365,0.0115778169470967,"down"
"CLIC2",1.19276704701588,0.0232808147380188,"up",-1.03115423266293,0.0262930610714303,"down"
"MCAM",1.89842398770676,0.0233517290110929,"up",-1.97023118819614,0.0134967689327794,"down"
"SRPK3",1.08710447960164,0.0240625727521926,"up",-1.11623221536066,0.00729982596674202,"down"
"TPI1P2",-1.72718540110313,0.024302174966868,"down",1.71591724080842,0.0198075009385291,"up"
"TNFSF9",1.31522823898345,0.0243930890014936,"up",-1.29553007298494,0.0271125717346756,"down"
"LINC00865",-2.65527613204009,0.0244721327389611,"down",2.44094686767997,0.0254394513437854,"up"
"NDUFAF2P2",2.74168640435303,0.0247469726189827,"up",-2.99175919555608,0.00788581739129539,"down"
"LINC01119",1.62433223118169,0.0250706552809538,"up",-1.71553280834858,0.00915101448333693,"down"
"AOC3",1.85051046864596,0.0252233636872054,"up",-1.90383082937754,0.0156251308610961,"down"
"MIR4518",2.00370520987218,0.0253003440204167,"up",-3.39146274876896,0.000668659295625133,"down"
"RPS27AP7",2.04110196617866,0.025437880065571,"up",-2.00047997284806,0.0112335302318774,"down"
"RNU6-711P",4.56064717958219,0.0259766925117639,"up",-4.03753253507158,0.0360080784144542,"down"
"PLIN5",1.23807836934138,0.0261028999385708,"up",-1.96906130353371,0.000403693263349519,"down"
"LINC01169",-2.12516254344833,0.026425288824293,"down",1.99326629711413,0.0373392794928203,"up"
"RPS15AP16",1.69362066135347,0.026425288824293,"up",-2.61690698506472,0.000113531946706467,"down"
"RPS23P8",1.08354900572208,0.0264260170522273,"up",-1.32945341532797,0.00227543478042625,"down"
"PHBP9",1.08859095144545,0.026704471208271,"up",-1.13734514561863,0.0153846343915279,"down"
"PLEKHA3P1",-1.20594542082691,0.0267372624059697,"down",1.35522553811299,0.00315172773897586,"up"
"LINC02367",1.75351918995572,0.0268367267382182,"up",-1.78376704059977,0.0469743081921736,"down"
"ZSCAN23",-1.10624925327349,0.027308779859939,"down",1.21918014967121,0.0110778749652746,"up"
"TEX12",2.70082479310637,0.0275687989773196,"up",-2.74482170237472,0.0148035155891393,"down"
"PANK2-AS1",1.59723023712936,0.0275905059134941,"up",-1.62846483821933,0.0160257163608849,"down"
"SLC22A4",-5.03213672869476,0.0281851378919872,"down",5.21797676841289,0.00894917070768094,"up"
"BTBD10P2",3.20311728978348,0.0282973807702422,"up",-3.53257908429863,0.0068068041790613,"down"
"SNORA65",1.71133399279275,0.0285552667248343,"up",-1.96502555621539,0.0120855731848979,"down"
"IGFL4",5.07225981123596,0.0287369076238069,"up",-4.49590702578757,0.0412790648848498,"down"
"ATP6V1G1P4",4.09574306173944,0.0288875304044288,"up",-3.91227137614913,0.0245867744739498,"down"
"RTN3P1",-1.50095129224641,0.0289825166578502,"down",1.9596708875809,0.000727890157679581,"up"
"RBM22P2",2.28265502409412,0.0294706088950074,"up",-6.32859418540693,3.22280106158705e-05,"down"
"CPB2",2.7111648942353,0.0297511356071476,"up",-4.88931188868861,0.00144187295934436,"down"
"TRIM74",1.19764093120156,0.0298554681378495,"up",-1.27259848409311,0.0113691840757385,"down"
"MIR1244-3",2.0695277716733,0.0300767770421892,"up",-1.70335993652837,0.0313771445807374,"down"
"RPL32P16",1.93291460639681,0.0303498674507407,"up",-1.84563709160394,0.0237522672713868,"down"
"MRS2P2",4.14047209401718,0.0303861763679246,"up",-3.8586994913773,4.61265131462534e-07,"down"
"TTC7B",-1.16353631624107,0.0305207886828061,"down",1.26594426145208,0.0109495370128482,"up"
"FOXP1-IT1",1.99432942869096,0.0306112094397216,"up",-1.7950154235852,0.0280738267013812,"down"
"UBA52P8",-2.73627795896188,0.0307220741552637,"down",2.96643919579431,0.00908657358261767,"up"
"PRSS16",-1.87867514432765,0.0311333077380403,"down",2.13339942589167,0.00552604946085078,"up"
"EEF1A1P30",2.40279824416737,0.0319809612193661,"up",-3.13655815082094,0.00694858492236551,"down"
"RNA5SP78",2.74053393692382,0.0325439167952311,"up",-2.90431557131926,0.0224454028577267,"down"
"SNORA70B",4.94741502036808,0.033204559500373,"up",-5.33170796601021,0.0173144628080739,"down"
"UPK3BL2",1.89060837194167,0.0334887806079345,"up",-2.11622569939921,0.0115727611578097,"down"
"BMS1P2",-2.02098488689869,0.0336720007668785,"down",2.88375619226264,6.36109545838715e-05,"up"
"EEF1A1P3",3.27712735175919,0.0337148728747101,"up",-2.96958005164972,1.40832461698865e-14,"down"
"KLF15",-2.22198323631191,0.0340455767469318,"down",2.22378800146824,0.0305774102502024,"up"
"GPR63",-1.19969719175745,0.0343163530477582,"down",1.42552498209841,0.00243493510952015,"up"
"CEBPB-AS1",1.70018395204108,0.0349198831882394,"up",-2.02529093570037,0.011015405821304,"down"
"GOLGA2P10",-1.35147178966877,0.0350852419280938,"down",1.29636632961271,0.0400973747979117,"up"
"DBNDD2",1.16699949884638,0.0353507617912032,"up",-1.2507148166773,0.0160148031272474,"down"
"IKZF2",-1.41210874232296,0.0356687992505557,"down",1.29161752368408,0.0308185825676954,"up"
"HNRNPA1P76",3.42460448118495,0.0360757411292252,"up",-4.40417490805963,0.0123589099003022,"down"
"CLEC18B",1.27160808166461,0.0365462293300574,"up",-2.09325567308424,0.0014710717832506,"down"
"SNORA16B",2.20222633777104,0.0371592962093527,"up",-2.12370242516521,0.0318066406990765,"down"
"CICP27",1.41143060969505,0.0372057000538653,"up",-1.64680787614041,0.00884281292981816,"down"
"EHD3",-4.86710430963027,0.0372057000538653,"down",5.35119422662301,0.00562342275624105,"up"
"SRGAP2-AS1",1.76335962739689,0.0375239972997689,"up",-2.50049753834957,0.00109428237167722,"down"
"PIK3CD-AS2",1.53526983214449,0.0378176644221482,"up",-2.853726655125,0.00102615884382615,"down"
"CASKIN2",-2.44632142761048,0.0378704245029205,"down",3.31851488451551,0.000259637016934978,"up"
"TTC39A",2.25022365405312,0.0379999455611617,"up",-2.14315625529709,0.0224511601863885,"down"
"HDAC11",-1.27551480460889,0.0381736192690066,"down",1.49401065046831,0.00390460639174171,"up"
"ZDHHC11",1.14654393324213,0.0381927666151943,"up",-1.35585707509428,0.0104024762228651,"down"
"KIF12",2.16744048095581,0.0389889506656249,"up",-1.85057919869847,0.0434644553042526,"down"
"IL20RB",1.09754886808626,0.0390599947142657,"up",-1.24107077020948,0.0170698975958439,"down"
"SCARF2",1.17415609001884,0.0393617958923858,"up",-1.42291619364725,0.00960838336033421,"down"
"ARHGEF35-AS1",-2.30618572292238,0.0394214724443159,"down",2.53778195996079,0.0154768531086051,"up"
"PRG2",4.29999341390037,0.0397047497969742,"up",-4.68447836253716,0.0210820878389783,"down"
"RNU6-742P",4.93781488151976,0.0399681753220512,"up",-5.32242159611794,0.0218037013349581,"down"
"CRYBG2",1.54952400052936,0.0401876157101266,"up",-2.98151918112747,0.000392255059321968,"down"
"C6orf132",2.50472677282716,0.0409469960456089,"up",-2.30038944292496,0.0458311885628352,"down"
"CDRT4",1.33722739581908,0.040957213314677,"up",-1.27745011182713,0.0452427971432996,"down"
"RNU6-137P",3.78920400604057,0.0410155962694137,"up",-3.55317583587051,0.0277380949941845,"down"
"NUDCP1",2.51689104842026,0.0412130456158596,"up",-2.11261303861774,0.035308667082294,"down"
"RNF14P3",1.69971188026798,0.0419469359362155,"up",-1.70138920499338,0.034071469621833,"down"
"RBM43P1",4.83356408842895,0.0423645005847883,"up",-5.21794909327155,0.022909209523947,"down"
"CPB2-AS1",1.1392991080885,0.0428082379393527,"up",-1.543674712953,0.00472618480849095,"down"
"GLUD2",-1.79750255852707,0.0428082379393527,"down",2.18672660377003,0.00365567314791002,"up"
"ATP5MC2P3",1.91059030498355,0.0434486612517685,"up",-1.74105403076566,0.0209092234639785,"down"
"SPEF1",4.84370642690627,0.0443334040069767,"up",-5.22785263686062,0.0244079572536241,"down"
"SNORD14",4.81413834945472,0.0449888775537767,"up",-5.19879710902704,0.0246726856931266,"down"
"RNU6-826P",2.6365174993497,0.0452082336609505,"up",-3.54291845480136,0.00127807676340033,"down"
"PCDHGB8P",-3.73014599852142,0.0454177695597818,"down",4.32546084642844,0.00735414875179569,"up"
"CXCL14",4.81444559100916,0.0455745082334881,"up",-5.19902575030559,0.0250853920747778,"down"
"ARHGEF16",1.33035475158902,0.0462455517578807,"up",-1.26769564269417,0.0315577994333216,"down"
"FMC1",1.1188968528094,0.0462800264761504,"up",-1.84498809928064,0.00113139647688457,"down"
"MIR766",2.61375720656026,0.0465607221818418,"up",-3.60160082536903,0.00831715355646253,"down"
"FKBP10",1.17503825290705,0.0467295366502445,"up",-1.20916405652707,0.0187956597113828,"down"
"RPS14P5",4.82466487095597,0.0470567160423464,"up",-5.20899302207095,0.02621584887221,"down"
"YTHDF1P1",4.82466487095597,0.0470567160423464,"up",-5.20899302207095,0.02621584887221,"down"
"OTUB2",-2.24633060738631,0.0481927737069832,"down",2.15440374836411,0.0492774370425529,"up"
"SND1-IT1",1.73495101597223,0.0489684786352908,"up",-1.75070084470833,0.024601228565276,"down"
"RPS29P20",4.80472050132658,0.0490247555453187,"up",-5.18938899151427,0.0274007421166029,"down"
"RPL37P6",1.78496691319313,0.0491976811544224,"up",-2.05513767711058,0.0138763089906154,"down"
"DIAPH2-AS1",2.22061737477479,0.0493318297753672,"up",-1.71496450622114,0.0371626798666473,"down"
"C3orf70",-1.08711163936968,0.0497954498089499,"down",1.13646959520977,0.0272594273285189,"up"
"RGS8",-1.53935855556451,0.0499074880569974,"down",1.82640379404856,0.00433216014039446,"up"
