"query","significant","p_value","term_size","query_size","intersection_size","precision","recall","term_id","source","term_name","effective_domain_size","source_order","evidence_codes","intersection","intersection_gene","intersection_gene_id","term"
"query_1",TRUE,0.0372514371094598,2,29,1,0.0344827586206897,0.5,"CORUM:3828","CORUM","DRIP78-PHLP complex",3383,1511,"CORUM","DNAJC14","DNAJC14","ENSG00000135392","CORUM - DRIP78-PHLP complex"
"query_1",TRUE,0.0372514371094598,2,29,1,0.0344827586206897,0.5,"CORUM:360","CORUM","Artemis-DNA-PK complex",3383,213,"CORUM","PRKDC","PRKDC","ENSG00000253729","CORUM - Artemis-DNA-PK complex"
"query_1",TRUE,0.0372514371094598,1,29,1,0.0344827586206897,1,"CORUM:357","CORUM","DNA-PK-Ku complex",3383,211,"CORUM","PRKDC","PRKDC","ENSG00000253729","CORUM - DNA-PK-Ku complex"
"query_1",TRUE,0.0372514371094598,2,29,1,0.0344827586206897,0.5,"CORUM:6261","CORUM","Histone-2-Histone-4-ASF1-MCM2 complex",3383,2014,"CORUM","MCM2","MCM2","ENSG00000073111","CORUM - Histone-2-Histone-4-ASF1-MCM2 complex"
"query_1",TRUE,0.0372514371094598,1,29,1,0.0344827586206897,1,"CORUM:356","CORUM","DNA-PK-Ku complex",3383,210,"CORUM","PRKDC","PRKDC","ENSG00000253729","CORUM - DNA-PK-Ku complex"
"query_1",TRUE,0.0372514371094598,1,29,1,0.0344827586206897,1,"CORUM:322","CORUM","DNA-PK-Ku complex",3383,192,"CORUM","PRKDC","PRKDC","ENSG00000253729","CORUM - DNA-PK-Ku complex"
"query_1",TRUE,0.0372514371094598,1,29,1,0.0344827586206897,1,"CORUM:355","CORUM","DNA-PK-Ku complex",3383,209,"CORUM","PRKDC","PRKDC","ENSG00000253729","CORUM - DNA-PK-Ku complex"
"query_1",TRUE,0.0372514371094598,1,29,1,0.0344827586206897,1,"CORUM:6091","CORUM","NF-YA-LaminA complex",3383,1884,"CORUM","LMNA","LMNA","ENSG00000160789","CORUM - NF-YA-LaminA complex"
"query_1",TRUE,0.0372514371094598,2,29,1,0.0344827586206897,0.5,"CORUM:6629","CORUM","MAGT5-SLC35A3 complex",3383,2265,"CORUM","MGAT5","MGAT5","ENSG00000152127","CORUM - MAGT5-SLC35A3 complex"
"query_1",TRUE,0.0372514371094598,2,29,1,0.0344827586206897,0.5,"CORUM:7064","CORUM","C9orf72-SMCR8 complex",3383,2561,"CORUM","SMCR8","SMCR8","ENSG00000176994","CORUM - C9orf72-SMCR8 complex"
"query_1",TRUE,0.0372514371094598,2,29,1,0.0344827586206897,0.5,"CORUM:7217","CORUM","Dysbindin 1-A-DNA-PK-complex",3383,2700,"CORUM","PRKDC","PRKDC","ENSG00000253729","CORUM - Dysbindin 1-A-DNA-PK-complex"
"query_1",TRUE,0.0372514371094598,2,29,1,0.0344827586206897,0.5,"CORUM:7274","CORUM","ARNTL-EPAS1 complex",3383,2738,"CORUM","EPAS1","EPAS1","ENSG00000116016","CORUM - ARNTL-EPAS1 complex"
"query_1",TRUE,0.0372514371094598,2,29,1,0.0344827586206897,0.5,"CORUM:6617","CORUM","NF2-WWC1 complex",3383,2257,"CORUM","WWC1","WWC1","ENSG00000113645","CORUM - NF2-WWC1 complex"
"query_1",TRUE,0.0372514371094598,2,29,1,0.0344827586206897,0.5,"CORUM:361","CORUM","Artemis-DNA-PK complex",3383,214,"CORUM","PRKDC","PRKDC","ENSG00000253729","CORUM - Artemis-DNA-PK complex"
"query_1",TRUE,0.0372514371094598,2,29,1,0.0344827586206897,0.5,"CORUM:387","CORUM","MCM complex",3383,229,"CORUM","MCM2","MCM2","ENSG00000073111","CORUM - MCM complex"
"query_1",TRUE,0.0372514371094598,2,29,1,0.0344827586206897,0.5,"CORUM:426","CORUM","Meprin A",3383,244,"CORUM","MEP1A","MEP1A","ENSG00000112818","CORUM - Meprin A"
"query_1",TRUE,0.0372514371094598,2,29,1,0.0344827586206897,0.5,"CORUM:3154","CORUM","Notch2(N-TM)-Notch2(N-EC)-Delta complex",3383,1428,"CORUM","NOTCH2","NOTCH2","ENSG00000134250","CORUM - Notch2(N-TM)-Notch2(N-EC)-Delta complex"
"query_1",TRUE,0.0372514371094598,2,29,1,0.0344827586206897,0.5,"CORUM:5176","CORUM","MGC1-DNA-PKcs-Ku complex",3383,1571,"CORUM","PRKDC","PRKDC","ENSG00000253729","CORUM - MGC1-DNA-PKcs-Ku complex"
"query_1",TRUE,0.0372514371094598,2,29,1,0.0344827586206897,0.5,"CORUM:3151","CORUM","Sulphiredoxin-peroxiredoxin complex",3383,1426,"CORUM","SRXN1","SRXN1","ENSG00000271303","CORUM - Sulphiredoxin-peroxiredoxin complex"
"query_1",TRUE,0.0372514371094598,1,29,1,0.0344827586206897,1,"CORUM:5182","CORUM","DNA-PK-Ku complex",3383,1575,"CORUM","PRKDC","PRKDC","ENSG00000253729","CORUM - DNA-PK-Ku complex"
"query_1",TRUE,0.0372514371094598,2,29,1,0.0344827586206897,0.5,"CORUM:2792","CORUM","MCM2-MCM4-MCM6-MCM7 complex",3383,1200,"CORUM","MCM2","MCM2","ENSG00000073111","CORUM - MCM2-MCM4-MCM6-MCM7 complex"
"query_1",TRUE,0.0372514371094598,2,29,1,0.0344827586206897,0.5,"CORUM:5274","CORUM","Cell-cell junction complex (ARHGAP10-CTNNA1)",3383,1624,"CORUM","ARHGAP10","ARHGAP10","ENSG00000071205","CORUM - Cell-cell junction complex (ARHGAP10-CTNNA1)"
"query_1",TRUE,0.0372514371094598,2,29,1,0.0344827586206897,0.5,"CORUM:3941","CORUM","RAB11FIP1-RAB11A complex",3383,1519,"CORUM","RAB11FIP1","RAB11FIP1","ENSG00000156675","CORUM - RAB11FIP1-RAB11A complex"
"query_1",TRUE,0.0372514371094598,2,29,1,0.0344827586206897,0.5,"CORUM:5337","CORUM","ELMO1-DOCK1 complex",3383,1642,"CORUM","DOCK1","DOCK1","ENSG00000150760","CORUM - ELMO1-DOCK1 complex"
"query_1",TRUE,0.0372514371094598,2,29,1,0.0344827586206897,0.5,"CORUM:2375","CORUM","FN1-TGM2 complex",3383,1008,"CORUM","TGM2","TGM2","ENSG00000198959","CORUM - FN1-TGM2 complex"
"query_1",TRUE,0.0372514371094598,2,29,1,0.0344827586206897,0.5,"CORUM:6056","CORUM","APP-TNFRSF21 complex",3383,1864,"CORUM","TNFRSF21","TNFRSF21","ENSG00000146072","CORUM - APP-TNFRSF21 complex"
"query_1",TRUE,0.0372514371094598,2,29,1,0.0344827586206897,0.5,"CORUM:2243","CORUM","TGM2-HD complex",3383,966,"CORUM","TGM2","TGM2","ENSG00000198959","CORUM - TGM2-HD complex"
"query_1",TRUE,0.0372514371094598,2,29,1,0.0344827586206897,0.5,"CORUM:2242","CORUM","TGM2-HD-CALM1 complex",3383,965,"CORUM","TGM2","TGM2","ENSG00000198959","CORUM - TGM2-HD-CALM1 complex"
"query_1",TRUE,0.0372514371094598,2,29,1,0.0344827586206897,0.5,"CORUM:6078","CORUM","HSPA2-ACR-PDIA6 complex",3383,1874,"CORUM","PDIA6","PDIA6","ENSG00000143870","CORUM - HSPA2-ACR-PDIA6 complex"
"query_1",TRUE,0.0372514371094598,2,29,1,0.0344827586206897,0.5,"CORUM:1571","CORUM","Vigilin-DNA-PK-Ku antigen complex",3383,786,"CORUM","PRKDC","PRKDC","ENSG00000253729","CORUM - Vigilin-DNA-PK-Ku antigen complex"
"query_1",TRUE,0.0372514371094598,2,29,1,0.0344827586206897,0.5,"CORUM:1452","CORUM","MCM2-MCM6-MCM7 complex",3383,754,"CORUM","MCM2","MCM2","ENSG00000073111","CORUM - MCM2-MCM6-MCM7 complex"
"query_1",TRUE,0.0372514371094598,12,29,2,0.0689655172413793,0.166666666666667,"CORUM:5611","CORUM","Emerin complex 24",3383,1746,"CORUM,CORUM","MCM2,LMNA","MCM2,LMNA","ENSG00000073111,ENSG00000160789","CORUM - Emerin complex 24"
"query_1",TRUE,0.0372514371094598,1,29,1,0.0344827586206897,1,"CORUM:2537","CORUM","PKC-alpha-PLD1-PLC-gamma-2 signaling complex, lacritin stimulated",3383,1077,"CORUM","PLD1","PLD1","ENSG00000075651","CORUM - PKC-alpha-PLD1-PLC-gamma-2 signaling complex, lacritin stimulated"
"query_1",TRUE,0.0374759609057826,3,29,1,0.0344827586206897,0.333333333333333,"CORUM:7408","CORUM","ARRB1-ARHGEF18-ENAH complex, induce by EDN-1",3383,2824,"CORUM","ARRB1","ARRB1","ENSG00000137486","CORUM - ARRB1-ARHGEF18-ENAH complex, induce by EDN-1"
"query_1",TRUE,0.0374759609057826,3,29,1,0.0344827586206897,0.333333333333333,"CORUM:3634","CORUM","NR3C2-UBC9-SRC-1 complex",3383,1497,"CORUM","NR3C2","NR3C2","ENSG00000151623","CORUM - NR3C2-UBC9-SRC-1 complex"
"query_1",TRUE,0.0374759609057826,3,29,1,0.0344827586206897,0.333333333333333,"CORUM:4043","CORUM","NEMO-HIF2(alpha)-ARNT complex",3383,1530,"CORUM","EPAS1","EPAS1","ENSG00000116016","CORUM - NEMO-HIF2(alpha)-ARNT complex"
"query_1",TRUE,0.0374759609057826,3,29,1,0.0344827586206897,0.333333333333333,"CORUM:5179","CORUM","NCOA6-DNA-PK-Ku-PARP1 complex",3383,1574,"CORUM","PRKDC","PRKDC","ENSG00000253729","CORUM - NCOA6-DNA-PK-Ku-PARP1 complex"
"query_1",TRUE,0.0374759609057826,3,29,1,0.0344827586206897,0.333333333333333,"CORUM:1714","CORUM","TICAM1-TICAM2-TLR4 complex",3383,806,"CORUM","TLR4","TLR4","ENSG00000136869","CORUM - TICAM1-TICAM2-TLR4 complex"
"query_1",TRUE,0.0374759609057826,3,29,1,0.0344827586206897,0.333333333333333,"CORUM:5276","CORUM","HIF1A-OS9-EGLN1 complex",3383,1625,"CORUM","EGLN1","EGLN1","ENSG00000135766","CORUM - HIF1A-OS9-EGLN1 complex"
"query_1",TRUE,0.0374759609057826,3,29,1,0.0344827586206897,0.333333333333333,"CORUM:786","CORUM","MR-UBC9-SRC1 complex",3383,439,"CORUM","NR3C2","NR3C2","ENSG00000151623","CORUM - MR-UBC9-SRC1 complex"
"query_1",TRUE,0.0374759609057826,3,29,1,0.0344827586206897,0.333333333333333,"CORUM:5343","CORUM","ELMO1-DOCK1-CRKII complex",3383,1645,"CORUM","DOCK1","DOCK1","ENSG00000150760","CORUM - ELMO1-DOCK1-CRKII complex"
"query_1",TRUE,0.0374759609057826,3,29,1,0.0344827586206897,0.333333333333333,"CORUM:2710","CORUM","LRP-1-Alpha-2-M-annexin VI complex",3383,1142,"CORUM","A2M","A2M","ENSG00000175899","CORUM - LRP-1-Alpha-2-M-annexin VI complex"
"query_1",TRUE,0.0374759609057826,3,29,1,0.0344827586206897,0.333333333333333,"CORUM:6294","CORUM","DDR1-PRKCZ-WWC1 complex",3383,2035,"CORUM","WWC1","WWC1","ENSG00000113645","CORUM - DDR1-PRKCZ-WWC1 complex"
"query_1",TRUE,0.0374759609057826,3,29,1,0.0344827586206897,0.333333333333333,"CORUM:6394","CORUM","CNOT1-CNOT2-CNOT3 complex",3383,2097,"CORUM","CNOT1","CNOT1","ENSG00000125107","CORUM - CNOT1-CNOT2-CNOT3 complex"
"query_1",TRUE,0.0374759609057826,3,29,1,0.0344827586206897,0.333333333333333,"CORUM:6395","CORUM","4E-T-DDX6-CNOT1 complex",3383,2098,"CORUM","CNOT1","CNOT1","ENSG00000125107","CORUM - 4E-T-DDX6-CNOT1 complex"
"query_1",TRUE,0.0374759609057826,3,29,1,0.0344827586206897,0.333333333333333,"CORUM:7063","CORUM","C9orf72-SMCR8-WDR41 complex",3383,2560,"CORUM","SMCR8","SMCR8","ENSG00000176994","CORUM - C9orf72-SMCR8-WDR41 complex"
"query_1",TRUE,0.0374759609057826,3,29,1,0.0344827586206897,0.333333333333333,"CORUM:7099","CORUM","ASAH1-NR5A1-SAPD complex",3383,2596,"CORUM","PSAP","PSAP","ENSG00000197746","CORUM - ASAH1-NR5A1-SAPD complex"
"query_1",TRUE,0.0374759609057826,3,29,1,0.0344827586206897,0.333333333333333,"CORUM:5342","CORUM","ELMO1-DOCK1-RAC1 complex",3383,1644,"CORUM","DOCK1","DOCK1","ENSG00000150760","CORUM - ELMO1-DOCK1-RAC1 complex"
"query_1",TRUE,0.0374759609057826,3,29,1,0.0344827586206897,0.333333333333333,"CORUM:2962","CORUM","CRK-BCAR1-DOCK1 complex",3383,1314,"CORUM","DOCK1","DOCK1","ENSG00000150760","CORUM - CRK-BCAR1-DOCK1 complex"
"query_1",TRUE,0.0451540395834353,4,29,1,0.0344827586206897,0.25,"CORUM:3102","CORUM","DHX9-ADAR-vigilin-DNA-PK-Ku antigen complex",3383,1396,"CORUM","PRKDC","PRKDC","ENSG00000253729","CORUM - DHX9-ADAR-vigilin-DNA-PK-Ku antigen complex"
"query_1",TRUE,0.0451540395834353,4,29,1,0.0344827586206897,0.25,"CORUM:6951","CORUM","NG2-galectin-3-alpha3beta1-integrin complex",3383,2481,"CORUM","CSPG4","CSPG4","ENSG00000173546","CORUM - NG2-galectin-3-alpha3beta1-integrin complex"
"query_1",TRUE,0.0451540395834353,4,29,1,0.0344827586206897,0.25,"CORUM:2376","CORUM","ITGA2B-ITGB3-FN1-TGM2 complex",3383,1009,"CORUM","TGM2","TGM2","ENSG00000198959","CORUM - ITGA2B-ITGB3-FN1-TGM2 complex"
"query_1",TRUE,0.0451540395834353,4,29,1,0.0344827586206897,0.25,"CORUM:2383","CORUM","ITGA5-ITGB1-FN1-TGM2 complex",3383,1015,"CORUM","TGM2","TGM2","ENSG00000198959","CORUM - ITGA5-ITGB1-FN1-TGM2 complex"
"query_1",TRUE,0.0451540395834353,4,29,1,0.0344827586206897,0.25,"CORUM:1377","CORUM","hASC-1 complex",3383,742,"CORUM","ASCC3","ASCC3","ENSG00000112249","CORUM - hASC-1 complex"
"query_1",TRUE,0.000421216309815482,7320,176,95,0.539772727272727,0.0129781420765027,"GO:0051716","GO:BP","cellular response to stimulus",21017,13909,"IDA TAS,IDA,IMP IC IEA,IBA,IBA,IBA,IDA,IDA IMP IBA TAS NAS IEA,IDA IBA,IEA,IMP IGI HMP IEA,IMP,IDA IBA TAS IEA,IDA,TAS,IMP,IEA,IDA IMP IBA IEA,IEP IBA,IDA IMP IBA TAS NAS IEA,IDA IEP IBA IEA,IMP ISS IBA TAS IEA,IEA,IDA,IDA NAS IEA,IDA IMP ISS IBA TAS NAS IC IEA,IGI IBA NAS IEA,IDA IMP IBA IEA,IDA IGI IEP ISS IBA IEA,HMP,IDA IBA,IDA IMP IEP IBA TAS IEA,IBA,IBA,ISS IEA,IMP,IBA IEA,IDA IEP IEA,IDA IBA,IMP NAS IEA,IDA IBA TAS,IBA,IDA IMP HMP,IEA,IDA ISS IEA,IMP ISS,IEA,IBA,IDA IBA IEA,IBA,IEA,IDA ISS IBA TAS IEA,TAS IEA,IDA,IBA,IMP IBA,IDA IMP ISS,IMP,IDA IMP IBA IEA,IMP ISS IBA TAS IEA,TAS,IDA IMP IEP,TAS IEA,IEA,ISS IEA,ISS,IDA TAS IEA,IBA IEA,IDA,ISS IEA,IBA IEA,IDA IMP IGI IBA TAS IEA,IDA IMP IBA,IDA TAS IEA,IDA IEA,IDA,ISS IEA,IEA,IEA,IBA TAS IEA,TAS,IBA TAS IEA,IDA IPI IMP IBA TAS IEA,IEA,IMP IBA TAS,IMP IBA TAS,IEA,ISS IEA,ISS,IDA,IBA IEA,IEA,IEA,IBA,ISS TAS IEA","HSPA8,ATP1A1,GPNMB,PDIA6,SYT2,PSAP,CNOT1,PRKDC,ABHD2,MRC1,FLNA,SLC31A1,ARHGEF12,MGAT5,FGD5,SMCR8,LIPA,NOTCH2,NDRG1,CMKLR1,HYOU1,SEL1L,RALGAPA2,PLA2G7,ASCC3,CSNK1A1,ITGA4,ARRB1,TLR4,CANT1,NRIP1,CCR5,BMP2K,MCM2,CERS2,ANO6,UBASH3B,LMNA,ZNF366,ABCA1,EPAS1,NFATC3,MUL1,PLCL2,VGLL4,SLC12A2,TENM4,EGLN1,IL1RN,TNFRSF10C,RAPH1,CCR2,DOCK1,MAN1A1,SYT11,GPR137B,TGM2,ALDH1A1,TNIK,ADGRG6,CD2,ACER2,ARHGAP10,ABCG1,LPCAT3,MGAT3,PLD1,EYA2,ABCG2,TNFRSF21,DGKI,ACVRL1,WWC1,ARHGEF5,CSPG4,CD109,MYORG,DIRAS1,ZBED6,GPR39,CMBL,CCRL2,OPRL1,TAS2R3,NR3C2,ARL2BP,DAGLA,ARMH4,GAS1,LYNX1,SRXN1,PLCXD3,KLF15,OTUB2,RGS8","HSPA8,ATP1A1,GPNMB,PDIA6,SYT2,PSAP,CNOT1,PRKDC,ABHD2,MRC1,FLNA,SLC31A1,ARHGEF12,MGAT5,FGD5,SMCR8,LIPA,NOTCH2,NDRG1,CMKLR1,HYOU1,SEL1L,RALGAPA2,PLA2G7,ASCC3,CSNK1A1,ITGA4,ARRB1,TLR4,CANT1,NRIP1,CCR5,BMP2K,MCM2,CERS2,ANO6,UBASH3B,LMNA,ZNF366,ABCA1,EPAS1,NFATC3,MUL1,PLCL2,VGLL4,SLC12A2,TENM4,EGLN1,IL1RN,TNFRSF10C,RAPH1,CCR2,DOCK1,MAN1A1,SYT11,GPR137B,TGM2,ALDH1A1,TNIK,ADGRG6,CD2,ACER2,ARHGAP10,ABCG1,LPCAT3,MGAT3,PLD1,EYA2,ABCG2,TNFRSF21,DGKI,ACVRL1,WWC1,ARHGEF5,CSPG4,CD109,MYORG,DIRAS1,ZBED6,GPR39,CMBL,CCRL2,OPRL1,TAS2R3,NR3C2,ARL2BP,DAGLA,ARMH4,GAS1,LYNX1,SRXN1,PLCXD3,KLF15,OTUB2,RGS8","ENSG00000109971,ENSG00000163399,ENSG00000136235,ENSG00000143870,ENSG00000143858,ENSG00000197746,ENSG00000125107,ENSG00000253729,ENSG00000140526,ENSG00000260314,ENSG00000196924,ENSG00000136868,ENSG00000196914,ENSG00000152127,ENSG00000154783,ENSG00000176994,ENSG00000107798,ENSG00000134250,ENSG00000104419,ENSG00000174600,ENSG00000149428,ENSG00000071537,ENSG00000188559,ENSG00000146070,ENSG00000112249,ENSG00000113712,ENSG00000115232,ENSG00000137486,ENSG00000136869,ENSG00000171302,ENSG00000180530,ENSG00000160791,ENSG00000138756,ENSG00000073111,ENSG00000143418,ENSG00000177119,ENSG00000154127,ENSG00000160789,ENSG00000178175,ENSG00000165029,ENSG00000116016,ENSG00000072736,ENSG00000090432,ENSG00000154822,ENSG00000144560,ENSG00000064651,ENSG00000149256,ENSG00000135766,ENSG00000136689,ENSG00000173535,ENSG00000173166,ENSG00000121807,ENSG00000150760,ENSG00000111885,ENSG00000132718,ENSG00000077585,ENSG00000198959,ENSG00000165092,ENSG00000154310,ENSG00000112414,ENSG00000116824,ENSG00000177076,ENSG00000071205,ENSG00000160179,ENSG00000111684,ENSG00000128268,ENSG00000075651,ENSG00000064655,ENSG00000118777,ENSG00000146072,ENSG00000157680,ENSG00000139567,ENSG00000113645,ENSG00000050327,ENSG00000173546,ENSG00000156535,ENSG00000164976,ENSG00000176490,ENSG00000257315,ENSG00000183840,ENSG00000164237,ENSG00000121797,ENSG00000125510,ENSG00000127362,ENSG00000151623,ENSG00000102931,ENSG00000134780,ENSG00000139971,ENSG00000180447,ENSG00000180155,ENSG00000271303,ENSG00000182836,ENSG00000163884,ENSG00000089723,ENSG00000135824","GO:BP - cellular response to stimulus"
"query_1",TRUE,0.000421216309815482,5924,176,81,0.460227272727273,0.0136731937879811,"GO:0048856","GO:BP","anatomical structure development",21017,13100,"NAS,IDA,IEA,IBA,IEA,ISS IBA IEA,IDA IBA,IDA NAS IEA,IMP ISS IEA,ISS,IEA,IDA IMP IEP ISS IBA TAS NAS IEA,IEA,TAS,IEA,IEA,IEP IC IEA,IEA,IMP IEA,ISS,NAS IEA,IBA,IEA,IEA,ISS IEA,TAS,IBA IEA,IMP,ISS IEA,IMP,IBA IEA,IMP ISS,IEA,ISS,IEA,IMP IEA,ISS IEA,IDA ISS,IDA IEA,IEA,ISS IEA,ISS,IBA,IMP ISS IBA IEA,ISS IEA,IEA,IDA,IEA,IDA ISS IEA,IBA IEA,IEA,IEA,IEA,ISS IBA,IDA ISS IEA,IDA IMP IBA TAS,IDA IBA IEA,IMP ISS IBA TAS,IEA,NAS,IEA,TAS,TAS IEA,IMP,IEA,IBA TAS IEA,IMP ISS IBA IEA,IMP IGI ISS IBA TAS IEA,IEA,IEA,IEP TAS,ISS IBA IEA,IMP ISS IBA IEA,ISS IEA,IEA,IMP,IEA,IBA,IEA,IBA IEA,ISS IEA","GPNMB,SYT2,A2M,PSAP,CNOT1,PRKDC,ABHD2,FLNA,SLC31A1,FGD5,LIPA,NOTCH2,NDRG1,CMKLR1,APOB,AP2B1,ITGA4,FMN1,SH3PXD2A,SCARB2,TLR4,TDRD6,PCDHGC3,NRIP1,PTGFRN,EMP1,BMP2K,MCM2,CERS2,ANO6,UBASH3B,SH3PXD2B,SLC40A1,MICAL2,WDR7,LMNA,EPAS1,NFATC3,MUL1,PLCL2,VGLL4,SLC12A2,UNC119B,TENM4,EGLN1,SELENOP,IL1RN,RAPH1,CCR2,DOCK1,HSPB7,PCDHGA10,PCDHGB6,GPR137B,TGM2,ERVW-1,TNIK,ADGRG6,LRIG1,CD2,PCDHGB7,TGM5,APBA2,RAB23,SPTA1,EYA2,TNFRSF21,ACVRL1,CSPG4,CD109,LAMB3,LGI2,MYORG,ZBED6,PCDHB8,SYNE3,DAGLA,MAMDC2,MFSD14A,NEXMIF,KLF15","GPNMB,SYT2,A2M,PSAP,CNOT1,PRKDC,ABHD2,FLNA,SLC31A1,FGD5,LIPA,NOTCH2,NDRG1,CMKLR1,APOB,AP2B1,ITGA4,FMN1,SH3PXD2A,SCARB2,TLR4,TDRD6,PCDHGC3,NRIP1,PTGFRN,EMP1,BMP2K,MCM2,CERS2,ANO6,UBASH3B,SH3PXD2B,SLC40A1,MICAL2,WDR7,LMNA,EPAS1,NFATC3,MUL1,PLCL2,VGLL4,SLC12A2,UNC119B,TENM4,EGLN1,SELENOP,IL1RN,RAPH1,CCR2,DOCK1,HSPB7,PCDHGA10,PCDHGB6,GPR137B,TGM2,ERVW-1,TNIK,ADGRG6,LRIG1,CD2,PCDHGB7,TGM5,APBA2,RAB23,SPTA1,EYA2,TNFRSF21,ACVRL1,CSPG4,CD109,LAMB3,LGI2,MYORG,ZBED6,PCDHB8,SYNE3,DAGLA,MAMDC2,MFSD14A,NEXMIF,KLF15","ENSG00000136235,ENSG00000143858,ENSG00000175899,ENSG00000197746,ENSG00000125107,ENSG00000253729,ENSG00000140526,ENSG00000196924,ENSG00000136868,ENSG00000154783,ENSG00000107798,ENSG00000134250,ENSG00000104419,ENSG00000174600,ENSG00000084674,ENSG00000006125,ENSG00000115232,ENSG00000248905,ENSG00000107957,ENSG00000138760,ENSG00000136869,ENSG00000180113,ENSG00000240184,ENSG00000180530,ENSG00000134247,ENSG00000134531,ENSG00000138756,ENSG00000073111,ENSG00000143418,ENSG00000177119,ENSG00000154127,ENSG00000174705,ENSG00000138449,ENSG00000133816,ENSG00000091157,ENSG00000160789,ENSG00000116016,ENSG00000072736,ENSG00000090432,ENSG00000154822,ENSG00000144560,ENSG00000064651,ENSG00000175970,ENSG00000149256,ENSG00000135766,ENSG00000250722,ENSG00000136689,ENSG00000173166,ENSG00000121807,ENSG00000150760,ENSG00000173641,ENSG00000253846,ENSG00000253305,ENSG00000077585,ENSG00000198959,ENSG00000242950,ENSG00000154310,ENSG00000112414,ENSG00000144749,ENSG00000116824,ENSG00000254122,ENSG00000104055,ENSG00000034053,ENSG00000112210,ENSG00000163554,ENSG00000064655,ENSG00000146072,ENSG00000139567,ENSG00000173546,ENSG00000156535,ENSG00000196878,ENSG00000153012,ENSG00000164976,ENSG00000257315,ENSG00000120322,ENSG00000176438,ENSG00000134780,ENSG00000165072,ENSG00000156875,ENSG00000050030,ENSG00000163884","GO:BP - anatomical structure development"
"query_1",TRUE,0.000421216309815482,7234,176,93,0.528409090909091,0.0128559579762234,"GO:0032501","GO:BP","multicellular organismal process",21017,7611,"TAS IEA,IDA IMP NAS IEA,IDA,IEA,IBA,IMP IEA,ISS IBA IEA,HMP NAS IC IEA,IMP ISS IEA,TAS IEA,IMP ISS IBA NAS IEA,IEA,ISS TAS IEA,IDA,IMP IC IEA,NAS,IEA,IMP IEP IC IEA,IDA IBA,IEA,IEA,ISS IEA,IDA IMP ISS NAS IEA,IBA,IEA,IEA,IBA IEA,ISS IEA,IMP ISS,IDA,IBA IEA,IMP,ISS IEA,ISS IEA,ISS,ISS IEA,IMP ISS TAS IEA,ISS IEA,IDA ISS IEA,IMP IEA,ISS IEA,ISS IEA,ISS TAS NAS,IBA,IMP ISS IBA IEA,ISS IEA,IEA,IBA TAS IEA,IDA,IEA,IDA ISS IEA,IMP,ISS IEA,TAS IEA,IEA,IEA,ISS IBA,IDA ISS IEA,ISS,IDA IBA IEA,IMP ISS IBA TAS,IEA,IDA IMP IBA TAS NAS,IEA,TAS IEA,ISS IEA,ISS IEA,ISS,IMP,IDA IBA,IEA,TAS IEA,IDA IMP NAS IC,IMP ISS IBA IEA,TAS IEA,IMP IGI ISS IBA TAS IEA,IMP IBA,IEA,IEA,IEA,IEP,ISS IBA IEA,IEA,IEA,ISS IBA,ISS IBA TAS IEA,IDA IBA IEA,IEA,IEA,IBA,IBA IEA,ISS IEA,IEA","ATP1A1,GPNMB,SYT2,A2M,PSAP,CNOT1,PRKDC,FLNA,SLC31A1,LIPA,NOTCH2,NDRG1,CMKLR1,PLA2G7,APOB,CD93,AP2B1,ITGA4,ARRB1,FMN1,SH3PXD2A,SCARB2,TLR4,TDRD6,PCDHGC3,NRIP1,BMP2K,CERS2,ANO6,RAB11FIP1,UBASH3B,SH3PXD2B,SLC40A1,CYP51A1,MICAL2,LMNA,ABCA1,EPAS1,NFATC3,MUL1,PLCL2,VGLL4,SLC12A2,UNC119B,TENM4,EGLN1,SELENOP,F8,IL1RN,RAPH1,CCR2,DOCK1,SYT11,HSPB7,PCDHGA10,PCDHGB6,GPR137B,TGM2,ALDH1A1,TNIK,ADGRG6,LRIG1,CD2,PCDHGB7,APBA2,ABCG1,LPCAT3,MGAT3,RAB23,TREML2,SPTA1,EYA2,ABCG2,TNFRSF21,DGKI,ACVRL1,WWC1,ARHGEF5,CSPG4,CD109,LAMB3,LGI2,GPRASP2,ZBED6,CRACD,OPRL1,TAS2R3,PCDHB8,DAGLA,MAMDC2,NEXMIF,KLF15,EHD3","ATP1A1,GPNMB,SYT2,A2M,PSAP,CNOT1,PRKDC,FLNA,SLC31A1,LIPA,NOTCH2,NDRG1,CMKLR1,PLA2G7,APOB,CD93,AP2B1,ITGA4,ARRB1,FMN1,SH3PXD2A,SCARB2,TLR4,TDRD6,PCDHGC3,NRIP1,BMP2K,CERS2,ANO6,RAB11FIP1,UBASH3B,SH3PXD2B,SLC40A1,CYP51A1,MICAL2,LMNA,ABCA1,EPAS1,NFATC3,MUL1,PLCL2,VGLL4,SLC12A2,UNC119B,TENM4,EGLN1,SELENOP,F8,IL1RN,RAPH1,CCR2,DOCK1,SYT11,HSPB7,PCDHGA10,PCDHGB6,GPR137B,TGM2,ALDH1A1,TNIK,ADGRG6,LRIG1,CD2,PCDHGB7,APBA2,ABCG1,LPCAT3,MGAT3,RAB23,TREML2,SPTA1,EYA2,ABCG2,TNFRSF21,DGKI,ACVRL1,WWC1,ARHGEF5,CSPG4,CD109,LAMB3,LGI2,GPRASP2,ZBED6,CRACD,OPRL1,TAS2R3,PCDHB8,DAGLA,MAMDC2,NEXMIF,KLF15,EHD3","ENSG00000163399,ENSG00000136235,ENSG00000143858,ENSG00000175899,ENSG00000197746,ENSG00000125107,ENSG00000253729,ENSG00000196924,ENSG00000136868,ENSG00000107798,ENSG00000134250,ENSG00000104419,ENSG00000174600,ENSG00000146070,ENSG00000084674,ENSG00000125810,ENSG00000006125,ENSG00000115232,ENSG00000137486,ENSG00000248905,ENSG00000107957,ENSG00000138760,ENSG00000136869,ENSG00000180113,ENSG00000240184,ENSG00000180530,ENSG00000138756,ENSG00000143418,ENSG00000177119,ENSG00000156675,ENSG00000154127,ENSG00000174705,ENSG00000138449,ENSG00000001630,ENSG00000133816,ENSG00000160789,ENSG00000165029,ENSG00000116016,ENSG00000072736,ENSG00000090432,ENSG00000154822,ENSG00000144560,ENSG00000064651,ENSG00000175970,ENSG00000149256,ENSG00000135766,ENSG00000250722,ENSG00000185010,ENSG00000136689,ENSG00000173166,ENSG00000121807,ENSG00000150760,ENSG00000132718,ENSG00000173641,ENSG00000253846,ENSG00000253305,ENSG00000077585,ENSG00000198959,ENSG00000165092,ENSG00000154310,ENSG00000112414,ENSG00000144749,ENSG00000116824,ENSG00000254122,ENSG00000034053,ENSG00000160179,ENSG00000111684,ENSG00000128268,ENSG00000112210,ENSG00000112195,ENSG00000163554,ENSG00000064655,ENSG00000118777,ENSG00000146072,ENSG00000157680,ENSG00000139567,ENSG00000113645,ENSG00000050327,ENSG00000173546,ENSG00000156535,ENSG00000196878,ENSG00000153012,ENSG00000158301,ENSG00000257315,ENSG00000109265,ENSG00000125510,ENSG00000127362,ENSG00000120322,ENSG00000134780,ENSG00000165072,ENSG00000050030,ENSG00000163884,ENSG00000013016","GO:BP - multicellular organismal process"
"query_1",TRUE,0.000475533420078189,2186,176,41,0.232954545454545,0.0187557182067704,"GO:0070887","GO:BP","cellular response to chemical stimulus",21017,16358,"TAS,IDA,IBA,IDA,IMP,IDA IBA,IEA,IMP,IEP,IMP IBA,IDA IEP IBA,IDA,IDA,IGI,IDA IGI ISS IEA,IDA IBA,IEP IBA TAS,IMP,IEP,IDA IBA,IEA,IDA IBA,IDA,IMP ISS,IBA,IDA ISS IBA TAS IEA,IBA,IDA,IMP,IEP,ISS,IDA,IDA,IEA,IEA,TAS,IBA,IBA,IBA IEA,IEA,ISS","HSPA8,ATP1A1,SYT2,CNOT1,PRKDC,ABHD2,MRC1,FLNA,NDRG1,CMKLR1,HYOU1,PLA2G7,CSNK1A1,ITGA4,TLR4,NRIP1,CCR5,ANO6,LMNA,ZNF366,ABCA1,EPAS1,MUL1,SLC12A2,EGLN1,CCR2,SYT11,TGM2,ALDH1A1,ACER2,MGAT3,PLD1,ABCG2,ARHGEF5,ZBED6,CMBL,CCRL2,NR3C2,SRXN1,KLF15,RGS8","HSPA8,ATP1A1,SYT2,CNOT1,PRKDC,ABHD2,MRC1,FLNA,NDRG1,CMKLR1,HYOU1,PLA2G7,CSNK1A1,ITGA4,TLR4,NRIP1,CCR5,ANO6,LMNA,ZNF366,ABCA1,EPAS1,MUL1,SLC12A2,EGLN1,CCR2,SYT11,TGM2,ALDH1A1,ACER2,MGAT3,PLD1,ABCG2,ARHGEF5,ZBED6,CMBL,CCRL2,NR3C2,SRXN1,KLF15,RGS8","ENSG00000109971,ENSG00000163399,ENSG00000143858,ENSG00000125107,ENSG00000253729,ENSG00000140526,ENSG00000260314,ENSG00000196924,ENSG00000104419,ENSG00000174600,ENSG00000149428,ENSG00000146070,ENSG00000113712,ENSG00000115232,ENSG00000136869,ENSG00000180530,ENSG00000160791,ENSG00000177119,ENSG00000160789,ENSG00000178175,ENSG00000165029,ENSG00000116016,ENSG00000090432,ENSG00000064651,ENSG00000135766,ENSG00000121807,ENSG00000132718,ENSG00000198959,ENSG00000165092,ENSG00000177076,ENSG00000128268,ENSG00000075651,ENSG00000118777,ENSG00000050327,ENSG00000257315,ENSG00000164237,ENSG00000121797,ENSG00000151623,ENSG00000271303,ENSG00000163884,ENSG00000135824","GO:BP - cellular response to chemical stimulus"
"query_1",TRUE,0.000582251823868162,6478,176,85,0.482954545454545,0.013121333744983,"GO:0032502","GO:BP","developmental process",21017,7612,"NAS,IDA IEA,IEA,IBA,IMP IEA,ISS IBA IEA,IDA IBA,IDA NAS IEA,IMP ISS IEA,ISS,IEA,IDA IMP IEP ISS IBA TAS NAS IEA,IEA,ISS TAS IEA,IDA IEA,IEA,IEP IC IEA,IEA,IMP IEA,ISS,NAS IEA,ISS IBA IEA,IEA,IEA,ISS IEA,TAS,IBA IEA,IMP,ISS IEA,IMP,IBA IEA,IMP ISS IEA,IEA,ISS,IEA,IMP IEA,TAS,ISS IEA,IDA ISS,IDA IEA,IEA,ISS IEA,ISS,IBA,IMP ISS IBA IEA,ISS IEA,IEA,IDA,IEA,IDA ISS IEA,IBA IEA,IEA,IEA,IEA,ISS IBA,IDA ISS IEA,IDA IMP IBA TAS,IDA IBA IEA,IMP ISS IBA TAS,IEA,NAS,IEA,TAS,TAS IEA,TAS,IMP,IEA,IBA TAS IEA,IMP ISS IBA IEA,IMP IGI ISS IBA TAS IEA,IMP IBA,IEA,IEA,IEP TAS IEA,ISS IBA IEA,IMP ISS IBA IEA,ISS IEA,IEA,IMP,IEA,IBA,IEA,ISS,IBA IEA,ISS IEA","GPNMB,SYT2,A2M,PSAP,CNOT1,PRKDC,ABHD2,FLNA,SLC31A1,FGD5,LIPA,NOTCH2,NDRG1,CMKLR1,APOB,AP2B1,ITGA4,FMN1,SH3PXD2A,SCARB2,TLR4,TDRD6,PCDHGC3,NRIP1,PTGFRN,EMP1,BMP2K,MCM2,CERS2,ANO6,UBASH3B,SH3PXD2B,SLC40A1,MICAL2,WDR7,LMNA,ABCA1,EPAS1,NFATC3,MUL1,PLCL2,VGLL4,SLC12A2,UNC119B,TENM4,EGLN1,SELENOP,IL1RN,RAPH1,CCR2,DOCK1,HSPB7,PCDHGA10,PCDHGB6,GPR137B,TGM2,ERVW-1,TNIK,ADGRG6,LRIG1,CD2,PCDHGB7,TGM5,APBA2,ABCG1,RAB23,SPTA1,EYA2,TNFRSF21,ACVRL1,WWC1,CSPG4,CD109,LAMB3,LGI2,MYORG,ZBED6,PCDHB8,SYNE3,DAGLA,MAMDC2,MFSD14A,GAS1,NEXMIF,KLF15","GPNMB,SYT2,A2M,PSAP,CNOT1,PRKDC,ABHD2,FLNA,SLC31A1,FGD5,LIPA,NOTCH2,NDRG1,CMKLR1,APOB,AP2B1,ITGA4,FMN1,SH3PXD2A,SCARB2,TLR4,TDRD6,PCDHGC3,NRIP1,PTGFRN,EMP1,BMP2K,MCM2,CERS2,ANO6,UBASH3B,SH3PXD2B,SLC40A1,MICAL2,WDR7,LMNA,ABCA1,EPAS1,NFATC3,MUL1,PLCL2,VGLL4,SLC12A2,UNC119B,TENM4,EGLN1,SELENOP,IL1RN,RAPH1,CCR2,DOCK1,HSPB7,PCDHGA10,PCDHGB6,GPR137B,TGM2,ERVW-1,TNIK,ADGRG6,LRIG1,CD2,PCDHGB7,TGM5,APBA2,ABCG1,RAB23,SPTA1,EYA2,TNFRSF21,ACVRL1,WWC1,CSPG4,CD109,LAMB3,LGI2,MYORG,ZBED6,PCDHB8,SYNE3,DAGLA,MAMDC2,MFSD14A,GAS1,NEXMIF,KLF15","ENSG00000136235,ENSG00000143858,ENSG00000175899,ENSG00000197746,ENSG00000125107,ENSG00000253729,ENSG00000140526,ENSG00000196924,ENSG00000136868,ENSG00000154783,ENSG00000107798,ENSG00000134250,ENSG00000104419,ENSG00000174600,ENSG00000084674,ENSG00000006125,ENSG00000115232,ENSG00000248905,ENSG00000107957,ENSG00000138760,ENSG00000136869,ENSG00000180113,ENSG00000240184,ENSG00000180530,ENSG00000134247,ENSG00000134531,ENSG00000138756,ENSG00000073111,ENSG00000143418,ENSG00000177119,ENSG00000154127,ENSG00000174705,ENSG00000138449,ENSG00000133816,ENSG00000091157,ENSG00000160789,ENSG00000165029,ENSG00000116016,ENSG00000072736,ENSG00000090432,ENSG00000154822,ENSG00000144560,ENSG00000064651,ENSG00000175970,ENSG00000149256,ENSG00000135766,ENSG00000250722,ENSG00000136689,ENSG00000173166,ENSG00000121807,ENSG00000150760,ENSG00000173641,ENSG00000253846,ENSG00000253305,ENSG00000077585,ENSG00000198959,ENSG00000242950,ENSG00000154310,ENSG00000112414,ENSG00000144749,ENSG00000116824,ENSG00000254122,ENSG00000104055,ENSG00000034053,ENSG00000160179,ENSG00000112210,ENSG00000163554,ENSG00000064655,ENSG00000146072,ENSG00000139567,ENSG00000113645,ENSG00000173546,ENSG00000156535,ENSG00000196878,ENSG00000153012,ENSG00000164976,ENSG00000257315,ENSG00000120322,ENSG00000176438,ENSG00000134780,ENSG00000165072,ENSG00000156875,ENSG00000180447,ENSG00000050030,ENSG00000163884","GO:BP - developmental process"
"query_1",TRUE,0.000689146329095548,4658,176,67,0.380681818181818,0.0143838557320739,"GO:0007275","GO:BP","multicellular organism development",21017,2802,"NAS,IDA,IEA,IBA,IEA,ISS IBA IEA,IEA,IMP ISS IEA,IEA,IMP IBA NAS IEA,IEA,TAS,IEA,IEA,IEP IEA,IEA,IEA,ISS,NAS IEA,IBA,IEA,IEA,IBA IEA,ISS IEA,IMP,IBA IEA,IMP,IEA,ISS,IEA,IEA,IDA ISS,IEA,ISS IEA,ISS,IBA,IMP ISS IBA IEA,ISS IEA,IEA,IDA,IEA,IDA ISS IEA,IEA,IEA,IEA,ISS IBA,IDA ISS IEA,IDA IBA IEA,IMP ISS IBA TAS,IEA,NAS,IEA,TAS IEA,IMP,TAS IEA,IMP ISS IBA IEA,IMP IGI ISS IBA TAS IEA,IEA,IEA,IEP,ISS IBA IEA,IEA,IEA,IEA,IBA,IBA IEA,ISS IEA","GPNMB,SYT2,A2M,PSAP,CNOT1,PRKDC,FLNA,SLC31A1,LIPA,NOTCH2,NDRG1,CMKLR1,APOB,AP2B1,ITGA4,FMN1,SH3PXD2A,SCARB2,TLR4,TDRD6,PCDHGC3,NRIP1,BMP2K,CERS2,ANO6,UBASH3B,SH3PXD2B,SLC40A1,MICAL2,LMNA,EPAS1,NFATC3,MUL1,VGLL4,SLC12A2,UNC119B,TENM4,EGLN1,SELENOP,IL1RN,RAPH1,CCR2,HSPB7,PCDHGA10,PCDHGB6,GPR137B,TGM2,TNIK,ADGRG6,LRIG1,CD2,PCDHGB7,APBA2,RAB23,EYA2,TNFRSF21,ACVRL1,CSPG4,CD109,LAMB3,LGI2,ZBED6,PCDHB8,DAGLA,MAMDC2,NEXMIF,KLF15","GPNMB,SYT2,A2M,PSAP,CNOT1,PRKDC,FLNA,SLC31A1,LIPA,NOTCH2,NDRG1,CMKLR1,APOB,AP2B1,ITGA4,FMN1,SH3PXD2A,SCARB2,TLR4,TDRD6,PCDHGC3,NRIP1,BMP2K,CERS2,ANO6,UBASH3B,SH3PXD2B,SLC40A1,MICAL2,LMNA,EPAS1,NFATC3,MUL1,VGLL4,SLC12A2,UNC119B,TENM4,EGLN1,SELENOP,IL1RN,RAPH1,CCR2,HSPB7,PCDHGA10,PCDHGB6,GPR137B,TGM2,TNIK,ADGRG6,LRIG1,CD2,PCDHGB7,APBA2,RAB23,EYA2,TNFRSF21,ACVRL1,CSPG4,CD109,LAMB3,LGI2,ZBED6,PCDHB8,DAGLA,MAMDC2,NEXMIF,KLF15","ENSG00000136235,ENSG00000143858,ENSG00000175899,ENSG00000197746,ENSG00000125107,ENSG00000253729,ENSG00000196924,ENSG00000136868,ENSG00000107798,ENSG00000134250,ENSG00000104419,ENSG00000174600,ENSG00000084674,ENSG00000006125,ENSG00000115232,ENSG00000248905,ENSG00000107957,ENSG00000138760,ENSG00000136869,ENSG00000180113,ENSG00000240184,ENSG00000180530,ENSG00000138756,ENSG00000143418,ENSG00000177119,ENSG00000154127,ENSG00000174705,ENSG00000138449,ENSG00000133816,ENSG00000160789,ENSG00000116016,ENSG00000072736,ENSG00000090432,ENSG00000144560,ENSG00000064651,ENSG00000175970,ENSG00000149256,ENSG00000135766,ENSG00000250722,ENSG00000136689,ENSG00000173166,ENSG00000121807,ENSG00000173641,ENSG00000253846,ENSG00000253305,ENSG00000077585,ENSG00000198959,ENSG00000154310,ENSG00000112414,ENSG00000144749,ENSG00000116824,ENSG00000254122,ENSG00000034053,ENSG00000112210,ENSG00000064655,ENSG00000146072,ENSG00000139567,ENSG00000173546,ENSG00000156535,ENSG00000196878,ENSG00000153012,ENSG00000257315,ENSG00000120322,ENSG00000134780,ENSG00000165072,ENSG00000050030,ENSG00000163884","GO:BP - multicellular organism development"
"query_1",TRUE,0.000914580839815028,8993,176,106,0.602272727272727,0.0117869454019793,"GO:0050896","GO:BP","response to stimulus",21017,13339,"IDA TAS NAS,IDA IEA,IMP NAS IC IEA,IBA,IBA,IDA IEA,IBA,IDA,IDA IMP IBA TAS NAS IEA,IDA IBA IEA,IEA,IDA IMP IGI HMP NAS IEA,IMP,IDA IBA TAS IEA,IDA,TAS,IMP NAS,IEA,IDA IMP ISS IBA IEA,IEP IBA TAS,IDA IMP IBA TAS NAS IEA,IDA IEP ISS IBA IEA,IMP ISS IBA TAS IEA,IEA,IDA TAS,IEP,IDA NAS IEA,IEA,IDA IMP ISS IBA TAS NAS IC IEA,IGI IBA NAS IEA,IDA IMP IBA IEA,IDA,IDA IMP IGI IEP ISS IBA TAS NAS IC IEA,HMP,IDA IBA,IDA IMP IEP IBA TAS IEA,IBA,IBA IEA,ISS IEA,IMP ISS,IBA IEA,IDA IEP ISS IEA,IDA IBA,IDA IMP NAS IEA,IDA IBA TAS IEA,IBA TAS IEA,IDA IMP HMP,IEA,IDA ISS IEA,IMP ISS IEA,IEA,IDA IBA,TAS,IBA TAS IEA,IDA IBA NAS IEA,IBA,IEA,IDA ISS IBA TAS IEA,TAS IEA,IDA,ISS IBA IEA,TAS,IBA,IMP IBA,IDA IMP ISS,IMP,IDA IMP IBA IEA,IMP ISS IBA TAS IEA,IDA TAS,IDA IMP IEP,TAS IEA,IDA IEA,ISS IEA,ISS,IMP,IDA TAS IEA,IBA IEA,IDA,IDA ISS IBA IEA,IBA TAS IEA,IDA IMP IGI IBA TAS IEA,IDA IMP IBA,IDA TAS IEA,IDA IEA,IDA,IBA,ISS IEA,IEA,IEA,IBA TAS IEA,TAS,ISS IBA TAS IEA,IDA IPI IMP IBA TAS IEA,IDA IBA IEA,IMP IBA TAS,IMP IBA TAS,ISS IEA,IDA ISS IEA,IEP ISS,IDA,IEA,IDA IBA IEA,IEA,IEA,IBA,ISS TAS IEA","HSPA8,ATP1A1,GPNMB,PDIA6,SYT2,A2M,PSAP,CNOT1,PRKDC,ABHD2,MRC1,FLNA,SLC31A1,ARHGEF12,MGAT5,FGD5,SMCR8,LIPA,NOTCH2,NDRG1,CMKLR1,HYOU1,SEL1L,RALGAPA2,PLA2G7,APOB,ASCC3,CERS6,CSNK1A1,ITGA4,ARRB1,TBC1D5,TLR4,CANT1,NRIP1,CCR5,BMP2K,MCM2,CERS2,ANO6,UBASH3B,LMNA,ZNF366,ABCA1,EPAS1,NFATC3,MUL1,PLCL2,VGLL4,SLC12A2,TENM4,EGLN1,SELENOP,F8,IL1RN,TNFRSF10C,RAPH1,CCR2,DOCK1,MAN1A1,SYT11,HSPB7,NCR3LG1,GPR137B,TGM2,ALDH1A1,TNIK,ADGRG6,CD2,ACER2,ARHGAP10,ABCG1,LPCAT3,MGAT3,RAB23,PLD1,EYA2,ABCG2,TNFRSF21,DGKI,ACVRL1,WWC1,ARHGEF5,CSPG4,CD109,KHK,MYORG,DIRAS1,ZBED6,GPR39,CMBL,CCRL2,OPRL1,TAS2R3,NR3C2,ARL2BP,DAGLA,ARMH4,GAS1,LYNX1,PRDM5,SRXN1,PLCXD3,KLF15,OTUB2,RGS8","HSPA8,ATP1A1,GPNMB,PDIA6,SYT2,A2M,PSAP,CNOT1,PRKDC,ABHD2,MRC1,FLNA,SLC31A1,ARHGEF12,MGAT5,FGD5,SMCR8,LIPA,NOTCH2,NDRG1,CMKLR1,HYOU1,SEL1L,RALGAPA2,PLA2G7,APOB,ASCC3,CERS6,CSNK1A1,ITGA4,ARRB1,TBC1D5,TLR4,CANT1,NRIP1,CCR5,BMP2K,MCM2,CERS2,ANO6,UBASH3B,LMNA,ZNF366,ABCA1,EPAS1,NFATC3,MUL1,PLCL2,VGLL4,SLC12A2,TENM4,EGLN1,SELENOP,F8,IL1RN,TNFRSF10C,RAPH1,CCR2,DOCK1,MAN1A1,SYT11,HSPB7,NCR3LG1,GPR137B,TGM2,ALDH1A1,TNIK,ADGRG6,CD2,ACER2,ARHGAP10,ABCG1,LPCAT3,MGAT3,RAB23,PLD1,EYA2,ABCG2,TNFRSF21,DGKI,ACVRL1,WWC1,ARHGEF5,CSPG4,CD109,KHK,MYORG,DIRAS1,ZBED6,GPR39,CMBL,CCRL2,OPRL1,TAS2R3,NR3C2,ARL2BP,DAGLA,ARMH4,GAS1,LYNX1,PRDM5,SRXN1,PLCXD3,KLF15,OTUB2,RGS8","ENSG00000109971,ENSG00000163399,ENSG00000136235,ENSG00000143870,ENSG00000143858,ENSG00000175899,ENSG00000197746,ENSG00000125107,ENSG00000253729,ENSG00000140526,ENSG00000260314,ENSG00000196924,ENSG00000136868,ENSG00000196914,ENSG00000152127,ENSG00000154783,ENSG00000176994,ENSG00000107798,ENSG00000134250,ENSG00000104419,ENSG00000174600,ENSG00000149428,ENSG00000071537,ENSG00000188559,ENSG00000146070,ENSG00000084674,ENSG00000112249,ENSG00000172292,ENSG00000113712,ENSG00000115232,ENSG00000137486,ENSG00000131374,ENSG00000136869,ENSG00000171302,ENSG00000180530,ENSG00000160791,ENSG00000138756,ENSG00000073111,ENSG00000143418,ENSG00000177119,ENSG00000154127,ENSG00000160789,ENSG00000178175,ENSG00000165029,ENSG00000116016,ENSG00000072736,ENSG00000090432,ENSG00000154822,ENSG00000144560,ENSG00000064651,ENSG00000149256,ENSG00000135766,ENSG00000250722,ENSG00000185010,ENSG00000136689,ENSG00000173535,ENSG00000173166,ENSG00000121807,ENSG00000150760,ENSG00000111885,ENSG00000132718,ENSG00000173641,ENSG00000188211,ENSG00000077585,ENSG00000198959,ENSG00000165092,ENSG00000154310,ENSG00000112414,ENSG00000116824,ENSG00000177076,ENSG00000071205,ENSG00000160179,ENSG00000111684,ENSG00000128268,ENSG00000112210,ENSG00000075651,ENSG00000064655,ENSG00000118777,ENSG00000146072,ENSG00000157680,ENSG00000139567,ENSG00000113645,ENSG00000050327,ENSG00000173546,ENSG00000156535,ENSG00000138030,ENSG00000164976,ENSG00000176490,ENSG00000257315,ENSG00000183840,ENSG00000164237,ENSG00000121797,ENSG00000125510,ENSG00000127362,ENSG00000151623,ENSG00000102931,ENSG00000134780,ENSG00000139971,ENSG00000180447,ENSG00000180155,ENSG00000138738,ENSG00000271303,ENSG00000182836,ENSG00000163884,ENSG00000089723,ENSG00000135824","GO:BP - response to stimulus"
"query_1",TRUE,0.000914580839815028,4341,176,63,0.357954545454545,0.0145127850725639,"GO:0006810","GO:BP","transport",21017,2490,"IDA IMP IBA TAS,IDA ISS ISO IBA NAS IEA,IBA,IDA IMP,IDA IBA IEA,IDA IMP NAS IEA,IDA ISS TAS IEA,NAS,IEA,IDA,IMP ISS IEA,IMP IBA IEA,NAS,IDA IMP IBA TAS NAS IEA,IMP,IEA,IBA IEA,IMP IBA IEA,IMP ISS IBA NAS IEA,IMP IEA,IDA IMP,IDA IBA TAS IEA,IDA,IBA,IDA IMP IGI ISS IBA TAS IEA,IDA IBA IEA,IBA IEA,IMP ISS IBA IEA,ISS IEA,IBA IEA,IDA IMP IGI ISS IBA IEA,IMP IBA NAS IEA,IDA,ISS IEA,IDA ISS IBA TAS NAS IEA,IDA IBA IEA,IEA,IEA,ISS IEA,TAS IEA,IBA IEA,ISS IBA TAS IEA,IDA IEA,IBA IEA,IEA,IDA IMP ISS IBA IEA,ISS IEA,IBA IEA,IMP IBA IEA,IDA IMP IBA,IEA,IDA IMP ISS IBA NAS IC IEA,IEA,IEA,TAS,IMP,IEA,IBA,IEA,IMP,IDA IBA IEA,IEA,IDA IMP IBA IEA","HSPA8,ATP1A1,SYT2,PSAP,MRC1,FLNA,SLC31A1,SMCR8,LIPA,HYOU1,SEL1L,APOB,CD93,AP2B1,TBC1D14,ITGA4,SEC23B,ARRB1,SCARB2,TBC1D5,TLR4,SLC36A1,CCR5,BMP2K,ANO6,RAB11FIP1,UBASH3B,SLC40A1,CYP51A1,LMNA,ABCA1,NBAS,MUL1,MMGT1,SLC12A2,UNC119B,IL1RN,DNAJC14,CCR2,DOCK1,ATP6V0D2,SYT11,TGM2,CADPS2,APBA2,ABCG1,LPCAT3,GABRA3,RAB23,PLD1,EYA2,ABCG2,DGKI,ICAM3,WWC1,ARHGEF5,ZBED6,SYNE3,MFSD14A,GAS1,SLC22A4,KLF15,EHD3","HSPA8,ATP1A1,SYT2,PSAP,MRC1,FLNA,SLC31A1,SMCR8,LIPA,HYOU1,SEL1L,APOB,CD93,AP2B1,TBC1D14,ITGA4,SEC23B,ARRB1,SCARB2,TBC1D5,TLR4,SLC36A1,CCR5,BMP2K,ANO6,RAB11FIP1,UBASH3B,SLC40A1,CYP51A1,LMNA,ABCA1,NBAS,MUL1,MMGT1,SLC12A2,UNC119B,IL1RN,DNAJC14,CCR2,DOCK1,ATP6V0D2,SYT11,TGM2,CADPS2,APBA2,ABCG1,LPCAT3,GABRA3,RAB23,PLD1,EYA2,ABCG2,DGKI,ICAM3,WWC1,ARHGEF5,ZBED6,SYNE3,MFSD14A,GAS1,SLC22A4,KLF15,EHD3","ENSG00000109971,ENSG00000163399,ENSG00000143858,ENSG00000197746,ENSG00000260314,ENSG00000196924,ENSG00000136868,ENSG00000176994,ENSG00000107798,ENSG00000149428,ENSG00000071537,ENSG00000084674,ENSG00000125810,ENSG00000006125,ENSG00000132405,ENSG00000115232,ENSG00000101310,ENSG00000137486,ENSG00000138760,ENSG00000131374,ENSG00000136869,ENSG00000123643,ENSG00000160791,ENSG00000138756,ENSG00000177119,ENSG00000156675,ENSG00000154127,ENSG00000138449,ENSG00000001630,ENSG00000160789,ENSG00000165029,ENSG00000151779,ENSG00000090432,ENSG00000169446,ENSG00000064651,ENSG00000175970,ENSG00000136689,ENSG00000135392,ENSG00000121807,ENSG00000150760,ENSG00000147614,ENSG00000132718,ENSG00000198959,ENSG00000081803,ENSG00000034053,ENSG00000160179,ENSG00000111684,ENSG00000011677,ENSG00000112210,ENSG00000075651,ENSG00000064655,ENSG00000118777,ENSG00000157680,ENSG00000076662,ENSG00000113645,ENSG00000050327,ENSG00000257315,ENSG00000176438,ENSG00000156875,ENSG00000180447,ENSG00000197208,ENSG00000163884,ENSG00000013016","GO:BP - transport"
"query_1",TRUE,0.000914580839815028,3958,176,59,0.335227272727273,0.0149065184436584,"GO:0048583","GO:BP","regulation of response to stimulus",21017,12854,"IDA,IC IEA,IDA,IDA,IDA IEA,IMP HMP IEA,TAS IEA,IDA,TAS,IMP NAS,IEA,IDA IEA,IDA IMP IBA,IDA IBA IEA,IEA,IDA TAS,IDA IMP ISS IBA IC,IDA IMP IBA IEA,IDA IMP ISS IBA IC IEA,HMP,IBA,ISS IEA,IMP,IBA IEA,ISS IEA,IDA IBA,IMP,IEA,IDA IMP HMP,IEA,IDA ISS IEA,ISS,IDA IBA IEA,IDA ISS IEA,ISS IEA,IBA,IMP IBA,ISS,IDA IMP IBA,TAS,ISS IEA,IBA,ISS IEA,IEA,IDA IMP IGI IEA,IDA IMP IBA,IDA TAS,IEA,IDA,ISS IEA,IEA,IMP,ISS IEA,IDA ISS IEA,ISS,IDA,IEA,IBA,ISS IEA","HSPA8,GPNMB,A2M,CNOT1,PRKDC,FLNA,ARHGEF12,MGAT5,FGD5,SMCR8,LIPA,NOTCH2,CMKLR1,HYOU1,RALGAPA2,PLA2G7,CSNK1A1,ARRB1,TLR4,CANT1,BMP2K,CERS2,ANO6,UBASH3B,LMNA,ZNF366,ABCA1,NFATC3,MUL1,PLCL2,VGLL4,SLC12A2,IL1RN,CCR2,SYT11,NCR3LG1,GPR137B,TGM2,TNIK,ARHGAP10,LPCAT3,EYA2,TNFRSF21,DGKI,ACVRL1,WWC1,ARHGEF5,CSPG4,CD109,MYORG,OPRL1,NR3C2,DAGLA,ARMH4,GAS1,LYNX1,KLF15,OTUB2,RGS8","HSPA8,GPNMB,A2M,CNOT1,PRKDC,FLNA,ARHGEF12,MGAT5,FGD5,SMCR8,LIPA,NOTCH2,CMKLR1,HYOU1,RALGAPA2,PLA2G7,CSNK1A1,ARRB1,TLR4,CANT1,BMP2K,CERS2,ANO6,UBASH3B,LMNA,ZNF366,ABCA1,NFATC3,MUL1,PLCL2,VGLL4,SLC12A2,IL1RN,CCR2,SYT11,NCR3LG1,GPR137B,TGM2,TNIK,ARHGAP10,LPCAT3,EYA2,TNFRSF21,DGKI,ACVRL1,WWC1,ARHGEF5,CSPG4,CD109,MYORG,OPRL1,NR3C2,DAGLA,ARMH4,GAS1,LYNX1,KLF15,OTUB2,RGS8","ENSG00000109971,ENSG00000136235,ENSG00000175899,ENSG00000125107,ENSG00000253729,ENSG00000196924,ENSG00000196914,ENSG00000152127,ENSG00000154783,ENSG00000176994,ENSG00000107798,ENSG00000134250,ENSG00000174600,ENSG00000149428,ENSG00000188559,ENSG00000146070,ENSG00000113712,ENSG00000137486,ENSG00000136869,ENSG00000171302,ENSG00000138756,ENSG00000143418,ENSG00000177119,ENSG00000154127,ENSG00000160789,ENSG00000178175,ENSG00000165029,ENSG00000072736,ENSG00000090432,ENSG00000154822,ENSG00000144560,ENSG00000064651,ENSG00000136689,ENSG00000121807,ENSG00000132718,ENSG00000188211,ENSG00000077585,ENSG00000198959,ENSG00000154310,ENSG00000071205,ENSG00000111684,ENSG00000064655,ENSG00000146072,ENSG00000157680,ENSG00000139567,ENSG00000113645,ENSG00000050327,ENSG00000173546,ENSG00000156535,ENSG00000164976,ENSG00000125510,ENSG00000151623,ENSG00000134780,ENSG00000139971,ENSG00000180447,ENSG00000180155,ENSG00000163884,ENSG00000089723,ENSG00000135824","GO:BP - regulation of response to stimulus"
"query_1",TRUE,0.000914580839815028,921,176,23,0.130681818181818,0.0249728555917481,"GO:0098657","GO:BP","import into cell",21017,18813,"IDA ISS ISO IBA,IBA,IDA IBA IEA,IEA,NAS,IDA IMP TAS NAS IEA,IEA,IMP IBA,ISS IBA IEA,IMP,IDA,IDA,IBA,ISS,IEA,IDA ISS IBA,IEA,TAS IEA,ISS IEA,IDA IEA,IEA,IDA,IBA","ATP1A1,SYT2,MRC1,LIPA,CD93,AP2B1,ITGA4,ARRB1,SCARB2,TBC1D5,TLR4,SLC36A1,BMP2K,ANO6,ABCA1,SLC12A2,CCR2,DOCK1,SYT11,TGM2,ICAM3,SLC22A4,EHD3","ATP1A1,SYT2,MRC1,LIPA,CD93,AP2B1,ITGA4,ARRB1,SCARB2,TBC1D5,TLR4,SLC36A1,BMP2K,ANO6,ABCA1,SLC12A2,CCR2,DOCK1,SYT11,TGM2,ICAM3,SLC22A4,EHD3","ENSG00000163399,ENSG00000143858,ENSG00000260314,ENSG00000107798,ENSG00000125810,ENSG00000006125,ENSG00000115232,ENSG00000137486,ENSG00000138760,ENSG00000131374,ENSG00000136869,ENSG00000123643,ENSG00000138756,ENSG00000177119,ENSG00000165029,ENSG00000064651,ENSG00000121807,ENSG00000150760,ENSG00000132718,ENSG00000198959,ENSG00000076662,ENSG00000197208,ENSG00000013016","GO:BP - import into cell"
"query_1",TRUE,0.000914580839815028,180,176,10,0.0568181818181818,0.0555555555555556,"GO:0048771","GO:BP","tissue remodeling",21017,13020,"IDA IEA,IEA,IEA,IMP,IBA IEA,IEA,ISS IEA,ISS IBA,ISS IEA,IEA","GPNMB,FLNA,LIPA,NOTCH2,UBASH3B,EPAS1,CCR2,GPR137B,ACVRL1,CSPG4","GPNMB,FLNA,LIPA,NOTCH2,UBASH3B,EPAS1,CCR2,GPR137B,ACVRL1,CSPG4","ENSG00000136235,ENSG00000196924,ENSG00000107798,ENSG00000134250,ENSG00000154127,ENSG00000116016,ENSG00000121807,ENSG00000077585,ENSG00000139567,ENSG00000173546","GO:BP - tissue remodeling"
"query_1",TRUE,0.00171375252451614,1181,176,26,0.147727272727273,0.0220152413209145,"GO:0048646","GO:BP","anatomical structure formation involved in morphogenesis",21017,12904,"NAS,IEA,ISS IEA,IEA,IMP ISS IEA,IEA,IEP,IEA,IMP,ISS IEA,IEA,IEA,ISS,IMP ISS IEA,ISS IEA,ISS IEA,IBA,IEA,IDA IMP IBA,IBA,TAS,IMP ISS IBA TAS IEA,IEA,IEA,IEP,IEA","GPNMB,CNOT1,PRKDC,FLNA,SLC31A1,NOTCH2,ITGA4,FMN1,SH3PXD2A,PTGFRN,SLC40A1,EPAS1,SLC12A2,TENM4,EGLN1,CCR2,DOCK1,TGM2,ERVW-1,ADGRG6,EYA2,ACVRL1,CSPG4,CD109,LAMB3,MFSD14A","GPNMB,CNOT1,PRKDC,FLNA,SLC31A1,NOTCH2,ITGA4,FMN1,SH3PXD2A,PTGFRN,SLC40A1,EPAS1,SLC12A2,TENM4,EGLN1,CCR2,DOCK1,TGM2,ERVW-1,ADGRG6,EYA2,ACVRL1,CSPG4,CD109,LAMB3,MFSD14A","ENSG00000136235,ENSG00000125107,ENSG00000253729,ENSG00000196924,ENSG00000136868,ENSG00000134250,ENSG00000115232,ENSG00000248905,ENSG00000107957,ENSG00000134247,ENSG00000138449,ENSG00000116016,ENSG00000064651,ENSG00000149256,ENSG00000135766,ENSG00000121807,ENSG00000150760,ENSG00000198959,ENSG00000242950,ENSG00000112414,ENSG00000064655,ENSG00000139567,ENSG00000173546,ENSG00000156535,ENSG00000196878,ENSG00000156875","GO:BP - anatomical structure formation involved in morphogenesis"
"query_1",TRUE,0.00197881094884613,704,176,19,0.107954545454545,0.0269886363636364,"GO:0006897","GO:BP","endocytosis",21017,2551,"IBA,IDA IBA IEA,IEA,NAS,IDA IMP TAS NAS IEA,IEA,IMP IBA,ISS IBA IEA,IMP,IDA,IBA,ISS,IEA,IEA,TAS IEA,ISS IEA,IDA IEA,IEA,IBA","SYT2,MRC1,LIPA,CD93,AP2B1,ITGA4,ARRB1,SCARB2,TBC1D5,TLR4,BMP2K,ANO6,ABCA1,CCR2,DOCK1,SYT11,TGM2,ICAM3,EHD3","SYT2,MRC1,LIPA,CD93,AP2B1,ITGA4,ARRB1,SCARB2,TBC1D5,TLR4,BMP2K,ANO6,ABCA1,CCR2,DOCK1,SYT11,TGM2,ICAM3,EHD3","ENSG00000143858,ENSG00000260314,ENSG00000107798,ENSG00000125810,ENSG00000006125,ENSG00000115232,ENSG00000137486,ENSG00000138760,ENSG00000131374,ENSG00000136869,ENSG00000138756,ENSG00000177119,ENSG00000165029,ENSG00000121807,ENSG00000150760,ENSG00000132718,ENSG00000198959,ENSG00000076662,ENSG00000013016","GO:BP - endocytosis"
"query_1",TRUE,0.00203656375441616,3446,176,52,0.295454545454545,0.0150899593731863,"GO:0023051","GO:BP","regulation of signaling",21017,6639,"IDA,IC IEA,IDA,IDA,IMP HMP,TAS IEA,IDA,TAS,IMP,IEA,IDA IEA,IDA IBA,IDA IBA IEA,IEA,IDA IMP ISS IBA IC,IDA IMP IBA IEA,IDA ISS IEA,HMP,IBA,IDA,IBA IEA,IEA,IDA IBA,IMP,IDA IMP HMP,IEA,IDA ISS IEA,ISS IEA,IDA IBA IEA,ISS IEA,TAS,IMP IBA,ISS,IDA IMP IBA,IEA,TAS,IBA,IBA IEA,IDA IMP IGI IEA,IDA IMP IBA,IDA TAS,IEA,IDA,ISS IEA,IEA,IEA,IMP,ISS IEA,ISS,IDA,IEA,ISS IEA","HSPA8,GPNMB,CNOT1,PRKDC,FLNA,ARHGEF12,MGAT5,FGD5,SMCR8,LIPA,NOTCH2,CMKLR1,HYOU1,RALGAPA2,CSNK1A1,ARRB1,TLR4,CANT1,BMP2K,RAB11FIP1,UBASH3B,LMNA,ZNF366,ABCA1,MUL1,PLCL2,VGLL4,SLC12A2,IL1RN,CCR2,SYT11,GPR137B,TGM2,TNIK,APBA2,ARHGAP10,EYA2,DGKI,ACVRL1,WWC1,ARHGEF5,CSPG4,CD109,MYORG,ZBED6,OPRL1,NR3C2,ARMH4,GAS1,LYNX1,KLF15,RGS8","HSPA8,GPNMB,CNOT1,PRKDC,FLNA,ARHGEF12,MGAT5,FGD5,SMCR8,LIPA,NOTCH2,CMKLR1,HYOU1,RALGAPA2,CSNK1A1,ARRB1,TLR4,CANT1,BMP2K,RAB11FIP1,UBASH3B,LMNA,ZNF366,ABCA1,MUL1,PLCL2,VGLL4,SLC12A2,IL1RN,CCR2,SYT11,GPR137B,TGM2,TNIK,APBA2,ARHGAP10,EYA2,DGKI,ACVRL1,WWC1,ARHGEF5,CSPG4,CD109,MYORG,ZBED6,OPRL1,NR3C2,ARMH4,GAS1,LYNX1,KLF15,RGS8","ENSG00000109971,ENSG00000136235,ENSG00000125107,ENSG00000253729,ENSG00000196924,ENSG00000196914,ENSG00000152127,ENSG00000154783,ENSG00000176994,ENSG00000107798,ENSG00000134250,ENSG00000174600,ENSG00000149428,ENSG00000188559,ENSG00000113712,ENSG00000137486,ENSG00000136869,ENSG00000171302,ENSG00000138756,ENSG00000156675,ENSG00000154127,ENSG00000160789,ENSG00000178175,ENSG00000165029,ENSG00000090432,ENSG00000154822,ENSG00000144560,ENSG00000064651,ENSG00000136689,ENSG00000121807,ENSG00000132718,ENSG00000077585,ENSG00000198959,ENSG00000154310,ENSG00000034053,ENSG00000071205,ENSG00000064655,ENSG00000157680,ENSG00000139567,ENSG00000113645,ENSG00000050327,ENSG00000173546,ENSG00000156535,ENSG00000164976,ENSG00000257315,ENSG00000125510,ENSG00000151623,ENSG00000139971,ENSG00000180447,ENSG00000180155,ENSG00000163884,ENSG00000135824","GO:BP - regulation of signaling"
"query_1",TRUE,0.00203656375441616,6496,176,82,0.465909090909091,0.0126231527093596,"GO:0007154","GO:BP","cell communication",21017,2718,"IDA,TAS,IMP IC IEA,IBA,IBA,IDA,IDA IMP IBA IEA,IDA IBA,IMP IGI HMP IC IEA,IMP,IDA IBA TAS IEA,IDA,TAS,IMP,IEA,IDA IMP IBA IEA,IEP IBA,IDA IBA TAS NAS IEA,IDA IBA IEA,IEA,IEA,IDA IMP ISS IBA TAS NAS IC IEA,IBA NAS IEA,IDA IMP IBA IEA,IDA IGI ISS IBA IEA,HMP,IDA IMP IEP IBA TAS IEA,IBA,IMP,IDA,IBA IEA,IEA,IDA IBA,IMP ISS IEA,TAS,IBA,IDA IMP HMP,IEA,IDA ISS IEA,ISS IEA,IEA,IDA IBA IEA,IBA,IEA,IDA ISS IBA TAS IEA,TAS IEA,ISS IBA TAS IEA,IMP IBA,IDA IMP ISS,IDA IMP IBA IEA,IMP ISS IBA TAS IEA,IEA,TAS,IMP,IBA IEA,TAS IEA,IBA TAS IEA,TAS IEA,IBA IEA,ISS IEA,IBA IEA,IDA IMP IGI IBA TAS IEA,IDA IMP IBA,IDA TAS IEA,IDA IEA,IDA,ISS IEA,IEA,IEA,IBA TAS IEA,IBA TAS IEA,IDA IPI IMP IBA TAS IEA,IEA,IMP IBA TAS,IMP IBA TAS,IMP ISS IBA IEA,ISS IEA,ISS,IDA IEA,IEA,IEA,ISS TAS IEA","HSPA8,ATP1A1,GPNMB,SYT2,PSAP,CNOT1,PRKDC,ABHD2,FLNA,SLC31A1,ARHGEF12,MGAT5,FGD5,SMCR8,LIPA,NOTCH2,NDRG1,CMKLR1,HYOU1,SEL1L,RALGAPA2,CSNK1A1,ITGA4,ARRB1,TLR4,CANT1,CCR5,BMP2K,ANO6,RAB11FIP1,UBASH3B,LMNA,ZNF366,ABCA1,EPAS1,NFATC3,MUL1,PLCL2,VGLL4,SLC12A2,TENM4,IL1RN,TNFRSF10C,RAPH1,CCR2,DOCK1,SYT11,GPR137B,TGM2,TNIK,ADGRG6,CADPS2,CD2,ACER2,APBA2,ARHGAP10,GABRA3,PLD1,EYA2,TNFRSF21,DGKI,ACVRL1,WWC1,ARHGEF5,CSPG4,CD109,MYORG,DIRAS1,ZBED6,GPR39,CCRL2,OPRL1,TAS2R3,NR3C2,ARL2BP,DAGLA,ARMH4,GAS1,LYNX1,PLCXD3,KLF15,RGS8","HSPA8,ATP1A1,GPNMB,SYT2,PSAP,CNOT1,PRKDC,ABHD2,FLNA,SLC31A1,ARHGEF12,MGAT5,FGD5,SMCR8,LIPA,NOTCH2,NDRG1,CMKLR1,HYOU1,SEL1L,RALGAPA2,CSNK1A1,ITGA4,ARRB1,TLR4,CANT1,CCR5,BMP2K,ANO6,RAB11FIP1,UBASH3B,LMNA,ZNF366,ABCA1,EPAS1,NFATC3,MUL1,PLCL2,VGLL4,SLC12A2,TENM4,IL1RN,TNFRSF10C,RAPH1,CCR2,DOCK1,SYT11,GPR137B,TGM2,TNIK,ADGRG6,CADPS2,CD2,ACER2,APBA2,ARHGAP10,GABRA3,PLD1,EYA2,TNFRSF21,DGKI,ACVRL1,WWC1,ARHGEF5,CSPG4,CD109,MYORG,DIRAS1,ZBED6,GPR39,CCRL2,OPRL1,TAS2R3,NR3C2,ARL2BP,DAGLA,ARMH4,GAS1,LYNX1,PLCXD3,KLF15,RGS8","ENSG00000109971,ENSG00000163399,ENSG00000136235,ENSG00000143858,ENSG00000197746,ENSG00000125107,ENSG00000253729,ENSG00000140526,ENSG00000196924,ENSG00000136868,ENSG00000196914,ENSG00000152127,ENSG00000154783,ENSG00000176994,ENSG00000107798,ENSG00000134250,ENSG00000104419,ENSG00000174600,ENSG00000149428,ENSG00000071537,ENSG00000188559,ENSG00000113712,ENSG00000115232,ENSG00000137486,ENSG00000136869,ENSG00000171302,ENSG00000160791,ENSG00000138756,ENSG00000177119,ENSG00000156675,ENSG00000154127,ENSG00000160789,ENSG00000178175,ENSG00000165029,ENSG00000116016,ENSG00000072736,ENSG00000090432,ENSG00000154822,ENSG00000144560,ENSG00000064651,ENSG00000149256,ENSG00000136689,ENSG00000173535,ENSG00000173166,ENSG00000121807,ENSG00000150760,ENSG00000132718,ENSG00000077585,ENSG00000198959,ENSG00000154310,ENSG00000112414,ENSG00000081803,ENSG00000116824,ENSG00000177076,ENSG00000034053,ENSG00000071205,ENSG00000011677,ENSG00000075651,ENSG00000064655,ENSG00000146072,ENSG00000157680,ENSG00000139567,ENSG00000113645,ENSG00000050327,ENSG00000173546,ENSG00000156535,ENSG00000164976,ENSG00000176490,ENSG00000257315,ENSG00000183840,ENSG00000121797,ENSG00000125510,ENSG00000127362,ENSG00000151623,ENSG00000102931,ENSG00000134780,ENSG00000139971,ENSG00000180447,ENSG00000180155,ENSG00000182836,ENSG00000163884,ENSG00000135824","GO:BP - cell communication"
"query_1",TRUE,0.00203656375441616,3453,176,52,0.295454545454545,0.015059368664929,"GO:0010646","GO:BP","regulation of cell communication",21017,4292,"IDA,IC IEA,IDA,IDA,IMP HMP,TAS IEA,IDA,TAS,IMP,IEA,IDA IEA,IDA IBA,IDA IBA IEA,IEA,IDA IMP ISS IBA IC,IDA IMP IBA IEA,IDA ISS IEA,HMP,IBA,IDA,IBA IEA,IEA,IDA IBA,IMP,IDA IMP HMP,IEA,IDA ISS IEA,ISS IEA,IDA IBA IEA,ISS IEA,TAS,IMP IBA,ISS,IDA IMP IBA,IEA,TAS,IBA,IBA IEA,IDA IMP IGI IEA,IDA IMP IBA,IDA TAS,IEA,IDA,ISS IEA,IEA,IEA,IMP,ISS IEA,ISS,IDA,IEA,ISS IEA","HSPA8,GPNMB,CNOT1,PRKDC,FLNA,ARHGEF12,MGAT5,FGD5,SMCR8,LIPA,NOTCH2,CMKLR1,HYOU1,RALGAPA2,CSNK1A1,ARRB1,TLR4,CANT1,BMP2K,RAB11FIP1,UBASH3B,LMNA,ZNF366,ABCA1,MUL1,PLCL2,VGLL4,SLC12A2,IL1RN,CCR2,SYT11,GPR137B,TGM2,TNIK,APBA2,ARHGAP10,EYA2,DGKI,ACVRL1,WWC1,ARHGEF5,CSPG4,CD109,MYORG,ZBED6,OPRL1,NR3C2,ARMH4,GAS1,LYNX1,KLF15,RGS8","HSPA8,GPNMB,CNOT1,PRKDC,FLNA,ARHGEF12,MGAT5,FGD5,SMCR8,LIPA,NOTCH2,CMKLR1,HYOU1,RALGAPA2,CSNK1A1,ARRB1,TLR4,CANT1,BMP2K,RAB11FIP1,UBASH3B,LMNA,ZNF366,ABCA1,MUL1,PLCL2,VGLL4,SLC12A2,IL1RN,CCR2,SYT11,GPR137B,TGM2,TNIK,APBA2,ARHGAP10,EYA2,DGKI,ACVRL1,WWC1,ARHGEF5,CSPG4,CD109,MYORG,ZBED6,OPRL1,NR3C2,ARMH4,GAS1,LYNX1,KLF15,RGS8","ENSG00000109971,ENSG00000136235,ENSG00000125107,ENSG00000253729,ENSG00000196924,ENSG00000196914,ENSG00000152127,ENSG00000154783,ENSG00000176994,ENSG00000107798,ENSG00000134250,ENSG00000174600,ENSG00000149428,ENSG00000188559,ENSG00000113712,ENSG00000137486,ENSG00000136869,ENSG00000171302,ENSG00000138756,ENSG00000156675,ENSG00000154127,ENSG00000160789,ENSG00000178175,ENSG00000165029,ENSG00000090432,ENSG00000154822,ENSG00000144560,ENSG00000064651,ENSG00000136689,ENSG00000121807,ENSG00000132718,ENSG00000077585,ENSG00000198959,ENSG00000154310,ENSG00000034053,ENSG00000071205,ENSG00000064655,ENSG00000157680,ENSG00000139567,ENSG00000113645,ENSG00000050327,ENSG00000173546,ENSG00000156535,ENSG00000164976,ENSG00000257315,ENSG00000125510,ENSG00000151623,ENSG00000139971,ENSG00000180447,ENSG00000180155,ENSG00000163884,ENSG00000135824","GO:BP - regulation of cell communication"
"query_1",TRUE,0.00249004670484357,3020,176,47,0.267045454545455,0.0155629139072848,"GO:0009966","GO:BP","regulation of signal transduction",21017,3804,"IDA,IC IEA,IDA,IDA,IMP HMP,TAS IEA,IDA,TAS,IMP,IEA,IDA IEA,IDA IBA,IDA IBA IEA,IEA,IDA IMP ISS IBA IC,IDA IMP IBA IEA,IDA ISS IEA,HMP,IBA,IBA IEA,IEA,IDA IBA,IMP,IDA IMP HMP,IEA,IDA ISS IEA,IDA IBA IEA,ISS,IMP IBA,ISS,IDA IMP IBA,TAS,IBA,IEA,IDA IMP IGI IEA,IDA IMP IBA,IDA TAS,IEA,IDA,ISS IEA,IEA,IMP,ISS IEA,ISS,IDA,IEA,ISS IEA","HSPA8,GPNMB,CNOT1,PRKDC,FLNA,ARHGEF12,MGAT5,FGD5,SMCR8,LIPA,NOTCH2,CMKLR1,HYOU1,RALGAPA2,CSNK1A1,ARRB1,TLR4,CANT1,BMP2K,UBASH3B,LMNA,ZNF366,ABCA1,MUL1,PLCL2,VGLL4,IL1RN,CCR2,GPR137B,TGM2,TNIK,ARHGAP10,EYA2,DGKI,ACVRL1,WWC1,ARHGEF5,CSPG4,CD109,MYORG,OPRL1,NR3C2,ARMH4,GAS1,LYNX1,KLF15,RGS8","HSPA8,GPNMB,CNOT1,PRKDC,FLNA,ARHGEF12,MGAT5,FGD5,SMCR8,LIPA,NOTCH2,CMKLR1,HYOU1,RALGAPA2,CSNK1A1,ARRB1,TLR4,CANT1,BMP2K,UBASH3B,LMNA,ZNF366,ABCA1,MUL1,PLCL2,VGLL4,IL1RN,CCR2,GPR137B,TGM2,TNIK,ARHGAP10,EYA2,DGKI,ACVRL1,WWC1,ARHGEF5,CSPG4,CD109,MYORG,OPRL1,NR3C2,ARMH4,GAS1,LYNX1,KLF15,RGS8","ENSG00000109971,ENSG00000136235,ENSG00000125107,ENSG00000253729,ENSG00000196924,ENSG00000196914,ENSG00000152127,ENSG00000154783,ENSG00000176994,ENSG00000107798,ENSG00000134250,ENSG00000174600,ENSG00000149428,ENSG00000188559,ENSG00000113712,ENSG00000137486,ENSG00000136869,ENSG00000171302,ENSG00000138756,ENSG00000154127,ENSG00000160789,ENSG00000178175,ENSG00000165029,ENSG00000090432,ENSG00000154822,ENSG00000144560,ENSG00000136689,ENSG00000121807,ENSG00000077585,ENSG00000198959,ENSG00000154310,ENSG00000071205,ENSG00000064655,ENSG00000157680,ENSG00000139567,ENSG00000113645,ENSG00000050327,ENSG00000173546,ENSG00000156535,ENSG00000164976,ENSG00000125510,ENSG00000151623,ENSG00000139971,ENSG00000180447,ENSG00000180155,ENSG00000163884,ENSG00000135824","GO:BP - regulation of signal transduction"
"query_1",TRUE,0.00249004670484357,1547,176,30,0.170454545454545,0.0193923723335488,"GO:0016192","GO:BP","vesicle-mediated transport",21017,5168,"IDA IBA,IBA,IDA IBA IEA,IEA,NAS,IEA,IDA,NAS,IDA IMP IBA TAS NAS IEA,IMP,IEA,IBA IEA,IMP IBA,ISS IBA IEA,IMP,IDA,IBA,ISS,IBA,IDA IEA,IMP IBA NAS IEA,ISS IEA,TAS IEA,ISS IBA IEA,IDA IEA,IBA IEA,IDA IMP IBA,IEA,IMP,IDA IMP IBA","HSPA8,SYT2,MRC1,FLNA,SMCR8,LIPA,HYOU1,CD93,AP2B1,TBC1D14,ITGA4,SEC23B,ARRB1,SCARB2,TBC1D5,TLR4,BMP2K,ANO6,RAB11FIP1,ABCA1,NBAS,CCR2,DOCK1,SYT11,TGM2,CADPS2,PLD1,ICAM3,GAS1,EHD3","HSPA8,SYT2,MRC1,FLNA,SMCR8,LIPA,HYOU1,CD93,AP2B1,TBC1D14,ITGA4,SEC23B,ARRB1,SCARB2,TBC1D5,TLR4,BMP2K,ANO6,RAB11FIP1,ABCA1,NBAS,CCR2,DOCK1,SYT11,TGM2,CADPS2,PLD1,ICAM3,GAS1,EHD3","ENSG00000109971,ENSG00000143858,ENSG00000260314,ENSG00000196924,ENSG00000176994,ENSG00000107798,ENSG00000149428,ENSG00000125810,ENSG00000006125,ENSG00000132405,ENSG00000115232,ENSG00000101310,ENSG00000137486,ENSG00000138760,ENSG00000131374,ENSG00000136869,ENSG00000138756,ENSG00000177119,ENSG00000156675,ENSG00000165029,ENSG00000151779,ENSG00000121807,ENSG00000150760,ENSG00000132718,ENSG00000198959,ENSG00000081803,ENSG00000075651,ENSG00000076662,ENSG00000180447,ENSG00000013016","GO:BP - vesicle-mediated transport"
"query_1",TRUE,0.00263534276598652,6471,176,81,0.460227272727273,0.0125173852573018,"GO:0023052","GO:BP","signaling",21017,6640,"IDA,IMP IC IEA,IBA,IBA,IDA,IDA IMP IBA IEA,IDA IBA,IMP IGI HMP IC IEA,IMP,IDA IBA TAS IEA,IDA,TAS,IMP,IEA,IDA IMP IBA IEA,IEP IBA,IDA IBA TAS NAS IEA,IDA IBA IEA,IEA,IEA,IDA IMP ISS IBA TAS NAS IC IEA,IBA NAS IEA,IDA IMP IBA IEA,IDA IGI ISS IBA IEA,HMP,IDA IMP IEP IBA TAS IEA,IBA,IMP,IDA,IBA IEA,IEA,IDA IBA,IMP ISS IEA,TAS,IBA,IDA IMP HMP,IEA,IDA ISS IEA,ISS IEA,IEA,IDA IBA IEA,IBA,IEA,IDA ISS IBA TAS IEA,TAS IEA,ISS IBA TAS IEA,IMP IBA,IDA IMP ISS,IDA IMP IBA IEA,IMP ISS IBA TAS IEA,IEA,TAS,IMP,IBA IEA,TAS IEA,IBA TAS IEA,TAS IEA,IBA IEA,ISS IEA,IBA IEA,IDA IMP IGI IBA TAS IEA,IDA IMP IBA,IDA TAS IEA,IDA IEA,IDA,ISS IEA,IEA,IEA,IBA TAS IEA,IBA TAS IEA,IDA IPI IMP IBA TAS IEA,IEA,IMP IBA TAS,IMP IBA TAS,IMP ISS IBA IEA,ISS IEA,ISS,IDA IEA,IEA,IEA,ISS TAS IEA","HSPA8,GPNMB,SYT2,PSAP,CNOT1,PRKDC,ABHD2,FLNA,SLC31A1,ARHGEF12,MGAT5,FGD5,SMCR8,LIPA,NOTCH2,NDRG1,CMKLR1,HYOU1,SEL1L,RALGAPA2,CSNK1A1,ITGA4,ARRB1,TLR4,CANT1,CCR5,BMP2K,ANO6,RAB11FIP1,UBASH3B,LMNA,ZNF366,ABCA1,EPAS1,NFATC3,MUL1,PLCL2,VGLL4,SLC12A2,TENM4,IL1RN,TNFRSF10C,RAPH1,CCR2,DOCK1,SYT11,GPR137B,TGM2,TNIK,ADGRG6,CADPS2,CD2,ACER2,APBA2,ARHGAP10,GABRA3,PLD1,EYA2,TNFRSF21,DGKI,ACVRL1,WWC1,ARHGEF5,CSPG4,CD109,MYORG,DIRAS1,ZBED6,GPR39,CCRL2,OPRL1,TAS2R3,NR3C2,ARL2BP,DAGLA,ARMH4,GAS1,LYNX1,PLCXD3,KLF15,RGS8","HSPA8,GPNMB,SYT2,PSAP,CNOT1,PRKDC,ABHD2,FLNA,SLC31A1,ARHGEF12,MGAT5,FGD5,SMCR8,LIPA,NOTCH2,NDRG1,CMKLR1,HYOU1,SEL1L,RALGAPA2,CSNK1A1,ITGA4,ARRB1,TLR4,CANT1,CCR5,BMP2K,ANO6,RAB11FIP1,UBASH3B,LMNA,ZNF366,ABCA1,EPAS1,NFATC3,MUL1,PLCL2,VGLL4,SLC12A2,TENM4,IL1RN,TNFRSF10C,RAPH1,CCR2,DOCK1,SYT11,GPR137B,TGM2,TNIK,ADGRG6,CADPS2,CD2,ACER2,APBA2,ARHGAP10,GABRA3,PLD1,EYA2,TNFRSF21,DGKI,ACVRL1,WWC1,ARHGEF5,CSPG4,CD109,MYORG,DIRAS1,ZBED6,GPR39,CCRL2,OPRL1,TAS2R3,NR3C2,ARL2BP,DAGLA,ARMH4,GAS1,LYNX1,PLCXD3,KLF15,RGS8","ENSG00000109971,ENSG00000136235,ENSG00000143858,ENSG00000197746,ENSG00000125107,ENSG00000253729,ENSG00000140526,ENSG00000196924,ENSG00000136868,ENSG00000196914,ENSG00000152127,ENSG00000154783,ENSG00000176994,ENSG00000107798,ENSG00000134250,ENSG00000104419,ENSG00000174600,ENSG00000149428,ENSG00000071537,ENSG00000188559,ENSG00000113712,ENSG00000115232,ENSG00000137486,ENSG00000136869,ENSG00000171302,ENSG00000160791,ENSG00000138756,ENSG00000177119,ENSG00000156675,ENSG00000154127,ENSG00000160789,ENSG00000178175,ENSG00000165029,ENSG00000116016,ENSG00000072736,ENSG00000090432,ENSG00000154822,ENSG00000144560,ENSG00000064651,ENSG00000149256,ENSG00000136689,ENSG00000173535,ENSG00000173166,ENSG00000121807,ENSG00000150760,ENSG00000132718,ENSG00000077585,ENSG00000198959,ENSG00000154310,ENSG00000112414,ENSG00000081803,ENSG00000116824,ENSG00000177076,ENSG00000034053,ENSG00000071205,ENSG00000011677,ENSG00000075651,ENSG00000064655,ENSG00000146072,ENSG00000157680,ENSG00000139567,ENSG00000113645,ENSG00000050327,ENSG00000173546,ENSG00000156535,ENSG00000164976,ENSG00000176490,ENSG00000257315,ENSG00000183840,ENSG00000121797,ENSG00000125510,ENSG00000127362,ENSG00000151623,ENSG00000102931,ENSG00000134780,ENSG00000139971,ENSG00000180447,ENSG00000180155,ENSG00000182836,ENSG00000163884,ENSG00000135824","GO:BP - signaling"
"query_1",TRUE,0.00267797166079374,5521,176,72,0.409090909090909,0.0130411157399022,"GO:0051179","GO:BP","localization",21017,13558,"IDA IMP IBA TAS,IDA ISS ISO IBA NAS IEA,IBA,IDA IMP,IDA IBA IEA,IDA IMP NAS IEA,IDA ISS TAS IEA,NAS,IEA,IDA,IMP ISS IEA,IDA IMP IBA IEA,NAS,IDA IMP IBA TAS NAS IEA,IMP,IMP IEA,IBA IEA,IMP IBA IEA,IMP ISS IBA NAS IEA,IMP IEA,IDA IMP,IDA IBA TAS IEA,IEA,IDA,IBA,IDA IMP IGI ISS IBA TAS IEA,IDA IBA IEA,IBA IEA,IDA,IMP ISS IBA IEA,ISS IEA,IDA IMP ISS IBA IEA,IDA IMP IGI ISS IBA TAS IEA,IMP IBA NAS IEA,IDA IMP,IDA IMP ISS IEA,IDA ISS IBA TAS NAS IEA,IDA IBA IEA,IEA,IEA,ISS IEA,TAS IEA,IBA IEA,IMP,ISS IBA TAS IEA,IMP,IDA IEA,IMP,IBA IEA,TAS,IEA,IDA IMP ISS IBA TAS IEA,HMP,ISS IEA,IMP ISS,IBA IEA,IMP IBA IEA,IDA IMP IBA,IEA,IDA IMP ISS IBA NAS IC IEA,IEA,IEA,TAS,IMP,IEA,IDA IBA,IMP IBA,IEA,IMP,IDA IBA IEA,IEA,IDA IMP IGI IBA IEA","HSPA8,ATP1A1,SYT2,PSAP,MRC1,FLNA,SLC31A1,SMCR8,LIPA,HYOU1,SEL1L,APOB,CD93,AP2B1,TBC1D14,ITGA4,SEC23B,ARRB1,SCARB2,TBC1D5,TLR4,SLC36A1,NRIP1,CCR5,BMP2K,ANO6,RAB11FIP1,UBASH3B,SH3PXD2B,SLC40A1,CYP51A1,LMNA,ABCA1,NBAS,MUL1,MMGT1,SLC12A2,UNC119B,IL1RN,DNAJC14,CCR2,DOCK1,ATP6V0D2,MAN1A1,SYT11,GPR137B,TGM2,TNIK,CADPS2,CD2,APBA2,ABCG1,ABLIM3,LPCAT3,MGAT3,GABRA3,RAB23,PLD1,EYA2,ABCG2,DGKI,ICAM3,WWC1,ARHGEF5,ZBED6,SYNE3,ARL2BP,MFSD14A,GAS1,SLC22A4,KLF15,EHD3","HSPA8,ATP1A1,SYT2,PSAP,MRC1,FLNA,SLC31A1,SMCR8,LIPA,HYOU1,SEL1L,APOB,CD93,AP2B1,TBC1D14,ITGA4,SEC23B,ARRB1,SCARB2,TBC1D5,TLR4,SLC36A1,NRIP1,CCR5,BMP2K,ANO6,RAB11FIP1,UBASH3B,SH3PXD2B,SLC40A1,CYP51A1,LMNA,ABCA1,NBAS,MUL1,MMGT1,SLC12A2,UNC119B,IL1RN,DNAJC14,CCR2,DOCK1,ATP6V0D2,MAN1A1,SYT11,GPR137B,TGM2,TNIK,CADPS2,CD2,APBA2,ABCG1,ABLIM3,LPCAT3,MGAT3,GABRA3,RAB23,PLD1,EYA2,ABCG2,DGKI,ICAM3,WWC1,ARHGEF5,ZBED6,SYNE3,ARL2BP,MFSD14A,GAS1,SLC22A4,KLF15,EHD3","ENSG00000109971,ENSG00000163399,ENSG00000143858,ENSG00000197746,ENSG00000260314,ENSG00000196924,ENSG00000136868,ENSG00000176994,ENSG00000107798,ENSG00000149428,ENSG00000071537,ENSG00000084674,ENSG00000125810,ENSG00000006125,ENSG00000132405,ENSG00000115232,ENSG00000101310,ENSG00000137486,ENSG00000138760,ENSG00000131374,ENSG00000136869,ENSG00000123643,ENSG00000180530,ENSG00000160791,ENSG00000138756,ENSG00000177119,ENSG00000156675,ENSG00000154127,ENSG00000174705,ENSG00000138449,ENSG00000001630,ENSG00000160789,ENSG00000165029,ENSG00000151779,ENSG00000090432,ENSG00000169446,ENSG00000064651,ENSG00000175970,ENSG00000136689,ENSG00000135392,ENSG00000121807,ENSG00000150760,ENSG00000147614,ENSG00000111885,ENSG00000132718,ENSG00000077585,ENSG00000198959,ENSG00000154310,ENSG00000081803,ENSG00000116824,ENSG00000034053,ENSG00000160179,ENSG00000173210,ENSG00000111684,ENSG00000128268,ENSG00000011677,ENSG00000112210,ENSG00000075651,ENSG00000064655,ENSG00000118777,ENSG00000157680,ENSG00000076662,ENSG00000113645,ENSG00000050327,ENSG00000257315,ENSG00000176438,ENSG00000102931,ENSG00000156875,ENSG00000180447,ENSG00000197208,ENSG00000163884,ENSG00000013016","GO:BP - localization"
"query_1",TRUE,0.00289018064682828,3625,176,53,0.301136363636364,0.0146206896551724,"GO:0051641","GO:BP","cellular localization",21017,13854,"IDA IMP IBA TAS,IBA,IDA IMP,IDA IMP NAS IEA,IEA,IEA,IDA,IMP ISS IEA,IBA IEA,IDA IMP NAS IEA,IMP,IMP IEA,IBA IEA,IEA,IMP IBA NAS IEA,IMP IEA,IMP,IDA,IDA IEA,IBA IEA,IDA,IEA,ISS IEA,IMP ISS IBA IEA,IDA IMP ISS IEA,IEA,IDA IMP,ISS,IDA IBA IEA,IEA,IEA,ISS IEA,IBA,IMP,ISS IBA TAS IEA,IMP,IMP,IEA,TAS,IEA,IDA IMP,HMP,IMP ISS,IMP IBA IEA,IDA IMP,IEA,TAS,IMP,IEA,IDA IBA,IMP IBA,IMP,IDA IMP IGI IBA IEA","HSPA8,SYT2,PSAP,FLNA,SLC31A1,LIPA,HYOU1,SEL1L,APOB,AP2B1,TBC1D14,ITGA4,SEC23B,ARRB1,SCARB2,TBC1D5,TLR4,CCR5,RAB11FIP1,UBASH3B,SH3PXD2B,SLC40A1,CYP51A1,LMNA,ABCA1,NBAS,MMGT1,SLC12A2,UNC119B,IL1RN,DNAJC14,CCR2,ATP6V0D2,MAN1A1,SYT11,GPR137B,TNIK,CADPS2,CD2,APBA2,ABCG1,ABLIM3,MGAT3,RAB23,PLD1,DGKI,WWC1,ARHGEF5,ZBED6,SYNE3,ARL2BP,GAS1,EHD3","HSPA8,SYT2,PSAP,FLNA,SLC31A1,LIPA,HYOU1,SEL1L,APOB,AP2B1,TBC1D14,ITGA4,SEC23B,ARRB1,SCARB2,TBC1D5,TLR4,CCR5,RAB11FIP1,UBASH3B,SH3PXD2B,SLC40A1,CYP51A1,LMNA,ABCA1,NBAS,MMGT1,SLC12A2,UNC119B,IL1RN,DNAJC14,CCR2,ATP6V0D2,MAN1A1,SYT11,GPR137B,TNIK,CADPS2,CD2,APBA2,ABCG1,ABLIM3,MGAT3,RAB23,PLD1,DGKI,WWC1,ARHGEF5,ZBED6,SYNE3,ARL2BP,GAS1,EHD3","ENSG00000109971,ENSG00000143858,ENSG00000197746,ENSG00000196924,ENSG00000136868,ENSG00000107798,ENSG00000149428,ENSG00000071537,ENSG00000084674,ENSG00000006125,ENSG00000132405,ENSG00000115232,ENSG00000101310,ENSG00000137486,ENSG00000138760,ENSG00000131374,ENSG00000136869,ENSG00000160791,ENSG00000156675,ENSG00000154127,ENSG00000174705,ENSG00000138449,ENSG00000001630,ENSG00000160789,ENSG00000165029,ENSG00000151779,ENSG00000169446,ENSG00000064651,ENSG00000175970,ENSG00000136689,ENSG00000135392,ENSG00000121807,ENSG00000147614,ENSG00000111885,ENSG00000132718,ENSG00000077585,ENSG00000154310,ENSG00000081803,ENSG00000116824,ENSG00000034053,ENSG00000160179,ENSG00000173210,ENSG00000128268,ENSG00000112210,ENSG00000075651,ENSG00000157680,ENSG00000113645,ENSG00000050327,ENSG00000257315,ENSG00000176438,ENSG00000102931,ENSG00000180447,ENSG00000013016","GO:BP - cellular localization"
"query_1",TRUE,0.0033540540567395,2005,176,35,0.198863636363636,0.0174563591022444,"GO:0032879","GO:BP","regulation of localization",21017,7876,"TAS,ISS,IBA,IDA IMP NAS IEA,NAS,IDA,IMP,IMP,IMP,IDA,IBA,IMP ISS IEA,IDA,IBA IEA,ISS IEA,IEA,TAS IEA,IDA,ISS,ISS IEA,ISS IBA TAS IEA,IMP,IDA IEA,IBA,IDA TAS IEA,HMP,ISS IEA,ISS,IMP,IDA IMP IBA,TAS,IMP,IEA,IMP,IEA","HSPA8,ATP1A1,SYT2,FLNA,SMCR8,APOB,ARRB1,TBC1D5,TLR4,CCR5,BMP2K,ANO6,RAB11FIP1,UBASH3B,CYP51A1,LMNA,ABCA1,MUL1,SLC12A2,CCR2,SYT11,GPR137B,TGM2,CADPS2,ABCG1,ABLIM3,LPCAT3,MGAT3,RAB23,PLD1,WWC1,ARHGEF5,ZBED6,GAS1,KLF15","HSPA8,ATP1A1,SYT2,FLNA,SMCR8,APOB,ARRB1,TBC1D5,TLR4,CCR5,BMP2K,ANO6,RAB11FIP1,UBASH3B,CYP51A1,LMNA,ABCA1,MUL1,SLC12A2,CCR2,SYT11,GPR137B,TGM2,CADPS2,ABCG1,ABLIM3,LPCAT3,MGAT3,RAB23,PLD1,WWC1,ARHGEF5,ZBED6,GAS1,KLF15","ENSG00000109971,ENSG00000163399,ENSG00000143858,ENSG00000196924,ENSG00000176994,ENSG00000084674,ENSG00000137486,ENSG00000131374,ENSG00000136869,ENSG00000160791,ENSG00000138756,ENSG00000177119,ENSG00000156675,ENSG00000154127,ENSG00000001630,ENSG00000160789,ENSG00000165029,ENSG00000090432,ENSG00000064651,ENSG00000121807,ENSG00000132718,ENSG00000077585,ENSG00000198959,ENSG00000081803,ENSG00000160179,ENSG00000173210,ENSG00000111684,ENSG00000128268,ENSG00000112210,ENSG00000075651,ENSG00000113645,ENSG00000050327,ENSG00000257315,ENSG00000180447,ENSG00000163884","GO:BP - regulation of localization"
"query_1",TRUE,0.00381691656779013,4869,176,65,0.369318181818182,0.013349763811871,"GO:0051234","GO:BP","establishment of localization",21017,13584,"IDA IMP IBA TAS,IDA ISS ISO IBA NAS IEA,IBA,IDA IMP,IDA IBA IEA,IDA IMP NAS IEA,IDA ISS TAS IEA,NAS,IEA,IDA,IMP ISS IEA,IMP IBA IEA,NAS,IDA IMP IBA TAS NAS IEA,IMP,IEA,IBA IEA,IMP IBA IEA,IMP ISS IBA NAS IEA,IMP IEA,IDA IMP,IDA IBA TAS IEA,IDA,IBA,IDA IMP IGI ISS IBA TAS IEA,IDA IBA IEA,IBA IEA,IMP ISS IBA IEA,ISS IEA,IBA IEA,IDA IMP IGI ISS IBA IEA,IMP IBA NAS IEA,IDA,IDA IMP ISS IEA,IDA ISS IBA TAS NAS IEA,IDA IBA IEA,IEA,IEA,ISS IEA,TAS IEA,IBA IEA,IMP,ISS IBA TAS IEA,IDA IEA,IBA IEA,IEA,IDA IMP ISS IBA IEA,HMP,ISS IEA,IBA IEA,IMP IBA IEA,IDA IMP IBA,IEA,IDA IMP ISS IBA NAS IC IEA,IEA,IEA,TAS,IMP,IEA,IDA IBA,IEA,IMP,IDA IBA IEA,IEA,IDA IMP IBA IEA","HSPA8,ATP1A1,SYT2,PSAP,MRC1,FLNA,SLC31A1,SMCR8,LIPA,HYOU1,SEL1L,APOB,CD93,AP2B1,TBC1D14,ITGA4,SEC23B,ARRB1,SCARB2,TBC1D5,TLR4,SLC36A1,CCR5,BMP2K,ANO6,RAB11FIP1,UBASH3B,SLC40A1,CYP51A1,LMNA,ABCA1,NBAS,MUL1,MMGT1,SLC12A2,UNC119B,IL1RN,DNAJC14,CCR2,DOCK1,ATP6V0D2,MAN1A1,SYT11,TGM2,CADPS2,APBA2,ABCG1,ABLIM3,LPCAT3,GABRA3,RAB23,PLD1,EYA2,ABCG2,DGKI,ICAM3,WWC1,ARHGEF5,ZBED6,SYNE3,MFSD14A,GAS1,SLC22A4,KLF15,EHD3","HSPA8,ATP1A1,SYT2,PSAP,MRC1,FLNA,SLC31A1,SMCR8,LIPA,HYOU1,SEL1L,APOB,CD93,AP2B1,TBC1D14,ITGA4,SEC23B,ARRB1,SCARB2,TBC1D5,TLR4,SLC36A1,CCR5,BMP2K,ANO6,RAB11FIP1,UBASH3B,SLC40A1,CYP51A1,LMNA,ABCA1,NBAS,MUL1,MMGT1,SLC12A2,UNC119B,IL1RN,DNAJC14,CCR2,DOCK1,ATP6V0D2,MAN1A1,SYT11,TGM2,CADPS2,APBA2,ABCG1,ABLIM3,LPCAT3,GABRA3,RAB23,PLD1,EYA2,ABCG2,DGKI,ICAM3,WWC1,ARHGEF5,ZBED6,SYNE3,MFSD14A,GAS1,SLC22A4,KLF15,EHD3","ENSG00000109971,ENSG00000163399,ENSG00000143858,ENSG00000197746,ENSG00000260314,ENSG00000196924,ENSG00000136868,ENSG00000176994,ENSG00000107798,ENSG00000149428,ENSG00000071537,ENSG00000084674,ENSG00000125810,ENSG00000006125,ENSG00000132405,ENSG00000115232,ENSG00000101310,ENSG00000137486,ENSG00000138760,ENSG00000131374,ENSG00000136869,ENSG00000123643,ENSG00000160791,ENSG00000138756,ENSG00000177119,ENSG00000156675,ENSG00000154127,ENSG00000138449,ENSG00000001630,ENSG00000160789,ENSG00000165029,ENSG00000151779,ENSG00000090432,ENSG00000169446,ENSG00000064651,ENSG00000175970,ENSG00000136689,ENSG00000135392,ENSG00000121807,ENSG00000150760,ENSG00000147614,ENSG00000111885,ENSG00000132718,ENSG00000198959,ENSG00000081803,ENSG00000034053,ENSG00000160179,ENSG00000173210,ENSG00000111684,ENSG00000011677,ENSG00000112210,ENSG00000075651,ENSG00000064655,ENSG00000118777,ENSG00000157680,ENSG00000076662,ENSG00000113645,ENSG00000050327,ENSG00000257315,ENSG00000176438,ENSG00000156875,ENSG00000180447,ENSG00000197208,ENSG00000163884,ENSG00000013016","GO:BP - establishment of localization"
"query_1",TRUE,0.0042213489051376,847,176,20,0.113636363636364,0.0236127508854782,"GO:0006954","GO:BP","inflammatory response",21017,2585,"IDA,IEA,IEA,IEA,IBA,TAS,IEA,ISS,IMP ISS IBA IC IEA,IBA TAS IEA,IMP,TAS,IEA,IDA IBA IEA,ISS IBA TAS IEA,ISS IEA,ISS IEA,ISS IBA,ISS IEA,IDA","HSPA8,A2M,LIPA,NOTCH2,CMKLR1,PLA2G7,CERS6,CSNK1A1,TLR4,CCR5,ANO6,NFATC3,F8,IL1RN,CCR2,SYT11,LPCAT3,CCRL2,DAGLA,ARMH4","HSPA8,A2M,LIPA,NOTCH2,CMKLR1,PLA2G7,CERS6,CSNK1A1,TLR4,CCR5,ANO6,NFATC3,F8,IL1RN,CCR2,SYT11,LPCAT3,CCRL2,DAGLA,ARMH4","ENSG00000109971,ENSG00000175899,ENSG00000107798,ENSG00000134250,ENSG00000174600,ENSG00000146070,ENSG00000172292,ENSG00000113712,ENSG00000136869,ENSG00000160791,ENSG00000177119,ENSG00000072736,ENSG00000185010,ENSG00000136689,ENSG00000121807,ENSG00000132718,ENSG00000111684,ENSG00000121797,ENSG00000134780,ENSG00000139971","GO:BP - inflammatory response"
"query_1",TRUE,0.00508651313852495,23,176,4,0.0227272727272727,0.173913043478261,"GO:0010878","GO:BP","cholesterol storage",21017,4464,"IEA,IDA,TAS,TAS","LIPA,APOB,ABCA1,ABCG1","LIPA,APOB,ABCA1,ABCG1","ENSG00000107798,ENSG00000084674,ENSG00000165029,ENSG00000160179","GO:BP - cholesterol storage"
"query_1",TRUE,0.00520073795668115,75,176,6,0.0340909090909091,0.08,"GO:0097006","GO:BP","regulation of plasma lipoprotein particle levels",21017,18441,"TAS IEA,IDA,IMP IC,IMP ISS TAS IEA,ISS IEA,ISS IEA","LIPA,PLA2G7,APOB,ABCA1,ABCG1,LPCAT3","LIPA,PLA2G7,APOB,ABCA1,ABCG1,LPCAT3","ENSG00000107798,ENSG00000146070,ENSG00000084674,ENSG00000165029,ENSG00000160179,ENSG00000111684","GO:BP - regulation of plasma lipoprotein particle levels"
"query_1",TRUE,0.00597283500588637,1909,176,33,0.1875,0.0172865374541645,"GO:0071705","GO:BP","nitrogen compound transport",21017,16869,"IDA IMP IBA TAS,IBA,IDA,IMP,IMP ISS IEA,IBA IEA,IEA,IEA,IEA,IMP ISS IBA NAS IEA,IEA,IMP,IDA IBA IEA,IDA IEA,ISS IEA,IEA,IMP ISS IEA,IEA,IDA ISS,IDA IBA IEA,IEA,IEA,ISS IBA IEA,IDA,IEA,IEA,IDA,IMP IBA IEA,IDA ISS IEA,IMP,IEA,IDA IBA IEA,IEA","HSPA8,SYT2,PSAP,FLNA,SEL1L,APOB,AP2B1,SEC23B,ARRB1,SCARB2,TBC1D5,TLR4,SLC36A1,RAB11FIP1,CYP51A1,LMNA,ABCA1,NBAS,SLC12A2,UNC119B,IL1RN,DNAJC14,SYT11,TGM2,CADPS2,APBA2,ABCG1,RAB23,ABCG2,ARHGEF5,ZBED6,SLC22A4,EHD3","HSPA8,SYT2,PSAP,FLNA,SEL1L,APOB,AP2B1,SEC23B,ARRB1,SCARB2,TBC1D5,TLR4,SLC36A1,RAB11FIP1,CYP51A1,LMNA,ABCA1,NBAS,SLC12A2,UNC119B,IL1RN,DNAJC14,SYT11,TGM2,CADPS2,APBA2,ABCG1,RAB23,ABCG2,ARHGEF5,ZBED6,SLC22A4,EHD3","ENSG00000109971,ENSG00000143858,ENSG00000197746,ENSG00000196924,ENSG00000071537,ENSG00000084674,ENSG00000006125,ENSG00000101310,ENSG00000137486,ENSG00000138760,ENSG00000131374,ENSG00000136869,ENSG00000123643,ENSG00000156675,ENSG00000001630,ENSG00000160789,ENSG00000165029,ENSG00000151779,ENSG00000064651,ENSG00000175970,ENSG00000136689,ENSG00000135392,ENSG00000132718,ENSG00000198959,ENSG00000081803,ENSG00000034053,ENSG00000160179,ENSG00000112210,ENSG00000118777,ENSG00000050327,ENSG00000257315,ENSG00000197208,ENSG00000013016","GO:BP - nitrogen compound transport"
"query_1",TRUE,0.00606576300122163,1589,176,29,0.164772727272727,0.0182504719949654,"GO:0051049","GO:BP","regulation of transport",21017,13459,"TAS,ISS,IBA,IDA IMP IEA,NAS,IMP,IMP,IMP,IBA,IMP ISS IEA,IDA,IBA IEA,ISS IEA,IEA,IDA,ISS,ISS IEA,ISS IBA TAS IEA,IDA IEA,IBA,IDA IEA,ISS IEA,IMP,IDA IMP IBA,TAS,IMP,IEA,IMP,IEA","HSPA8,ATP1A1,SYT2,FLNA,SMCR8,ARRB1,TBC1D5,TLR4,BMP2K,ANO6,RAB11FIP1,UBASH3B,CYP51A1,ABCA1,MUL1,SLC12A2,CCR2,SYT11,TGM2,CADPS2,ABCG1,LPCAT3,RAB23,PLD1,WWC1,ARHGEF5,ZBED6,GAS1,KLF15","HSPA8,ATP1A1,SYT2,FLNA,SMCR8,ARRB1,TBC1D5,TLR4,BMP2K,ANO6,RAB11FIP1,UBASH3B,CYP51A1,ABCA1,MUL1,SLC12A2,CCR2,SYT11,TGM2,CADPS2,ABCG1,LPCAT3,RAB23,PLD1,WWC1,ARHGEF5,ZBED6,GAS1,KLF15","ENSG00000109971,ENSG00000163399,ENSG00000143858,ENSG00000196924,ENSG00000176994,ENSG00000137486,ENSG00000131374,ENSG00000136869,ENSG00000138756,ENSG00000177119,ENSG00000156675,ENSG00000154127,ENSG00000001630,ENSG00000165029,ENSG00000090432,ENSG00000064651,ENSG00000121807,ENSG00000132718,ENSG00000198959,ENSG00000081803,ENSG00000160179,ENSG00000111684,ENSG00000112210,ENSG00000075651,ENSG00000113645,ENSG00000050327,ENSG00000257315,ENSG00000180447,ENSG00000163884","GO:BP - regulation of transport"
"query_1",TRUE,0.00606576300122163,3867,176,54,0.306818181818182,0.0139643134212568,"GO:0042221","GO:BP","response to chemical",21017,10049,"TAS,IDA IEA,NAS,IBA,IEA,IDA,IMP,IDA IBA,IEA,IMP,IEA,IEP TAS,IDA IMP IBA TAS IEA,IDA IEP IBA,IMP ISS IBA TAS IEA,IDA,IDA,IGI IEA,IDA IGI ISS IBA IC IEA,IDA IBA,IMP IEP IBA TAS IEA,IEA,IMP,IEP,IDA IBA,NAS IEA,IDA IBA,IDA IMP,IMP ISS,IDA IBA,IDA IBA IEA,IDA ISS IBA TAS IEA,IDA,IBA,IDA,IMP,IDA IEP,IDA,ISS,IDA TAS,IDA,IDA,IEA,IBA,IEA,TAS,IBA TAS IEA,IEA,IDA IBA,IBA,IEA,IBA IEA,IEA,ISS","HSPA8,ATP1A1,GPNMB,SYT2,A2M,CNOT1,PRKDC,ABHD2,MRC1,FLNA,LIPA,NDRG1,CMKLR1,HYOU1,SEL1L,PLA2G7,CSNK1A1,ITGA4,TLR4,NRIP1,CCR5,MCM2,ANO6,LMNA,ZNF366,ABCA1,EPAS1,MUL1,SLC12A2,EGLN1,IL1RN,CCR2,MAN1A1,SYT11,TGM2,ALDH1A1,ACER2,ABCG1,MGAT3,PLD1,ABCG2,TNFRSF21,ARHGEF5,KHK,ZBED6,CMBL,CCRL2,OPRL1,TAS2R3,NR3C2,PRDM5,SRXN1,KLF15,RGS8","HSPA8,ATP1A1,GPNMB,SYT2,A2M,CNOT1,PRKDC,ABHD2,MRC1,FLNA,LIPA,NDRG1,CMKLR1,HYOU1,SEL1L,PLA2G7,CSNK1A1,ITGA4,TLR4,NRIP1,CCR5,MCM2,ANO6,LMNA,ZNF366,ABCA1,EPAS1,MUL1,SLC12A2,EGLN1,IL1RN,CCR2,MAN1A1,SYT11,TGM2,ALDH1A1,ACER2,ABCG1,MGAT3,PLD1,ABCG2,TNFRSF21,ARHGEF5,KHK,ZBED6,CMBL,CCRL2,OPRL1,TAS2R3,NR3C2,PRDM5,SRXN1,KLF15,RGS8","ENSG00000109971,ENSG00000163399,ENSG00000136235,ENSG00000143858,ENSG00000175899,ENSG00000125107,ENSG00000253729,ENSG00000140526,ENSG00000260314,ENSG00000196924,ENSG00000107798,ENSG00000104419,ENSG00000174600,ENSG00000149428,ENSG00000071537,ENSG00000146070,ENSG00000113712,ENSG00000115232,ENSG00000136869,ENSG00000180530,ENSG00000160791,ENSG00000073111,ENSG00000177119,ENSG00000160789,ENSG00000178175,ENSG00000165029,ENSG00000116016,ENSG00000090432,ENSG00000064651,ENSG00000135766,ENSG00000136689,ENSG00000121807,ENSG00000111885,ENSG00000132718,ENSG00000198959,ENSG00000165092,ENSG00000177076,ENSG00000160179,ENSG00000128268,ENSG00000075651,ENSG00000118777,ENSG00000146072,ENSG00000050327,ENSG00000138030,ENSG00000257315,ENSG00000164237,ENSG00000121797,ENSG00000125510,ENSG00000127362,ENSG00000151623,ENSG00000138738,ENSG00000271303,ENSG00000163884,ENSG00000135824","GO:BP - response to chemical"
"query_1",TRUE,0.00606576300122163,3876,176,54,0.306818181818182,0.0139318885448916,"GO:0006950","GO:BP","response to stress",21017,2582,"IDA TAS NAS,IBA,IDA IEA,IDA IMP IBA TAS NAS IEA,IEA,IEA,IDA HMP NAS IEA,IEA,IEA,IEP,IBA,IDA IEP ISS IBA IEA,IMP ISS IBA TAS IEA,TAS,IDA NAS IEA,IEA,ISS,IDA,IDA IMP IGI ISS IBA TAS NAS IC IEA,IBA TAS IEA,IBA,ISS IEA,IMP ISS,IBA IEA,IDA IEP ISS IEA,IDA,IDA IBA IEA,TAS,IMP,ISS IEA,IDA IBA,TAS,IBA TAS IEA,IDA IBA IEA,ISS IBA TAS IEA,IDA,ISS IEA,TAS,IBA,IDA,IDA IMP,ISS IEA,ISS,IMP,IBA IEA,TAS IEA,IMP IEA,IDA,ISS IBA,ISS IEA,IDA,IDA IBA,IEA,IBA","HSPA8,PDIA6,A2M,PRKDC,ABHD2,MRC1,FLNA,LIPA,NOTCH2,NDRG1,CMKLR1,HYOU1,SEL1L,PLA2G7,ASCC3,CERS6,CSNK1A1,TBC1D5,TLR4,CCR5,MCM2,CERS2,ANO6,UBASH3B,LMNA,ABCA1,EPAS1,NFATC3,MUL1,SLC12A2,EGLN1,SELENOP,F8,IL1RN,CCR2,MAN1A1,SYT11,HSPB7,NCR3LG1,CD2,ACER2,LPCAT3,MGAT3,RAB23,EYA2,DGKI,ACVRL1,CD109,CCRL2,DAGLA,ARMH4,SRXN1,KLF15,OTUB2","HSPA8,PDIA6,A2M,PRKDC,ABHD2,MRC1,FLNA,LIPA,NOTCH2,NDRG1,CMKLR1,HYOU1,SEL1L,PLA2G7,ASCC3,CERS6,CSNK1A1,TBC1D5,TLR4,CCR5,MCM2,CERS2,ANO6,UBASH3B,LMNA,ABCA1,EPAS1,NFATC3,MUL1,SLC12A2,EGLN1,SELENOP,F8,IL1RN,CCR2,MAN1A1,SYT11,HSPB7,NCR3LG1,CD2,ACER2,LPCAT3,MGAT3,RAB23,EYA2,DGKI,ACVRL1,CD109,CCRL2,DAGLA,ARMH4,SRXN1,KLF15,OTUB2","ENSG00000109971,ENSG00000143870,ENSG00000175899,ENSG00000253729,ENSG00000140526,ENSG00000260314,ENSG00000196924,ENSG00000107798,ENSG00000134250,ENSG00000104419,ENSG00000174600,ENSG00000149428,ENSG00000071537,ENSG00000146070,ENSG00000112249,ENSG00000172292,ENSG00000113712,ENSG00000131374,ENSG00000136869,ENSG00000160791,ENSG00000073111,ENSG00000143418,ENSG00000177119,ENSG00000154127,ENSG00000160789,ENSG00000165029,ENSG00000116016,ENSG00000072736,ENSG00000090432,ENSG00000064651,ENSG00000135766,ENSG00000250722,ENSG00000185010,ENSG00000136689,ENSG00000121807,ENSG00000111885,ENSG00000132718,ENSG00000173641,ENSG00000188211,ENSG00000116824,ENSG00000177076,ENSG00000111684,ENSG00000128268,ENSG00000112210,ENSG00000064655,ENSG00000157680,ENSG00000139567,ENSG00000156535,ENSG00000121797,ENSG00000134780,ENSG00000139971,ENSG00000271303,ENSG00000163884,ENSG00000089723","GO:BP - response to stress"
"query_1",TRUE,0.00606576300122163,49,176,5,0.0284090909090909,0.102040816326531,"GO:0071827","GO:BP","plasma lipoprotein particle organization",21017,16930,"IDA,IMP IC,IMP ISS TAS IEA,ISS IEA,ISS IEA","PLA2G7,APOB,ABCA1,ABCG1,LPCAT3","PLA2G7,APOB,ABCA1,ABCG1,LPCAT3","ENSG00000146070,ENSG00000084674,ENSG00000165029,ENSG00000160179,ENSG00000111684","GO:BP - plasma lipoprotein particle organization"
"query_1",TRUE,0.00606576300122163,306,176,11,0.0625,0.0359477124183007,"GO:0051056","GO:BP","regulation of small GTPase mediated signal transduction",21017,13466,"TAS IEA,TAS,IDA,IEA,IDA,IMP,IMP,ISS,TAS,IEA,TAS","ARHGEF12,FGD5,NOTCH2,RALGAPA2,CSNK1A1,ARRB1,ABCA1,TGM2,ARHGAP10,DGKI,ARHGEF5","ARHGEF12,FGD5,NOTCH2,RALGAPA2,CSNK1A1,ARRB1,ABCA1,TGM2,ARHGAP10,DGKI,ARHGEF5","ENSG00000196914,ENSG00000154783,ENSG00000134250,ENSG00000188559,ENSG00000113712,ENSG00000137486,ENSG00000165029,ENSG00000198959,ENSG00000071205,ENSG00000157680,ENSG00000050327","GO:BP - regulation of small GTPase mediated signal transduction"
"query_1",TRUE,0.00636878501329961,1935,176,33,0.1875,0.0170542635658915,"GO:1902531","GO:BP","regulation of intracellular signal transduction",21017,22340,"IDA,IC IEA,IDA,IDA,HMP,TAS IEA,TAS,IMP,IDA,IDA IBA,IDA IBA IEA,IEA,IDA ISS,IDA IMP IBA,IDA ISS IEA,HMP,IDA IBA,IMP,IDA HMP,IDA ISS IEA,IMP IBA,ISS,IDA IMP IBA,TAS,IEA,IMP,IDA IMP IBA,IDA TAS,IEA,ISS IEA,IEA,IMP,ISS IEA","HSPA8,GPNMB,CNOT1,PRKDC,FLNA,ARHGEF12,FGD5,SMCR8,NOTCH2,CMKLR1,HYOU1,RALGAPA2,CSNK1A1,ARRB1,TLR4,CANT1,ZNF366,ABCA1,MUL1,VGLL4,GPR137B,TGM2,TNIK,ARHGAP10,DGKI,ACVRL1,WWC1,ARHGEF5,CSPG4,MYORG,OPRL1,NR3C2,ARMH4","HSPA8,GPNMB,CNOT1,PRKDC,FLNA,ARHGEF12,FGD5,SMCR8,NOTCH2,CMKLR1,HYOU1,RALGAPA2,CSNK1A1,ARRB1,TLR4,CANT1,ZNF366,ABCA1,MUL1,VGLL4,GPR137B,TGM2,TNIK,ARHGAP10,DGKI,ACVRL1,WWC1,ARHGEF5,CSPG4,MYORG,OPRL1,NR3C2,ARMH4","ENSG00000109971,ENSG00000136235,ENSG00000125107,ENSG00000253729,ENSG00000196924,ENSG00000196914,ENSG00000154783,ENSG00000176994,ENSG00000134250,ENSG00000174600,ENSG00000149428,ENSG00000188559,ENSG00000113712,ENSG00000137486,ENSG00000136869,ENSG00000171302,ENSG00000178175,ENSG00000165029,ENSG00000090432,ENSG00000144560,ENSG00000077585,ENSG00000198959,ENSG00000154310,ENSG00000071205,ENSG00000157680,ENSG00000139567,ENSG00000113645,ENSG00000050327,ENSG00000173546,ENSG00000164976,ENSG00000125510,ENSG00000151623,ENSG00000139971","GO:BP - regulation of intracellular signal transduction"
"query_1",TRUE,0.00698896612521503,2946,176,44,0.25,0.0149355057705363,"GO:0035556","GO:BP","intracellular signal transduction",21017,9090,"IDA,IC IEA,IDA,IDA IMP IBA IEA,HMP,TAS IEA,TAS,IMP,IEA,IDA,IEP,IDA IBA,IDA IBA IEA,IEA,IDA ISS,IDA IMP IBA,IDA ISS IEA,HMP,IDA IEP IBA,IDA IBA,IMP,IBA,IDA HMP,IEA,IDA ISS IEA,IBA,TAS IEA,IMP IBA,ISS,IDA IMP IBA,IMP ISS,IMP,TAS,TAS IEA,IBA IEA,IMP,IDA IMP IBA,IDA TAS IEA,IDA IEA,ISS IEA,IBA,IDA IEA,IMP IBA,ISS IEA","HSPA8,GPNMB,CNOT1,PRKDC,FLNA,ARHGEF12,FGD5,SMCR8,LIPA,NOTCH2,NDRG1,CMKLR1,HYOU1,RALGAPA2,CSNK1A1,ARRB1,TLR4,CANT1,CCR5,ZNF366,ABCA1,NFATC3,MUL1,PLCL2,VGLL4,CCR2,DOCK1,GPR137B,TGM2,TNIK,ADGRG6,ACER2,ARHGAP10,PLD1,DGKI,ACVRL1,WWC1,ARHGEF5,CSPG4,MYORG,CCRL2,OPRL1,NR3C2,ARMH4","HSPA8,GPNMB,CNOT1,PRKDC,FLNA,ARHGEF12,FGD5,SMCR8,LIPA,NOTCH2,NDRG1,CMKLR1,HYOU1,RALGAPA2,CSNK1A1,ARRB1,TLR4,CANT1,CCR5,ZNF366,ABCA1,NFATC3,MUL1,PLCL2,VGLL4,CCR2,DOCK1,GPR137B,TGM2,TNIK,ADGRG6,ACER2,ARHGAP10,PLD1,DGKI,ACVRL1,WWC1,ARHGEF5,CSPG4,MYORG,CCRL2,OPRL1,NR3C2,ARMH4","ENSG00000109971,ENSG00000136235,ENSG00000125107,ENSG00000253729,ENSG00000196924,ENSG00000196914,ENSG00000154783,ENSG00000176994,ENSG00000107798,ENSG00000134250,ENSG00000104419,ENSG00000174600,ENSG00000149428,ENSG00000188559,ENSG00000113712,ENSG00000137486,ENSG00000136869,ENSG00000171302,ENSG00000160791,ENSG00000178175,ENSG00000165029,ENSG00000072736,ENSG00000090432,ENSG00000154822,ENSG00000144560,ENSG00000121807,ENSG00000150760,ENSG00000077585,ENSG00000198959,ENSG00000154310,ENSG00000112414,ENSG00000177076,ENSG00000071205,ENSG00000075651,ENSG00000157680,ENSG00000139567,ENSG00000113645,ENSG00000050327,ENSG00000173546,ENSG00000164976,ENSG00000121797,ENSG00000125510,ENSG00000151623,ENSG00000139971","GO:BP - intracellular signal transduction"
"query_1",TRUE,0.00698896612521503,52,176,5,0.0284090909090909,0.0961538461538462,"GO:0071825","GO:BP","protein-lipid complex organization",21017,16928,"IDA,IMP IC,IMP ISS TAS IEA,ISS IEA,ISS IEA","PLA2G7,APOB,ABCA1,ABCG1,LPCAT3","PLA2G7,APOB,ABCA1,ABCG1,LPCAT3","ENSG00000146070,ENSG00000084674,ENSG00000165029,ENSG00000160179,ENSG00000111684","GO:BP - protein-lipid complex organization"
"query_1",TRUE,0.00698896612521503,901,176,20,0.113636363636364,0.0221975582685905,"GO:0140352","GO:BP","export from cell",21017,19748,"IDA ISS ISO IBA,IBA,NAS,ISS IEA,IMP,ISS IEA,IDA IBA,ISS IEA,ISS IEA,IMP ISS IEA,ISS,IEA,ISS IEA,ISS IBA TAS IEA,IDA,IBA IEA,IDA,ISS,IEA,IEA","ATP1A1,SYT2,SMCR8,SEL1L,TLR4,ANO6,RAB11FIP1,SLC40A1,CYP51A1,ABCA1,SLC12A2,IL1RN,CCR2,SYT11,TGM2,CADPS2,ABCG1,ABCG2,DGKI,ZBED6","ATP1A1,SYT2,SMCR8,SEL1L,TLR4,ANO6,RAB11FIP1,SLC40A1,CYP51A1,ABCA1,SLC12A2,IL1RN,CCR2,SYT11,TGM2,CADPS2,ABCG1,ABCG2,DGKI,ZBED6","ENSG00000163399,ENSG00000143858,ENSG00000176994,ENSG00000071537,ENSG00000136869,ENSG00000177119,ENSG00000156675,ENSG00000138449,ENSG00000001630,ENSG00000165029,ENSG00000064651,ENSG00000136689,ENSG00000121807,ENSG00000132718,ENSG00000198959,ENSG00000081803,ENSG00000160179,ENSG00000118777,ENSG00000157680,ENSG00000257315","GO:BP - export from cell"
"query_1",TRUE,0.00791537664900687,1711,176,30,0.170454545454545,0.0175336060783168,"GO:0042592","GO:BP","homeostatic process",21017,10252,"IDA ISO IBA,ISS IEA,NAS,IEA,IEA,ISS IEA,IMP IBA IEA,ISS IEA,IDA,IMP,IBA IEA,IMP ISS IEA,IDA IMP TAS,ISS IEA,ISS IEA,ISS IBA TAS IEA,IDA IEA,ISS IEA,IBA,ISS IBA,IMP IEA,ISS,IDA IMP IBA,ISS IEA,IEA,IEA,IEA,IEA,ISS IBA,IEA","ATP1A1,PRKDC,FLNA,SLC31A1,LIPA,CMKLR1,APOB,TLR4,CCR5,ANO6,UBASH3B,SLC40A1,ABCA1,EPAS1,PLCL2,SLC12A2,EGLN1,CCR2,ATP6V0D2,GPR137B,TGM2,ALDH1A1,ABCG1,LPCAT3,SPTA1,ARHGEF5,GPRASP2,ZBED6,CRACD,KLF15","ATP1A1,PRKDC,FLNA,SLC31A1,LIPA,CMKLR1,APOB,TLR4,CCR5,ANO6,UBASH3B,SLC40A1,ABCA1,EPAS1,PLCL2,SLC12A2,EGLN1,CCR2,ATP6V0D2,GPR137B,TGM2,ALDH1A1,ABCG1,LPCAT3,SPTA1,ARHGEF5,GPRASP2,ZBED6,CRACD,KLF15","ENSG00000163399,ENSG00000253729,ENSG00000196924,ENSG00000136868,ENSG00000107798,ENSG00000174600,ENSG00000084674,ENSG00000136869,ENSG00000160791,ENSG00000177119,ENSG00000154127,ENSG00000138449,ENSG00000165029,ENSG00000116016,ENSG00000154822,ENSG00000064651,ENSG00000135766,ENSG00000121807,ENSG00000147614,ENSG00000077585,ENSG00000198959,ENSG00000165092,ENSG00000160179,ENSG00000111684,ENSG00000163554,ENSG00000050327,ENSG00000158301,ENSG00000257315,ENSG00000109265,ENSG00000163884","GO:BP - homeostatic process"
"query_1",TRUE,0.00794673051134901,502,176,14,0.0795454545454545,0.0278884462151394,"GO:0002683","GO:BP","negative regulation of immune system process",21017,1201,"IDA,IDA IMP,IDA,IDA,NAS,ISS,NAS,IEA,IMP,IEA,ISS IEA,ISS IEA,ISS IBA,ISS IBA IEA","HSPA8,GPNMB,A2M,PRKDC,SMCR8,CSNK1A1,TLR4,UBASH3B,MUL1,PLCL2,CCR2,SYT11,GPR137B,TNFRSF21","HSPA8,GPNMB,A2M,PRKDC,SMCR8,CSNK1A1,TLR4,UBASH3B,MUL1,PLCL2,CCR2,SYT11,GPR137B,TNFRSF21","ENSG00000109971,ENSG00000136235,ENSG00000175899,ENSG00000253729,ENSG00000176994,ENSG00000113712,ENSG00000136869,ENSG00000154127,ENSG00000090432,ENSG00000154822,ENSG00000121807,ENSG00000132718,ENSG00000077585,ENSG00000146072","GO:BP - negative regulation of immune system process"
"query_1",TRUE,0.00794673051134901,55,176,5,0.0284090909090909,0.0909090909090909,"GO:0006695","GO:BP","cholesterol biosynthetic process",21017,2403,"IEA,IEA,TAS IEA,ISS IEA,ISS IEA","LIPA,APOB,CYP51A1,ABCG1,LPCAT3","LIPA,APOB,CYP51A1,ABCG1,LPCAT3","ENSG00000107798,ENSG00000084674,ENSG00000001630,ENSG00000160179,ENSG00000111684","GO:BP - cholesterol biosynthetic process"
"query_1",TRUE,0.00794673051134901,504,176,14,0.0795454545454545,0.0277777777777778,"GO:0007264","GO:BP","small GTPase-mediated signal transduction",21017,2792,"TAS IEA,TAS,IEA,IDA,IEA,IDA,IMP,IMP,TAS IEA,ISS,TAS,TAS,IEA,TAS","ARHGEF12,FGD5,LIPA,NOTCH2,RALGAPA2,CSNK1A1,ARRB1,ABCA1,DOCK1,TGM2,ARHGAP10,PLD1,DGKI,ARHGEF5","ARHGEF12,FGD5,LIPA,NOTCH2,RALGAPA2,CSNK1A1,ARRB1,ABCA1,DOCK1,TGM2,ARHGAP10,PLD1,DGKI,ARHGEF5","ENSG00000196914,ENSG00000154783,ENSG00000107798,ENSG00000134250,ENSG00000188559,ENSG00000113712,ENSG00000137486,ENSG00000165029,ENSG00000150760,ENSG00000198959,ENSG00000071205,ENSG00000075651,ENSG00000157680,ENSG00000050327","GO:BP - small GTPase-mediated signal transduction"
"query_1",TRUE,0.00794673051134901,55,176,5,0.0284090909090909,0.0909090909090909,"GO:1902653","GO:BP","secondary alcohol biosynthetic process",21017,22419,"IEA,IEA,TAS IEA,ISS IEA,ISS IEA","LIPA,APOB,CYP51A1,ABCG1,LPCAT3","LIPA,APOB,CYP51A1,ABCG1,LPCAT3","ENSG00000107798,ENSG00000084674,ENSG00000001630,ENSG00000160179,ENSG00000111684","GO:BP - secondary alcohol biosynthetic process"
"query_1",TRUE,0.00794673051134901,1895,176,32,0.181818181818182,0.0168865435356201,"GO:0141124","GO:BP","intracellular signaling cassette",21017,20031,"IC IEA,HMP,TAS IEA,TAS,IEA,IDA,IDA IBA,IEA,IDA,IDA IMP IBA,IDA ISS IEA,HMP,IDA IEP IBA,IMP,IBA,IDA HMP,IBA,TAS IEA,ISS,IDA IMP IBA,IMP ISS,TAS,TAS,IEA,IMP,IDA,IDA TAS,IEA,ISS IEA,IBA,IDA IEA,IMP","GPNMB,FLNA,ARHGEF12,FGD5,LIPA,NOTCH2,CMKLR1,RALGAPA2,CSNK1A1,ARRB1,TLR4,CANT1,CCR5,ABCA1,NFATC3,MUL1,CCR2,DOCK1,TGM2,TNIK,ADGRG6,ARHGAP10,PLD1,DGKI,ACVRL1,WWC1,ARHGEF5,CSPG4,MYORG,CCRL2,OPRL1,NR3C2","GPNMB,FLNA,ARHGEF12,FGD5,LIPA,NOTCH2,CMKLR1,RALGAPA2,CSNK1A1,ARRB1,TLR4,CANT1,CCR5,ABCA1,NFATC3,MUL1,CCR2,DOCK1,TGM2,TNIK,ADGRG6,ARHGAP10,PLD1,DGKI,ACVRL1,WWC1,ARHGEF5,CSPG4,MYORG,CCRL2,OPRL1,NR3C2","ENSG00000136235,ENSG00000196924,ENSG00000196914,ENSG00000154783,ENSG00000107798,ENSG00000134250,ENSG00000174600,ENSG00000188559,ENSG00000113712,ENSG00000137486,ENSG00000136869,ENSG00000171302,ENSG00000160791,ENSG00000165029,ENSG00000072736,ENSG00000090432,ENSG00000121807,ENSG00000150760,ENSG00000198959,ENSG00000154310,ENSG00000112414,ENSG00000071205,ENSG00000075651,ENSG00000157680,ENSG00000139567,ENSG00000113645,ENSG00000050327,ENSG00000173546,ENSG00000164976,ENSG00000121797,ENSG00000125510,ENSG00000151623","GO:BP - intracellular signaling cassette"
"query_1",TRUE,0.00808898172510435,12278,176,127,0.721590909090909,0.0103437041863496,"GO:0050789","GO:BP","regulation of biological process",21017,13258,"IDA TAS,ISS TAS IEA,IDA IMP TAS NAS IC IEA,IDA IBA,IDA,IBA TAS,IDA IMP IBA NAS IEA,IDA IMP ISS IBA IEA,IDA IBA IEA,IDA IMP IGI HMP ISS NAS IC IEA,IMP,IDA IBA TAS IEA,IDA,ISS TAS,IMP NAS IEA,TAS IEA,IDA IMP IBA TAS IEA,IEP IBA IEA,IDA IMP ISS IBA TAS NAS IEA,IDA IBA IEA,IEA,IEA,IDA TAS,IDA IMP IC IEA,IMP IBA,IDA IMP ISS IBA TAS NAS IC IEA,IMP IBA NAS IEA,IDA IMP IBA IEA,IEA,IMP ISS TAS IEA,IMP,IDA IMP IGI ISS IBA NAS IC IEA,IBA,IEA,HMP,IDA IMP IBA IEA,IDA IMP IEP IBA TAS IEA,IBA IEA,NAS,ISS IEA,IMP ISS IEA,IDA,IBA IEA,IEA,ISS IEA,IBA IEA,IMP,IMP ISS IBA IEA,IDA IBA,IMP ISS TAS IEA,IDA IMP ISS IBA TAS IEA,IDA IMP IGI ISS IBA TAS IEA,IMP,IDA IMP HMP IEA,IMP,ISS IEA,IDA ISS IBA IEA,ISS IEA,IMP ISS IEA,IDA ISS IEA,IEA,IDA IBA IEA,IBA,IEA,IDA ISS IBA TAS IEA,IDA IMP IBA,IMP TAS IEA,NAS,ISS IBA TAS IC IEA,TAS,IBA,IBA IEA,IMP ISS IBA,IDA IMP ISS IEA,IBA IEA,ISS,IDA IMP IBA IEA,IMP ISS IBA TAS IEA,IBA IEA,IDA IMP IBA TAS NAS,IDA IMP,IBA IEA,IBA TAS IEA,IDA ISS TAS IEA,HMP IEA,ISS IEA,IDA ISS,IBA TAS IEA,IMP,IDA IMP IBA TAS IEA,IEA,IBA IEA,IMP ISS IBA IEA,IBA IEA,IDA IMP IGI ISS IBA TAS IEA,IDA IBA,IDA IMP IBA TAS IEA,IDA IMP TAS IEA,IDA IEA,IDA IEA,IDA IBA,IBA,IPI IMP,ISS IEA,IEA,ISS IBA IEA,IBA TAS IEA,IDA IBA,IBA TAS IEA,IDA IPI IMP IBA TAS IEA,IBA IEA,IEA,IMP IBA,IMP,IMP IBA TAS IEA,IMP IBA TAS IEA,IMP ISS IBA IEA,IDA ISS IEA,IDA IMP IGI ISS IBA IEA,IDA IEA,IDA IMP IBA,IBA,IEA,IMP IBA IEA,IMP IEA,IBA,ISS TAS IEA","HSPA8,ATP1A1,GPNMB,SYT2,A2M,PSAP,CNOT1,PRKDC,ABHD2,FLNA,SLC31A1,ARHGEF12,MGAT5,FGD5,SMCR8,LIPA,NOTCH2,NDRG1,CMKLR1,HYOU1,SEL1L,RALGAPA2,PLA2G7,APOB,TBC1D14,CSNK1A1,ITGA4,ARRB1,FMN1,SCARB2,TBC1D5,TLR4,TDRD6,PCDHGC3,CANT1,NRIP1,CCR5,BMP2K,MCM2,CERS2,ANO6,RAB11FIP1,UBASH3B,SLC40A1,CYP51A1,ZNF770,MICAL2,LMNA,ZNF366,ABCA1,EPAS1,NFATC3,NBAS,MUL1,USP37,PLCL2,VGLL4,SLC12A2,TENM4,EGLN1,SELENOP,IL1RN,TNFRSF10C,RAPH1,CCR2,PDE4DIP,DOCK1,ATP6V0D2,SYT11,HSPB7,NCR3LG1,ZNF551,GPR137B,TGM2,ZNF792,ALDH1A1,TNIK,ADGRG6,CADPS2,CD2,ACER2,APBA2,ARHGAP10,ABCG1,ABLIM3,LPCAT3,MGAT3,GABRA3,RAB23,PLD1,SPTA1,EYA2,TNFRSF21,DGKI,ACVRL1,DEPP1,WWC1,ARHGEF5,CSPG4,CD109,CSNK2A3,KHK,MTMR8,MYORG,DIRAS1,ZBED6,GPR39,CRACD,CCRL2,OPRL1,ZNF460,TAS2R3,MAGEA4,SYNE3,NR3C2,ARL2BP,DAGLA,ARMH4,GAS1,LYNX1,PRDM5,NEXMIF,PLCXD3,KLF15,EHD3,OTUB2,RGS8","HSPA8,ATP1A1,GPNMB,SYT2,A2M,PSAP,CNOT1,PRKDC,ABHD2,FLNA,SLC31A1,ARHGEF12,MGAT5,FGD5,SMCR8,LIPA,NOTCH2,NDRG1,CMKLR1,HYOU1,SEL1L,RALGAPA2,PLA2G7,APOB,TBC1D14,CSNK1A1,ITGA4,ARRB1,FMN1,SCARB2,TBC1D5,TLR4,TDRD6,PCDHGC3,CANT1,NRIP1,CCR5,BMP2K,MCM2,CERS2,ANO6,RAB11FIP1,UBASH3B,SLC40A1,CYP51A1,ZNF770,MICAL2,LMNA,ZNF366,ABCA1,EPAS1,NFATC3,NBAS,MUL1,USP37,PLCL2,VGLL4,SLC12A2,TENM4,EGLN1,SELENOP,IL1RN,TNFRSF10C,RAPH1,CCR2,PDE4DIP,DOCK1,ATP6V0D2,SYT11,HSPB7,NCR3LG1,ZNF551,GPR137B,TGM2,ZNF792,ALDH1A1,TNIK,ADGRG6,CADPS2,CD2,ACER2,APBA2,ARHGAP10,ABCG1,ABLIM3,LPCAT3,MGAT3,GABRA3,RAB23,PLD1,SPTA1,EYA2,TNFRSF21,DGKI,ACVRL1,DEPP1,WWC1,ARHGEF5,CSPG4,CD109,CSNK2A3,KHK,MTMR8,MYORG,DIRAS1,ZBED6,GPR39,CRACD,CCRL2,OPRL1,ZNF460,TAS2R3,MAGEA4,SYNE3,NR3C2,ARL2BP,DAGLA,ARMH4,GAS1,LYNX1,PRDM5,NEXMIF,PLCXD3,KLF15,EHD3,OTUB2,RGS8","ENSG00000109971,ENSG00000163399,ENSG00000136235,ENSG00000143858,ENSG00000175899,ENSG00000197746,ENSG00000125107,ENSG00000253729,ENSG00000140526,ENSG00000196924,ENSG00000136868,ENSG00000196914,ENSG00000152127,ENSG00000154783,ENSG00000176994,ENSG00000107798,ENSG00000134250,ENSG00000104419,ENSG00000174600,ENSG00000149428,ENSG00000071537,ENSG00000188559,ENSG00000146070,ENSG00000084674,ENSG00000132405,ENSG00000113712,ENSG00000115232,ENSG00000137486,ENSG00000248905,ENSG00000138760,ENSG00000131374,ENSG00000136869,ENSG00000180113,ENSG00000240184,ENSG00000171302,ENSG00000180530,ENSG00000160791,ENSG00000138756,ENSG00000073111,ENSG00000143418,ENSG00000177119,ENSG00000156675,ENSG00000154127,ENSG00000138449,ENSG00000001630,ENSG00000198146,ENSG00000133816,ENSG00000160789,ENSG00000178175,ENSG00000165029,ENSG00000116016,ENSG00000072736,ENSG00000151779,ENSG00000090432,ENSG00000135913,ENSG00000154822,ENSG00000144560,ENSG00000064651,ENSG00000149256,ENSG00000135766,ENSG00000250722,ENSG00000136689,ENSG00000173535,ENSG00000173166,ENSG00000121807,ENSG00000178104,ENSG00000150760,ENSG00000147614,ENSG00000132718,ENSG00000173641,ENSG00000188211,ENSG00000204519,ENSG00000077585,ENSG00000198959,ENSG00000180884,ENSG00000165092,ENSG00000154310,ENSG00000112414,ENSG00000081803,ENSG00000116824,ENSG00000177076,ENSG00000034053,ENSG00000071205,ENSG00000160179,ENSG00000173210,ENSG00000111684,ENSG00000128268,ENSG00000011677,ENSG00000112210,ENSG00000075651,ENSG00000163554,ENSG00000064655,ENSG00000146072,ENSG00000157680,ENSG00000139567,ENSG00000165507,ENSG00000113645,ENSG00000050327,ENSG00000173546,ENSG00000156535,ENSG00000254598,ENSG00000138030,ENSG00000102043,ENSG00000164976,ENSG00000176490,ENSG00000257315,ENSG00000183840,ENSG00000109265,ENSG00000121797,ENSG00000125510,ENSG00000197714,ENSG00000127362,ENSG00000147381,ENSG00000176438,ENSG00000151623,ENSG00000102931,ENSG00000134780,ENSG00000139971,ENSG00000180447,ENSG00000180155,ENSG00000138738,ENSG00000050030,ENSG00000182836,ENSG00000163884,ENSG00000013016,ENSG00000089723,ENSG00000135824","GO:BP - regulation of biological process"
"query_1",TRUE,0.00809267574196268,12671,176,130,0.738636363636364,0.0102596480151527,"GO:0065007","GO:BP","biological regulation",21017,15890,"IDA IMP ISS TAS,IDA ISS TAS IC IEA,IDA IMP TAS NAS IC IEA,IDA IBA,IDA,IDA IBA TAS,IDA IMP IBA NAS IEA,IDA IMP ISS IBA IEA,IDA IBA IEA,IDA IMP IGI HMP ISS NAS IC IEA,IMP,IDA IBA TAS IEA,IDA,ISS TAS,IMP NAS IEA,TAS IEA,IDA IMP IBA TAS IEA,IEP IBA IEA,IDA IMP ISS IBA TAS NAS IEA,IDA IBA IEA,TAS IEA,ISS IEA,IDA TAS,IDA IMP IC IEA,NAS IEA,IMP IBA,IDA IMP ISS IBA TAS NAS IC IEA,IDA IMP IBA NAS IEA,IDA IMP IBA IEA,IEA,IMP ISS TAS IEA,IMP,IDA IMP IGI ISS IBA NAS IC IEA,IBA,IEA,HMP,IDA IMP IBA IEA,IDA IMP IEP IBA TAS IEA,IBA IEA,NAS,ISS IEA,IMP ISS IBA IEA,IDA,IBA IEA,IEA,ISS IEA,IBA IEA,IMP,IMP ISS IBA IEA,IDA IBA,IDA IMP ISS TAS IEA,IDA IMP ISS IBA TAS IEA,IDA IMP IGI ISS IBA TAS IEA,IMP,IDA IMP HMP IEA,IMP,ISS IEA,IDA ISS IBA IEA,ISS IBA TAS IEA,IMP ISS IEA,IDA ISS IEA,IEA,IBA TAS IEA,IDA IBA IEA,IBA,IEA,IDA ISS IBA TAS IEA,IDA IMP IBA,IMP TAS IEA,IBA NAS,ISS IBA TAS IC IEA,TAS,IBA,IBA IEA,IMP ISS IBA,IDA IMP ISS IEA,IBA IEA,ISS IEA,IDA IMP IBA IEA,IMP ISS IBA TAS IEA,IBA IEA,IDA IMP IBA TAS NAS,IDA IMP,IBA IEA,IBA TAS IEA,IDA ISS TAS IEA,HMP IEA,ISS IEA,IDA ISS,IBA TAS IEA,IMP,IDA IMP IBA TAS IEA,IEA,IBA IEA,IMP ISS IBA IEA,IBA TAS IEA,IDA IMP IGI ISS IBA TAS IEA,IDA IBA,IDA IMP IBA TAS IEA,IDA IMP TAS IEA,IDA IEA,IDA IEA,IDA IBA,IBA,IPI IMP,ISS IEA,IEA,ISS IBA IEA,IBA TAS IEA,IDA IBA,IBA TAS IEA,IDA IPI IMP IBA TAS IEA,IDA,IBA IEA,IEA,IMP IBA,IMP,IMP IBA TAS IEA,IMP IBA TAS IEA,IMP ISS IBA IEA,IDA ISS IEA,IDA IMP IGI ISS IBA IEA,IDA IEA,IDA IMP IBA,IBA,IEA,IMP IBA IEA,IMP IGI IEA,IBA,IDA ISS TAS IEA","HSPA8,ATP1A1,GPNMB,SYT2,A2M,PSAP,CNOT1,PRKDC,ABHD2,FLNA,SLC31A1,ARHGEF12,MGAT5,FGD5,SMCR8,LIPA,NOTCH2,NDRG1,CMKLR1,HYOU1,SEL1L,RALGAPA2,PLA2G7,APOB,AP2B1,TBC1D14,CSNK1A1,ITGA4,ARRB1,FMN1,SCARB2,TBC1D5,TLR4,TDRD6,PCDHGC3,CANT1,NRIP1,CCR5,BMP2K,MCM2,CERS2,ANO6,RAB11FIP1,UBASH3B,SLC40A1,CYP51A1,ZNF770,MICAL2,LMNA,ZNF366,ABCA1,EPAS1,NFATC3,NBAS,MUL1,USP37,PLCL2,VGLL4,SLC12A2,TENM4,EGLN1,SELENOP,F8,IL1RN,TNFRSF10C,RAPH1,CCR2,PDE4DIP,DOCK1,ATP6V0D2,SYT11,HSPB7,NCR3LG1,ZNF551,GPR137B,TGM2,ZNF792,ALDH1A1,TNIK,ADGRG6,CADPS2,CD2,ACER2,APBA2,ARHGAP10,ABCG1,ABLIM3,LPCAT3,MGAT3,GABRA3,RAB23,PLD1,SPTA1,EYA2,TNFRSF21,DGKI,ACVRL1,DEPP1,WWC1,ARHGEF5,CSPG4,CD109,CSNK2A3,KHK,MTMR8,MYORG,DIRAS1,ZBED6,GPR39,CRACD,CCRL2,OPRL1,MEP1A,ZNF460,TAS2R3,MAGEA4,SYNE3,NR3C2,ARL2BP,DAGLA,ARMH4,GAS1,LYNX1,PRDM5,NEXMIF,PLCXD3,KLF15,EHD3,OTUB2,RGS8","HSPA8,ATP1A1,GPNMB,SYT2,A2M,PSAP,CNOT1,PRKDC,ABHD2,FLNA,SLC31A1,ARHGEF12,MGAT5,FGD5,SMCR8,LIPA,NOTCH2,NDRG1,CMKLR1,HYOU1,SEL1L,RALGAPA2,PLA2G7,APOB,AP2B1,TBC1D14,CSNK1A1,ITGA4,ARRB1,FMN1,SCARB2,TBC1D5,TLR4,TDRD6,PCDHGC3,CANT1,NRIP1,CCR5,BMP2K,MCM2,CERS2,ANO6,RAB11FIP1,UBASH3B,SLC40A1,CYP51A1,ZNF770,MICAL2,LMNA,ZNF366,ABCA1,EPAS1,NFATC3,NBAS,MUL1,USP37,PLCL2,VGLL4,SLC12A2,TENM4,EGLN1,SELENOP,F8,IL1RN,TNFRSF10C,RAPH1,CCR2,PDE4DIP,DOCK1,ATP6V0D2,SYT11,HSPB7,NCR3LG1,ZNF551,GPR137B,TGM2,ZNF792,ALDH1A1,TNIK,ADGRG6,CADPS2,CD2,ACER2,APBA2,ARHGAP10,ABCG1,ABLIM3,LPCAT3,MGAT3,GABRA3,RAB23,PLD1,SPTA1,EYA2,TNFRSF21,DGKI,ACVRL1,DEPP1,WWC1,ARHGEF5,CSPG4,CD109,CSNK2A3,KHK,MTMR8,MYORG,DIRAS1,ZBED6,GPR39,CRACD,CCRL2,OPRL1,MEP1A,ZNF460,TAS2R3,MAGEA4,SYNE3,NR3C2,ARL2BP,DAGLA,ARMH4,GAS1,LYNX1,PRDM5,NEXMIF,PLCXD3,KLF15,EHD3,OTUB2,RGS8","ENSG00000109971,ENSG00000163399,ENSG00000136235,ENSG00000143858,ENSG00000175899,ENSG00000197746,ENSG00000125107,ENSG00000253729,ENSG00000140526,ENSG00000196924,ENSG00000136868,ENSG00000196914,ENSG00000152127,ENSG00000154783,ENSG00000176994,ENSG00000107798,ENSG00000134250,ENSG00000104419,ENSG00000174600,ENSG00000149428,ENSG00000071537,ENSG00000188559,ENSG00000146070,ENSG00000084674,ENSG00000006125,ENSG00000132405,ENSG00000113712,ENSG00000115232,ENSG00000137486,ENSG00000248905,ENSG00000138760,ENSG00000131374,ENSG00000136869,ENSG00000180113,ENSG00000240184,ENSG00000171302,ENSG00000180530,ENSG00000160791,ENSG00000138756,ENSG00000073111,ENSG00000143418,ENSG00000177119,ENSG00000156675,ENSG00000154127,ENSG00000138449,ENSG00000001630,ENSG00000198146,ENSG00000133816,ENSG00000160789,ENSG00000178175,ENSG00000165029,ENSG00000116016,ENSG00000072736,ENSG00000151779,ENSG00000090432,ENSG00000135913,ENSG00000154822,ENSG00000144560,ENSG00000064651,ENSG00000149256,ENSG00000135766,ENSG00000250722,ENSG00000185010,ENSG00000136689,ENSG00000173535,ENSG00000173166,ENSG00000121807,ENSG00000178104,ENSG00000150760,ENSG00000147614,ENSG00000132718,ENSG00000173641,ENSG00000188211,ENSG00000204519,ENSG00000077585,ENSG00000198959,ENSG00000180884,ENSG00000165092,ENSG00000154310,ENSG00000112414,ENSG00000081803,ENSG00000116824,ENSG00000177076,ENSG00000034053,ENSG00000071205,ENSG00000160179,ENSG00000173210,ENSG00000111684,ENSG00000128268,ENSG00000011677,ENSG00000112210,ENSG00000075651,ENSG00000163554,ENSG00000064655,ENSG00000146072,ENSG00000157680,ENSG00000139567,ENSG00000165507,ENSG00000113645,ENSG00000050327,ENSG00000173546,ENSG00000156535,ENSG00000254598,ENSG00000138030,ENSG00000102043,ENSG00000164976,ENSG00000176490,ENSG00000257315,ENSG00000183840,ENSG00000109265,ENSG00000121797,ENSG00000125510,ENSG00000112818,ENSG00000197714,ENSG00000127362,ENSG00000147381,ENSG00000176438,ENSG00000151623,ENSG00000102931,ENSG00000134780,ENSG00000139971,ENSG00000180447,ENSG00000180155,ENSG00000138738,ENSG00000050030,ENSG00000182836,ENSG00000163884,ENSG00000013016,ENSG00000089723,ENSG00000135824","GO:BP - biological regulation"
"query_1",TRUE,0.00916541442847565,3985,176,54,0.306818181818182,0.0135508155583438,"GO:0048731","GO:BP","system development",21017,12988,"NAS,IDA,IEA,IBA,IBA IEA,IEA,IMP ISS IEA,IEA,IMP IBA NAS IEA,IEA,TAS,IEA,IEA,IEA,IEA,ISS,IEA,IEA,IEA,ISS IEA,IMP,IEA,ISS,IEA,IEA,IDA ISS,IEA,ISS IEA,ISS,IBA,IMP ISS IBA IEA,ISS IEA,IEA,IEA,IDA ISS IEA,IEA,IEA,IEA,IDA ISS IEA,IDA IBA IEA,IMP ISS IBA TAS,IEA,IEA,TAS,IMP,IMP ISS IBA IEA,IMP ISS IBA TAS IEA,IEA,ISS IBA IEA,IEA,IEA,IBA,IBA IEA,ISS IEA","GPNMB,SYT2,A2M,PSAP,PRKDC,FLNA,SLC31A1,LIPA,NOTCH2,NDRG1,CMKLR1,APOB,AP2B1,ITGA4,FMN1,SCARB2,TLR4,PCDHGC3,NRIP1,CERS2,SH3PXD2B,SLC40A1,MICAL2,LMNA,EPAS1,NFATC3,MUL1,VGLL4,SLC12A2,UNC119B,TENM4,EGLN1,SELENOP,RAPH1,CCR2,HSPB7,PCDHGA10,PCDHGB6,TGM2,TNIK,ADGRG6,LRIG1,PCDHGB7,APBA2,RAB23,TNFRSF21,ACVRL1,CSPG4,LGI2,PCDHB8,DAGLA,MAMDC2,NEXMIF,KLF15","GPNMB,SYT2,A2M,PSAP,PRKDC,FLNA,SLC31A1,LIPA,NOTCH2,NDRG1,CMKLR1,APOB,AP2B1,ITGA4,FMN1,SCARB2,TLR4,PCDHGC3,NRIP1,CERS2,SH3PXD2B,SLC40A1,MICAL2,LMNA,EPAS1,NFATC3,MUL1,VGLL4,SLC12A2,UNC119B,TENM4,EGLN1,SELENOP,RAPH1,CCR2,HSPB7,PCDHGA10,PCDHGB6,TGM2,TNIK,ADGRG6,LRIG1,PCDHGB7,APBA2,RAB23,TNFRSF21,ACVRL1,CSPG4,LGI2,PCDHB8,DAGLA,MAMDC2,NEXMIF,KLF15","ENSG00000136235,ENSG00000143858,ENSG00000175899,ENSG00000197746,ENSG00000253729,ENSG00000196924,ENSG00000136868,ENSG00000107798,ENSG00000134250,ENSG00000104419,ENSG00000174600,ENSG00000084674,ENSG00000006125,ENSG00000115232,ENSG00000248905,ENSG00000138760,ENSG00000136869,ENSG00000240184,ENSG00000180530,ENSG00000143418,ENSG00000174705,ENSG00000138449,ENSG00000133816,ENSG00000160789,ENSG00000116016,ENSG00000072736,ENSG00000090432,ENSG00000144560,ENSG00000064651,ENSG00000175970,ENSG00000149256,ENSG00000135766,ENSG00000250722,ENSG00000173166,ENSG00000121807,ENSG00000173641,ENSG00000253846,ENSG00000253305,ENSG00000198959,ENSG00000154310,ENSG00000112414,ENSG00000144749,ENSG00000254122,ENSG00000034053,ENSG00000112210,ENSG00000146072,ENSG00000139567,ENSG00000173546,ENSG00000153012,ENSG00000120322,ENSG00000134780,ENSG00000165072,ENSG00000050030,ENSG00000163884","GO:BP - system development"
"query_1",TRUE,0.0099832352259075,5979,176,73,0.414772727272727,0.0122093995651447,"GO:0007165","GO:BP","signal transduction",21017,2729,"IDA,IMP IC IEA,IBA,IDA,IDA IMP IBA IEA,IDA IBA,IMP IGI HMP IEA,IMP,IDA IBA TAS IEA,IDA,TAS,IMP,IEA,IDA IMP IBA IEA,IEP IBA,IDA IBA TAS NAS IEA,IDA IBA IEA,IEA,IEA,IDA IMP ISS IBA TAS NAS IC IEA,IBA NAS IEA,IDA IMP IBA IEA,IDA IGI ISS IBA IEA,HMP,IDA IMP IEP IBA TAS IEA,IBA,IMP,IBA IEA,IEA,IDA IBA,IMP IEA,TAS,IBA,IDA IMP HMP,IEA,IDA ISS IEA,IEA,IDA IBA IEA,IBA,IEA,IDA ISS IBA TAS IEA,TAS IEA,IMP IBA,IMP ISS,IDA IMP IBA IEA,IMP ISS IBA TAS IEA,TAS,IMP,TAS IEA,TAS IEA,IBA IEA,ISS IEA,IBA IEA,IDA IMP IGI IBA TAS IEA,IDA IMP IBA,IDA TAS IEA,IDA IEA,IDA,ISS IEA,IEA,IBA TAS IEA,IBA TAS IEA,IDA IPI IMP IBA TAS IEA,IEA,IMP IBA TAS,IMP IBA TAS,IEA,ISS IEA,ISS,IDA,IEA,IEA,ISS TAS IEA","HSPA8,GPNMB,PSAP,CNOT1,PRKDC,ABHD2,FLNA,SLC31A1,ARHGEF12,MGAT5,FGD5,SMCR8,LIPA,NOTCH2,NDRG1,CMKLR1,HYOU1,SEL1L,RALGAPA2,CSNK1A1,ITGA4,ARRB1,TLR4,CANT1,CCR5,BMP2K,ANO6,UBASH3B,LMNA,ZNF366,ABCA1,EPAS1,NFATC3,MUL1,PLCL2,VGLL4,TENM4,IL1RN,TNFRSF10C,RAPH1,CCR2,DOCK1,GPR137B,TGM2,TNIK,ADGRG6,CD2,ACER2,ARHGAP10,PLD1,EYA2,TNFRSF21,DGKI,ACVRL1,WWC1,ARHGEF5,CSPG4,CD109,MYORG,DIRAS1,GPR39,CCRL2,OPRL1,TAS2R3,NR3C2,ARL2BP,DAGLA,ARMH4,GAS1,LYNX1,PLCXD3,KLF15,RGS8","HSPA8,GPNMB,PSAP,CNOT1,PRKDC,ABHD2,FLNA,SLC31A1,ARHGEF12,MGAT5,FGD5,SMCR8,LIPA,NOTCH2,NDRG1,CMKLR1,HYOU1,SEL1L,RALGAPA2,CSNK1A1,ITGA4,ARRB1,TLR4,CANT1,CCR5,BMP2K,ANO6,UBASH3B,LMNA,ZNF366,ABCA1,EPAS1,NFATC3,MUL1,PLCL2,VGLL4,TENM4,IL1RN,TNFRSF10C,RAPH1,CCR2,DOCK1,GPR137B,TGM2,TNIK,ADGRG6,CD2,ACER2,ARHGAP10,PLD1,EYA2,TNFRSF21,DGKI,ACVRL1,WWC1,ARHGEF5,CSPG4,CD109,MYORG,DIRAS1,GPR39,CCRL2,OPRL1,TAS2R3,NR3C2,ARL2BP,DAGLA,ARMH4,GAS1,LYNX1,PLCXD3,KLF15,RGS8","ENSG00000109971,ENSG00000136235,ENSG00000197746,ENSG00000125107,ENSG00000253729,ENSG00000140526,ENSG00000196924,ENSG00000136868,ENSG00000196914,ENSG00000152127,ENSG00000154783,ENSG00000176994,ENSG00000107798,ENSG00000134250,ENSG00000104419,ENSG00000174600,ENSG00000149428,ENSG00000071537,ENSG00000188559,ENSG00000113712,ENSG00000115232,ENSG00000137486,ENSG00000136869,ENSG00000171302,ENSG00000160791,ENSG00000138756,ENSG00000177119,ENSG00000154127,ENSG00000160789,ENSG00000178175,ENSG00000165029,ENSG00000116016,ENSG00000072736,ENSG00000090432,ENSG00000154822,ENSG00000144560,ENSG00000149256,ENSG00000136689,ENSG00000173535,ENSG00000173166,ENSG00000121807,ENSG00000150760,ENSG00000077585,ENSG00000198959,ENSG00000154310,ENSG00000112414,ENSG00000116824,ENSG00000177076,ENSG00000071205,ENSG00000075651,ENSG00000064655,ENSG00000146072,ENSG00000157680,ENSG00000139567,ENSG00000113645,ENSG00000050327,ENSG00000173546,ENSG00000156535,ENSG00000164976,ENSG00000176490,ENSG00000183840,ENSG00000121797,ENSG00000125510,ENSG00000127362,ENSG00000151623,ENSG00000102931,ENSG00000134780,ENSG00000139971,ENSG00000180447,ENSG00000180155,ENSG00000182836,ENSG00000163884,ENSG00000135824","GO:BP - signal transduction"
"query_1",TRUE,0.0099832352259075,2562,176,39,0.221590909090909,0.0152224824355972,"GO:0009056","GO:BP","catabolic process",21017,3232,"IDA IMP ISS IBA TAS IEA,TAS,IDA IMP IBA NAS,IDA IBA IEA,TAS IEA,IMP,IMP NAS IEA,IEA,IMP ISS IBA TAS IEA,IDA IEA,IEA,IMP NAS,IMP IBA IEA,IDA IMP NAS,IMP,IMP TAS IEA,IDA IMP IEA,TAS,ISS IEA,IMP,IEA,ISS IEA,IEA,NAS,IDA,IMP IEA,IMP IBA IEA,IDA,IMP IBA,ISS,IMP IBA,IBA IEA,IDA IBA IEA,IDA,IPI IMP,IDA IMP IBA IEA,IEA,NAS,IDA IBA","HSPA8,PSAP,CNOT1,ABHD2,GNS,FLNA,SMCR8,LIPA,SEL1L,PLA2G7,APOB,ASCC3,TBC1D14,CSNK1A1,ARRB1,SCARB2,TBC1D5,PGM1,CYP51A1,NBAS,PLCL2,VGLL4,EGLN1,ATP6V0D2,MAN1A1,SYT11,GPR137B,ALDH1A1,ACER2,MGAT3,RAB23,PLD1,DEPP1,CSNK2A3,MTMR8,DAGLA,PLCXD3,PRSS16,GLUD2","HSPA8,PSAP,CNOT1,ABHD2,GNS,FLNA,SMCR8,LIPA,SEL1L,PLA2G7,APOB,ASCC3,TBC1D14,CSNK1A1,ARRB1,SCARB2,TBC1D5,PGM1,CYP51A1,NBAS,PLCL2,VGLL4,EGLN1,ATP6V0D2,MAN1A1,SYT11,GPR137B,ALDH1A1,ACER2,MGAT3,RAB23,PLD1,DEPP1,CSNK2A3,MTMR8,DAGLA,PLCXD3,PRSS16,GLUD2","ENSG00000109971,ENSG00000197746,ENSG00000125107,ENSG00000140526,ENSG00000135677,ENSG00000196924,ENSG00000176994,ENSG00000107798,ENSG00000071537,ENSG00000146070,ENSG00000084674,ENSG00000112249,ENSG00000132405,ENSG00000113712,ENSG00000137486,ENSG00000138760,ENSG00000131374,ENSG00000079739,ENSG00000001630,ENSG00000151779,ENSG00000154822,ENSG00000144560,ENSG00000135766,ENSG00000147614,ENSG00000111885,ENSG00000132718,ENSG00000077585,ENSG00000165092,ENSG00000177076,ENSG00000128268,ENSG00000112210,ENSG00000075651,ENSG00000165507,ENSG00000254598,ENSG00000102043,ENSG00000134780,ENSG00000182836,ENSG00000112812,ENSG00000182890","GO:BP - catabolic process"
"query_1",TRUE,0.0099832352259075,134,176,7,0.0397727272727273,0.0522388059701493,"GO:0006639","GO:BP","acylglycerol metabolic process",21017,2350,"IDA IBA,IEA,ISS IEA,IBA IEA,IBA,IDA IMP IBA IEA,IEA","ABHD2,LIPA,SEL1L,APOB,DGKI,DAGLA,SLC22A4","ABHD2,LIPA,SEL1L,APOB,DGKI,DAGLA,SLC22A4","ENSG00000140526,ENSG00000107798,ENSG00000071537,ENSG00000084674,ENSG00000157680,ENSG00000134780,ENSG00000197208","GO:BP - acylglycerol metabolic process"
"query_1",TRUE,0.0099832352259075,1428,176,26,0.147727272727273,0.0182072829131653,"GO:0015031","GO:BP","protein transport",21017,4795,"IDA IMP IBA TAS,IMP,IMP ISS IEA,IBA IEA,IEA,IEA,IEA,IMP IBA NAS IEA,IEA,IMP,IDA IEA,ISS IEA,IEA,IMP ISS IEA,IEA,ISS,IDA IBA IEA,IEA,IEA,IEA,IEA,IDA,IMP IBA IEA,IMP,IEA,IEA","HSPA8,FLNA,SEL1L,APOB,AP2B1,SEC23B,ARRB1,SCARB2,TBC1D5,TLR4,RAB11FIP1,CYP51A1,LMNA,ABCA1,NBAS,SLC12A2,UNC119B,IL1RN,DNAJC14,CADPS2,APBA2,ABCG1,RAB23,ARHGEF5,ZBED6,EHD3","HSPA8,FLNA,SEL1L,APOB,AP2B1,SEC23B,ARRB1,SCARB2,TBC1D5,TLR4,RAB11FIP1,CYP51A1,LMNA,ABCA1,NBAS,SLC12A2,UNC119B,IL1RN,DNAJC14,CADPS2,APBA2,ABCG1,RAB23,ARHGEF5,ZBED6,EHD3","ENSG00000109971,ENSG00000196924,ENSG00000071537,ENSG00000084674,ENSG00000006125,ENSG00000101310,ENSG00000137486,ENSG00000138760,ENSG00000131374,ENSG00000136869,ENSG00000156675,ENSG00000001630,ENSG00000160789,ENSG00000165029,ENSG00000151779,ENSG00000064651,ENSG00000175970,ENSG00000136689,ENSG00000135392,ENSG00000081803,ENSG00000034053,ENSG00000160179,ENSG00000112210,ENSG00000050327,ENSG00000257315,ENSG00000013016","GO:BP - protein transport"
"query_1",TRUE,0.0099832352259075,135,176,7,0.0397727272727273,0.0518518518518519,"GO:0006638","GO:BP","neutral lipid metabolic process",21017,2349,"IDA IBA,IEA,ISS IEA,IBA IEA,IBA,IDA IMP IBA IEA,IEA","ABHD2,LIPA,SEL1L,APOB,DGKI,DAGLA,SLC22A4","ABHD2,LIPA,SEL1L,APOB,DGKI,DAGLA,SLC22A4","ENSG00000140526,ENSG00000107798,ENSG00000071537,ENSG00000084674,ENSG00000157680,ENSG00000134780,ENSG00000197208","GO:BP - neutral lipid metabolic process"
"query_1",TRUE,0.0099832352259075,2847,176,42,0.238636363636364,0.0147523709167545,"GO:0065008","GO:BP","regulation of biological quality",21017,15891,"IMP ISS,IDA TAS IC IEA,IDA IMP IBA NAS,IEA,IMP HMP ISS NAS IC IEA,ISS,IEA,IBA,TAS,TAS,NAS IEA,IMP,IEA,ISS IEA,IBA TAS,IMP ISS IBA,IDA,IBA IEA,IEA,IDA IEA,IEA,IDA IMP IEA,ISS IBA TAS IEA,IEA,IBA TAS IEA,IEA,IBA TAS,IBA,IEA,IEA,IBA,IEA,IEA,TAS IEA,IMP,IEA,IDA IBA,IBA,IEA,IDA,IMP,IGI IEA","HSPA8,ATP1A1,CNOT1,PRKDC,FLNA,FGD5,LIPA,CMKLR1,SEL1L,PLA2G7,AP2B1,ITGA4,FMN1,TLR4,CCR5,ANO6,RAB11FIP1,UBASH3B,LMNA,ABCA1,EPAS1,MUL1,SLC12A2,EGLN1,F8,IL1RN,CCR2,ATP6V0D2,ALDH1A1,ABCG1,GABRA3,SPTA1,EYA2,DGKI,ACVRL1,ZBED6,CRACD,CCRL2,OPRL1,MEP1A,SYNE3,EHD3","HSPA8,ATP1A1,CNOT1,PRKDC,FLNA,FGD5,LIPA,CMKLR1,SEL1L,PLA2G7,AP2B1,ITGA4,FMN1,TLR4,CCR5,ANO6,RAB11FIP1,UBASH3B,LMNA,ABCA1,EPAS1,MUL1,SLC12A2,EGLN1,F8,IL1RN,CCR2,ATP6V0D2,ALDH1A1,ABCG1,GABRA3,SPTA1,EYA2,DGKI,ACVRL1,ZBED6,CRACD,CCRL2,OPRL1,MEP1A,SYNE3,EHD3","ENSG00000109971,ENSG00000163399,ENSG00000125107,ENSG00000253729,ENSG00000196924,ENSG00000154783,ENSG00000107798,ENSG00000174600,ENSG00000071537,ENSG00000146070,ENSG00000006125,ENSG00000115232,ENSG00000248905,ENSG00000136869,ENSG00000160791,ENSG00000177119,ENSG00000156675,ENSG00000154127,ENSG00000160789,ENSG00000165029,ENSG00000116016,ENSG00000090432,ENSG00000064651,ENSG00000135766,ENSG00000185010,ENSG00000136689,ENSG00000121807,ENSG00000147614,ENSG00000165092,ENSG00000160179,ENSG00000011677,ENSG00000163554,ENSG00000064655,ENSG00000157680,ENSG00000139567,ENSG00000257315,ENSG00000109265,ENSG00000121797,ENSG00000125510,ENSG00000112818,ENSG00000176438,ENSG00000013016","GO:BP - regulation of biological quality"
"query_1",TRUE,0.0107655602506711,234,176,9,0.0511363636363636,0.0384615384615385,"GO:0006909","GO:BP","phagocytosis",21017,2559,"NAS,IDA,ISS,IEA,IEA,TAS IEA,ISS IEA,IDA IEA,IEA","CD93,TLR4,ANO6,ABCA1,CCR2,DOCK1,SYT11,TGM2,ICAM3","CD93,TLR4,ANO6,ABCA1,CCR2,DOCK1,SYT11,TGM2,ICAM3","ENSG00000125810,ENSG00000136869,ENSG00000177119,ENSG00000165029,ENSG00000121807,ENSG00000150760,ENSG00000132718,ENSG00000198959,ENSG00000076662","GO:BP - phagocytosis"
"query_1",TRUE,0.0108439597300754,62,176,5,0.0284090909090909,0.0806451612903226,"GO:0140253","GO:BP","cell-cell fusion",21017,19722,"IMP,ISS IEA,IBA,IDA IMP IBA,IEA","SH3PXD2A,PTGFRN,DOCK1,ERVW-1,CD109","SH3PXD2A,PTGFRN,DOCK1,ERVW-1,CD109","ENSG00000107957,ENSG00000134247,ENSG00000150760,ENSG00000242950,ENSG00000156535","GO:BP - cell-cell fusion"
"query_1",TRUE,0.0108439597300754,62,176,5,0.0284090909090909,0.0806451612903226,"GO:0000768","GO:BP","syncytium formation by plasma membrane fusion",21017,234,"IMP,ISS IEA,IBA,IDA IMP IBA,IEA","SH3PXD2A,PTGFRN,DOCK1,ERVW-1,CD109","SH3PXD2A,PTGFRN,DOCK1,ERVW-1,CD109","ENSG00000107957,ENSG00000134247,ENSG00000150760,ENSG00000242950,ENSG00000156535","GO:BP - syncytium formation by plasma membrane fusion"
"query_1",TRUE,0.0114869238026772,63,176,5,0.0284090909090909,0.0793650793650794,"GO:0016126","GO:BP","sterol biosynthetic process",21017,5144,"IEA,IEA,TAS IEA,ISS IEA,ISS IEA","LIPA,APOB,CYP51A1,ABCG1,LPCAT3","LIPA,APOB,CYP51A1,ABCG1,LPCAT3","ENSG00000107798,ENSG00000084674,ENSG00000001630,ENSG00000160179,ENSG00000111684","GO:BP - sterol biosynthetic process"
"query_1",TRUE,0.0115683426095136,2692,176,40,0.227272727272727,0.0148588410104012,"GO:0009653","GO:BP","anatomical structure morphogenesis",21017,3571,"NAS,IDA,IEA,ISS IEA,IDA IEA,IMP ISS IEA,ISS,IEA,IMP IEP IBA IEA,IEA,IEP IEA,IEA,IMP,ISS IEA,IEA,ISS,IEA,ISS,IDA IEA,ISS,IMP ISS IEA,ISS IEA,IDA,IEA,ISS IEA,IBA,IEA,IDA IMP IBA TAS,IDA IBA,IBA,IEA,IMP,IEA,TAS,IMP ISS IBA TAS IEA,IEA,IEA,IEP,IMP,IEA","GPNMB,SYT2,CNOT1,PRKDC,FLNA,SLC31A1,FGD5,LIPA,NOTCH2,APOB,ITGA4,FMN1,SH3PXD2A,PTGFRN,SLC40A1,MICAL2,EPAS1,NFATC3,MUL1,SLC12A2,TENM4,EGLN1,IL1RN,RAPH1,CCR2,DOCK1,TGM2,ERVW-1,TNIK,ADGRG6,LRIG1,RAB23,SPTA1,EYA2,ACVRL1,CSPG4,CD109,LAMB3,SYNE3,MFSD14A","GPNMB,SYT2,CNOT1,PRKDC,FLNA,SLC31A1,FGD5,LIPA,NOTCH2,APOB,ITGA4,FMN1,SH3PXD2A,PTGFRN,SLC40A1,MICAL2,EPAS1,NFATC3,MUL1,SLC12A2,TENM4,EGLN1,IL1RN,RAPH1,CCR2,DOCK1,TGM2,ERVW-1,TNIK,ADGRG6,LRIG1,RAB23,SPTA1,EYA2,ACVRL1,CSPG4,CD109,LAMB3,SYNE3,MFSD14A","ENSG00000136235,ENSG00000143858,ENSG00000125107,ENSG00000253729,ENSG00000196924,ENSG00000136868,ENSG00000154783,ENSG00000107798,ENSG00000134250,ENSG00000084674,ENSG00000115232,ENSG00000248905,ENSG00000107957,ENSG00000134247,ENSG00000138449,ENSG00000133816,ENSG00000116016,ENSG00000072736,ENSG00000090432,ENSG00000064651,ENSG00000149256,ENSG00000135766,ENSG00000136689,ENSG00000173166,ENSG00000121807,ENSG00000150760,ENSG00000198959,ENSG00000242950,ENSG00000154310,ENSG00000112414,ENSG00000144749,ENSG00000112210,ENSG00000163554,ENSG00000064655,ENSG00000139567,ENSG00000173546,ENSG00000156535,ENSG00000196878,ENSG00000176438,ENSG00000156875","GO:BP - anatomical structure morphogenesis"
"query_1",TRUE,0.0123845324384141,1134,176,22,0.125,0.0194003527336861,"GO:0072359","GO:BP","circulatory system development",21017,17370,"NAS,IEA,IEA,IMP ISS IEA,IEA,IMP NAS IEA,IEA,IEA,IMP,ISS,IEA,IEA,IDA ISS,ISS IEA,ISS,IEA,ISS IEA,ISS IEA,IEA,IBA,IMP ISS IBA TAS IEA,IEA","GPNMB,PRKDC,FLNA,SLC31A1,LIPA,NOTCH2,APOB,AP2B1,SH3PXD2B,MICAL2,LMNA,EPAS1,NFATC3,VGLL4,SLC12A2,TENM4,EGLN1,CCR2,HSPB7,ADGRG6,ACVRL1,CSPG4","GPNMB,PRKDC,FLNA,SLC31A1,LIPA,NOTCH2,APOB,AP2B1,SH3PXD2B,MICAL2,LMNA,EPAS1,NFATC3,VGLL4,SLC12A2,TENM4,EGLN1,CCR2,HSPB7,ADGRG6,ACVRL1,CSPG4","ENSG00000136235,ENSG00000253729,ENSG00000196924,ENSG00000136868,ENSG00000107798,ENSG00000134250,ENSG00000084674,ENSG00000006125,ENSG00000174705,ENSG00000133816,ENSG00000160789,ENSG00000116016,ENSG00000072736,ENSG00000144560,ENSG00000064651,ENSG00000149256,ENSG00000135766,ENSG00000121807,ENSG00000173641,ENSG00000112414,ENSG00000139567,ENSG00000173546","GO:BP - circulatory system development"
"query_1",TRUE,0.0123845324384141,3,176,2,0.0113636363636364,0.666666666666667,"GO:1904589","GO:BP","regulation of protein import",21017,23939,"TAS,IMP","HSPA8,ARHGEF5","HSPA8,ARHGEF5","ENSG00000109971,ENSG00000050327","GO:BP - regulation of protein import"
"query_1",TRUE,0.0133425337919261,66,176,5,0.0284090909090909,0.0757575757575758,"GO:0006949","GO:BP","syncytium formation",21017,2581,"IMP,ISS IEA,IBA,IDA IMP IBA,IEA","SH3PXD2A,PTGFRN,DOCK1,ERVW-1,CD109","SH3PXD2A,PTGFRN,DOCK1,ERVW-1,CD109","ENSG00000107957,ENSG00000134247,ENSG00000150760,ENSG00000242950,ENSG00000156535","GO:BP - syncytium formation"
"query_1",TRUE,0.015458265757428,2928,176,42,0.238636363636364,0.014344262295082,"GO:0051239","GO:BP","regulation of multicellular organismal process",21017,13589,"TAS IEA,IDA IMP NAS IEA,IMP IEA,ISS IEA,NAS IC,IMP IEA,ISS IEA,IMP,IDA,IDA IMP ISS NAS IEA,IBA IEA,ISS IEA,IMP,IDA,IBA IEA,ISS IEA,ISS IEA,ISS TAS IEA,ISS IEA,IEA,IMP,ISS IEA,ISS IEA,ISS,IMP ISS IEA,ISS IEA,ISS IEA,IMP,ISS IEA,TAS,ISS IBA,IDA,ISS,IDA IMP IBA NAS,ISS IEA,IEA,IMP ISS IBA IEA,IGI TAS IEA,IMP IBA,IEA,IEA,IEA","ATP1A1,GPNMB,CNOT1,PRKDC,FLNA,NOTCH2,CMKLR1,ITGA4,ARRB1,TLR4,BMP2K,CERS2,ANO6,RAB11FIP1,UBASH3B,CYP51A1,LMNA,ABCA1,EPAS1,NFATC3,MUL1,PLCL2,VGLL4,SLC12A2,TENM4,EGLN1,CCR2,DOCK1,SYT11,HSPB7,GPR137B,TGM2,ALDH1A1,CD2,LPCAT3,SPTA1,TNFRSF21,ACVRL1,WWC1,CD109,OPRL1,EHD3","ATP1A1,GPNMB,CNOT1,PRKDC,FLNA,NOTCH2,CMKLR1,ITGA4,ARRB1,TLR4,BMP2K,CERS2,ANO6,RAB11FIP1,UBASH3B,CYP51A1,LMNA,ABCA1,EPAS1,NFATC3,MUL1,PLCL2,VGLL4,SLC12A2,TENM4,EGLN1,CCR2,DOCK1,SYT11,HSPB7,GPR137B,TGM2,ALDH1A1,CD2,LPCAT3,SPTA1,TNFRSF21,ACVRL1,WWC1,CD109,OPRL1,EHD3","ENSG00000163399,ENSG00000136235,ENSG00000125107,ENSG00000253729,ENSG00000196924,ENSG00000134250,ENSG00000174600,ENSG00000115232,ENSG00000137486,ENSG00000136869,ENSG00000138756,ENSG00000143418,ENSG00000177119,ENSG00000156675,ENSG00000154127,ENSG00000001630,ENSG00000160789,ENSG00000165029,ENSG00000116016,ENSG00000072736,ENSG00000090432,ENSG00000154822,ENSG00000144560,ENSG00000064651,ENSG00000149256,ENSG00000135766,ENSG00000121807,ENSG00000150760,ENSG00000132718,ENSG00000173641,ENSG00000077585,ENSG00000198959,ENSG00000165092,ENSG00000116824,ENSG00000111684,ENSG00000163554,ENSG00000146072,ENSG00000139567,ENSG00000113645,ENSG00000156535,ENSG00000125510,ENSG00000013016","GO:BP - regulation of multicellular organismal process"
"query_1",TRUE,0.0164678848652296,564,176,14,0.0795454545454545,0.024822695035461,"GO:0009611","GO:BP","response to wounding",21017,3539,"IEA,IDA HMP NAS IEA,IEA,ISS IEA,ISS IEA,IMP ISS,IBA IEA,ISS,IBA TAS IEA,ISS TAS IEA,ISS IEA,TAS IEA,IMP,IDA","ABHD2,FLNA,NOTCH2,TLR4,CERS2,ANO6,UBASH3B,SLC12A2,F8,CCR2,SYT11,DGKI,ACVRL1,CD109","ABHD2,FLNA,NOTCH2,TLR4,CERS2,ANO6,UBASH3B,SLC12A2,F8,CCR2,SYT11,DGKI,ACVRL1,CD109","ENSG00000140526,ENSG00000196924,ENSG00000134250,ENSG00000136869,ENSG00000143418,ENSG00000177119,ENSG00000154127,ENSG00000064651,ENSG00000185010,ENSG00000121807,ENSG00000132718,ENSG00000157680,ENSG00000139567,ENSG00000156535","GO:BP - response to wounding"
"query_1",TRUE,0.0164678848652296,16,176,3,0.0170454545454545,0.1875,"GO:0034374","GO:BP","low-density lipoprotein particle remodeling",21017,8599,"IDA,IMP,ISS IEA","PLA2G7,APOB,ABCG1","PLA2G7,APOB,ABCG1","ENSG00000146070,ENSG00000084674,ENSG00000160179","GO:BP - low-density lipoprotein particle remodeling"
"query_1",TRUE,0.0168828003278853,109,176,6,0.0340909090909091,0.055045871559633,"GO:0030316","GO:BP","osteoclast differentiation",21017,6767,"IMP IEA,IMP,NAS,IBA IEA,ISS IBA,IEA","NOTCH2,SH3PXD2A,TLR4,UBASH3B,GPR137B,CD109","NOTCH2,SH3PXD2A,TLR4,UBASH3B,GPR137B,CD109","ENSG00000134250,ENSG00000107957,ENSG00000136869,ENSG00000154127,ENSG00000077585,ENSG00000156535","GO:BP - osteoclast differentiation"
"query_1",TRUE,0.0168828003278853,1088,176,21,0.119318181818182,0.0193014705882353,"GO:0051241","GO:BP","negative regulation of multicellular organismal process",21017,13591,"IEA,IDA IMP IEA,ISS IEA,IMP,IDA,ISS NAS IEA,ISS IEA,IDA,IBA IEA,ISS IEA,ISS IEA,IMP,ISS IEA,ISS IEA,ISS,ISS IEA,ISS IEA,ISS IBA,ISS,IMP ISS IBA IEA,IMP IBA","ATP1A1,GPNMB,CMKLR1,ITGA4,ARRB1,TLR4,CERS2,RAB11FIP1,UBASH3B,CYP51A1,LMNA,MUL1,PLCL2,VGLL4,SLC12A2,CCR2,SYT11,GPR137B,ALDH1A1,TNFRSF21,WWC1","ATP1A1,GPNMB,CMKLR1,ITGA4,ARRB1,TLR4,CERS2,RAB11FIP1,UBASH3B,CYP51A1,LMNA,MUL1,PLCL2,VGLL4,SLC12A2,CCR2,SYT11,GPR137B,ALDH1A1,TNFRSF21,WWC1","ENSG00000163399,ENSG00000136235,ENSG00000174600,ENSG00000115232,ENSG00000137486,ENSG00000136869,ENSG00000143418,ENSG00000156675,ENSG00000154127,ENSG00000001630,ENSG00000160789,ENSG00000090432,ENSG00000154822,ENSG00000144560,ENSG00000064651,ENSG00000121807,ENSG00000132718,ENSG00000077585,ENSG00000165092,ENSG00000146072,ENSG00000113645","GO:BP - negative regulation of multicellular organismal process"
"query_1",TRUE,0.0170597694080173,71,176,5,0.0284090909090909,0.0704225352112676,"GO:0140115","GO:BP","export across plasma membrane",21017,19670,"IDA ISS ISO IBA,ISS IEA,ISS IEA,ISS IEA,ISS","ATP1A1,ANO6,SLC40A1,ABCA1,ABCG2","ATP1A1,ANO6,SLC40A1,ABCA1,ABCG2","ENSG00000163399,ENSG00000177119,ENSG00000138449,ENSG00000165029,ENSG00000118777","GO:BP - export across plasma membrane"
"query_1",TRUE,0.0186693822830427,17,176,3,0.0170454545454545,0.176470588235294,"GO:0010885","GO:BP","regulation of cholesterol storage",21017,4471,"IDA,TAS,TAS","APOB,ABCA1,ABCG1","APOB,ABCA1,ABCG1","ENSG00000084674,ENSG00000165029,ENSG00000160179","GO:BP - regulation of cholesterol storage"
"query_1",TRUE,0.0234227198503757,809,176,17,0.0965909090909091,0.0210135970333745,"GO:0048871","GO:BP","multicellular organismal-level homeostasis",21017,13114,"ISS IEA,IEA,ISS IEA,ISS IEA,IBA IEA,ISS IEA,ISS IEA,ISS IEA,ISS TAS,ISS IEA,ISS IBA,ISS,ISS IEA,IEA,IEA,IEA,ISS IBA","PRKDC,LIPA,CMKLR1,TLR4,UBASH3B,SLC40A1,EPAS1,PLCL2,SLC12A2,CCR2,GPR137B,ALDH1A1,LPCAT3,SPTA1,ARHGEF5,GPRASP2,CRACD","PRKDC,LIPA,CMKLR1,TLR4,UBASH3B,SLC40A1,EPAS1,PLCL2,SLC12A2,CCR2,GPR137B,ALDH1A1,LPCAT3,SPTA1,ARHGEF5,GPRASP2,CRACD","ENSG00000253729,ENSG00000107798,ENSG00000174600,ENSG00000136869,ENSG00000154127,ENSG00000138449,ENSG00000116016,ENSG00000154822,ENSG00000064651,ENSG00000121807,ENSG00000077585,ENSG00000165092,ENSG00000111684,ENSG00000163554,ENSG00000050327,ENSG00000158301,ENSG00000109265","GO:BP - multicellular organismal-level homeostasis"
"query_1",TRUE,0.0234227198503757,77,176,5,0.0284090909090909,0.0649350649350649,"GO:0051057","GO:BP","positive regulation of small GTPase mediated signal transduction",21017,13467,"IDA,IDA,IMP,ISS,IEA","NOTCH2,CSNK1A1,ARRB1,TGM2,DGKI","NOTCH2,CSNK1A1,ARRB1,TGM2,DGKI","ENSG00000134250,ENSG00000113712,ENSG00000137486,ENSG00000198959,ENSG00000157680","GO:BP - positive regulation of small GTPase mediated signal transduction"
"query_1",TRUE,0.0234227198503757,1976,176,31,0.176136363636364,0.0156882591093117,"GO:0051649","GO:BP","establishment of localization in cell",21017,13862,"IDA IMP IBA TAS,IBA,IDA IMP,IMP IEA,IEA,IEA,IDA,IMP,IEA,IDA IMP NAS IEA,IMP,IEA,IBA IEA,IMP IBA NAS IEA,IMP,IEA,IBA IEA,IDA IMP IEA,ISS IEA,IBA,ISS IBA TAS IEA,IEA,IMP,IMP IBA,IDA IMP,IEA,TAS,IEA,IBA,IMP,IDA IMP IBA","HSPA8,SYT2,PSAP,FLNA,SLC31A1,LIPA,HYOU1,SEL1L,APOB,AP2B1,TBC1D14,ITGA4,SEC23B,SCARB2,TBC1D5,SLC40A1,LMNA,ABCA1,CCR2,ATP6V0D2,SYT11,CADPS2,ABCG1,RAB23,PLD1,DGKI,WWC1,ZBED6,SYNE3,GAS1,EHD3","HSPA8,SYT2,PSAP,FLNA,SLC31A1,LIPA,HYOU1,SEL1L,APOB,AP2B1,TBC1D14,ITGA4,SEC23B,SCARB2,TBC1D5,SLC40A1,LMNA,ABCA1,CCR2,ATP6V0D2,SYT11,CADPS2,ABCG1,RAB23,PLD1,DGKI,WWC1,ZBED6,SYNE3,GAS1,EHD3","ENSG00000109971,ENSG00000143858,ENSG00000197746,ENSG00000196924,ENSG00000136868,ENSG00000107798,ENSG00000149428,ENSG00000071537,ENSG00000084674,ENSG00000006125,ENSG00000132405,ENSG00000115232,ENSG00000101310,ENSG00000138760,ENSG00000131374,ENSG00000138449,ENSG00000160789,ENSG00000165029,ENSG00000121807,ENSG00000147614,ENSG00000132718,ENSG00000081803,ENSG00000160179,ENSG00000112210,ENSG00000075651,ENSG00000157680,ENSG00000113645,ENSG00000257315,ENSG00000176438,ENSG00000180447,ENSG00000013016","GO:BP - establishment of localization in cell"
"query_1",TRUE,0.0240883105166928,19,176,3,0.0170454545454545,0.157894736842105,"GO:0045540","GO:BP","regulation of cholesterol biosynthetic process",21017,11419,"IEA,ISS IEA,ISS IEA","APOB,ABCG1,LPCAT3","APOB,ABCG1,LPCAT3","ENSG00000084674,ENSG00000160179,ENSG00000111684","GO:BP - regulation of cholesterol biosynthetic process"
"query_1",TRUE,0.0240883105166928,19,176,3,0.0170454545454545,0.157894736842105,"GO:0106118","GO:BP","regulation of sterol biosynthetic process",21017,19266,"IEA,ISS IEA,ISS IEA","APOB,ABCG1,LPCAT3","APOB,ABCG1,LPCAT3","ENSG00000084674,ENSG00000160179,ENSG00000111684","GO:BP - regulation of sterol biosynthetic process"
"query_1",TRUE,0.0240883105166928,394,176,11,0.0625,0.0279187817258883,"GO:0046486","GO:BP","glycerolipid metabolic process",21017,12190,"IDA IBA,IEA,ISS IEA,IDA,IBA IEA,IDA IMP ISS IBA TAS IEA,TAS IEA,IBA IEA,IDA IBA IEA,IDA IMP IBA IEA,IEA","ABHD2,LIPA,SEL1L,PLA2G7,APOB,LPCAT3,PLD1,DGKI,MTMR8,DAGLA,SLC22A4","ABHD2,LIPA,SEL1L,PLA2G7,APOB,LPCAT3,PLD1,DGKI,MTMR8,DAGLA,SLC22A4","ENSG00000140526,ENSG00000107798,ENSG00000071537,ENSG00000146070,ENSG00000084674,ENSG00000111684,ENSG00000075651,ENSG00000157680,ENSG00000102043,ENSG00000134780,ENSG00000197208","GO:BP - glycerolipid metabolic process"
"query_1",TRUE,0.0246389636783367,1379,176,24,0.136363636363636,0.0174039158810732,"GO:0006629","GO:BP","lipid metabolic process",21017,2342,"IEA,IBA IEA,IDA IBA IEA,IBA IEA,ISS IEA,IDA IEA,IMP IBA IEA,IDA IBA TAS IEA,TAS,IDA ISS IBA TAS IEA,IDA IBA TAS IEA,IDA IEA,IEA,IEA,ISS IEA,IDA IMP IBA TAS IEA,IDA ISS IEA,IDA IMP ISS IBA TAS IEA,IBA TAS IEA,IDA IBA IEA,IDA IBA IEA,IDA IMP IBA TAS IEA,IEA,IEA","ATP1A1,PSAP,ABHD2,LIPA,SEL1L,PLA2G7,APOB,CERS6,SCARB2,CERS2,CYP51A1,ABCA1,PLCL2,IL1RN,ALDH1A1,ACER2,ABCG1,LPCAT3,PLD1,DGKI,MTMR8,DAGLA,PLCXD3,SLC22A4","ATP1A1,PSAP,ABHD2,LIPA,SEL1L,PLA2G7,APOB,CERS6,SCARB2,CERS2,CYP51A1,ABCA1,PLCL2,IL1RN,ALDH1A1,ACER2,ABCG1,LPCAT3,PLD1,DGKI,MTMR8,DAGLA,PLCXD3,SLC22A4","ENSG00000163399,ENSG00000197746,ENSG00000140526,ENSG00000107798,ENSG00000071537,ENSG00000146070,ENSG00000084674,ENSG00000172292,ENSG00000138760,ENSG00000143418,ENSG00000001630,ENSG00000165029,ENSG00000154822,ENSG00000136689,ENSG00000165092,ENSG00000177076,ENSG00000160179,ENSG00000111684,ENSG00000075651,ENSG00000157680,ENSG00000102043,ENSG00000134780,ENSG00000182836,ENSG00000197208","GO:BP - lipid metabolic process"
"query_1",TRUE,0.024756680626135,6235,176,73,0.414772727272727,0.0117080994386528,"GO:0048518","GO:BP","positive regulation of biological process",21017,12801,"IDA,IEA,IDA IC IEA,IDA,IDA,IDA IMP IBA NAS,IDA IMP ISS IEA,IDA IMP HMP NAS IEA,IDA,IMP,IEA,IDA IMP IEA,IMP ISS IBA IEA,IDA TAS,IDA IEA,IDA IMP ISS,IMP IEA,IDA IMP IBA,IEA,ISS,IMP,IDA IMP ISS IBA IC IEA,HMP,IDA IBA,IBA,IMP ISS IEA,IEA,IEA,IMP,IEA,ISS IEA,IDA ISS IEA,IDA IMP ISS IEA,IMP,IDA HMP IEA,IEA,ISS IEA,ISS,ISS IEA,IEA,IBA,IDA ISS IEA,IMP IBA,IMP,ISS IEA,IBA,IMP IBA,IDA IMP ISS IEA,IDA IMP,IBA,IDA IMP IBA NAS,IDA,IDA ISS IEA,HMP IEA,ISS IEA,ISS,IMP,IEA,IBA,ISS IEA,IEA,IDA IMP IGI ISS TAS IEA,IDA IEA,IDA IMP IEA,IDA IEA,IDA,ISS IEA,IDA IBA,IMP,IMP,IMP IBA IEA,IMP,IMP IEA","HSPA8,ATP1A1,GPNMB,SYT2,A2M,CNOT1,PRKDC,FLNA,MGAT5,SMCR8,LIPA,NOTCH2,CMKLR1,PLA2G7,APOB,CSNK1A1,ITGA4,ARRB1,FMN1,SCARB2,TBC1D5,TLR4,CANT1,NRIP1,BMP2K,ANO6,SLC40A1,ZNF770,MICAL2,LMNA,ABCA1,EPAS1,NFATC3,NBAS,MUL1,PLCL2,VGLL4,SLC12A2,TENM4,EGLN1,TNFRSF10C,CCR2,PDE4DIP,DOCK1,SYT11,NCR3LG1,GPR137B,TGM2,TNIK,CADPS2,CD2,ACER2,ABCG1,ABLIM3,LPCAT3,MGAT3,PLD1,SPTA1,EYA2,TNFRSF21,DGKI,ACVRL1,WWC1,ARHGEF5,CSPG4,CSNK2A3,MYORG,CRACD,MAGEA4,NR3C2,ARL2BP,PRDM5,KLF15","HSPA8,ATP1A1,GPNMB,SYT2,A2M,CNOT1,PRKDC,FLNA,MGAT5,SMCR8,LIPA,NOTCH2,CMKLR1,PLA2G7,APOB,CSNK1A1,ITGA4,ARRB1,FMN1,SCARB2,TBC1D5,TLR4,CANT1,NRIP1,BMP2K,ANO6,SLC40A1,ZNF770,MICAL2,LMNA,ABCA1,EPAS1,NFATC3,NBAS,MUL1,PLCL2,VGLL4,SLC12A2,TENM4,EGLN1,TNFRSF10C,CCR2,PDE4DIP,DOCK1,SYT11,NCR3LG1,GPR137B,TGM2,TNIK,CADPS2,CD2,ACER2,ABCG1,ABLIM3,LPCAT3,MGAT3,PLD1,SPTA1,EYA2,TNFRSF21,DGKI,ACVRL1,WWC1,ARHGEF5,CSPG4,CSNK2A3,MYORG,CRACD,MAGEA4,NR3C2,ARL2BP,PRDM5,KLF15","ENSG00000109971,ENSG00000163399,ENSG00000136235,ENSG00000143858,ENSG00000175899,ENSG00000125107,ENSG00000253729,ENSG00000196924,ENSG00000152127,ENSG00000176994,ENSG00000107798,ENSG00000134250,ENSG00000174600,ENSG00000146070,ENSG00000084674,ENSG00000113712,ENSG00000115232,ENSG00000137486,ENSG00000248905,ENSG00000138760,ENSG00000131374,ENSG00000136869,ENSG00000171302,ENSG00000180530,ENSG00000138756,ENSG00000177119,ENSG00000138449,ENSG00000198146,ENSG00000133816,ENSG00000160789,ENSG00000165029,ENSG00000116016,ENSG00000072736,ENSG00000151779,ENSG00000090432,ENSG00000154822,ENSG00000144560,ENSG00000064651,ENSG00000149256,ENSG00000135766,ENSG00000173535,ENSG00000121807,ENSG00000178104,ENSG00000150760,ENSG00000132718,ENSG00000188211,ENSG00000077585,ENSG00000198959,ENSG00000154310,ENSG00000081803,ENSG00000116824,ENSG00000177076,ENSG00000160179,ENSG00000173210,ENSG00000111684,ENSG00000128268,ENSG00000075651,ENSG00000163554,ENSG00000064655,ENSG00000146072,ENSG00000157680,ENSG00000139567,ENSG00000113645,ENSG00000050327,ENSG00000173546,ENSG00000254598,ENSG00000164976,ENSG00000109265,ENSG00000147381,ENSG00000151623,ENSG00000102931,ENSG00000138738,ENSG00000163884","GO:BP - positive regulation of biological process"
"query_1",TRUE,0.0253785781506042,11876,176,121,0.6875,0.0101886156955204,"GO:0050794","GO:BP","regulation of cellular process",21017,13262,"IDA TAS,IEA,IDA IMP TAS IC IEA,IDA IBA,IBA TAS,IDA IMP IBA NAS IEA,IDA IMP ISS IBA IEA,IDA IBA IEA,IDA IMP IGI HMP NAS IEA,IMP,IDA IBA TAS IEA,IDA,TAS,IMP NAS IEA,IEA,IDA IMP IBA TAS IEA,IEP IBA IEA,IDA IMP ISS IBA TAS NAS IEA,IDA IBA IEA,IEA,IEA,IDA,IDA IEA,IMP IBA,IDA IMP ISS IBA TAS NAS IC IEA,IMP IBA NAS IEA,IDA IMP IBA IEA,IEA,IMP ISS TAS IEA,IMP,IDA IMP IGI ISS IBA NAS IEA,IBA,IEA,HMP,IDA IMP IBA IEA,IDA IMP IEP IBA TAS IEA,IBA,NAS,ISS IEA,IMP ISS IEA,IDA,IBA IEA,IEA,ISS IEA,IBA IEA,IMP,IMP ISS IBA IEA,IDA IBA,IMP ISS TAS IEA,IDA IMP ISS IBA TAS IEA,IDA IMP IGI ISS IBA TAS IEA,IMP,IDA IMP HMP IEA,IMP,ISS IEA,IDA ISS IBA IEA,ISS IEA,IMP ISS IEA,IDA IEA,IDA IBA IEA,IBA,IEA,IDA ISS IBA TAS IEA,IDA IMP IBA,IMP TAS IEA,NAS,ISS IBA TAS IC IEA,IBA IEA,IMP ISS IBA,IDA IMP ISS IEA,IBA IEA,ISS,IDA IMP IBA IEA,IMP ISS IBA TAS IEA,IBA,IDA IMP IBA TAS NAS,IDA IMP,IEA,IBA TAS IEA,IDA ISS TAS IEA,HMP IEA,ISS IEA,IDA ISS,IMP,IDA IMP IBA TAS IEA,IEA,IBA IEA,IMP ISS IBA IEA,IBA IEA,IDA IMP IGI ISS IBA TAS IEA,IDA IBA,IDA IMP IBA TAS IEA,IDA IMP TAS IEA,IDA IEA,IDA IEA,IDA IBA,IBA,IPI IMP,ISS IEA,IEA,ISS IBA IEA,IBA TAS IEA,IDA IBA,IBA TAS IEA,IDA IPI IMP IBA TAS IEA,IBA IEA,IEA,IMP IBA,IMP IBA TAS IEA,IMP IBA TAS IEA,IEA,ISS IEA,IDA IMP IGI ISS IBA IEA,IDA,IDA IMP IBA,IBA,IEA,IMP IBA IEA,IMP,IBA,ISS TAS IEA","HSPA8,ATP1A1,GPNMB,SYT2,PSAP,CNOT1,PRKDC,ABHD2,FLNA,SLC31A1,ARHGEF12,MGAT5,FGD5,SMCR8,LIPA,NOTCH2,NDRG1,CMKLR1,HYOU1,SEL1L,RALGAPA2,PLA2G7,APOB,TBC1D14,CSNK1A1,ITGA4,ARRB1,FMN1,SCARB2,TBC1D5,TLR4,TDRD6,PCDHGC3,CANT1,NRIP1,CCR5,BMP2K,MCM2,CERS2,ANO6,RAB11FIP1,UBASH3B,SLC40A1,CYP51A1,ZNF770,MICAL2,LMNA,ZNF366,ABCA1,EPAS1,NFATC3,NBAS,MUL1,USP37,PLCL2,VGLL4,SLC12A2,TENM4,EGLN1,IL1RN,TNFRSF10C,RAPH1,CCR2,PDE4DIP,DOCK1,ATP6V0D2,SYT11,ZNF551,GPR137B,TGM2,ZNF792,ALDH1A1,TNIK,ADGRG6,CADPS2,CD2,ACER2,APBA2,ARHGAP10,ABCG1,ABLIM3,LPCAT3,MGAT3,RAB23,PLD1,SPTA1,EYA2,TNFRSF21,DGKI,ACVRL1,DEPP1,WWC1,ARHGEF5,CSPG4,CD109,CSNK2A3,KHK,MTMR8,MYORG,DIRAS1,ZBED6,GPR39,CRACD,CCRL2,OPRL1,ZNF460,TAS2R3,MAGEA4,NR3C2,ARL2BP,DAGLA,ARMH4,GAS1,LYNX1,PRDM5,NEXMIF,PLCXD3,KLF15,EHD3,OTUB2,RGS8","HSPA8,ATP1A1,GPNMB,SYT2,PSAP,CNOT1,PRKDC,ABHD2,FLNA,SLC31A1,ARHGEF12,MGAT5,FGD5,SMCR8,LIPA,NOTCH2,NDRG1,CMKLR1,HYOU1,SEL1L,RALGAPA2,PLA2G7,APOB,TBC1D14,CSNK1A1,ITGA4,ARRB1,FMN1,SCARB2,TBC1D5,TLR4,TDRD6,PCDHGC3,CANT1,NRIP1,CCR5,BMP2K,MCM2,CERS2,ANO6,RAB11FIP1,UBASH3B,SLC40A1,CYP51A1,ZNF770,MICAL2,LMNA,ZNF366,ABCA1,EPAS1,NFATC3,NBAS,MUL1,USP37,PLCL2,VGLL4,SLC12A2,TENM4,EGLN1,IL1RN,TNFRSF10C,RAPH1,CCR2,PDE4DIP,DOCK1,ATP6V0D2,SYT11,ZNF551,GPR137B,TGM2,ZNF792,ALDH1A1,TNIK,ADGRG6,CADPS2,CD2,ACER2,APBA2,ARHGAP10,ABCG1,ABLIM3,LPCAT3,MGAT3,RAB23,PLD1,SPTA1,EYA2,TNFRSF21,DGKI,ACVRL1,DEPP1,WWC1,ARHGEF5,CSPG4,CD109,CSNK2A3,KHK,MTMR8,MYORG,DIRAS1,ZBED6,GPR39,CRACD,CCRL2,OPRL1,ZNF460,TAS2R3,MAGEA4,NR3C2,ARL2BP,DAGLA,ARMH4,GAS1,LYNX1,PRDM5,NEXMIF,PLCXD3,KLF15,EHD3,OTUB2,RGS8","ENSG00000109971,ENSG00000163399,ENSG00000136235,ENSG00000143858,ENSG00000197746,ENSG00000125107,ENSG00000253729,ENSG00000140526,ENSG00000196924,ENSG00000136868,ENSG00000196914,ENSG00000152127,ENSG00000154783,ENSG00000176994,ENSG00000107798,ENSG00000134250,ENSG00000104419,ENSG00000174600,ENSG00000149428,ENSG00000071537,ENSG00000188559,ENSG00000146070,ENSG00000084674,ENSG00000132405,ENSG00000113712,ENSG00000115232,ENSG00000137486,ENSG00000248905,ENSG00000138760,ENSG00000131374,ENSG00000136869,ENSG00000180113,ENSG00000240184,ENSG00000171302,ENSG00000180530,ENSG00000160791,ENSG00000138756,ENSG00000073111,ENSG00000143418,ENSG00000177119,ENSG00000156675,ENSG00000154127,ENSG00000138449,ENSG00000001630,ENSG00000198146,ENSG00000133816,ENSG00000160789,ENSG00000178175,ENSG00000165029,ENSG00000116016,ENSG00000072736,ENSG00000151779,ENSG00000090432,ENSG00000135913,ENSG00000154822,ENSG00000144560,ENSG00000064651,ENSG00000149256,ENSG00000135766,ENSG00000136689,ENSG00000173535,ENSG00000173166,ENSG00000121807,ENSG00000178104,ENSG00000150760,ENSG00000147614,ENSG00000132718,ENSG00000204519,ENSG00000077585,ENSG00000198959,ENSG00000180884,ENSG00000165092,ENSG00000154310,ENSG00000112414,ENSG00000081803,ENSG00000116824,ENSG00000177076,ENSG00000034053,ENSG00000071205,ENSG00000160179,ENSG00000173210,ENSG00000111684,ENSG00000128268,ENSG00000112210,ENSG00000075651,ENSG00000163554,ENSG00000064655,ENSG00000146072,ENSG00000157680,ENSG00000139567,ENSG00000165507,ENSG00000113645,ENSG00000050327,ENSG00000173546,ENSG00000156535,ENSG00000254598,ENSG00000138030,ENSG00000102043,ENSG00000164976,ENSG00000176490,ENSG00000257315,ENSG00000183840,ENSG00000109265,ENSG00000121797,ENSG00000125510,ENSG00000197714,ENSG00000127362,ENSG00000147381,ENSG00000151623,ENSG00000102931,ENSG00000134780,ENSG00000139971,ENSG00000180447,ENSG00000180155,ENSG00000138738,ENSG00000050030,ENSG00000182836,ENSG00000163884,ENSG00000013016,ENSG00000089723,ENSG00000135824","GO:BP - regulation of cellular process"
"query_1",TRUE,0.0259987168595078,20,176,3,0.0170454545454545,0.15,"GO:0090026","GO:BP","positive regulation of monocyte chemotaxis",21017,17960,"IDA,IMP,IDA ISS IEA","PLA2G7,ANO6,CCR2","PLA2G7,ANO6,CCR2","ENSG00000146070,ENSG00000177119,ENSG00000121807","GO:BP - positive regulation of monocyte chemotaxis"
"query_1",TRUE,0.0259987168595078,46,176,4,0.0227272727272727,0.0869565217391304,"GO:0001974","GO:BP","blood vessel remodeling",21017,579,"IEA,IEA,ISS IEA,ISS IEA","FLNA,EPAS1,CCR2,ACVRL1","FLNA,EPAS1,CCR2,ACVRL1","ENSG00000196924,ENSG00000116016,ENSG00000121807,ENSG00000139567","GO:BP - blood vessel remodeling"
"query_1",TRUE,0.0259987168595078,170,176,7,0.0397727272727273,0.0411764705882353,"GO:1990845","GO:BP","adaptive thermogenesis",21017,25314,"IEA,ISS IEA,ISS IEA,ISS IEA,ISS IEA,ISS IEA,ISS","LIPA,CMKLR1,TLR4,EPAS1,PLCL2,CCR2,ALDH1A1","LIPA,CMKLR1,TLR4,EPAS1,PLCL2,CCR2,ALDH1A1","ENSG00000107798,ENSG00000174600,ENSG00000136869,ENSG00000116016,ENSG00000154822,ENSG00000121807,ENSG00000165092","GO:BP - adaptive thermogenesis"
"query_1",TRUE,0.0280912454120804,1925,176,30,0.170454545454545,0.0155844155844156,"GO:0045184","GO:BP","establishment of protein localization",21017,11313,"IDA IMP IBA TAS,IDA IMP,IMP ISS IEA,IBA IEA,IEA,IEA,IEA,IMP IBA NAS IEA,IEA,IMP,IDA IEA,ISS IEA,IEA,IMP ISS IEA,IEA,IDA IMP,ISS,IDA IBA IEA,IEA,IEA,IMP,IEA,IEA,IDA,HMP,IMP IBA IEA,IMP,IEA,IDA,IEA","HSPA8,FLNA,SEL1L,APOB,AP2B1,SEC23B,ARRB1,SCARB2,TBC1D5,TLR4,RAB11FIP1,CYP51A1,LMNA,ABCA1,NBAS,MMGT1,SLC12A2,UNC119B,IL1RN,DNAJC14,MAN1A1,CADPS2,APBA2,ABCG1,ABLIM3,RAB23,ARHGEF5,ZBED6,SYNE3,EHD3","HSPA8,FLNA,SEL1L,APOB,AP2B1,SEC23B,ARRB1,SCARB2,TBC1D5,TLR4,RAB11FIP1,CYP51A1,LMNA,ABCA1,NBAS,MMGT1,SLC12A2,UNC119B,IL1RN,DNAJC14,MAN1A1,CADPS2,APBA2,ABCG1,ABLIM3,RAB23,ARHGEF5,ZBED6,SYNE3,EHD3","ENSG00000109971,ENSG00000196924,ENSG00000071537,ENSG00000084674,ENSG00000006125,ENSG00000101310,ENSG00000137486,ENSG00000138760,ENSG00000131374,ENSG00000136869,ENSG00000156675,ENSG00000001630,ENSG00000160789,ENSG00000165029,ENSG00000151779,ENSG00000169446,ENSG00000064651,ENSG00000175970,ENSG00000136689,ENSG00000135392,ENSG00000111885,ENSG00000081803,ENSG00000034053,ENSG00000160179,ENSG00000173210,ENSG00000112210,ENSG00000050327,ENSG00000257315,ENSG00000176438,ENSG00000013016","GO:BP - establishment of protein localization"
"query_1",TRUE,0.0288995902176879,1663,176,27,0.153409090909091,0.0162357185808779,"GO:0048585","GO:BP","negative regulation of response to stimulus",21017,12856,"IDA,IDA,IDA,IDA,NAS,IDA IBA IEA,IMP ISS IBA IC,IMP IBA IEA,ISS IEA,ISS IEA,IBA IEA,ISS IEA,IDA IBA,IDA IMP,IEA,IDA ISS IEA,ISS,IDA IBA IEA,ISS IEA,ISS IEA,ISS IEA,IBA,IDA,IDA,IEA,IBA,IEA","HSPA8,A2M,CNOT1,PRKDC,SMCR8,HYOU1,CSNK1A1,ARRB1,TLR4,CERS2,UBASH3B,LMNA,ZNF366,MUL1,PLCL2,VGLL4,SLC12A2,IL1RN,CCR2,SYT11,LPCAT3,EYA2,WWC1,CD109,OPRL1,OTUB2,RGS8","HSPA8,A2M,CNOT1,PRKDC,SMCR8,HYOU1,CSNK1A1,ARRB1,TLR4,CERS2,UBASH3B,LMNA,ZNF366,MUL1,PLCL2,VGLL4,SLC12A2,IL1RN,CCR2,SYT11,LPCAT3,EYA2,WWC1,CD109,OPRL1,OTUB2,RGS8","ENSG00000109971,ENSG00000175899,ENSG00000125107,ENSG00000253729,ENSG00000176994,ENSG00000149428,ENSG00000113712,ENSG00000137486,ENSG00000136869,ENSG00000143418,ENSG00000154127,ENSG00000160789,ENSG00000178175,ENSG00000090432,ENSG00000154822,ENSG00000144560,ENSG00000064651,ENSG00000136689,ENSG00000121807,ENSG00000132718,ENSG00000111684,ENSG00000064655,ENSG00000113645,ENSG00000156535,ENSG00000125510,ENSG00000089723,ENSG00000135824","GO:BP - negative regulation of response to stimulus"
"query_1",TRUE,0.0308095594346687,348,176,10,0.0568181818181818,0.028735632183908,"GO:0016042","GO:BP","lipid catabolic process",21017,5076,"IDA IBA IEA,IEA,IDA IEA,IEA,TAS,IEA,IMP IBA,IBA IEA,IDA IMP IBA IEA,IEA","ABHD2,LIPA,PLA2G7,APOB,SCARB2,PLCL2,ACER2,PLD1,DAGLA,PLCXD3","ABHD2,LIPA,PLA2G7,APOB,SCARB2,PLCL2,ACER2,PLD1,DAGLA,PLCXD3","ENSG00000140526,ENSG00000107798,ENSG00000146070,ENSG00000084674,ENSG00000138760,ENSG00000154822,ENSG00000177076,ENSG00000075651,ENSG00000134780,ENSG00000182836","GO:BP - lipid catabolic process"
"query_1",TRUE,0.0351925792664916,235,176,8,0.0454545454545455,0.0340425531914894,"GO:0071674","GO:BP","mononuclear cell migration",21017,16847,"IMP IBA,IDA,IEA,TAS,IMP,IMP,IDA ISS TAS IEA,IEA","CMKLR1,PLA2G7,ITGA4,CCR5,ANO6,SLC12A2,CCR2,ARHGEF5","CMKLR1,PLA2G7,ITGA4,CCR5,ANO6,SLC12A2,CCR2,ARHGEF5","ENSG00000174600,ENSG00000146070,ENSG00000115232,ENSG00000160791,ENSG00000177119,ENSG00000064651,ENSG00000121807,ENSG00000050327","GO:BP - mononuclear cell migration"
"query_1",TRUE,0.03560137653506,2803,176,39,0.221590909090909,0.013913663931502,"GO:0007166","GO:BP","cell surface receptor signaling pathway",21017,2730,"IMP IGI IEA,IMP,IDA,IEA,IDA IMP IBA IEA,IBA IEA,IEA,IMP IBA TAS IC IEA,IBA NAS IEA,IMP IBA,IDA IGI ISS IBA IEA,TAS IEA,IBA,IMP,IBA IEA,IEA,IEA,IMP,IEA,IDA,IDA IBA IEA,IBA,IDA ISS TAS IEA,TAS,IEA,ISS IEA,TAS,IBA IEA,ISS IEA,IEA,IDA IMP IGI IBA TAS IEA,IEA,IDA,ISS IEA,IEA,IMP IBA,IEA,ISS,IEA","FLNA,SLC31A1,MGAT5,LIPA,NOTCH2,CMKLR1,SEL1L,CSNK1A1,ITGA4,ARRB1,TLR4,CCR5,BMP2K,ANO6,UBASH3B,LMNA,ABCA1,MUL1,PLCL2,VGLL4,IL1RN,TNFRSF10C,CCR2,DOCK1,TNIK,ADGRG6,CD2,EYA2,TNFRSF21,DGKI,ACVRL1,CSPG4,CD109,MYORG,CCRL2,ARL2BP,DAGLA,GAS1,KLF15","FLNA,SLC31A1,MGAT5,LIPA,NOTCH2,CMKLR1,SEL1L,CSNK1A1,ITGA4,ARRB1,TLR4,CCR5,BMP2K,ANO6,UBASH3B,LMNA,ABCA1,MUL1,PLCL2,VGLL4,IL1RN,TNFRSF10C,CCR2,DOCK1,TNIK,ADGRG6,CD2,EYA2,TNFRSF21,DGKI,ACVRL1,CSPG4,CD109,MYORG,CCRL2,ARL2BP,DAGLA,GAS1,KLF15","ENSG00000196924,ENSG00000136868,ENSG00000152127,ENSG00000107798,ENSG00000134250,ENSG00000174600,ENSG00000071537,ENSG00000113712,ENSG00000115232,ENSG00000137486,ENSG00000136869,ENSG00000160791,ENSG00000138756,ENSG00000177119,ENSG00000154127,ENSG00000160789,ENSG00000165029,ENSG00000090432,ENSG00000154822,ENSG00000144560,ENSG00000136689,ENSG00000173535,ENSG00000121807,ENSG00000150760,ENSG00000154310,ENSG00000112414,ENSG00000116824,ENSG00000064655,ENSG00000146072,ENSG00000157680,ENSG00000139567,ENSG00000173546,ENSG00000156535,ENSG00000164976,ENSG00000121797,ENSG00000102931,ENSG00000134780,ENSG00000180447,ENSG00000163884","GO:BP - cell surface receptor signaling pathway"
"query_1",TRUE,0.0369884887304436,1098,176,20,0.113636363636364,0.0182149362477231,"GO:0001775","GO:BP","cell activation",21017,440,"IDA IMP,ISS IEA,HMP NAS,IEA,ISS IEA,IEA,NAS,IC,IMP ISS IEA,IBA IEA,ISS,IEA,ISS IEA,ISS IEA,ISS,IDA TAS NAS,IDA IBA,IEA,ISS IBA IEA,TAS IEA","GPNMB,PRKDC,FLNA,LIPA,NOTCH2,NDRG1,CD93,ITGA4,TLR4,UBASH3B,NFATC3,PLCL2,CCR2,SYT11,GPR137B,CD2,TREML2,SPTA1,TNFRSF21,DGKI","GPNMB,PRKDC,FLNA,LIPA,NOTCH2,NDRG1,CD93,ITGA4,TLR4,UBASH3B,NFATC3,PLCL2,CCR2,SYT11,GPR137B,CD2,TREML2,SPTA1,TNFRSF21,DGKI","ENSG00000136235,ENSG00000253729,ENSG00000196924,ENSG00000107798,ENSG00000134250,ENSG00000104419,ENSG00000125810,ENSG00000115232,ENSG00000136869,ENSG00000154127,ENSG00000072736,ENSG00000154822,ENSG00000121807,ENSG00000132718,ENSG00000077585,ENSG00000116824,ENSG00000112195,ENSG00000163554,ENSG00000146072,ENSG00000157680","GO:BP - cell activation"
"query_1",TRUE,0.0373542963756167,6,176,2,0.0113636363636364,0.333333333333333,"GO:1990773","GO:BP","matrix metallopeptidase secretion",21017,25283,"IMP,ISS","TLR4,SLC12A2","TLR4,SLC12A2","ENSG00000136869,ENSG00000064651","GO:BP - matrix metallopeptidase secretion"
"query_1",TRUE,0.0373542963756167,6,176,2,0.0113636363636364,0.333333333333333,"GO:1904464","GO:BP","regulation of matrix metallopeptidase secretion",21017,23842,"IMP,ISS","TLR4,SLC12A2","TLR4,SLC12A2","ENSG00000136869,ENSG00000064651","GO:BP - regulation of matrix metallopeptidase secretion"
"query_1",TRUE,0.0373542963756167,91,176,5,0.0284090909090909,0.0549450549450549,"GO:0019915","GO:BP","lipid storage",21017,6067,"IEA,IDA,IEA,TAS,TAS IEA","LIPA,APOB,NRIP1,ABCA1,ABCG1","LIPA,APOB,NRIP1,ABCA1,ABCG1","ENSG00000107798,ENSG00000084674,ENSG00000180530,ENSG00000165029,ENSG00000160179","GO:BP - lipid storage"
"query_1",TRUE,0.0373542963756167,948,176,18,0.102272727272727,0.0189873417721519,"GO:0098609","GO:BP","cell-cell adhesion",21017,18805,"IDA IMP,HMP,IDA,IDA IMP IGI IBA IEA,NAS IEA,IBA IEA,IBA,IDA,ISS IEA,IEA,IEA,IDA IBA NAS IEA,IEA,IEA,ISS IBA IEA,IEA,IEA,IBA","GPNMB,FLNA,CD93,ITGA4,PCDHGC3,UBASH3B,TENM4,IL1RN,CCR2,PCDHGA10,PCDHGB6,CD2,PCDHGB7,SPTA1,TNFRSF21,ICAM3,PCDHB8,NEXMIF","GPNMB,FLNA,CD93,ITGA4,PCDHGC3,UBASH3B,TENM4,IL1RN,CCR2,PCDHGA10,PCDHGB6,CD2,PCDHGB7,SPTA1,TNFRSF21,ICAM3,PCDHB8,NEXMIF","ENSG00000136235,ENSG00000196924,ENSG00000125810,ENSG00000115232,ENSG00000240184,ENSG00000154127,ENSG00000149256,ENSG00000136689,ENSG00000121807,ENSG00000253846,ENSG00000253305,ENSG00000116824,ENSG00000254122,ENSG00000163554,ENSG00000146072,ENSG00000076662,ENSG00000120322,ENSG00000050030","GO:BP - cell-cell adhesion"
"query_1",TRUE,0.0373542963756167,136,176,6,0.0340909090909091,0.0441176470588235,"GO:0046165","GO:BP","alcohol biosynthetic process",21017,11935,"IEA,IEA,TAS IEA,IDA IMP IBA IEA,ISS IEA,ISS IEA","LIPA,APOB,CYP51A1,ACER2,ABCG1,LPCAT3","LIPA,APOB,CYP51A1,ACER2,ABCG1,LPCAT3","ENSG00000107798,ENSG00000084674,ENSG00000001630,ENSG00000177076,ENSG00000160179,ENSG00000111684","GO:BP - alcohol biosynthetic process"
"query_1",TRUE,0.0373542963756167,24,176,3,0.0170454545454545,0.125,"GO:0002407","GO:BP","dendritic cell chemotaxis",21017,931,"TAS,TAS,IEA","CCR5,CCR2,ARHGEF5","CCR5,CCR2,ARHGEF5","ENSG00000160791,ENSG00000121807,ENSG00000050327","GO:BP - dendritic cell chemotaxis"
"query_1",TRUE,0.0373542963756167,6,176,2,0.0113636363636364,0.333333333333333,"GO:0002322","GO:BP","B cell proliferation involved in immune response",21017,854,"IEA,IEA","TLR4,PLCL2","TLR4,PLCL2","ENSG00000136869,ENSG00000154822","GO:BP - B cell proliferation involved in immune response"
"query_1",TRUE,0.0373542963756167,6,176,2,0.0113636363636364,0.333333333333333,"GO:0072675","GO:BP","osteoclast fusion",21017,17493,"IMP,IEA","SH3PXD2A,CD109","SH3PXD2A,CD109","ENSG00000107957,ENSG00000156535","GO:BP - osteoclast fusion"
"query_1",TRUE,0.0373542963756167,3211,176,43,0.244318181818182,0.0133914668327624,"GO:0033036","GO:BP","macromolecule localization",21017,7996,"IDA IMP IBA TAS,IDA,IDA IMP IEA,IEA,IMP ISS IEA,IDA IMP IBA IEA,IEA,IMP,IEA,IEA,IMP ISS IBA NAS IEA,IEA,IMP,IEA,IMP ISS IBA IEA,IDA IEA,IDA,ISS IEA,IMP ISS IBA IEA,IDA IMP IGI ISS IBA TAS IEA,IEA,IDA IMP,ISS,IDA IBA IEA,IEA,IEA,IMP,ISS IEA,IMP,IMP,IEA,IEA,IDA IMP ISS IBA TAS IEA,HMP,ISS IEA,IMP ISS,IMP IBA IEA,IEA,IMP,IEA,IDA,IMP IBA,IGI IBA IEA","HSPA8,PSAP,FLNA,LIPA,SEL1L,APOB,AP2B1,ITGA4,SEC23B,ARRB1,SCARB2,TBC1D5,TLR4,NRIP1,ANO6,RAB11FIP1,SH3PXD2B,CYP51A1,LMNA,ABCA1,NBAS,MMGT1,SLC12A2,UNC119B,IL1RN,DNAJC14,MAN1A1,SYT11,GPR137B,TNIK,CADPS2,APBA2,ABCG1,ABLIM3,LPCAT3,MGAT3,RAB23,ABCG2,ARHGEF5,ZBED6,SYNE3,ARL2BP,EHD3","HSPA8,PSAP,FLNA,LIPA,SEL1L,APOB,AP2B1,ITGA4,SEC23B,ARRB1,SCARB2,TBC1D5,TLR4,NRIP1,ANO6,RAB11FIP1,SH3PXD2B,CYP51A1,LMNA,ABCA1,NBAS,MMGT1,SLC12A2,UNC119B,IL1RN,DNAJC14,MAN1A1,SYT11,GPR137B,TNIK,CADPS2,APBA2,ABCG1,ABLIM3,LPCAT3,MGAT3,RAB23,ABCG2,ARHGEF5,ZBED6,SYNE3,ARL2BP,EHD3","ENSG00000109971,ENSG00000197746,ENSG00000196924,ENSG00000107798,ENSG00000071537,ENSG00000084674,ENSG00000006125,ENSG00000115232,ENSG00000101310,ENSG00000137486,ENSG00000138760,ENSG00000131374,ENSG00000136869,ENSG00000180530,ENSG00000177119,ENSG00000156675,ENSG00000174705,ENSG00000001630,ENSG00000160789,ENSG00000165029,ENSG00000151779,ENSG00000169446,ENSG00000064651,ENSG00000175970,ENSG00000136689,ENSG00000135392,ENSG00000111885,ENSG00000132718,ENSG00000077585,ENSG00000154310,ENSG00000081803,ENSG00000034053,ENSG00000160179,ENSG00000173210,ENSG00000111684,ENSG00000128268,ENSG00000112210,ENSG00000118777,ENSG00000050327,ENSG00000257315,ENSG00000176438,ENSG00000102931,ENSG00000013016","GO:BP - macromolecule localization"
"query_1",TRUE,0.0373542963756167,240,176,8,0.0454545454545455,0.0333333333333333,"GO:0002274","GO:BP","myeloid leukocyte activation",21017,806,"IEA,IEA,NAS,IMP ISS IEA,ISS IEA,ISS IEA,ISS,NAS","NOTCH2,NDRG1,CD93,TLR4,CCR2,SYT11,GPR137B,CD2","NOTCH2,NDRG1,CD93,TLR4,CCR2,SYT11,GPR137B,CD2","ENSG00000134250,ENSG00000104419,ENSG00000125810,ENSG00000136869,ENSG00000121807,ENSG00000132718,ENSG00000077585,ENSG00000116824","GO:BP - myeloid leukocyte activation"
"query_1",TRUE,0.0373542963756167,430,176,11,0.0625,0.0255813953488372,"GO:0042060","GO:BP","wound healing",21017,9947,"IDA HMP NAS,IEA,ISS IEA,IMP ISS,IBA IEA,ISS,IBA TAS IEA,ISS IEA,TAS IEA,IMP,IDA","FLNA,NOTCH2,TLR4,ANO6,UBASH3B,SLC12A2,F8,SYT11,DGKI,ACVRL1,CD109","FLNA,NOTCH2,TLR4,ANO6,UBASH3B,SLC12A2,F8,SYT11,DGKI,ACVRL1,CD109","ENSG00000196924,ENSG00000134250,ENSG00000136869,ENSG00000177119,ENSG00000154127,ENSG00000064651,ENSG00000185010,ENSG00000132718,ENSG00000157680,ENSG00000139567,ENSG00000156535","GO:BP - wound healing"
"query_1",TRUE,0.0389662590939851,138,176,6,0.0340909090909091,0.0434782608695652,"GO:0008203","GO:BP","cholesterol metabolic process",21017,3130,"IEA,IMP IEA,TAS IEA,IDA IEA,IDA ISS IEA,ISS IEA","LIPA,APOB,CYP51A1,ABCA1,ABCG1,LPCAT3","LIPA,APOB,CYP51A1,ABCA1,ABCG1,LPCAT3","ENSG00000107798,ENSG00000084674,ENSG00000001630,ENSG00000165029,ENSG00000160179,ENSG00000111684","GO:BP - cholesterol metabolic process"
"query_1",TRUE,0.0432991304292733,95,176,5,0.0284090909090909,0.0526315789473684,"GO:0071677","GO:BP","positive regulation of mononuclear cell migration",21017,16850,"IMP IBA,IDA,IEA,IMP,IDA ISS IEA","CMKLR1,PLA2G7,ITGA4,ANO6,CCR2","CMKLR1,PLA2G7,ITGA4,ANO6,CCR2","ENSG00000174600,ENSG00000146070,ENSG00000115232,ENSG00000177119,ENSG00000121807","GO:BP - positive regulation of mononuclear cell migration"
"query_1",TRUE,0.0450257976092803,26,176,3,0.0170454545454545,0.115384615384615,"GO:0034377","GO:BP","plasma lipoprotein particle assembly",21017,8602,"IC,IMP ISS TAS IEA,ISS IEA","APOB,ABCA1,LPCAT3","APOB,ABCA1,LPCAT3","ENSG00000084674,ENSG00000165029,ENSG00000111684","GO:BP - plasma lipoprotein particle assembly"
"query_1",TRUE,0.0450257976092803,26,176,3,0.0170454545454545,0.115384615384615,"GO:0060343","GO:BP","trabecula formation",21017,14554,"IEA,IEA,IBA","SLC40A1,EGLN1,ADGRG6","SLC40A1,EGLN1,ADGRG6","ENSG00000138449,ENSG00000135766,ENSG00000112414","GO:BP - trabecula formation"
"query_1",TRUE,0.0452009193889962,2293,176,33,0.1875,0.0143916266899259,"GO:0048584","GO:BP","positive regulation of response to stimulus",21017,12855,"IDA,IC IEA,IDA,IDA IEA,IMP HMP IEA,IDA,IMP,IEA,IDA IEA,IMP IBA,IDA TAS,IDA ISS,IDA IMP IBA,IDA IMP ISS IBA IC IEA,HMP,IBA,IMP,HMP,IEA,IDA ISS IEA,IBA,IMP IBA,ISS,IDA IMP,IBA,ISS IEA,IEA,IDA IMP IGI IEA,IDA,IDA,IEA,ISS IEA,IMP","HSPA8,GPNMB,A2M,PRKDC,FLNA,MGAT5,SMCR8,LIPA,NOTCH2,CMKLR1,PLA2G7,CSNK1A1,ARRB1,TLR4,CANT1,BMP2K,ANO6,MUL1,PLCL2,CCR2,NCR3LG1,GPR137B,TGM2,TNIK,EYA2,TNFRSF21,DGKI,ACVRL1,WWC1,ARHGEF5,CSPG4,MYORG,NR3C2","HSPA8,GPNMB,A2M,PRKDC,FLNA,MGAT5,SMCR8,LIPA,NOTCH2,CMKLR1,PLA2G7,CSNK1A1,ARRB1,TLR4,CANT1,BMP2K,ANO6,MUL1,PLCL2,CCR2,NCR3LG1,GPR137B,TGM2,TNIK,EYA2,TNFRSF21,DGKI,ACVRL1,WWC1,ARHGEF5,CSPG4,MYORG,NR3C2","ENSG00000109971,ENSG00000136235,ENSG00000175899,ENSG00000253729,ENSG00000196924,ENSG00000152127,ENSG00000176994,ENSG00000107798,ENSG00000134250,ENSG00000174600,ENSG00000146070,ENSG00000113712,ENSG00000137486,ENSG00000136869,ENSG00000171302,ENSG00000138756,ENSG00000177119,ENSG00000090432,ENSG00000154822,ENSG00000121807,ENSG00000188211,ENSG00000077585,ENSG00000198959,ENSG00000154310,ENSG00000064655,ENSG00000146072,ENSG00000157680,ENSG00000139567,ENSG00000113645,ENSG00000050327,ENSG00000173546,ENSG00000164976,ENSG00000151623","GO:BP - positive regulation of response to stimulus"
"query_1",TRUE,0.0452009193889962,57,176,4,0.0227272727272727,0.0701754385964912,"GO:0033344","GO:BP","cholesterol efflux",21017,8154,"IEA,IEA,IDA IMP IGI IEA,IDA IMP IBA IEA","LIPA,APOB,ABCA1,ABCG1","LIPA,APOB,ABCA1,ABCG1","ENSG00000107798,ENSG00000084674,ENSG00000165029,ENSG00000160179","GO:BP - cholesterol efflux"
"query_1",TRUE,0.0455062481784199,971,176,18,0.102272727272727,0.0185375901132853,"GO:0030097","GO:BP","hemopoiesis",21017,6675,"ISS IEA,NAS,IEA,IMP ISS TAS IEA,IC,IMP,NAS IEA,IBA IEA,IEA,IEA,ISS,IEA,ISS IEA,IEA,ISS IBA,NAS,IEA,IEA","PRKDC,FLNA,LIPA,NOTCH2,ITGA4,SH3PXD2A,TLR4,UBASH3B,WDR7,EPAS1,NFATC3,PLCL2,CCR2,DOCK1,GPR137B,CD2,SPTA1,CD109","PRKDC,FLNA,LIPA,NOTCH2,ITGA4,SH3PXD2A,TLR4,UBASH3B,WDR7,EPAS1,NFATC3,PLCL2,CCR2,DOCK1,GPR137B,CD2,SPTA1,CD109","ENSG00000253729,ENSG00000196924,ENSG00000107798,ENSG00000134250,ENSG00000115232,ENSG00000107957,ENSG00000136869,ENSG00000154127,ENSG00000091157,ENSG00000116016,ENSG00000072736,ENSG00000154822,ENSG00000121807,ENSG00000150760,ENSG00000077585,ENSG00000116824,ENSG00000163554,ENSG00000156535","GO:BP - hemopoiesis"
"query_1",TRUE,0.0480714817320103,99,176,5,0.0284090909090909,0.0505050505050505,"GO:1990868","GO:BP","response to chemokine",21017,25323,"IEA,IEA,IMP,ISS IEA,IEA","CMKLR1,CCR5,SLC12A2,CCR2,CCRL2","CMKLR1,CCR5,SLC12A2,CCR2,CCRL2","ENSG00000174600,ENSG00000160791,ENSG00000064651,ENSG00000121807,ENSG00000121797","GO:BP - response to chemokine"
"query_1",TRUE,0.0480714817320103,27,176,3,0.0170454545454545,0.111111111111111,"GO:0090025","GO:BP","regulation of monocyte chemotaxis",21017,17959,"IDA,IMP,IDA ISS IEA","PLA2G7,ANO6,CCR2","PLA2G7,ANO6,CCR2","ENSG00000146070,ENSG00000177119,ENSG00000121807","GO:BP - regulation of monocyte chemotaxis"
"query_1",TRUE,0.0480714817320103,99,176,5,0.0284090909090909,0.0505050505050505,"GO:1990869","GO:BP","cellular response to chemokine",21017,25324,"IEA,IEA,IMP,ISS IEA,IEA","CMKLR1,CCR5,SLC12A2,CCR2,CCRL2","CMKLR1,CCR5,SLC12A2,CCR2,CCRL2","ENSG00000174600,ENSG00000160791,ENSG00000064651,ENSG00000121807,ENSG00000121797","GO:BP - cellular response to chemokine"
"query_1",TRUE,0.0489566585880564,521,176,12,0.0681818181818182,0.0230326295585413,"GO:0060627","GO:BP","regulation of vesicle-mediated transport",21017,14803,"IBA,NAS,IMP,IMP,IBA,ISS,ISS IEA,ISS IBA IEA,IDA IEA,IBA,IDA IMP IBA,IMP","SYT2,SMCR8,ARRB1,TBC1D5,BMP2K,ANO6,CCR2,SYT11,TGM2,CADPS2,PLD1,GAS1","SYT2,SMCR8,ARRB1,TBC1D5,BMP2K,ANO6,CCR2,SYT11,TGM2,CADPS2,PLD1,GAS1","ENSG00000143858,ENSG00000176994,ENSG00000137486,ENSG00000131374,ENSG00000138756,ENSG00000177119,ENSG00000121807,ENSG00000132718,ENSG00000198959,ENSG00000081803,ENSG00000075651,ENSG00000180447","GO:BP - regulation of vesicle-mediated transport"
"query_1",TRUE,0.0490751876698791,822,176,16,0.0909090909090909,0.0194647201946472,"GO:0061024","GO:BP","membrane organization",21017,15141,"TAS,IEA,IEA,IBA IEA,IMP ISS IBA,IDA IMP IBA IEA,IDA IEA,IDA,IDA IMP,TAS,ISS IBA IEA,TAS,IEA,ISS IEA,IEA,IEA","HSPA8,NDRG1,APOB,SEC23B,ANO6,LMNA,ABCA1,MUL1,MMGT1,DOCK1,SYT11,CD2,ABCG1,LPCAT3,SPTA1,EYA2","HSPA8,NDRG1,APOB,SEC23B,ANO6,LMNA,ABCA1,MUL1,MMGT1,DOCK1,SYT11,CD2,ABCG1,LPCAT3,SPTA1,EYA2","ENSG00000109971,ENSG00000104419,ENSG00000084674,ENSG00000101310,ENSG00000177119,ENSG00000160789,ENSG00000165029,ENSG00000090432,ENSG00000169446,ENSG00000150760,ENSG00000132718,ENSG00000116824,ENSG00000160179,ENSG00000111684,ENSG00000163554,ENSG00000064655","GO:BP - membrane organization"
"query_1",TRUE,1.35882629049547e-09,9912,184,129,0.701086956521739,0.0130145278450363,"GO:0016020","GO:CC","membrane",22115,700,"IDA HDA ISS IBA TAS IEA,IDA IPI IGI HDA ISS IBA TAS IEA,IDA TAS IEA,HDA,TAS IEA,IBA TAS IEA,TAS,HDA,HDA,IDA IBA IEA,IDA IBA TAS IEA,IDA HDA NAS,IDA ISS TAS IEA,IEA,IDA ISS TAS IEA,IDA IEA,IDA HDA IBA TAS IEA,IDA IEA,IDA IBA TAS NAS IEA,HDA,IDA IMP IBA TAS IEA,HDA TAS IEA,IDA,TAS,IDA TAS IEA,HDA,IDA IMP HDA TAS NAS IEA,HDA TAS IEA,HDA,IDA IPI HDA IBA TAS IEA,IBA IEA,IBA TAS IEA,IBA IEA,HDA ISS IBA TAS IEA,IDA IEA,IDA ISS TAS NAS IEA,HDA IBA TAS IEA,NAS IEA,IDA IEA,IEA,IDA IBA TAS IEA,IEA,IBA TAS IEA,IDA IBA TAS IEA,HDA TAS IEA,IDA HDA IBA TAS IEA,IEA,IDA ISS IBA TAS IC IEA,HDA TAS IEA,HDA IEA,IDA IMP TAS IEA,IEA,HDA IEA,IDA HDA TAS IEA,IDA IPI HDA ISS IBA NAS IEA,IDA IBA RCA TAS IEA,IDA IEA,IEA,TAS,TAS,IBA TAS IEA,IDA IBA IEA,HDA IEA,IDA IBA TAS IEA,IBA IEA,IDA IBA TAS IEA,HDA IBA TAS IEA,ISS IBA IEA,IEA,TAS IEA,IEA,IDA IBA TAS IEA,IDA IMP IEA,IEA,IDA,IDA TAS IEA,IEA,TAS IEA,IDA TAS NAS IEA,IEA,TAS,IDA TAS IEA,IBA,IDA IEA,IDA HDA IBA TAS IEA,IDA HDA IBA TAS IEA,TAS IEA,IBA TAS IEA,IDA IBA IEA,ISS IEA,TAS IEA,IDA HDA TAS IEA,IBA TAS IEA,IDA ISS IBA TAS IEA,IDA ISS TAS IEA,TAS IEA,IDA IBA TAS IEA,IEA,TAS NAS IEA,IDA IEA,IDA,IDA TAS IEA,IEA,IDA TAS IEA,ISS IEA,IDA IBA IEA,TAS IEA,IDA IBA TAS IEA,IDA TAS IEA,IDA TAS IEA,TAS IC IEA,ISS TAS IEA,IEA,IDA HDA IBA IEA,IEA,IEA,IEA,IDA ISS IBA TAS IEA,IEA,IEA,IDA IEA,IDA ISS IBA TAS NAS IEA,IBA IEA,TAS,IEA,IDA TAS IC IEA,IEA,IDA IBA TAS IEA,ISS TAS IEA","HSPA8,ATP1A1,GPNMB,EIF3L,PDIA6,SYT2,PSAP,CNOT1,PRKDC,ABHD2,MRC1,FLNA,SLC31A1,ARHGEF12,MGAT5,FGD5,NOTCH2,NDRG1,CMKLR1,HYOU1,SEL1L,CPD,RALGAPA2,APOB,CD93,ASCC3,AP2B1,CERS6,CSNK1A1,ITGA4,SEC23B,ARRB1,FMN1,SCARB2,TBC1D5,TLR4,SLC36A1,PCDHGC3,CANT1,PTGFRN,CCR5,TMEM140,ANTXR2,EMP1,CERS2,ANO6,RAB11FIP1,SLC40A1,CYP51A1,LMNA,ABCA1,GCC1,NBAS,MUL1,MMGT1,SLC12A2,TENM4,SELENOP,F8,IL1RN,TNFRSF10C,RAPH1,DNAJC14,CCR2,DOCK1,ATP6V0D2,MAN1A1,SYT11,PCDHGA10,NCR3LG1,PCDHGB6,GPR137B,TGM2,ERVW-1,TNIK,ADGRG6,CADPS2,LRIG1,CD2,PCDHGB7,TGM5,ACER2,APBA2,ARHGAP10,ABCG1,LPCAT3,MGAT3,GABRA3,RAB23,CFAP126,TREML2,PLD1,SPTA1,ABCG2,TNFRSF21,DGKI,ACVRL1,ALG10,ICAM3,WWC1,ARHGEF5,CSPG4,TMPPE,CD109,MYORG,DIRAS1,GPR39,CCRL2,OPRL1,MEP1A,TAS2R3,SDC3,PCDHB8,SYNE3,NR3C2,TLCD5,TMEM273,DAGLA,MAMDC2,MFSD14A,ARMH4,GAS1,LYNX1,SRXN1,CLIP4,SLC22A4,PRSS16,EHD3,RGS8","HSPA8,ATP1A1,GPNMB,EIF3L,PDIA6,SYT2,PSAP,CNOT1,PRKDC,ABHD2,MRC1,FLNA,SLC31A1,ARHGEF12,MGAT5,FGD5,NOTCH2,NDRG1,CMKLR1,HYOU1,SEL1L,CPD,RALGAPA2,APOB,CD93,ASCC3,AP2B1,CERS6,CSNK1A1,ITGA4,SEC23B,ARRB1,FMN1,SCARB2,TBC1D5,TLR4,SLC36A1,PCDHGC3,CANT1,PTGFRN,CCR5,TMEM140,ANTXR2,EMP1,CERS2,ANO6,RAB11FIP1,SLC40A1,CYP51A1,LMNA,ABCA1,GCC1,NBAS,MUL1,MMGT1,SLC12A2,TENM4,SELENOP,F8,IL1RN,TNFRSF10C,RAPH1,DNAJC14,CCR2,DOCK1,ATP6V0D2,MAN1A1,SYT11,PCDHGA10,NCR3LG1,PCDHGB6,GPR137B,TGM2,ERVW-1,TNIK,ADGRG6,CADPS2,LRIG1,CD2,PCDHGB7,TGM5,ACER2,APBA2,ARHGAP10,ABCG1,LPCAT3,MGAT3,GABRA3,RAB23,CFAP126,TREML2,PLD1,SPTA1,ABCG2,TNFRSF21,DGKI,ACVRL1,ALG10,ICAM3,WWC1,ARHGEF5,CSPG4,TMPPE,CD109,MYORG,DIRAS1,GPR39,CCRL2,OPRL1,MEP1A,TAS2R3,SDC3,PCDHB8,SYNE3,NR3C2,TLCD5,TMEM273,DAGLA,MAMDC2,MFSD14A,ARMH4,GAS1,LYNX1,SRXN1,CLIP4,SLC22A4,PRSS16,EHD3,RGS8","ENSG00000109971,ENSG00000163399,ENSG00000136235,ENSG00000100129,ENSG00000143870,ENSG00000143858,ENSG00000197746,ENSG00000125107,ENSG00000253729,ENSG00000140526,ENSG00000260314,ENSG00000196924,ENSG00000136868,ENSG00000196914,ENSG00000152127,ENSG00000154783,ENSG00000134250,ENSG00000104419,ENSG00000174600,ENSG00000149428,ENSG00000071537,ENSG00000108582,ENSG00000188559,ENSG00000084674,ENSG00000125810,ENSG00000112249,ENSG00000006125,ENSG00000172292,ENSG00000113712,ENSG00000115232,ENSG00000101310,ENSG00000137486,ENSG00000248905,ENSG00000138760,ENSG00000131374,ENSG00000136869,ENSG00000123643,ENSG00000240184,ENSG00000171302,ENSG00000134247,ENSG00000160791,ENSG00000146859,ENSG00000163297,ENSG00000134531,ENSG00000143418,ENSG00000177119,ENSG00000156675,ENSG00000138449,ENSG00000001630,ENSG00000160789,ENSG00000165029,ENSG00000179562,ENSG00000151779,ENSG00000090432,ENSG00000169446,ENSG00000064651,ENSG00000149256,ENSG00000250722,ENSG00000185010,ENSG00000136689,ENSG00000173535,ENSG00000173166,ENSG00000135392,ENSG00000121807,ENSG00000150760,ENSG00000147614,ENSG00000111885,ENSG00000132718,ENSG00000253846,ENSG00000188211,ENSG00000253305,ENSG00000077585,ENSG00000198959,ENSG00000242950,ENSG00000154310,ENSG00000112414,ENSG00000081803,ENSG00000144749,ENSG00000116824,ENSG00000254122,ENSG00000104055,ENSG00000177076,ENSG00000034053,ENSG00000071205,ENSG00000160179,ENSG00000111684,ENSG00000128268,ENSG00000011677,ENSG00000112210,ENSG00000188931,ENSG00000112195,ENSG00000075651,ENSG00000163554,ENSG00000118777,ENSG00000146072,ENSG00000157680,ENSG00000139567,ENSG00000139133,ENSG00000076662,ENSG00000113645,ENSG00000050327,ENSG00000173546,ENSG00000188167,ENSG00000156535,ENSG00000164976,ENSG00000176490,ENSG00000183840,ENSG00000121797,ENSG00000125510,ENSG00000112818,ENSG00000127362,ENSG00000162512,ENSG00000120322,ENSG00000176438,ENSG00000151623,ENSG00000181264,ENSG00000204161,ENSG00000134780,ENSG00000165072,ENSG00000156875,ENSG00000139971,ENSG00000180447,ENSG00000180155,ENSG00000271303,ENSG00000115295,ENSG00000197208,ENSG00000112812,ENSG00000013016,ENSG00000135824","GO:CC - membrane"
"query_1",TRUE,1.70602342101736e-08,5783,184,89,0.483695652173913,0.0153899360193671,"GO:0005886","GO:CC","plasma membrane",22115,410,"IBA TAS IEA,IDA IPI IGI HDA ISS IBA TAS IEA,TAS IEA,IEA,IBA TAS,TAS,IDA IBA IEA,IDA IBA TAS IEA,IDA NAS,IDA ISS TAS IEA,IDA IEA,IDA IBA TAS IEA,IDA IEA,IDA IBA TAS IEA,IEA,IDA,TAS,IDA TAS IEA,IDA IMP TAS NAS IEA,IDA IPI IBA TAS IEA,IBA TAS IEA,IEA,ISS IBA TAS IEA,IDA,IDA ISS TAS NAS IEA,TAS IEA,IEA,IEA,IDA IBA TAS IEA,IBA TAS IEA,IDA IBA,IDA IBA TAS IEA,IDA ISS IBA TAS IC IEA,IDA IMP TAS IEA,IBA IEA,IDA IBA TAS IEA,IDA IEA,TAS,TAS,IBA TAS IEA,IDA IBA IEA,IDA IBA TAS IEA,IBA,IDA IBA IEA,ISS IBA IEA,IEA,TAS IEA,IEA,TAS,IDA IMP IEA,IEA,IDA,IDA IEA,TAS IEA,IDA TAS NAS IEA,IEA,TAS,IBA,IEA,IDA HDA IBA TAS IEA,IBA TAS IEA,IDA IEA,ISS IEA,TAS IEA,IDA TAS,IBA TAS IEA,IDA ISS IBA TAS IEA,IDA ISS TAS IEA,TAS IEA,IDA IBA TAS IEA,TAS NAS,IDA IEA,IDA,IDA TAS IEA,IDA TAS IEA,IDA IBA IEA,TAS IEA,IDA IBA TAS IEA,IDA TAS IEA,IDA TAS,TAS IEA,ISS TAS IEA,IEA,IDA ISS IBA TAS IEA,IDA ISS IBA TAS IEA,IBA IEA,IDA TAS IC IEA,IDA IBA IEA,ISS TAS IEA","HSPA8,ATP1A1,GPNMB,PDIA6,SYT2,PSAP,ABHD2,MRC1,FLNA,SLC31A1,FGD5,NOTCH2,NDRG1,CMKLR1,CPD,RALGAPA2,APOB,CD93,AP2B1,ITGA4,ARRB1,FMN1,SCARB2,TBC1D5,TLR4,SLC36A1,PCDHGC3,CANT1,CCR5,ANTXR2,EMP1,ANO6,SLC40A1,ABCA1,MMGT1,SLC12A2,TENM4,F8,IL1RN,TNFRSF10C,RAPH1,CCR2,DOCK1,ATP6V0D2,SYT11,PCDHGA10,NCR3LG1,PCDHGB6,GPR137B,TGM2,ERVW-1,TNIK,ADGRG6,LRIG1,CD2,PCDHGB7,TGM5,APBA2,ARHGAP10,ABCG1,GABRA3,RAB23,CFAP126,TREML2,PLD1,SPTA1,ABCG2,TNFRSF21,DGKI,ACVRL1,ICAM3,WWC1,ARHGEF5,CSPG4,CD109,DIRAS1,GPR39,CCRL2,OPRL1,MEP1A,TAS2R3,SDC3,PCDHB8,DAGLA,GAS1,LYNX1,SLC22A4,EHD3,RGS8","HSPA8,ATP1A1,GPNMB,PDIA6,SYT2,PSAP,ABHD2,MRC1,FLNA,SLC31A1,FGD5,NOTCH2,NDRG1,CMKLR1,CPD,RALGAPA2,APOB,CD93,AP2B1,ITGA4,ARRB1,FMN1,SCARB2,TBC1D5,TLR4,SLC36A1,PCDHGC3,CANT1,CCR5,ANTXR2,EMP1,ANO6,SLC40A1,ABCA1,MMGT1,SLC12A2,TENM4,F8,IL1RN,TNFRSF10C,RAPH1,CCR2,DOCK1,ATP6V0D2,SYT11,PCDHGA10,NCR3LG1,PCDHGB6,GPR137B,TGM2,ERVW-1,TNIK,ADGRG6,LRIG1,CD2,PCDHGB7,TGM5,APBA2,ARHGAP10,ABCG1,GABRA3,RAB23,CFAP126,TREML2,PLD1,SPTA1,ABCG2,TNFRSF21,DGKI,ACVRL1,ICAM3,WWC1,ARHGEF5,CSPG4,CD109,DIRAS1,GPR39,CCRL2,OPRL1,MEP1A,TAS2R3,SDC3,PCDHB8,DAGLA,GAS1,LYNX1,SLC22A4,EHD3,RGS8","ENSG00000109971,ENSG00000163399,ENSG00000136235,ENSG00000143870,ENSG00000143858,ENSG00000197746,ENSG00000140526,ENSG00000260314,ENSG00000196924,ENSG00000136868,ENSG00000154783,ENSG00000134250,ENSG00000104419,ENSG00000174600,ENSG00000108582,ENSG00000188559,ENSG00000084674,ENSG00000125810,ENSG00000006125,ENSG00000115232,ENSG00000137486,ENSG00000248905,ENSG00000138760,ENSG00000131374,ENSG00000136869,ENSG00000123643,ENSG00000240184,ENSG00000171302,ENSG00000160791,ENSG00000163297,ENSG00000134531,ENSG00000177119,ENSG00000138449,ENSG00000165029,ENSG00000169446,ENSG00000064651,ENSG00000149256,ENSG00000185010,ENSG00000136689,ENSG00000173535,ENSG00000173166,ENSG00000121807,ENSG00000150760,ENSG00000147614,ENSG00000132718,ENSG00000253846,ENSG00000188211,ENSG00000253305,ENSG00000077585,ENSG00000198959,ENSG00000242950,ENSG00000154310,ENSG00000112414,ENSG00000144749,ENSG00000116824,ENSG00000254122,ENSG00000104055,ENSG00000034053,ENSG00000071205,ENSG00000160179,ENSG00000011677,ENSG00000112210,ENSG00000188931,ENSG00000112195,ENSG00000075651,ENSG00000163554,ENSG00000118777,ENSG00000146072,ENSG00000157680,ENSG00000139567,ENSG00000076662,ENSG00000113645,ENSG00000050327,ENSG00000173546,ENSG00000156535,ENSG00000176490,ENSG00000183840,ENSG00000121797,ENSG00000125510,ENSG00000112818,ENSG00000127362,ENSG00000162512,ENSG00000120322,ENSG00000134780,ENSG00000180447,ENSG00000180155,ENSG00000197208,ENSG00000013016,ENSG00000135824","GO:CC - plasma membrane"
"query_1",TRUE,2.32127494368754e-08,6269,184,93,0.505434782608696,0.0148349018982294,"GO:0071944","GO:CC","cell periphery",22115,2735,"IBA TAS IEA,IDA IPI IGI HDA ISS IBA TAS IEA,TAS IEA,IEA,IBA TAS,HDA,HDA TAS,IDA IBA IEA,IDA IBA TAS IEA,IDA NAS IEA,IDA ISS TAS IEA,IDA IEA,IDA IBA TAS IEA,IDA IEA,IDA IBA TAS IEA,IEA,IDA,TAS,IDA TAS IEA,IDA IMP TAS NAS IEA,IDA IPI IBA TAS IEA,IBA TAS IEA,IEA,ISS IBA TAS IEA,IDA,IDA ISS TAS NAS IEA,TAS IEA,IEA,IEA,IDA IBA TAS IEA,IBA TAS IEA,IDA IBA,IDA IBA TAS IEA,IDA ISS IBA TAS IC IEA,IDA IMP TAS IEA,IBA IEA,IDA ISS IBA TAS IEA,IDA IEA,TAS,TAS,IBA TAS IEA,IDA IBA IEA,IDA IBA TAS IEA,IDA,IBA,IDA IBA IEA,ISS IBA IEA,IEA,TAS IEA,IEA,TAS,IDA IMP HDA IEA,IEA,IDA,IDA IEA,IBA TAS IEA,IDA TAS NAS IEA,IEA,TAS,IBA,IEA,IDA HDA IBA TAS IEA,IBA TAS IEA,IDA IEA,ISS IEA,TAS IEA,IDA TAS,IBA TAS IEA,IDA ISS IBA TAS IEA,IDA ISS TAS IEA,TAS IEA,IDA IBA TAS IEA,TAS NAS,IDA IEA,IDA,IDA HDA TAS IEA,IDA TAS IEA,HDA IEA,IDA IBA IEA,TAS IEA,IDA IBA TAS IEA,IDA TAS IEA,IDA TAS,TAS IEA,HDA ISS TAS IEA,IEA,IDA ISS IBA TAS IEA,IDA ISS IBA TAS IEA,IBA IEA,IBA,IDA TAS IC IEA,IDA IBA IEA,ISS TAS IEA","HSPA8,ATP1A1,GPNMB,PDIA6,SYT2,A2M,PSAP,ABHD2,MRC1,FLNA,SLC31A1,FGD5,NOTCH2,NDRG1,CMKLR1,CPD,RALGAPA2,APOB,CD93,AP2B1,ITGA4,ARRB1,FMN1,SCARB2,TBC1D5,TLR4,SLC36A1,PCDHGC3,CANT1,CCR5,ANTXR2,EMP1,ANO6,SLC40A1,ABCA1,MMGT1,SLC12A2,TENM4,F8,IL1RN,TNFRSF10C,RAPH1,CCR2,PDE4DIP,DOCK1,ATP6V0D2,SYT11,PCDHGA10,NCR3LG1,PCDHGB6,GPR137B,TGM2,ERVW-1,TNIK,ADGRG6,LRIG1,CD2,PCDHGB7,TGM5,APBA2,ARHGAP10,ABCG1,GABRA3,RAB23,CFAP126,TREML2,PLD1,SPTA1,ABCG2,TNFRSF21,DGKI,ACVRL1,ICAM3,WWC1,ARHGEF5,CSPG4,CD109,LAMB3,DIRAS1,GPR39,CCRL2,OPRL1,MEP1A,TAS2R3,SDC3,PCDHB8,DAGLA,GAS1,LYNX1,CLIP4,SLC22A4,EHD3,RGS8","HSPA8,ATP1A1,GPNMB,PDIA6,SYT2,A2M,PSAP,ABHD2,MRC1,FLNA,SLC31A1,FGD5,NOTCH2,NDRG1,CMKLR1,CPD,RALGAPA2,APOB,CD93,AP2B1,ITGA4,ARRB1,FMN1,SCARB2,TBC1D5,TLR4,SLC36A1,PCDHGC3,CANT1,CCR5,ANTXR2,EMP1,ANO6,SLC40A1,ABCA1,MMGT1,SLC12A2,TENM4,F8,IL1RN,TNFRSF10C,RAPH1,CCR2,PDE4DIP,DOCK1,ATP6V0D2,SYT11,PCDHGA10,NCR3LG1,PCDHGB6,GPR137B,TGM2,ERVW-1,TNIK,ADGRG6,LRIG1,CD2,PCDHGB7,TGM5,APBA2,ARHGAP10,ABCG1,GABRA3,RAB23,CFAP126,TREML2,PLD1,SPTA1,ABCG2,TNFRSF21,DGKI,ACVRL1,ICAM3,WWC1,ARHGEF5,CSPG4,CD109,LAMB3,DIRAS1,GPR39,CCRL2,OPRL1,MEP1A,TAS2R3,SDC3,PCDHB8,DAGLA,GAS1,LYNX1,CLIP4,SLC22A4,EHD3,RGS8","ENSG00000109971,ENSG00000163399,ENSG00000136235,ENSG00000143870,ENSG00000143858,ENSG00000175899,ENSG00000197746,ENSG00000140526,ENSG00000260314,ENSG00000196924,ENSG00000136868,ENSG00000154783,ENSG00000134250,ENSG00000104419,ENSG00000174600,ENSG00000108582,ENSG00000188559,ENSG00000084674,ENSG00000125810,ENSG00000006125,ENSG00000115232,ENSG00000137486,ENSG00000248905,ENSG00000138760,ENSG00000131374,ENSG00000136869,ENSG00000123643,ENSG00000240184,ENSG00000171302,ENSG00000160791,ENSG00000163297,ENSG00000134531,ENSG00000177119,ENSG00000138449,ENSG00000165029,ENSG00000169446,ENSG00000064651,ENSG00000149256,ENSG00000185010,ENSG00000136689,ENSG00000173535,ENSG00000173166,ENSG00000121807,ENSG00000178104,ENSG00000150760,ENSG00000147614,ENSG00000132718,ENSG00000253846,ENSG00000188211,ENSG00000253305,ENSG00000077585,ENSG00000198959,ENSG00000242950,ENSG00000154310,ENSG00000112414,ENSG00000144749,ENSG00000116824,ENSG00000254122,ENSG00000104055,ENSG00000034053,ENSG00000071205,ENSG00000160179,ENSG00000011677,ENSG00000112210,ENSG00000188931,ENSG00000112195,ENSG00000075651,ENSG00000163554,ENSG00000118777,ENSG00000146072,ENSG00000157680,ENSG00000139567,ENSG00000076662,ENSG00000113645,ENSG00000050327,ENSG00000173546,ENSG00000156535,ENSG00000196878,ENSG00000176490,ENSG00000183840,ENSG00000121797,ENSG00000125510,ENSG00000112818,ENSG00000127362,ENSG00000162512,ENSG00000120322,ENSG00000134780,ENSG00000180447,ENSG00000180155,ENSG00000115295,ENSG00000197208,ENSG00000013016,ENSG00000135824","GO:CC - cell periphery"
"query_1",TRUE,2.52547734300049e-08,4803,184,78,0.423913043478261,0.0162398500936914,"GO:0012505","GO:CC","endomembrane system",22115,667,"TAS,ISS,IEA,IDA ISS IBA TAS IEA,IBA TAS IEA,TAS,IDA TAS,IEA,TAS,IDA IEA,IEA,IDA IEA,ISS IBA TAS IEA,ISS IEA,TAS IEA,IDA,ISS IBA TAS NAS IEA,IDA IMP IBA TAS IEA,IDA TAS IEA,TAS,IDA IMP TAS NAS IEA,IDA IBA TAS IEA,TAS IEA,IDA IBA IEA,TAS IEA,IBA,TAS,IDA IEA,TAS,IDA TAS IEA,IDA,IDA TAS IEA,IEA,IDA,TAS IEA,IDA TAS IEA,TAS,IEA,IEA,TAS IEA,IDA IMP HDA IBA TAS IEA,IDA TAS IEA,ISS IBA IEA,IDA IPI IBA IEA,IDA IPI ISS IBA NAS IEA,TAS,TAS,IEA,IDA ISS IBA IEA,IBA TAS IEA,IDA IBA TAS IEA,ISS IBA TAS IEA,IEA,IEA,TAS,IDA,IDA TAS IEA,IDA IEA,HDA ISS IEA,IDA TAS IEA,TAS IEA,IBA IEA,IDA TAS IEA,IEA,IBA IEA,TAS,TAS,IDA IBA IEA,ISS IEA,TAS,IDA IBA IEA,IEA,IDA IEA,IDA,IEA,TAS,IDA IBA IEA,IDA IBA TAS IEA","HSPA8,ATP1A1,GPNMB,PDIA6,SYT2,A2M,PSAP,ABHD2,GNS,MRC1,FLNA,SLC31A1,MGAT5,FGD5,NOTCH2,NDRG1,HYOU1,SEL1L,APOB,CD93,AP2B1,TBC1D14,CERS6,SEC23B,ARRB1,FMN1,SCARB2,TBC1D5,PGM1,TLR4,SLC36A1,CANT1,PTGFRN,CCR5,ANTXR2,CERS2,ANO6,RAB11FIP1,SLC40A1,CYP51A1,LMNA,ABCA1,GCC1,NBAS,MMGT1,SELENOP,F8,DNAJC14,PDE4DIP,ATP6V0D2,MAN1A1,SYT11,TGM2,TNIK,ADGRG6,CD2,ACER2,ARHGAP10,ABCG1,LPCAT3,MGAT3,RAB23,PLD1,DGKI,ALG10,CSPG4,CD109,MTMR8,MYORG,SDC3,SYNE3,NR3C2,DAGLA,MAMDC2,LYNX1,SRXN1,PRSS16,EHD3","HSPA8,ATP1A1,GPNMB,PDIA6,SYT2,A2M,PSAP,ABHD2,GNS,MRC1,FLNA,SLC31A1,MGAT5,FGD5,NOTCH2,NDRG1,HYOU1,SEL1L,APOB,CD93,AP2B1,TBC1D14,CERS6,SEC23B,ARRB1,FMN1,SCARB2,TBC1D5,PGM1,TLR4,SLC36A1,CANT1,PTGFRN,CCR5,ANTXR2,CERS2,ANO6,RAB11FIP1,SLC40A1,CYP51A1,LMNA,ABCA1,GCC1,NBAS,MMGT1,SELENOP,F8,DNAJC14,PDE4DIP,ATP6V0D2,MAN1A1,SYT11,TGM2,TNIK,ADGRG6,CD2,ACER2,ARHGAP10,ABCG1,LPCAT3,MGAT3,RAB23,PLD1,DGKI,ALG10,CSPG4,CD109,MTMR8,MYORG,SDC3,SYNE3,NR3C2,DAGLA,MAMDC2,LYNX1,SRXN1,PRSS16,EHD3","ENSG00000109971,ENSG00000163399,ENSG00000136235,ENSG00000143870,ENSG00000143858,ENSG00000175899,ENSG00000197746,ENSG00000140526,ENSG00000135677,ENSG00000260314,ENSG00000196924,ENSG00000136868,ENSG00000152127,ENSG00000154783,ENSG00000134250,ENSG00000104419,ENSG00000149428,ENSG00000071537,ENSG00000084674,ENSG00000125810,ENSG00000006125,ENSG00000132405,ENSG00000172292,ENSG00000101310,ENSG00000137486,ENSG00000248905,ENSG00000138760,ENSG00000131374,ENSG00000079739,ENSG00000136869,ENSG00000123643,ENSG00000171302,ENSG00000134247,ENSG00000160791,ENSG00000163297,ENSG00000143418,ENSG00000177119,ENSG00000156675,ENSG00000138449,ENSG00000001630,ENSG00000160789,ENSG00000165029,ENSG00000179562,ENSG00000151779,ENSG00000169446,ENSG00000250722,ENSG00000185010,ENSG00000135392,ENSG00000178104,ENSG00000147614,ENSG00000111885,ENSG00000132718,ENSG00000198959,ENSG00000154310,ENSG00000112414,ENSG00000116824,ENSG00000177076,ENSG00000071205,ENSG00000160179,ENSG00000111684,ENSG00000128268,ENSG00000112210,ENSG00000075651,ENSG00000157680,ENSG00000139133,ENSG00000173546,ENSG00000156535,ENSG00000102043,ENSG00000164976,ENSG00000162512,ENSG00000176438,ENSG00000151623,ENSG00000134780,ENSG00000165072,ENSG00000180155,ENSG00000271303,ENSG00000112812,ENSG00000013016","GO:CC - endomembrane system"
"query_1",TRUE,2.41678834288987e-07,2523,184,50,0.271739130434783,0.0198176773682124,"GO:0031410","GO:CC","cytoplasmic vesicle",22115,1082,"TAS IEA,IEA,IEA,IEA,IBA TAS IEA,TAS,IDA TAS,IEA,TAS,IDA IEA,IDA IEA,IEA,IDA,TAS,TAS,TAS IEA,IDA IMP TAS NAS IEA,IDA IBA TAS,IBA IEA,IDA IBA TAS IEA,ISS TAS IEA,IDA IEA,TAS,IDA TAS IEA,TAS,IDA,TAS,TAS,IEA,IEA,IDA IEA,ISS IBA IEA,IDA,TAS,TAS,IBA TAS IEA,IDA,ISS IBA TAS IEA,IEA,IEA,IDA IEA,ISS IEA,IDA IBA IEA,IDA TAS IEA,IEA,TAS,IEA,IDA IEA,IDA IBA IEA,IDA IBA TAS IEA","HSPA8,ATP1A1,GPNMB,PDIA6,SYT2,A2M,PSAP,ABHD2,GNS,MRC1,SLC31A1,FGD5,NDRG1,HYOU1,APOB,CD93,AP2B1,TBC1D14,SEC23B,ARRB1,SCARB2,TBC1D5,PGM1,TLR4,CANT1,CCR5,ANTXR2,ANO6,RAB11FIP1,SLC40A1,ABCA1,MMGT1,SLC12A2,SELENOP,F8,ATP6V0D2,MAN1A1,SYT11,TNIK,CADPS2,ARHGAP10,ABCG1,RAB23,PLD1,DGKI,CD109,OPRL1,DAGLA,PRSS16,EHD3","HSPA8,ATP1A1,GPNMB,PDIA6,SYT2,A2M,PSAP,ABHD2,GNS,MRC1,SLC31A1,FGD5,NDRG1,HYOU1,APOB,CD93,AP2B1,TBC1D14,SEC23B,ARRB1,SCARB2,TBC1D5,PGM1,TLR4,CANT1,CCR5,ANTXR2,ANO6,RAB11FIP1,SLC40A1,ABCA1,MMGT1,SLC12A2,SELENOP,F8,ATP6V0D2,MAN1A1,SYT11,TNIK,CADPS2,ARHGAP10,ABCG1,RAB23,PLD1,DGKI,CD109,OPRL1,DAGLA,PRSS16,EHD3","ENSG00000109971,ENSG00000163399,ENSG00000136235,ENSG00000143870,ENSG00000143858,ENSG00000175899,ENSG00000197746,ENSG00000140526,ENSG00000135677,ENSG00000260314,ENSG00000136868,ENSG00000154783,ENSG00000104419,ENSG00000149428,ENSG00000084674,ENSG00000125810,ENSG00000006125,ENSG00000132405,ENSG00000101310,ENSG00000137486,ENSG00000138760,ENSG00000131374,ENSG00000079739,ENSG00000136869,ENSG00000171302,ENSG00000160791,ENSG00000163297,ENSG00000177119,ENSG00000156675,ENSG00000138449,ENSG00000165029,ENSG00000169446,ENSG00000064651,ENSG00000250722,ENSG00000185010,ENSG00000147614,ENSG00000111885,ENSG00000132718,ENSG00000154310,ENSG00000081803,ENSG00000071205,ENSG00000160179,ENSG00000112210,ENSG00000075651,ENSG00000157680,ENSG00000156535,ENSG00000125510,ENSG00000134780,ENSG00000112812,ENSG00000013016","GO:CC - cytoplasmic vesicle"
"query_1",TRUE,2.41678834288987e-07,2529,184,50,0.271739130434783,0.0197706603400554,"GO:0097708","GO:CC","intracellular vesicle",22115,3078,"TAS IEA,IEA,IEA,IEA,IBA TAS IEA,TAS,IDA TAS,IEA,TAS,IDA IEA,IDA IEA,IEA,IDA,TAS,TAS,TAS IEA,IDA IMP TAS NAS IEA,IDA IBA TAS,IBA IEA,IDA IBA TAS IEA,ISS TAS IEA,IDA IEA,TAS,IDA TAS IEA,TAS,IDA,TAS,TAS,IEA,IEA,IDA IEA,ISS IBA IEA,IDA,TAS,TAS,IBA TAS IEA,IDA,ISS IBA TAS IEA,IEA,IEA,IDA IEA,ISS IEA,IDA IBA IEA,IDA TAS IEA,IEA,TAS,IEA,IDA IEA,IDA IBA IEA,IDA IBA TAS IEA","HSPA8,ATP1A1,GPNMB,PDIA6,SYT2,A2M,PSAP,ABHD2,GNS,MRC1,SLC31A1,FGD5,NDRG1,HYOU1,APOB,CD93,AP2B1,TBC1D14,SEC23B,ARRB1,SCARB2,TBC1D5,PGM1,TLR4,CANT1,CCR5,ANTXR2,ANO6,RAB11FIP1,SLC40A1,ABCA1,MMGT1,SLC12A2,SELENOP,F8,ATP6V0D2,MAN1A1,SYT11,TNIK,CADPS2,ARHGAP10,ABCG1,RAB23,PLD1,DGKI,CD109,OPRL1,DAGLA,PRSS16,EHD3","HSPA8,ATP1A1,GPNMB,PDIA6,SYT2,A2M,PSAP,ABHD2,GNS,MRC1,SLC31A1,FGD5,NDRG1,HYOU1,APOB,CD93,AP2B1,TBC1D14,SEC23B,ARRB1,SCARB2,TBC1D5,PGM1,TLR4,CANT1,CCR5,ANTXR2,ANO6,RAB11FIP1,SLC40A1,ABCA1,MMGT1,SLC12A2,SELENOP,F8,ATP6V0D2,MAN1A1,SYT11,TNIK,CADPS2,ARHGAP10,ABCG1,RAB23,PLD1,DGKI,CD109,OPRL1,DAGLA,PRSS16,EHD3","ENSG00000109971,ENSG00000163399,ENSG00000136235,ENSG00000143870,ENSG00000143858,ENSG00000175899,ENSG00000197746,ENSG00000140526,ENSG00000135677,ENSG00000260314,ENSG00000136868,ENSG00000154783,ENSG00000104419,ENSG00000149428,ENSG00000084674,ENSG00000125810,ENSG00000006125,ENSG00000132405,ENSG00000101310,ENSG00000137486,ENSG00000138760,ENSG00000131374,ENSG00000079739,ENSG00000136869,ENSG00000171302,ENSG00000160791,ENSG00000163297,ENSG00000177119,ENSG00000156675,ENSG00000138449,ENSG00000165029,ENSG00000169446,ENSG00000064651,ENSG00000250722,ENSG00000185010,ENSG00000147614,ENSG00000111885,ENSG00000132718,ENSG00000154310,ENSG00000081803,ENSG00000071205,ENSG00000160179,ENSG00000112210,ENSG00000075651,ENSG00000157680,ENSG00000156535,ENSG00000125510,ENSG00000134780,ENSG00000112812,ENSG00000013016","GO:CC - intracellular vesicle"
"query_1",TRUE,2.74651183071188e-07,12394,184,141,0.766304347826087,0.0113764724866871,"GO:0005737","GO:CC","cytoplasm",22115,305,"IDA ISS IBA TAS IEA,ISS IEA,IEA,IDA IPI IBA TAS IEA,IDA ISS IBA TAS IEA,IBA TAS IEA,TAS,IDA IBA TAS IEA,IDA HDA ISS IBA TAS IEA,TAS,IEA,TAS IEA,IDA IEA,IDA ISS TAS IEA,IDA IEA,IDA IBA TAS IEA,ISS IBA TAS IEA,ISS IBA TAS IEA,IDA NAS IEA,IDA ISS TAS IEA,TAS IEA,IDA IBA TAS IEA,ISS IBA TAS NAS IEA,IDA IMP IBA TAS IEA,IDA IBA IEA,IDA TAS IEA,TAS IEA,IDA IEA,IDA IMP TAS NAS IEA,IDA IBA TAS IEA,TAS IEA,IDA TAS IEA,IDA IBA IEA,IDA IBA TAS IEA,IBA IEA,IBA TAS IEA,HDA ISS IBA TAS IEA,IDA IEA,IBA TAS NAS IEA,IDA IPI TAS IEA,IDA HDA IBA IEA,ISS IBA IEA,IDA TAS IEA,IDA,IEA,IDA IBA TAS,TAS IEA,IBA,IDA,IDA TAS IEA,IDA TAS,IDA IEA,IBA IEA,ISS IBA IEA,IDA TAS IEA,TAS IEA,ISS IEA,IBA,IDA TAS,IDA TAS IEA,ISS IBA TAS IEA,TAS IEA,IDA TAS IEA,IDA IPI IBA TAS IEA,IDA IMP IBA TAS IEA,IBA,IEA,IDA IPI ISS IBA NAS IEA,IDA,TAS,ISS IEA,IDA IBA TAS IEA,TAS,TAS,IDA IEA,IDA IBA IEA,IEA,IDA ISS IBA,IDA ISS IBA IEA,IDA IBA TAS IEA,IDA IBA TAS IEA,IDA IBA TAS IEA,ISS IBA TAS IEA,IDA IBA IEA,IDA IBA IEA,IDA IBA IEA,IDA TAS IEA,IDA IBA IEA,TAS IEA,IDA TAS,IEA,IDA,IEA,IDA TAS IEA,IBA,IDA IBA TAS IEA,IDA HDA ISS IEA,IEA,IDA TAS IEA,TAS IEA,IDA IBA IEA,IDA ISS IEA,IDA HDA TAS IEA,IBA TAS IEA,IDA IEA,IEA,IDA IEA,IBA IEA,IDA IBA IEA,IDA IBA TAS IEA,IDA IBA TAS IEA,TAS,IDA TAS,IBA,IDA IBA TAS,IDA IBA TAS,ISS IEA,IDA IBA,IDA ISS IEA,IEA,TAS IEA,IBA,IEA,TAS,IBA IEA,TAS IEA,IDA IBA TAS IEA,IDA IBA IEA,IDA,IEA,IEA,IDA IEA,IDA IBA TAS IEA,IEA,IBA,IDA,IDA IEA,IDA IBA IEA,IDA ISS IBA TAS IEA,ISS IEA,IDA IBA IEA","HSPA8,ATP1A1,GPNMB,EIF3L,PDIA6,SYT2,A2M,PSAP,CNOT1,PRKDC,ABHD2,GNS,MRC1,FLNA,SLC31A1,ARHGEF12,MGAT5,FGD5,SMCR8,LIPA,NOTCH2,NDRG1,HYOU1,SEL1L,RALGAPA2,APOB,CD93,ASCC3,AP2B1,TBC1D14,CERS6,CSNK1A1,SEC23B,ARRB1,FMN1,SH3PXD2A,SCARB2,TBC1D5,PGM1,TLR4,SLC36A1,TDRD6,CANT1,NRIP1,PTGFRN,CCR5,ANTXR2,BMP2K,MCM2,CERS2,ANO6,RAB11FIP1,UBASH3B,SH3PXD2B,SLC40A1,CYP51A1,MICAL2,WDR7,LMNA,ABCA1,GCC1,EPAS1,NFATC3,NBAS,MUL1,USP37,PLCL2,MMGT1,SLC12A2,UNC119B,TENM4,EGLN1,SELENOP,F8,IL1RN,RAPH1,DNAJC14,CCR2,PDE4DIP,DOCK1,ATP6V0D2,MAN1A1,SYT11,HSPB7,GPR137B,TGM2,ALDH1A1,TNIK,THTPA,ADGRG6,CADPS2,CD2,TGM5,ACER2,APBA2,ARHGAP10,ABCG1,ABLIM3,LPCAT3,MGAT3,RAB23,CFAP126,PLD1,SPTA1,EYA2,ABCG2,DGKI,ALG10,DEPP1,WWC1,ARHGEF5,CSPG4,CD109,CSNK2A3,KHK,MTMR8,MYORG,GPRASP2,ZBED6,CRACD,CMBL,CCRL2,OPRL1,SDC3,SYNE3,NR3C2,ARL2BP,DAGLA,MAMDC2,LONRF3,LYNX1,NEXMIF,SRXN1,PLCXD3,CLIP4,TXLNB,SLC22A4,PRSS16,EHD3,CASKIN2,GLUD2","HSPA8,ATP1A1,GPNMB,EIF3L,PDIA6,SYT2,A2M,PSAP,CNOT1,PRKDC,ABHD2,GNS,MRC1,FLNA,SLC31A1,ARHGEF12,MGAT5,FGD5,SMCR8,LIPA,NOTCH2,NDRG1,HYOU1,SEL1L,RALGAPA2,APOB,CD93,ASCC3,AP2B1,TBC1D14,CERS6,CSNK1A1,SEC23B,ARRB1,FMN1,SH3PXD2A,SCARB2,TBC1D5,PGM1,TLR4,SLC36A1,TDRD6,CANT1,NRIP1,PTGFRN,CCR5,ANTXR2,BMP2K,MCM2,CERS2,ANO6,RAB11FIP1,UBASH3B,SH3PXD2B,SLC40A1,CYP51A1,MICAL2,WDR7,LMNA,ABCA1,GCC1,EPAS1,NFATC3,NBAS,MUL1,USP37,PLCL2,MMGT1,SLC12A2,UNC119B,TENM4,EGLN1,SELENOP,F8,IL1RN,RAPH1,DNAJC14,CCR2,PDE4DIP,DOCK1,ATP6V0D2,MAN1A1,SYT11,HSPB7,GPR137B,TGM2,ALDH1A1,TNIK,THTPA,ADGRG6,CADPS2,CD2,TGM5,ACER2,APBA2,ARHGAP10,ABCG1,ABLIM3,LPCAT3,MGAT3,RAB23,CFAP126,PLD1,SPTA1,EYA2,ABCG2,DGKI,ALG10,DEPP1,WWC1,ARHGEF5,CSPG4,CD109,CSNK2A3,KHK,MTMR8,MYORG,GPRASP2,ZBED6,CRACD,CMBL,CCRL2,OPRL1,SDC3,SYNE3,NR3C2,ARL2BP,DAGLA,MAMDC2,LONRF3,LYNX1,NEXMIF,SRXN1,PLCXD3,CLIP4,TXLNB,SLC22A4,PRSS16,EHD3,CASKIN2,GLUD2","ENSG00000109971,ENSG00000163399,ENSG00000136235,ENSG00000100129,ENSG00000143870,ENSG00000143858,ENSG00000175899,ENSG00000197746,ENSG00000125107,ENSG00000253729,ENSG00000140526,ENSG00000135677,ENSG00000260314,ENSG00000196924,ENSG00000136868,ENSG00000196914,ENSG00000152127,ENSG00000154783,ENSG00000176994,ENSG00000107798,ENSG00000134250,ENSG00000104419,ENSG00000149428,ENSG00000071537,ENSG00000188559,ENSG00000084674,ENSG00000125810,ENSG00000112249,ENSG00000006125,ENSG00000132405,ENSG00000172292,ENSG00000113712,ENSG00000101310,ENSG00000137486,ENSG00000248905,ENSG00000107957,ENSG00000138760,ENSG00000131374,ENSG00000079739,ENSG00000136869,ENSG00000123643,ENSG00000180113,ENSG00000171302,ENSG00000180530,ENSG00000134247,ENSG00000160791,ENSG00000163297,ENSG00000138756,ENSG00000073111,ENSG00000143418,ENSG00000177119,ENSG00000156675,ENSG00000154127,ENSG00000174705,ENSG00000138449,ENSG00000001630,ENSG00000133816,ENSG00000091157,ENSG00000160789,ENSG00000165029,ENSG00000179562,ENSG00000116016,ENSG00000072736,ENSG00000151779,ENSG00000090432,ENSG00000135913,ENSG00000154822,ENSG00000169446,ENSG00000064651,ENSG00000175970,ENSG00000149256,ENSG00000135766,ENSG00000250722,ENSG00000185010,ENSG00000136689,ENSG00000173166,ENSG00000135392,ENSG00000121807,ENSG00000178104,ENSG00000150760,ENSG00000147614,ENSG00000111885,ENSG00000132718,ENSG00000173641,ENSG00000077585,ENSG00000198959,ENSG00000165092,ENSG00000154310,ENSG00000259431,ENSG00000112414,ENSG00000081803,ENSG00000116824,ENSG00000104055,ENSG00000177076,ENSG00000034053,ENSG00000071205,ENSG00000160179,ENSG00000173210,ENSG00000111684,ENSG00000128268,ENSG00000112210,ENSG00000188931,ENSG00000075651,ENSG00000163554,ENSG00000064655,ENSG00000118777,ENSG00000157680,ENSG00000139133,ENSG00000165507,ENSG00000113645,ENSG00000050327,ENSG00000173546,ENSG00000156535,ENSG00000254598,ENSG00000138030,ENSG00000102043,ENSG00000164976,ENSG00000158301,ENSG00000257315,ENSG00000109265,ENSG00000164237,ENSG00000121797,ENSG00000125510,ENSG00000162512,ENSG00000176438,ENSG00000151623,ENSG00000102931,ENSG00000134780,ENSG00000165072,ENSG00000175556,ENSG00000180155,ENSG00000050030,ENSG00000271303,ENSG00000182836,ENSG00000115295,ENSG00000164440,ENSG00000197208,ENSG00000112812,ENSG00000013016,ENSG00000177303,ENSG00000182890","GO:CC - cytoplasm"
"query_1",TRUE,2.91307532983985e-07,3787,184,64,0.347826086956522,0.0168999207816213,"GO:0031090","GO:CC","organelle membrane",22115,1021,"IDA ISS TAS IEA,IGI,IEA,TAS,IBA TAS IEA,TAS,HDA,IDA IEA,IDA IEA,ISS TAS IEA,TAS IEA,IDA,IDA IMP IBA TAS IEA,TAS,TAS,IDA IMP TAS NAS IEA,TAS IEA,IBA IEA,TAS,IBA,HDA ISS TAS IEA,IDA IEA,IDA TAS,HDA IBA IEA,IEA,IEA,TAS IEA,TAS IEA,TAS,IEA,TAS IEA,HDA IEA,TAS,IEA,IEA,IDA TAS IEA,IDA IPI ISS IBA NAS IEA,IDA,TAS,IEA,IDA IBA TAS,IBA TAS IEA,IEA,IDA IBA IEA,TAS,IEA,IDA TAS IEA,IDA IEA,IEA,IDA TAS IEA,TAS IEA,IBA IEA,HDA TAS IEA,IEA,IEA,IEA,TAS,ISS IEA,IDA IBA IEA,IEA,IDA IEA,TAS,IDA IEA,IDA IBA TAS IEA","HSPA8,ATP1A1,GPNMB,PDIA6,SYT2,PSAP,CNOT1,MRC1,SLC31A1,MGAT5,NOTCH2,NDRG1,SEL1L,APOB,CD93,AP2B1,CERS6,SEC23B,ARRB1,FMN1,SCARB2,TBC1D5,TLR4,SLC36A1,CANT1,PTGFRN,ANTXR2,CERS2,ANO6,RAB11FIP1,CYP51A1,LMNA,ABCA1,GCC1,NBAS,MUL1,MMGT1,SLC12A2,F8,DNAJC14,ATP6V0D2,MAN1A1,SYT11,GPR137B,ADGRG6,CADPS2,ACER2,ARHGAP10,ABCG1,LPCAT3,MGAT3,RAB23,PLD1,ABCG2,DGKI,ALG10,CD109,MYORG,SYNE3,NR3C2,DAGLA,SRXN1,SLC22A4,EHD3","HSPA8,ATP1A1,GPNMB,PDIA6,SYT2,PSAP,CNOT1,MRC1,SLC31A1,MGAT5,NOTCH2,NDRG1,SEL1L,APOB,CD93,AP2B1,CERS6,SEC23B,ARRB1,FMN1,SCARB2,TBC1D5,TLR4,SLC36A1,CANT1,PTGFRN,ANTXR2,CERS2,ANO6,RAB11FIP1,CYP51A1,LMNA,ABCA1,GCC1,NBAS,MUL1,MMGT1,SLC12A2,F8,DNAJC14,ATP6V0D2,MAN1A1,SYT11,GPR137B,ADGRG6,CADPS2,ACER2,ARHGAP10,ABCG1,LPCAT3,MGAT3,RAB23,PLD1,ABCG2,DGKI,ALG10,CD109,MYORG,SYNE3,NR3C2,DAGLA,SRXN1,SLC22A4,EHD3","ENSG00000109971,ENSG00000163399,ENSG00000136235,ENSG00000143870,ENSG00000143858,ENSG00000197746,ENSG00000125107,ENSG00000260314,ENSG00000136868,ENSG00000152127,ENSG00000134250,ENSG00000104419,ENSG00000071537,ENSG00000084674,ENSG00000125810,ENSG00000006125,ENSG00000172292,ENSG00000101310,ENSG00000137486,ENSG00000248905,ENSG00000138760,ENSG00000131374,ENSG00000136869,ENSG00000123643,ENSG00000171302,ENSG00000134247,ENSG00000163297,ENSG00000143418,ENSG00000177119,ENSG00000156675,ENSG00000001630,ENSG00000160789,ENSG00000165029,ENSG00000179562,ENSG00000151779,ENSG00000090432,ENSG00000169446,ENSG00000064651,ENSG00000185010,ENSG00000135392,ENSG00000147614,ENSG00000111885,ENSG00000132718,ENSG00000077585,ENSG00000112414,ENSG00000081803,ENSG00000177076,ENSG00000071205,ENSG00000160179,ENSG00000111684,ENSG00000128268,ENSG00000112210,ENSG00000075651,ENSG00000118777,ENSG00000157680,ENSG00000139133,ENSG00000156535,ENSG00000164976,ENSG00000176438,ENSG00000151623,ENSG00000134780,ENSG00000271303,ENSG00000197208,ENSG00000013016","GO:CC - organelle membrane"
"query_1",TRUE,5.57858538376298e-06,4012,184,63,0.342391304347826,0.0157028913260219,"GO:0031982","GO:CC","vesicle",22115,1203,"IDA HDA TAS IEA,HDA IEA,IEA,HDA IEA,IBA TAS IEA,HDA TAS,IDA HDA TAS,IEA,HDA TAS,IDA IEA,HDA,IDA IEA,HDA,HDA,IEA,IDA HDA,HDA TAS,HDA,HDA TAS,TAS IEA,IDA IMP TAS NAS IEA,IDA IBA TAS,HDA,IBA IEA,IDA IBA TAS IEA,HDA ISS TAS IEA,IDA IEA,HDA TAS,IDA TAS IEA,HDA TAS,IDA,TAS,HDA TAS,IEA,IEA,IDA IEA,ISS IBA IEA,IDA HDA,HDA TAS,TAS,HDA IEA,HDA IBA TAS IEA,IDA HDA,ISS IBA TAS IEA,HDA,HDA,HDA IEA,IEA,IDA IEA,ISS IEA,IDA IBA IEA,IDA TAS IEA,IEA,HDA,HDA,TAS,HDA,HDA,IEA,HDA,IDA IEA,IDA IBA IEA,IDA IBA TAS IEA","HSPA8,ATP1A1,GPNMB,PDIA6,SYT2,A2M,PSAP,ABHD2,GNS,MRC1,FLNA,SLC31A1,ARHGEF12,MGAT5,FGD5,NDRG1,HYOU1,CPD,APOB,CD93,AP2B1,TBC1D14,ITGA4,SEC23B,ARRB1,SCARB2,TBC1D5,PGM1,TLR4,CANT1,CCR5,ANTXR2,ANO6,RAB11FIP1,SLC40A1,ABCA1,MMGT1,SLC12A2,SELENOP,F8,IL1RN,ATP6V0D2,MAN1A1,SYT11,TGM2,ALDH1A1,TNIK,CADPS2,ARHGAP10,ABCG1,RAB23,PLD1,DGKI,ICAM3,CSPG4,CD109,KHK,CMBL,OPRL1,MEP1A,DAGLA,PRSS16,EHD3","HSPA8,ATP1A1,GPNMB,PDIA6,SYT2,A2M,PSAP,ABHD2,GNS,MRC1,FLNA,SLC31A1,ARHGEF12,MGAT5,FGD5,NDRG1,HYOU1,CPD,APOB,CD93,AP2B1,TBC1D14,ITGA4,SEC23B,ARRB1,SCARB2,TBC1D5,PGM1,TLR4,CANT1,CCR5,ANTXR2,ANO6,RAB11FIP1,SLC40A1,ABCA1,MMGT1,SLC12A2,SELENOP,F8,IL1RN,ATP6V0D2,MAN1A1,SYT11,TGM2,ALDH1A1,TNIK,CADPS2,ARHGAP10,ABCG1,RAB23,PLD1,DGKI,ICAM3,CSPG4,CD109,KHK,CMBL,OPRL1,MEP1A,DAGLA,PRSS16,EHD3","ENSG00000109971,ENSG00000163399,ENSG00000136235,ENSG00000143870,ENSG00000143858,ENSG00000175899,ENSG00000197746,ENSG00000140526,ENSG00000135677,ENSG00000260314,ENSG00000196924,ENSG00000136868,ENSG00000196914,ENSG00000152127,ENSG00000154783,ENSG00000104419,ENSG00000149428,ENSG00000108582,ENSG00000084674,ENSG00000125810,ENSG00000006125,ENSG00000132405,ENSG00000115232,ENSG00000101310,ENSG00000137486,ENSG00000138760,ENSG00000131374,ENSG00000079739,ENSG00000136869,ENSG00000171302,ENSG00000160791,ENSG00000163297,ENSG00000177119,ENSG00000156675,ENSG00000138449,ENSG00000165029,ENSG00000169446,ENSG00000064651,ENSG00000250722,ENSG00000185010,ENSG00000136689,ENSG00000147614,ENSG00000111885,ENSG00000132718,ENSG00000198959,ENSG00000165092,ENSG00000154310,ENSG00000081803,ENSG00000071205,ENSG00000160179,ENSG00000112210,ENSG00000075651,ENSG00000157680,ENSG00000076662,ENSG00000173546,ENSG00000156535,ENSG00000138030,ENSG00000164237,ENSG00000125510,ENSG00000112818,ENSG00000134780,ENSG00000112812,ENSG00000013016","GO:CC - vesicle"
"query_1",TRUE,5.57858538376298e-06,1234,184,30,0.16304347826087,0.0243111831442464,"GO:0030659","GO:CC","cytoplasmic vesicle membrane",22115,925,"TAS,IEA,IBA TAS IEA,TAS,IDA IEA,IDA IEA,IDA,TAS,TAS,IDA IMP TAS NAS IEA,IBA IEA,TAS,ISS TAS IEA,IDA IEA,IDA TAS,TAS,TAS,IEA,IEA,IDA,TAS,IEA,IEA,IDA IEA,IBA IEA,TAS IEA,IEA,TAS,IDA IEA,IDA IBA TAS IEA","HSPA8,GPNMB,SYT2,PSAP,MRC1,SLC31A1,NDRG1,APOB,CD93,AP2B1,SEC23B,ARRB1,SCARB2,TBC1D5,TLR4,ANTXR2,ANO6,RAB11FIP1,MMGT1,SLC12A2,ATP6V0D2,SYT11,CADPS2,ARHGAP10,RAB23,PLD1,DGKI,CD109,DAGLA,EHD3","HSPA8,GPNMB,SYT2,PSAP,MRC1,SLC31A1,NDRG1,APOB,CD93,AP2B1,SEC23B,ARRB1,SCARB2,TBC1D5,TLR4,ANTXR2,ANO6,RAB11FIP1,MMGT1,SLC12A2,ATP6V0D2,SYT11,CADPS2,ARHGAP10,RAB23,PLD1,DGKI,CD109,DAGLA,EHD3","ENSG00000109971,ENSG00000136235,ENSG00000143858,ENSG00000197746,ENSG00000260314,ENSG00000136868,ENSG00000104419,ENSG00000084674,ENSG00000125810,ENSG00000006125,ENSG00000101310,ENSG00000137486,ENSG00000138760,ENSG00000131374,ENSG00000136869,ENSG00000163297,ENSG00000177119,ENSG00000156675,ENSG00000169446,ENSG00000064651,ENSG00000147614,ENSG00000132718,ENSG00000081803,ENSG00000071205,ENSG00000112210,ENSG00000075651,ENSG00000157680,ENSG00000156535,ENSG00000134780,ENSG00000013016","GO:CC - cytoplasmic vesicle membrane"
"query_1",TRUE,6.14626694870439e-06,1248,184,30,0.16304347826087,0.0240384615384615,"GO:0012506","GO:CC","vesicle membrane",22115,668,"TAS,IEA,IBA TAS IEA,TAS,IDA IEA,IDA IEA,IDA,TAS,TAS,IDA IMP TAS NAS IEA,IBA IEA,TAS,ISS TAS IEA,IDA IEA,IDA TAS,TAS,TAS,IEA,IEA,IDA,TAS,IEA,IEA,IDA IEA,IBA IEA,TAS IEA,IEA,TAS,IDA IEA,IDA IBA TAS IEA","HSPA8,GPNMB,SYT2,PSAP,MRC1,SLC31A1,NDRG1,APOB,CD93,AP2B1,SEC23B,ARRB1,SCARB2,TBC1D5,TLR4,ANTXR2,ANO6,RAB11FIP1,MMGT1,SLC12A2,ATP6V0D2,SYT11,CADPS2,ARHGAP10,RAB23,PLD1,DGKI,CD109,DAGLA,EHD3","HSPA8,GPNMB,SYT2,PSAP,MRC1,SLC31A1,NDRG1,APOB,CD93,AP2B1,SEC23B,ARRB1,SCARB2,TBC1D5,TLR4,ANTXR2,ANO6,RAB11FIP1,MMGT1,SLC12A2,ATP6V0D2,SYT11,CADPS2,ARHGAP10,RAB23,PLD1,DGKI,CD109,DAGLA,EHD3","ENSG00000109971,ENSG00000136235,ENSG00000143858,ENSG00000197746,ENSG00000260314,ENSG00000136868,ENSG00000104419,ENSG00000084674,ENSG00000125810,ENSG00000006125,ENSG00000101310,ENSG00000137486,ENSG00000138760,ENSG00000131374,ENSG00000136869,ENSG00000163297,ENSG00000177119,ENSG00000156675,ENSG00000169446,ENSG00000064651,ENSG00000147614,ENSG00000132718,ENSG00000081803,ENSG00000071205,ENSG00000112210,ENSG00000075651,ENSG00000157680,ENSG00000156535,ENSG00000134780,ENSG00000013016","GO:CC - vesicle membrane"
"query_1",TRUE,9.9244409451782e-06,1070,184,27,0.146739130434783,0.0252336448598131,"GO:0005768","GO:CC","endosome",22115,324,"IEA,IDA,IDA IEA,IDA IEA,IEA,IDA,TAS,TAS,IDA IBA TAS,TAS,IDA IEA,IDA TAS IEA,IDA,TAS,IEA,IDA IEA,ISS IBA IEA,IBA TAS IEA,ISS IEA,IEA,IDA IEA,ISS IEA,IBA IEA,IDA IEA,IDA IEA,IDA IBA IEA,IDA IBA TAS IEA","GPNMB,PSAP,MRC1,SLC31A1,FGD5,NDRG1,APOB,AP2B1,TBC1D14,SCARB2,TBC1D5,TLR4,CCR5,ANTXR2,RAB11FIP1,ABCA1,MMGT1,ATP6V0D2,SYT11,TNIK,ARHGAP10,ABCG1,RAB23,PLD1,DAGLA,PRSS16,EHD3","GPNMB,PSAP,MRC1,SLC31A1,FGD5,NDRG1,APOB,AP2B1,TBC1D14,SCARB2,TBC1D5,TLR4,CCR5,ANTXR2,RAB11FIP1,ABCA1,MMGT1,ATP6V0D2,SYT11,TNIK,ARHGAP10,ABCG1,RAB23,PLD1,DAGLA,PRSS16,EHD3","ENSG00000136235,ENSG00000197746,ENSG00000260314,ENSG00000136868,ENSG00000154783,ENSG00000104419,ENSG00000084674,ENSG00000006125,ENSG00000132405,ENSG00000138760,ENSG00000131374,ENSG00000136869,ENSG00000160791,ENSG00000163297,ENSG00000156675,ENSG00000165029,ENSG00000169446,ENSG00000147614,ENSG00000132718,ENSG00000154310,ENSG00000071205,ENSG00000160179,ENSG00000112210,ENSG00000075651,ENSG00000134780,ENSG00000112812,ENSG00000013016","GO:CC - endosome"
"query_1",TRUE,2.56508267475159e-05,2217,184,41,0.222826086956522,0.0184934596301308,"GO:0098588","GO:CC","bounding membrane of organelle",22115,3157,"IDA ISS TAS IEA,IEA,IBA TAS IEA,TAS,HDA,IDA IEA,IDA IEA,ISS TAS IEA,TAS IEA,IDA,TAS,TAS,IDA IMP TAS NAS IEA,IBA IEA,TAS,HDA ISS TAS IEA,IDA IEA,IDA TAS,HDA IBA IEA,TAS,TAS,IEA,IEA,IDA TAS IEA,IEA,TAS,IDA IBA TAS,IBA TAS IEA,IEA,IDA IBA IEA,IDA TAS IEA,IDA IEA,IEA,TAS IEA,IBA IEA,HDA TAS IEA,IEA,TAS,IBA IEA,IDA IEA,IDA IBA TAS IEA","HSPA8,GPNMB,SYT2,PSAP,CNOT1,MRC1,SLC31A1,MGAT5,NOTCH2,NDRG1,APOB,CD93,AP2B1,SEC23B,ARRB1,SCARB2,TBC1D5,TLR4,SLC36A1,ANTXR2,ANO6,RAB11FIP1,GCC1,MUL1,MMGT1,F8,ATP6V0D2,MAN1A1,SYT11,GPR137B,ACER2,ARHGAP10,ABCG1,MGAT3,RAB23,PLD1,DGKI,CD109,SYNE3,DAGLA,EHD3","HSPA8,GPNMB,SYT2,PSAP,CNOT1,MRC1,SLC31A1,MGAT5,NOTCH2,NDRG1,APOB,CD93,AP2B1,SEC23B,ARRB1,SCARB2,TBC1D5,TLR4,SLC36A1,ANTXR2,ANO6,RAB11FIP1,GCC1,MUL1,MMGT1,F8,ATP6V0D2,MAN1A1,SYT11,GPR137B,ACER2,ARHGAP10,ABCG1,MGAT3,RAB23,PLD1,DGKI,CD109,SYNE3,DAGLA,EHD3","ENSG00000109971,ENSG00000136235,ENSG00000143858,ENSG00000197746,ENSG00000125107,ENSG00000260314,ENSG00000136868,ENSG00000152127,ENSG00000134250,ENSG00000104419,ENSG00000084674,ENSG00000125810,ENSG00000006125,ENSG00000101310,ENSG00000137486,ENSG00000138760,ENSG00000131374,ENSG00000136869,ENSG00000123643,ENSG00000163297,ENSG00000177119,ENSG00000156675,ENSG00000179562,ENSG00000090432,ENSG00000169446,ENSG00000185010,ENSG00000147614,ENSG00000111885,ENSG00000132718,ENSG00000077585,ENSG00000177076,ENSG00000071205,ENSG00000160179,ENSG00000128268,ENSG00000112210,ENSG00000075651,ENSG00000157680,ENSG00000156535,ENSG00000176438,ENSG00000134780,ENSG00000013016","GO:CC - bounding membrane of organelle"
"query_1",TRUE,4.9253053889121e-05,573,184,18,0.0978260869565217,0.031413612565445,"GO:0010008","GO:CC","endosome membrane",22115,646,"IEA,IDA IEA,IDA IEA,IDA,TAS,TAS,TAS,IDA IEA,IDA TAS,TAS,IEA,TAS,IEA,IDA IEA,IBA IEA,IEA,IDA IEA,IDA IBA TAS IEA","GPNMB,MRC1,SLC31A1,NDRG1,APOB,AP2B1,SCARB2,TBC1D5,TLR4,ANTXR2,MMGT1,ATP6V0D2,SYT11,ARHGAP10,RAB23,PLD1,DAGLA,EHD3","GPNMB,MRC1,SLC31A1,NDRG1,APOB,AP2B1,SCARB2,TBC1D5,TLR4,ANTXR2,MMGT1,ATP6V0D2,SYT11,ARHGAP10,RAB23,PLD1,DAGLA,EHD3","ENSG00000136235,ENSG00000260314,ENSG00000136868,ENSG00000104419,ENSG00000084674,ENSG00000006125,ENSG00000138760,ENSG00000131374,ENSG00000136869,ENSG00000163297,ENSG00000169446,ENSG00000147614,ENSG00000132718,ENSG00000071205,ENSG00000112210,ENSG00000075651,ENSG00000134780,ENSG00000013016","GO:CC - endosome membrane"
"query_1",TRUE,5.74532740737117e-05,100,184,8,0.0434782608695652,0.08,"GO:0043202","GO:CC","lysosomal lumen",22115,1835,"TAS,TAS,TAS,TAS,TAS,ISS IEA,TAS,TAS","HSPA8,PSAP,GNS,LIPA,APOB,SCARB2,CSPG4,SDC3","HSPA8,PSAP,GNS,LIPA,APOB,SCARB2,CSPG4,SDC3","ENSG00000109971,ENSG00000197746,ENSG00000135677,ENSG00000107798,ENSG00000084674,ENSG00000138760,ENSG00000173546,ENSG00000162512","GO:CC - lysosomal lumen"
"query_1",TRUE,0.00015385446526064,2399,184,41,0.222826086956522,0.0170904543559817,"GO:0042995","GO:CC","cell projection",22115,1811,"IBA,IDA IEA,IBA,IDA IBA IEA,IEA,ISS IEA,IEA,IEA,ISS TAS IEA,IEA,IEA,IEA,IEA,IEA,IMP,IDA ISS TAS,IDA IBA TAS IEA,ISS IBA IEA,IEA,ISS,IDA ISS IBA IEA,ISS IEA,IBA,IDA,IBA,IDA ISS IBA IEA,IBA IEA,IDA,IEA,IDA IEA,IEA,IDA IEA,IEA,IEA,IBA,ISS IEA,IEA,IDA ISS IBA IEA,IEA,IDA IEA,ISS IEA","HSPA8,ATP1A1,SYT2,ABHD2,FLNA,FGD5,SMCR8,NOTCH2,CSNK1A1,ITGA4,ARRB1,SH3PXD2A,TLR4,SH3PXD2B,MUL1,SLC12A2,UNC119B,TENM4,RAPH1,CCR2,SYT11,ALDH1A1,APBA2,ABLIM3,GABRA3,CFAP126,SPTA1,ABCG2,TNFRSF21,DGKI,ACVRL1,WWC1,ARHGEF5,CSPG4,OPRL1,SDC3,ARL2BP,DAGLA,LYNX1,EHD3,RGS8","HSPA8,ATP1A1,SYT2,ABHD2,FLNA,FGD5,SMCR8,NOTCH2,CSNK1A1,ITGA4,ARRB1,SH3PXD2A,TLR4,SH3PXD2B,MUL1,SLC12A2,UNC119B,TENM4,RAPH1,CCR2,SYT11,ALDH1A1,APBA2,ABLIM3,GABRA3,CFAP126,SPTA1,ABCG2,TNFRSF21,DGKI,ACVRL1,WWC1,ARHGEF5,CSPG4,OPRL1,SDC3,ARL2BP,DAGLA,LYNX1,EHD3,RGS8","ENSG00000109971,ENSG00000163399,ENSG00000143858,ENSG00000140526,ENSG00000196924,ENSG00000154783,ENSG00000176994,ENSG00000134250,ENSG00000113712,ENSG00000115232,ENSG00000137486,ENSG00000107957,ENSG00000136869,ENSG00000174705,ENSG00000090432,ENSG00000064651,ENSG00000175970,ENSG00000149256,ENSG00000173166,ENSG00000121807,ENSG00000132718,ENSG00000165092,ENSG00000034053,ENSG00000173210,ENSG00000011677,ENSG00000188931,ENSG00000163554,ENSG00000118777,ENSG00000146072,ENSG00000157680,ENSG00000139567,ENSG00000113645,ENSG00000050327,ENSG00000173546,ENSG00000125510,ENSG00000162512,ENSG00000102931,ENSG00000134780,ENSG00000180155,ENSG00000013016,ENSG00000135824","GO:CC - cell projection"
"query_1",TRUE,0.000175987444155579,904,184,22,0.119565217391304,0.0243362831858407,"GO:0009986","GO:CC","cell surface",22115,642,"IEA,IDA IBA,IEA,IDA IBA IEA,IDA,HDA,IDA IBA IEA,IBA,HDA,IEA,IBA,IBA IEA,IDA,IDA IEA,IDA IEA,IDA IBA,ISS,IDA IEA,HDA TAS IEA,HDA,IBA,IBA","MRC1,NOTCH2,CD93,ITGA4,TLR4,PTGFRN,CCR5,ANTXR2,ANO6,ABCA1,TNFRSF10C,CCR2,ADGRG6,CD2,ABCG1,TREML2,ABCG2,ACVRL1,CSPG4,CD109,CCRL2,SDC3","MRC1,NOTCH2,CD93,ITGA4,TLR4,PTGFRN,CCR5,ANTXR2,ANO6,ABCA1,TNFRSF10C,CCR2,ADGRG6,CD2,ABCG1,TREML2,ABCG2,ACVRL1,CSPG4,CD109,CCRL2,SDC3","ENSG00000260314,ENSG00000134250,ENSG00000125810,ENSG00000115232,ENSG00000136869,ENSG00000134247,ENSG00000160791,ENSG00000163297,ENSG00000177119,ENSG00000165029,ENSG00000173535,ENSG00000121807,ENSG00000112414,ENSG00000116824,ENSG00000160179,ENSG00000112195,ENSG00000118777,ENSG00000139567,ENSG00000173546,ENSG00000156535,ENSG00000121797,ENSG00000162512","GO:CC - cell surface"
"query_1",TRUE,0.000175987444155579,346,184,13,0.0706521739130435,0.0375722543352601,"GO:0030139","GO:CC","endocytic vesicle",22115,891,"TAS,TAS,TAS,IDA IMP TAS NAS IEA,ISS TAS IEA,IDA,IEA,IDA,TAS,ISS IEA,IDA IEA,IDA,IBA IEA","SYT2,HYOU1,APOB,AP2B1,SCARB2,TBC1D5,RAB11FIP1,ABCA1,ATP6V0D2,SYT11,RAB23,PLD1,EHD3","SYT2,HYOU1,APOB,AP2B1,SCARB2,TBC1D5,RAB11FIP1,ABCA1,ATP6V0D2,SYT11,RAB23,PLD1,EHD3","ENSG00000143858,ENSG00000149428,ENSG00000084674,ENSG00000006125,ENSG00000138760,ENSG00000131374,ENSG00000156675,ENSG00000165029,ENSG00000147614,ENSG00000132718,ENSG00000112210,ENSG00000075651,ENSG00000013016","GO:CC - endocytic vesicle"
"query_1",TRUE,0.000255550813429249,1226,184,26,0.141304347826087,0.0212071778140294,"GO:0042175","GO:CC","nuclear outer membrane-endoplasmic reticulum membrane network",22115,1746,"TAS,TAS,IDA IMP IBA TAS IEA,TAS,TAS IEA,IEA,IBA,TAS,IEA,IEA,IEA,TAS IEA,TAS IEA,TAS,IEA,IDA IPI ISS IBA NAS IEA,IEA,TAS,IEA,IDA TAS IEA,TAS IEA,IEA,ISS IEA,IBA IEA,IEA,TAS","PDIA6,NOTCH2,SEL1L,APOB,CERS6,SEC23B,FMN1,SCARB2,CANT1,PTGFRN,ANTXR2,CERS2,CYP51A1,ABCA1,NBAS,MMGT1,DNAJC14,ADGRG6,ABCG1,LPCAT3,PLD1,ALG10,MYORG,SYNE3,NR3C2,SRXN1","PDIA6,NOTCH2,SEL1L,APOB,CERS6,SEC23B,FMN1,SCARB2,CANT1,PTGFRN,ANTXR2,CERS2,CYP51A1,ABCA1,NBAS,MMGT1,DNAJC14,ADGRG6,ABCG1,LPCAT3,PLD1,ALG10,MYORG,SYNE3,NR3C2,SRXN1","ENSG00000143870,ENSG00000134250,ENSG00000071537,ENSG00000084674,ENSG00000172292,ENSG00000101310,ENSG00000248905,ENSG00000138760,ENSG00000171302,ENSG00000134247,ENSG00000163297,ENSG00000143418,ENSG00000001630,ENSG00000165029,ENSG00000151779,ENSG00000169446,ENSG00000135392,ENSG00000112414,ENSG00000160179,ENSG00000111684,ENSG00000075651,ENSG00000139133,ENSG00000164976,ENSG00000176438,ENSG00000151623,ENSG00000271303","GO:CC - nuclear outer membrane-endoplasmic reticulum membrane network"
"query_1",TRUE,0.000512327518150595,1203,184,25,0.135869565217391,0.0207813798836243,"GO:0005789","GO:CC","endoplasmic reticulum membrane",22115,342,"TAS,TAS,IDA IMP IBA TAS IEA,TAS,TAS IEA,IEA,IBA,TAS,IEA,IEA,IEA,TAS IEA,TAS IEA,TAS,IEA,IDA IPI ISS IBA NAS IEA,IEA,TAS,IEA,IDA TAS IEA,TAS IEA,IEA,ISS IEA,IEA,TAS","PDIA6,NOTCH2,SEL1L,APOB,CERS6,SEC23B,FMN1,SCARB2,CANT1,PTGFRN,ANTXR2,CERS2,CYP51A1,ABCA1,NBAS,MMGT1,DNAJC14,ADGRG6,ABCG1,LPCAT3,PLD1,ALG10,MYORG,NR3C2,SRXN1","PDIA6,NOTCH2,SEL1L,APOB,CERS6,SEC23B,FMN1,SCARB2,CANT1,PTGFRN,ANTXR2,CERS2,CYP51A1,ABCA1,NBAS,MMGT1,DNAJC14,ADGRG6,ABCG1,LPCAT3,PLD1,ALG10,MYORG,NR3C2,SRXN1","ENSG00000143870,ENSG00000134250,ENSG00000071537,ENSG00000084674,ENSG00000172292,ENSG00000101310,ENSG00000248905,ENSG00000138760,ENSG00000171302,ENSG00000134247,ENSG00000163297,ENSG00000143418,ENSG00000001630,ENSG00000165029,ENSG00000151779,ENSG00000169446,ENSG00000135392,ENSG00000112414,ENSG00000160179,ENSG00000111684,ENSG00000075651,ENSG00000139133,ENSG00000164976,ENSG00000151623,ENSG00000271303","GO:CC - endoplasmic reticulum membrane"
"query_1",TRUE,0.000529905698515655,1209,184,25,0.135869565217391,0.0206782464846981,"GO:0098827","GO:CC","endoplasmic reticulum subcompartment",22115,3210,"TAS,TAS,IDA IMP IBA TAS IEA,TAS,TAS IEA,IEA,IBA,TAS,IEA,IEA,IEA,TAS IEA,TAS IEA,TAS,IEA,IDA IPI ISS IBA NAS IEA,IEA,TAS,IEA,IDA TAS IEA,TAS IEA,IEA,ISS IEA,IEA,TAS","PDIA6,NOTCH2,SEL1L,APOB,CERS6,SEC23B,FMN1,SCARB2,CANT1,PTGFRN,ANTXR2,CERS2,CYP51A1,ABCA1,NBAS,MMGT1,DNAJC14,ADGRG6,ABCG1,LPCAT3,PLD1,ALG10,MYORG,NR3C2,SRXN1","PDIA6,NOTCH2,SEL1L,APOB,CERS6,SEC23B,FMN1,SCARB2,CANT1,PTGFRN,ANTXR2,CERS2,CYP51A1,ABCA1,NBAS,MMGT1,DNAJC14,ADGRG6,ABCG1,LPCAT3,PLD1,ALG10,MYORG,NR3C2,SRXN1","ENSG00000143870,ENSG00000134250,ENSG00000071537,ENSG00000084674,ENSG00000172292,ENSG00000101310,ENSG00000248905,ENSG00000138760,ENSG00000171302,ENSG00000134247,ENSG00000163297,ENSG00000143418,ENSG00000001630,ENSG00000165029,ENSG00000151779,ENSG00000169446,ENSG00000135392,ENSG00000112414,ENSG00000160179,ENSG00000111684,ENSG00000075651,ENSG00000139133,ENSG00000164976,ENSG00000151623,ENSG00000271303","GO:CC - endoplasmic reticulum subcompartment"
"query_1",TRUE,0.000724177258382264,2236,184,37,0.201086956521739,0.0165474060822898,"GO:0030054","GO:CC","cell junction",22115,846,"HDA IBA,IEA,IEA,IBA TAS IEA,IDA HDA IEA,IEA,ISS IEA,IDA,HDA,IEA,HDA,IEA,IEA,HDA,IEA,IEA,IEA,ISS IBA TAS IEA,HDA,ISS,IEA,IBA IEA,IEA,IBA IEA,IEA,IBA IEA,IDA,IDA IMP,IBA,IDA IEA,IEA,HDA,IDA ISS IBA IEA,IEA,IBA,HDA,IEA","HSPA8,ATP1A1,EIF3L,SYT2,FLNA,SLC31A1,SMCR8,NDRG1,HYOU1,AP2B1,ITGA4,FMN1,SH3PXD2A,SCARB2,SH3PXD2B,SLC40A1,EGLN1,SYT11,TGM2,ALDH1A1,TNIK,CADPS2,CD2,APBA2,ABLIM3,GABRA3,RAB23,PLD1,SPTA1,DGKI,ARHGEF5,CSPG4,DAGLA,LYNX1,PLCXD3,EHD3,RGS8","HSPA8,ATP1A1,EIF3L,SYT2,FLNA,SLC31A1,SMCR8,NDRG1,HYOU1,AP2B1,ITGA4,FMN1,SH3PXD2A,SCARB2,SH3PXD2B,SLC40A1,EGLN1,SYT11,TGM2,ALDH1A1,TNIK,CADPS2,CD2,APBA2,ABLIM3,GABRA3,RAB23,PLD1,SPTA1,DGKI,ARHGEF5,CSPG4,DAGLA,LYNX1,PLCXD3,EHD3,RGS8","ENSG00000109971,ENSG00000163399,ENSG00000100129,ENSG00000143858,ENSG00000196924,ENSG00000136868,ENSG00000176994,ENSG00000104419,ENSG00000149428,ENSG00000006125,ENSG00000115232,ENSG00000248905,ENSG00000107957,ENSG00000138760,ENSG00000174705,ENSG00000138449,ENSG00000135766,ENSG00000132718,ENSG00000198959,ENSG00000165092,ENSG00000154310,ENSG00000081803,ENSG00000116824,ENSG00000034053,ENSG00000173210,ENSG00000011677,ENSG00000112210,ENSG00000075651,ENSG00000163554,ENSG00000157680,ENSG00000050327,ENSG00000173546,ENSG00000134780,ENSG00000180155,ENSG00000182836,ENSG00000013016,ENSG00000135824","GO:CC - cell junction"
"query_1",TRUE,0.000727825134538191,2066,184,35,0.190217391304348,0.0169409486931268,"GO:0005783","GO:CC","endoplasmic reticulum",22115,336,"ISS,IDA ISS IBA TAS IEA,IEA,TAS,ISS IBA TAS NAS IEA,IDA IMP IBA TAS IEA,IDA TAS IEA,TAS IEA,IDA IBA IEA,IBA,TAS,IDA,IEA,IEA,IEA,IDA TAS IEA,TAS IEA,TAS,IDA IPI IBA IEA,IDA IPI ISS IBA NAS IEA,TAS,IEA,IBA TAS,IEA,TAS,IEA,IDA TAS IEA,TAS IEA,IBA IEA,ISS IEA,IEA,IEA,IDA,IEA,TAS","ATP1A1,PDIA6,FGD5,NOTCH2,HYOU1,SEL1L,APOB,CERS6,SEC23B,FMN1,SCARB2,SLC36A1,CANT1,PTGFRN,ANTXR2,CERS2,CYP51A1,ABCA1,NBAS,MMGT1,F8,DNAJC14,MAN1A1,TGM2,ADGRG6,ABCG1,LPCAT3,PLD1,ALG10,MYORG,SYNE3,NR3C2,MAMDC2,LYNX1,SRXN1","ATP1A1,PDIA6,FGD5,NOTCH2,HYOU1,SEL1L,APOB,CERS6,SEC23B,FMN1,SCARB2,SLC36A1,CANT1,PTGFRN,ANTXR2,CERS2,CYP51A1,ABCA1,NBAS,MMGT1,F8,DNAJC14,MAN1A1,TGM2,ADGRG6,ABCG1,LPCAT3,PLD1,ALG10,MYORG,SYNE3,NR3C2,MAMDC2,LYNX1,SRXN1","ENSG00000163399,ENSG00000143870,ENSG00000154783,ENSG00000134250,ENSG00000149428,ENSG00000071537,ENSG00000084674,ENSG00000172292,ENSG00000101310,ENSG00000248905,ENSG00000138760,ENSG00000123643,ENSG00000171302,ENSG00000134247,ENSG00000163297,ENSG00000143418,ENSG00000001630,ENSG00000165029,ENSG00000151779,ENSG00000169446,ENSG00000185010,ENSG00000135392,ENSG00000111885,ENSG00000198959,ENSG00000112414,ENSG00000160179,ENSG00000111684,ENSG00000075651,ENSG00000139133,ENSG00000164976,ENSG00000176438,ENSG00000151623,ENSG00000165072,ENSG00000180155,ENSG00000271303","GO:CC - endoplasmic reticulum"
"query_1",TRUE,0.0010634160490644,2286,184,37,0.201086956521739,0.0161854768153981,"GO:0120025","GO:CC","plasma membrane bounded cell projection",22115,3384,"IBA,IDA IEA,IBA,IDA IBA IEA,IEA,ISS IEA,IEA,ISS TAS,IEA,IEA,IEA,IMP,IDA TAS,IDA IBA TAS IEA,ISS IBA IEA,IEA,ISS,IDA ISS IBA IEA,ISS IEA,IBA,IDA,IBA,IDA ISS IBA IEA,IEA,IDA,IEA,IDA IEA,IEA,IDA IEA,IEA,IBA,ISS IEA,IEA,IDA ISS IBA IEA,IEA,IDA IEA,ISS IEA","HSPA8,ATP1A1,SYT2,ABHD2,FLNA,FGD5,NOTCH2,CSNK1A1,ITGA4,ARRB1,TLR4,MUL1,SLC12A2,UNC119B,TENM4,RAPH1,CCR2,SYT11,ALDH1A1,APBA2,ABLIM3,GABRA3,CFAP126,SPTA1,ABCG2,TNFRSF21,DGKI,ACVRL1,WWC1,CSPG4,OPRL1,SDC3,ARL2BP,DAGLA,LYNX1,EHD3,RGS8","HSPA8,ATP1A1,SYT2,ABHD2,FLNA,FGD5,NOTCH2,CSNK1A1,ITGA4,ARRB1,TLR4,MUL1,SLC12A2,UNC119B,TENM4,RAPH1,CCR2,SYT11,ALDH1A1,APBA2,ABLIM3,GABRA3,CFAP126,SPTA1,ABCG2,TNFRSF21,DGKI,ACVRL1,WWC1,CSPG4,OPRL1,SDC3,ARL2BP,DAGLA,LYNX1,EHD3,RGS8","ENSG00000109971,ENSG00000163399,ENSG00000143858,ENSG00000140526,ENSG00000196924,ENSG00000154783,ENSG00000134250,ENSG00000113712,ENSG00000115232,ENSG00000137486,ENSG00000136869,ENSG00000090432,ENSG00000064651,ENSG00000175970,ENSG00000149256,ENSG00000173166,ENSG00000121807,ENSG00000132718,ENSG00000165092,ENSG00000034053,ENSG00000173210,ENSG00000011677,ENSG00000188931,ENSG00000163554,ENSG00000118777,ENSG00000146072,ENSG00000157680,ENSG00000139567,ENSG00000113645,ENSG00000173546,ENSG00000125510,ENSG00000162512,ENSG00000102931,ENSG00000134780,ENSG00000180155,ENSG00000013016,ENSG00000135824","GO:CC - plasma membrane bounded cell projection"
"query_1",TRUE,0.00122865719846187,1530,184,28,0.152173913043478,0.0183006535947712,"GO:0031984","GO:CC","organelle subcompartment",22115,1205,"TAS,IEA,TAS,IDA IMP IBA TAS IEA,TAS,TAS IEA,IEA,IBA,TAS,IEA,IEA,IEA,TAS IEA,TAS IEA,TAS,ISS,IEA,IDA IPI ISS IBA NAS IEA,IEA,ISS IEA,TAS,IEA,IDA TAS IEA,TAS IEA,IEA,ISS IEA,IEA,TAS","PDIA6,FLNA,NOTCH2,SEL1L,APOB,CERS6,SEC23B,FMN1,SCARB2,CANT1,PTGFRN,ANTXR2,CERS2,CYP51A1,ABCA1,GCC1,NBAS,MMGT1,DNAJC14,SYT11,ADGRG6,ABCG1,LPCAT3,PLD1,ALG10,MYORG,NR3C2,SRXN1","PDIA6,FLNA,NOTCH2,SEL1L,APOB,CERS6,SEC23B,FMN1,SCARB2,CANT1,PTGFRN,ANTXR2,CERS2,CYP51A1,ABCA1,GCC1,NBAS,MMGT1,DNAJC14,SYT11,ADGRG6,ABCG1,LPCAT3,PLD1,ALG10,MYORG,NR3C2,SRXN1","ENSG00000143870,ENSG00000196924,ENSG00000134250,ENSG00000071537,ENSG00000084674,ENSG00000172292,ENSG00000101310,ENSG00000248905,ENSG00000138760,ENSG00000171302,ENSG00000134247,ENSG00000163297,ENSG00000143418,ENSG00000001630,ENSG00000165029,ENSG00000179562,ENSG00000151779,ENSG00000169446,ENSG00000135392,ENSG00000132718,ENSG00000112414,ENSG00000160179,ENSG00000111684,ENSG00000075651,ENSG00000139133,ENSG00000164976,ENSG00000151623,ENSG00000271303","GO:CC - organelle subcompartment"
"query_1",TRUE,0.00174251620850413,856,184,19,0.103260869565217,0.022196261682243,"GO:0005773","GO:CC","vacuole",22115,328,"IDA ISS IBA TAS IEA,IDA IBA TAS IEA,TAS IEA,ISS TAS IEA,TAS,TAS,IDA IBA,TAS,HDA ISS TAS IEA,IDA IEA,HDA IBA IEA,IDA IBA TAS,ISS IEA,IDA IBA IEA,IDA IBA IEA,HDA,TAS,TAS,IDA IBA IEA","HSPA8,PSAP,GNS,LIPA,APOB,AP2B1,TBC1D14,ARRB1,SCARB2,TBC1D5,SLC36A1,ATP6V0D2,SYT11,GPR137B,RAB23,PLD1,CSPG4,SDC3,PRSS16","HSPA8,PSAP,GNS,LIPA,APOB,AP2B1,TBC1D14,ARRB1,SCARB2,TBC1D5,SLC36A1,ATP6V0D2,SYT11,GPR137B,RAB23,PLD1,CSPG4,SDC3,PRSS16","ENSG00000109971,ENSG00000197746,ENSG00000135677,ENSG00000107798,ENSG00000084674,ENSG00000006125,ENSG00000132405,ENSG00000137486,ENSG00000138760,ENSG00000131374,ENSG00000123643,ENSG00000147614,ENSG00000132718,ENSG00000077585,ENSG00000112210,ENSG00000075651,ENSG00000173546,ENSG00000162512,ENSG00000112812","GO:CC - vacuole"
"query_1",TRUE,0.00196362582869629,722,184,17,0.0923913043478261,0.0235457063711911,"GO:0098552","GO:CC","side of membrane",22115,3129,"TAS,NAS,IBA,IDA,IDA IBA IEA,IEA,IEA,IBA IEA,IDA IEA,IDA IEA,TAS IEA,ISS,IEA,IBA,IEA,IEA,ISS","HSPA8,AP2B1,ITGA4,TLR4,CCR5,ABCA1,TNFRSF10C,CCR2,CD2,ABCG1,SPTA1,ABCG2,CD109,CCRL2,GAS1,LYNX1,RGS8","HSPA8,AP2B1,ITGA4,TLR4,CCR5,ABCA1,TNFRSF10C,CCR2,CD2,ABCG1,SPTA1,ABCG2,CD109,CCRL2,GAS1,LYNX1,RGS8","ENSG00000109971,ENSG00000006125,ENSG00000115232,ENSG00000136869,ENSG00000160791,ENSG00000165029,ENSG00000173535,ENSG00000121807,ENSG00000116824,ENSG00000160179,ENSG00000163554,ENSG00000118777,ENSG00000156535,ENSG00000121797,ENSG00000180447,ENSG00000180155,ENSG00000135824","GO:CC - side of membrane"
"query_1",TRUE,0.00203370298467656,178,184,8,0.0434782608695652,0.0449438202247191,"GO:0005775","GO:CC","vacuolar lumen",22115,330,"TAS,TAS,TAS,TAS,TAS,ISS IEA,TAS,TAS","HSPA8,PSAP,GNS,LIPA,APOB,SCARB2,CSPG4,SDC3","HSPA8,PSAP,GNS,LIPA,APOB,SCARB2,CSPG4,SDC3","ENSG00000109971,ENSG00000197746,ENSG00000135677,ENSG00000107798,ENSG00000084674,ENSG00000138760,ENSG00000173546,ENSG00000162512","GO:CC - vacuolar lumen"
"query_1",TRUE,0.00206654178209314,134,184,7,0.0380434782608696,0.0522388059701493,"GO:0030665","GO:CC","clathrin-coated vesicle membrane",22115,930,"TAS,TAS,TAS,IDA IMP TAS NAS IEA,TAS,IDA,IEA","HSPA8,SYT2,APOB,AP2B1,SCARB2,TBC1D5,SYT11","HSPA8,SYT2,APOB,AP2B1,SCARB2,TBC1D5,SYT11","ENSG00000109971,ENSG00000143858,ENSG00000084674,ENSG00000006125,ENSG00000138760,ENSG00000131374,ENSG00000132718","GO:CC - clathrin-coated vesicle membrane"
"query_1",TRUE,0.00406561808692284,199,184,8,0.0434782608695652,0.0402010050251256,"GO:0030662","GO:CC","coated vesicle membrane",22115,928,"TAS,TAS,TAS,IDA IMP TAS NAS IEA,IBA IEA,TAS,IDA,IEA","HSPA8,SYT2,APOB,AP2B1,SEC23B,SCARB2,TBC1D5,SYT11","HSPA8,SYT2,APOB,AP2B1,SEC23B,SCARB2,TBC1D5,SYT11","ENSG00000109971,ENSG00000143858,ENSG00000084674,ENSG00000006125,ENSG00000101310,ENSG00000138760,ENSG00000131374,ENSG00000132718","GO:CC - coated vesicle membrane"
"query_1",TRUE,0.00406973824264633,200,184,8,0.0434782608695652,0.04,"GO:0030666","GO:CC","endocytic vesicle membrane",22115,931,"TAS,TAS,IDA IMP TAS NAS IEA,ISS TAS IEA,IDA,IEA,TAS,IEA","SYT2,APOB,AP2B1,SCARB2,TBC1D5,RAB11FIP1,ATP6V0D2,RAB23","SYT2,APOB,AP2B1,SCARB2,TBC1D5,RAB11FIP1,ATP6V0D2,RAB23","ENSG00000143858,ENSG00000084674,ENSG00000006125,ENSG00000138760,ENSG00000131374,ENSG00000156675,ENSG00000147614,ENSG00000112210","GO:CC - endocytic vesicle membrane"
"query_1",TRUE,0.00430836746437061,71,184,5,0.0271739130434783,0.0704225352112676,"GO:0030669","GO:CC","clathrin-coated endocytic vesicle membrane",22115,934,"TAS,TAS,IDA IMP TAS NAS IEA,TAS,IDA","SYT2,APOB,AP2B1,SCARB2,TBC1D5","SYT2,APOB,AP2B1,SCARB2,TBC1D5","ENSG00000143858,ENSG00000084674,ENSG00000006125,ENSG00000138760,ENSG00000131374","GO:CC - clathrin-coated endocytic vesicle membrane"
"query_1",TRUE,0.00430836746437061,203,184,8,0.0434782608695652,0.0394088669950739,"GO:0055037","GO:CC","recycling endosome",22115,2199,"IDA IEA,IDA,IDA IBA TAS,IEA,ISS IEA,IEA,ISS IEA,IDA IBA IEA","SLC31A1,NDRG1,TBC1D14,RAB11FIP1,SYT11,TNIK,ABCG1,EHD3","SLC31A1,NDRG1,TBC1D14,RAB11FIP1,SYT11,TNIK,ABCG1,EHD3","ENSG00000136868,ENSG00000104419,ENSG00000132405,ENSG00000156675,ENSG00000132718,ENSG00000154310,ENSG00000160179,ENSG00000013016","GO:CC - recycling endosome"
"query_1",TRUE,0.00836508480020927,763,184,16,0.0869565217391304,0.0209698558322412,"GO:0000323","GO:CC","lytic vacuole",22115,50,"IDA ISS IBA TAS IEA,IDA IBA TAS IEA,TAS IEA,ISS TAS IEA,TAS,TAS,TAS,HDA ISS TAS IEA,HDA IEA,TAS,ISS IEA,IDA IBA IEA,HDA,TAS,TAS,IDA IBA IEA","HSPA8,PSAP,GNS,LIPA,APOB,AP2B1,ARRB1,SCARB2,SLC36A1,ATP6V0D2,SYT11,GPR137B,PLD1,CSPG4,SDC3,PRSS16","HSPA8,PSAP,GNS,LIPA,APOB,AP2B1,ARRB1,SCARB2,SLC36A1,ATP6V0D2,SYT11,GPR137B,PLD1,CSPG4,SDC3,PRSS16","ENSG00000109971,ENSG00000197746,ENSG00000135677,ENSG00000107798,ENSG00000084674,ENSG00000006125,ENSG00000137486,ENSG00000138760,ENSG00000123643,ENSG00000147614,ENSG00000132718,ENSG00000077585,ENSG00000075651,ENSG00000173546,ENSG00000162512,ENSG00000112812","GO:CC - lytic vacuole"
"query_1",TRUE,0.00836508480020927,407,184,11,0.0597826086956522,0.027027027027027,"GO:0016324","GO:CC","apical plasma membrane",22115,712,"IDA IEA,ISS IEA,IEA,IDA IBA IEA,IDA IEA,IDA,ISS IEA,IDA,ISS TAS IEA,IEA,IDA IEA","ATP1A1,SLC31A1,SLC36A1,SLC12A2,ATP6V0D2,TNIK,CFAP126,PLD1,ABCG2,CSPG4,SLC22A4","ATP1A1,SLC31A1,SLC36A1,SLC12A2,ATP6V0D2,TNIK,CFAP126,PLD1,ABCG2,CSPG4,SLC22A4","ENSG00000163399,ENSG00000136868,ENSG00000123643,ENSG00000064651,ENSG00000147614,ENSG00000154310,ENSG00000188931,ENSG00000075651,ENSG00000118777,ENSG00000173546,ENSG00000197208","GO:CC - apical plasma membrane"
"query_1",TRUE,0.00836508480020927,763,184,16,0.0869565217391304,0.0209698558322412,"GO:0005764","GO:CC","lysosome",22115,320,"IDA ISS IBA TAS IEA,IDA IBA TAS IEA,TAS IEA,ISS TAS IEA,TAS,TAS,TAS,HDA ISS TAS IEA,HDA IEA,TAS,ISS IEA,IDA IBA IEA,HDA,TAS,TAS,IDA IBA IEA","HSPA8,PSAP,GNS,LIPA,APOB,AP2B1,ARRB1,SCARB2,SLC36A1,ATP6V0D2,SYT11,GPR137B,PLD1,CSPG4,SDC3,PRSS16","HSPA8,PSAP,GNS,LIPA,APOB,AP2B1,ARRB1,SCARB2,SLC36A1,ATP6V0D2,SYT11,GPR137B,PLD1,CSPG4,SDC3,PRSS16","ENSG00000109971,ENSG00000197746,ENSG00000135677,ENSG00000107798,ENSG00000084674,ENSG00000006125,ENSG00000137486,ENSG00000138760,ENSG00000123643,ENSG00000147614,ENSG00000132718,ENSG00000077585,ENSG00000075651,ENSG00000173546,ENSG00000162512,ENSG00000112812","GO:CC - lysosome"
"query_1",TRUE,0.0103198688785457,88,184,5,0.0271739130434783,0.0568181818181818,"GO:0045334","GO:CC","clathrin-coated endocytic vesicle",22115,2132,"TAS,TAS,IDA IMP TAS NAS IEA,TAS,IDA","SYT2,APOB,AP2B1,SCARB2,TBC1D5","SYT2,APOB,AP2B1,SCARB2,TBC1D5","ENSG00000143858,ENSG00000084674,ENSG00000006125,ENSG00000138760,ENSG00000131374","GO:CC - clathrin-coated endocytic vesicle"
"query_1",TRUE,0.0119672000052633,24,184,3,0.016304347826087,0.125,"GO:0032045","GO:CC","guanyl-nucleotide exchange factor complex",22115,1216,"IDA IPI IBA,IDA,IEA","SMCR8,DOCK1,DGKI","SMCR8,DOCK1,DGKI","ENSG00000176994,ENSG00000150760,ENSG00000157680","GO:CC - guanyl-nucleotide exchange factor complex"
"query_1",TRUE,0.014743336772038,2110,184,31,0.168478260869565,0.0146919431279621,"GO:0070062","GO:CC","extracellular exosome",22115,2363,"IDA HDA,HDA,HDA,HDA,HDA,HDA,HDA,HDA,HDA,HDA,HDA,HDA,HDA,HDA,HDA,HDA,HDA,HDA,HDA,HDA,HDA,HDA,HDA,HDA,HDA,HDA,HDA,HDA,HDA,HDA,HDA","HSPA8,ATP1A1,PDIA6,A2M,PSAP,GNS,FLNA,ARHGEF12,MGAT5,NDRG1,HYOU1,CPD,APOB,ITGA4,SCARB2,PGM1,CANT1,ANO6,SLC12A2,SELENOP,IL1RN,ATP6V0D2,MAN1A1,TGM2,ALDH1A1,TNIK,ICAM3,CSPG4,KHK,CMBL,MEP1A","HSPA8,ATP1A1,PDIA6,A2M,PSAP,GNS,FLNA,ARHGEF12,MGAT5,NDRG1,HYOU1,CPD,APOB,ITGA4,SCARB2,PGM1,CANT1,ANO6,SLC12A2,SELENOP,IL1RN,ATP6V0D2,MAN1A1,TGM2,ALDH1A1,TNIK,ICAM3,CSPG4,KHK,CMBL,MEP1A","ENSG00000109971,ENSG00000163399,ENSG00000143870,ENSG00000175899,ENSG00000197746,ENSG00000135677,ENSG00000196924,ENSG00000196914,ENSG00000152127,ENSG00000104419,ENSG00000149428,ENSG00000108582,ENSG00000084674,ENSG00000115232,ENSG00000138760,ENSG00000079739,ENSG00000171302,ENSG00000177119,ENSG00000064651,ENSG00000250722,ENSG00000136689,ENSG00000147614,ENSG00000111885,ENSG00000198959,ENSG00000165092,ENSG00000154310,ENSG00000076662,ENSG00000173546,ENSG00000138030,ENSG00000164237,ENSG00000112818","GO:CC - extracellular exosome"
"query_1",TRUE,0.0150820113452487,315,184,9,0.0489130434782609,0.0285714285714286,"GO:0030135","GO:CC","coated vesicle",22115,888,"TAS,TAS,TAS,IDA IMP TAS NAS IEA,IBA IEA,TAS,IDA,TAS,IEA","HSPA8,SYT2,APOB,AP2B1,SEC23B,SCARB2,TBC1D5,F8,SYT11","HSPA8,SYT2,APOB,AP2B1,SEC23B,SCARB2,TBC1D5,F8,SYT11","ENSG00000109971,ENSG00000143858,ENSG00000084674,ENSG00000006125,ENSG00000101310,ENSG00000138760,ENSG00000131374,ENSG00000185010,ENSG00000132718","GO:CC - coated vesicle"
"query_1",TRUE,0.0161311787939508,2134,184,31,0.168478260869565,0.0145267104029991,"GO:1903561","GO:CC","extracellular vesicle",22115,3656,"IDA HDA,HDA,HDA,HDA,HDA,HDA,HDA,HDA,HDA,HDA,HDA,HDA,HDA,HDA,HDA,HDA,HDA,HDA,HDA,HDA,HDA,HDA,HDA,HDA,HDA,HDA,HDA,HDA,HDA,HDA,HDA","HSPA8,ATP1A1,PDIA6,A2M,PSAP,GNS,FLNA,ARHGEF12,MGAT5,NDRG1,HYOU1,CPD,APOB,ITGA4,SCARB2,PGM1,CANT1,ANO6,SLC12A2,SELENOP,IL1RN,ATP6V0D2,MAN1A1,TGM2,ALDH1A1,TNIK,ICAM3,CSPG4,KHK,CMBL,MEP1A","HSPA8,ATP1A1,PDIA6,A2M,PSAP,GNS,FLNA,ARHGEF12,MGAT5,NDRG1,HYOU1,CPD,APOB,ITGA4,SCARB2,PGM1,CANT1,ANO6,SLC12A2,SELENOP,IL1RN,ATP6V0D2,MAN1A1,TGM2,ALDH1A1,TNIK,ICAM3,CSPG4,KHK,CMBL,MEP1A","ENSG00000109971,ENSG00000163399,ENSG00000143870,ENSG00000175899,ENSG00000197746,ENSG00000135677,ENSG00000196924,ENSG00000196914,ENSG00000152127,ENSG00000104419,ENSG00000149428,ENSG00000108582,ENSG00000084674,ENSG00000115232,ENSG00000138760,ENSG00000079739,ENSG00000171302,ENSG00000177119,ENSG00000064651,ENSG00000250722,ENSG00000136689,ENSG00000147614,ENSG00000111885,ENSG00000198959,ENSG00000165092,ENSG00000154310,ENSG00000076662,ENSG00000173546,ENSG00000138030,ENSG00000164237,ENSG00000112818","GO:CC - extracellular vesicle"
"query_1",TRUE,0.0161311787939508,2135,184,31,0.168478260869565,0.014519906323185,"GO:0065010","GO:CC","extracellular membrane-bounded organelle",22115,2343,"IDA HDA,HDA,HDA,HDA,HDA,HDA,HDA,HDA,HDA,HDA,HDA,HDA,HDA,HDA,HDA,HDA,HDA,HDA,HDA,HDA,HDA,HDA,HDA,HDA,HDA,HDA,HDA,HDA,HDA,HDA,HDA","HSPA8,ATP1A1,PDIA6,A2M,PSAP,GNS,FLNA,ARHGEF12,MGAT5,NDRG1,HYOU1,CPD,APOB,ITGA4,SCARB2,PGM1,CANT1,ANO6,SLC12A2,SELENOP,IL1RN,ATP6V0D2,MAN1A1,TGM2,ALDH1A1,TNIK,ICAM3,CSPG4,KHK,CMBL,MEP1A","HSPA8,ATP1A1,PDIA6,A2M,PSAP,GNS,FLNA,ARHGEF12,MGAT5,NDRG1,HYOU1,CPD,APOB,ITGA4,SCARB2,PGM1,CANT1,ANO6,SLC12A2,SELENOP,IL1RN,ATP6V0D2,MAN1A1,TGM2,ALDH1A1,TNIK,ICAM3,CSPG4,KHK,CMBL,MEP1A","ENSG00000109971,ENSG00000163399,ENSG00000143870,ENSG00000175899,ENSG00000197746,ENSG00000135677,ENSG00000196924,ENSG00000196914,ENSG00000152127,ENSG00000104419,ENSG00000149428,ENSG00000108582,ENSG00000084674,ENSG00000115232,ENSG00000138760,ENSG00000079739,ENSG00000171302,ENSG00000177119,ENSG00000064651,ENSG00000250722,ENSG00000136689,ENSG00000147614,ENSG00000111885,ENSG00000198959,ENSG00000165092,ENSG00000154310,ENSG00000076662,ENSG00000173546,ENSG00000138030,ENSG00000164237,ENSG00000112818","GO:CC - extracellular membrane-bounded organelle"
"query_1",TRUE,0.0161311787939508,2135,184,31,0.168478260869565,0.014519906323185,"GO:0043230","GO:CC","extracellular organelle",22115,1848,"IDA HDA,HDA,HDA,HDA,HDA,HDA,HDA,HDA,HDA,HDA,HDA,HDA,HDA,HDA,HDA,HDA,HDA,HDA,HDA,HDA,HDA,HDA,HDA,HDA,HDA,HDA,HDA,HDA,HDA,HDA,HDA","HSPA8,ATP1A1,PDIA6,A2M,PSAP,GNS,FLNA,ARHGEF12,MGAT5,NDRG1,HYOU1,CPD,APOB,ITGA4,SCARB2,PGM1,CANT1,ANO6,SLC12A2,SELENOP,IL1RN,ATP6V0D2,MAN1A1,TGM2,ALDH1A1,TNIK,ICAM3,CSPG4,KHK,CMBL,MEP1A","HSPA8,ATP1A1,PDIA6,A2M,PSAP,GNS,FLNA,ARHGEF12,MGAT5,NDRG1,HYOU1,CPD,APOB,ITGA4,SCARB2,PGM1,CANT1,ANO6,SLC12A2,SELENOP,IL1RN,ATP6V0D2,MAN1A1,TGM2,ALDH1A1,TNIK,ICAM3,CSPG4,KHK,CMBL,MEP1A","ENSG00000109971,ENSG00000163399,ENSG00000143870,ENSG00000175899,ENSG00000197746,ENSG00000135677,ENSG00000196924,ENSG00000196914,ENSG00000152127,ENSG00000104419,ENSG00000149428,ENSG00000108582,ENSG00000084674,ENSG00000115232,ENSG00000138760,ENSG00000079739,ENSG00000171302,ENSG00000177119,ENSG00000064651,ENSG00000250722,ENSG00000136689,ENSG00000147614,ENSG00000111885,ENSG00000198959,ENSG00000165092,ENSG00000154310,ENSG00000076662,ENSG00000173546,ENSG00000138030,ENSG00000164237,ENSG00000112818","GO:CC - extracellular organelle"
"query_1",TRUE,0.0215747433145033,473,184,11,0.0597826086956522,0.0232558139534884,"GO:0045177","GO:CC","apical part of cell",22115,2102,"IDA IEA,ISS IEA,IEA,IDA IBA IEA,IDA IEA,IDA,ISS IEA,IDA,ISS TAS IEA,IEA,IDA IEA","ATP1A1,SLC31A1,SLC36A1,SLC12A2,ATP6V0D2,TNIK,CFAP126,PLD1,ABCG2,CSPG4,SLC22A4","ATP1A1,SLC31A1,SLC36A1,SLC12A2,ATP6V0D2,TNIK,CFAP126,PLD1,ABCG2,CSPG4,SLC22A4","ENSG00000163399,ENSG00000136868,ENSG00000123643,ENSG00000064651,ENSG00000147614,ENSG00000154310,ENSG00000188931,ENSG00000075651,ENSG00000118777,ENSG00000173546,ENSG00000197208","GO:CC - apical part of cell"
"query_1",TRUE,0.0230720831766114,218,184,7,0.0380434782608696,0.0321100917431193,"GO:0030136","GO:CC","clathrin-coated vesicle",22115,889,"TAS,TAS,TAS,IDA IMP TAS NAS IEA,TAS,IDA,IEA","HSPA8,SYT2,APOB,AP2B1,SCARB2,TBC1D5,SYT11","HSPA8,SYT2,APOB,AP2B1,SCARB2,TBC1D5,SYT11","ENSG00000109971,ENSG00000143858,ENSG00000084674,ENSG00000006125,ENSG00000138760,ENSG00000131374,ENSG00000132718","GO:CC - clathrin-coated vesicle"
"query_1",TRUE,0.0230720831766114,1640,184,25,0.135869565217391,0.0152439024390244,"GO:0005794","GO:CC","Golgi apparatus",22115,346,"ISS,IEA,ISS IBA TAS IEA,ISS IEA,TAS IEA,IDA IEA,TAS,TAS,IDA,IDA IEA,IEA,IEA,ISS IBA IEA,ISS IBA IEA,TAS,IDA ISS IBA IEA,IDA IBA TAS IEA,ISS IEA,IDA,IDA TAS IEA,HDA IEA,TAS IEA,IDA IEA,TAS,TAS","ATP1A1,FLNA,MGAT5,FGD5,NOTCH2,TBC1D14,ARRB1,SCARB2,TBC1D5,CANT1,PTGFRN,ABCA1,GCC1,MMGT1,F8,PDE4DIP,MAN1A1,SYT11,CD2,ACER2,ABCG1,MGAT3,PLD1,CSPG4,SDC3","ATP1A1,FLNA,MGAT5,FGD5,NOTCH2,TBC1D14,ARRB1,SCARB2,TBC1D5,CANT1,PTGFRN,ABCA1,GCC1,MMGT1,F8,PDE4DIP,MAN1A1,SYT11,CD2,ACER2,ABCG1,MGAT3,PLD1,CSPG4,SDC3","ENSG00000163399,ENSG00000196924,ENSG00000152127,ENSG00000154783,ENSG00000134250,ENSG00000132405,ENSG00000137486,ENSG00000138760,ENSG00000131374,ENSG00000171302,ENSG00000134247,ENSG00000165029,ENSG00000179562,ENSG00000169446,ENSG00000185010,ENSG00000178104,ENSG00000111885,ENSG00000132718,ENSG00000116824,ENSG00000177076,ENSG00000160179,ENSG00000128268,ENSG00000075651,ENSG00000173546,ENSG00000162512","GO:CC - Golgi apparatus"
"query_1",TRUE,0.0230720831766114,9,184,2,0.0108695652173913,0.222222222222222,"GO:1990316","GO:CC","Atg1/ULK1 kinase complex",22115,3821,"IDA,IDA","SMCR8,TBC1D5","SMCR8,TBC1D5","ENSG00000176994,ENSG00000131374","GO:CC - Atg1/ULK1 kinase complex"
"query_1",TRUE,0.0241746529016794,33,184,3,0.016304347826087,0.0909090909090909,"GO:0002102","GO:CC","podosome",22115,168,"IDA IEA,ISS IEA,IEA","SH3PXD2A,SH3PXD2B,ARHGEF5","SH3PXD2A,SH3PXD2B,ARHGEF5","ENSG00000107957,ENSG00000174705,ENSG00000050327","GO:CC - podosome"
"query_1",TRUE,0.0285025407360207,118,184,5,0.0271739130434783,0.0423728813559322,"GO:0140534","GO:CC","endoplasmic reticulum protein-containing complex",22115,3506,"ISS,IBA IEA,IDA IMP TAS,IDA IPI IBA,IDA IPI ISS IBA IEA","PDIA6,HYOU1,SEL1L,NBAS,MMGT1","PDIA6,HYOU1,SEL1L,NBAS,MMGT1","ENSG00000143870,ENSG00000149428,ENSG00000071537,ENSG00000151779,ENSG00000169446","GO:CC - endoplasmic reticulum protein-containing complex"
"query_1",TRUE,0.0312609089044545,11,184,2,0.0108695652173913,0.181818181818182,"GO:0030128","GO:CC","clathrin coat of endocytic vesicle",22115,881,"IDA IMP TAS NAS IEA,IDA","AP2B1,TBC1D5","AP2B1,TBC1D5","ENSG00000006125,ENSG00000131374","GO:CC - clathrin coat of endocytic vesicle"
"query_1",TRUE,0.0312609089044545,11,184,2,0.0108695652173913,0.181818181818182,"GO:0030122","GO:CC","AP-2 adaptor complex",22115,875,"IDA IMP TAS NAS IEA,IDA","AP2B1,TBC1D5","AP2B1,TBC1D5","ENSG00000006125,ENSG00000131374","GO:CC - AP-2 adaptor complex"
"query_1",TRUE,0.0312609089044545,11,184,2,0.0108695652173913,0.181818181818182,"GO:0034663","GO:CC","endoplasmic reticulum chaperone complex",22115,1481,"ISS,IBA IEA","PDIA6,HYOU1","PDIA6,HYOU1","ENSG00000143870,ENSG00000149428","GO:CC - endoplasmic reticulum chaperone complex"
"query_1",TRUE,0.0329007236548995,1338,184,21,0.114130434782609,0.015695067264574,"GO:0043005","GO:CC","neuron projection",22115,1812,"IBA,IEA,IBA,IEA,IEA,IMP,IDA,ISS IBA IEA,ISS,IDA ISS IBA IEA,ISS IEA,IBA,IBA,IEA,IEA,IDA IEA,IEA,IBA,IDA ISS IBA IEA,IEA,ISS IEA","HSPA8,ATP1A1,SYT2,FLNA,ITGA4,MUL1,SLC12A2,TENM4,CCR2,SYT11,ALDH1A1,APBA2,GABRA3,SPTA1,TNFRSF21,DGKI,ACVRL1,OPRL1,DAGLA,LYNX1,RGS8","HSPA8,ATP1A1,SYT2,FLNA,ITGA4,MUL1,SLC12A2,TENM4,CCR2,SYT11,ALDH1A1,APBA2,GABRA3,SPTA1,TNFRSF21,DGKI,ACVRL1,OPRL1,DAGLA,LYNX1,RGS8","ENSG00000109971,ENSG00000163399,ENSG00000143858,ENSG00000196924,ENSG00000115232,ENSG00000090432,ENSG00000064651,ENSG00000149256,ENSG00000121807,ENSG00000132718,ENSG00000165092,ENSG00000034053,ENSG00000011677,ENSG00000163554,ENSG00000146072,ENSG00000157680,ENSG00000139567,ENSG00000125510,ENSG00000134780,ENSG00000180155,ENSG00000135824","GO:CC - neuron projection"
"query_1",TRUE,0.0352026047494074,446,184,10,0.0543478260869565,0.0224215246636771,"GO:0005765","GO:CC","lysosomal membrane",22115,321,"IDA ISS TAS IEA,TAS,TAS,TAS,HDA ISS TAS IEA,HDA IEA,TAS,IEA,IDA IBA IEA,HDA","HSPA8,PSAP,AP2B1,ARRB1,SCARB2,SLC36A1,ATP6V0D2,SYT11,GPR137B,PLD1","HSPA8,PSAP,AP2B1,ARRB1,SCARB2,SLC36A1,ATP6V0D2,SYT11,GPR137B,PLD1","ENSG00000109971,ENSG00000197746,ENSG00000006125,ENSG00000137486,ENSG00000138760,ENSG00000123643,ENSG00000147614,ENSG00000132718,ENSG00000077585,ENSG00000075651","GO:CC - lysosomal membrane"
"query_1",TRUE,0.0352026047494074,446,184,10,0.0543478260869565,0.0224215246636771,"GO:0098852","GO:CC","lytic vacuole membrane",22115,3226,"IDA ISS TAS IEA,TAS,TAS,TAS,HDA ISS TAS IEA,HDA IEA,TAS,IEA,IDA IBA IEA,HDA","HSPA8,PSAP,AP2B1,ARRB1,SCARB2,SLC36A1,ATP6V0D2,SYT11,GPR137B,PLD1","HSPA8,PSAP,AP2B1,ARRB1,SCARB2,SLC36A1,ATP6V0D2,SYT11,GPR137B,PLD1","ENSG00000109971,ENSG00000197746,ENSG00000006125,ENSG00000137486,ENSG00000138760,ENSG00000123643,ENSG00000147614,ENSG00000132718,ENSG00000077585,ENSG00000075651","GO:CC - lytic vacuole membrane"
"query_1",TRUE,0.0375401501993697,1271,184,20,0.108695652173913,0.01573564122738,"GO:0098590","GO:CC","plasma membrane region",22115,3158,"IDA ISS IEA,ISS IEA,IEA,IEA,IDA ISS IBA IEA,IEA,IDA IBA TAS IEA,IDA IEA,ISS,IDA,IBA IEA,ISS IEA,IDA,IDA ISS TAS IEA,IEA,IDA IEA,IEA,IDA ISS IBA IEA,IDA IEA,IDA IEA","ATP1A1,SLC31A1,FGD5,SLC36A1,SLC40A1,ABCA1,SLC12A2,ATP6V0D2,SYT11,TNIK,GABRA3,CFAP126,PLD1,ABCG2,DGKI,WWC1,CSPG4,DAGLA,SLC22A4,EHD3","ATP1A1,SLC31A1,FGD5,SLC36A1,SLC40A1,ABCA1,SLC12A2,ATP6V0D2,SYT11,TNIK,GABRA3,CFAP126,PLD1,ABCG2,DGKI,WWC1,CSPG4,DAGLA,SLC22A4,EHD3","ENSG00000163399,ENSG00000136868,ENSG00000154783,ENSG00000123643,ENSG00000138449,ENSG00000165029,ENSG00000064651,ENSG00000147614,ENSG00000132718,ENSG00000154310,ENSG00000011677,ENSG00000188931,ENSG00000075651,ENSG00000118777,ENSG00000157680,ENSG00000113645,ENSG00000173546,ENSG00000134780,ENSG00000197208,ENSG00000013016","GO:CC - plasma membrane region"
"query_1",TRUE,0.0395595552319851,384,184,9,0.0489130434782609,0.0234375,"GO:0009897","GO:CC","external side of plasma membrane",22115,635,"IBA,IDA,IDA IBA IEA,IEA,IBA IEA,IDA IEA,IDA IEA,ISS,IBA","ITGA4,TLR4,CCR5,ABCA1,CCR2,CD2,ABCG1,ABCG2,CCRL2","ITGA4,TLR4,CCR5,ABCA1,CCR2,CD2,ABCG1,ABCG2,CCRL2","ENSG00000115232,ENSG00000136869,ENSG00000160791,ENSG00000165029,ENSG00000121807,ENSG00000116824,ENSG00000160179,ENSG00000118777,ENSG00000121797","GO:CC - external side of plasma membrane"
"query_1",TRUE,0.040308991281547,852,184,15,0.0815217391304348,0.0176056338028169,"GO:0036477","GO:CC","somatodendritic compartment",22115,1688,"IBA,IEA,IDA,IEA,IMP,IDA ISS,ISS,ISS IEA,IBA,IBA,IDA IEA,IEA,IDA ISS IBA IEA,IEA,ISS IEA","HSPA8,FLNA,APOB,ITGA4,MUL1,SLC12A2,CCR2,SYT11,APBA2,GABRA3,DGKI,ACVRL1,DAGLA,LYNX1,RGS8","HSPA8,FLNA,APOB,ITGA4,MUL1,SLC12A2,CCR2,SYT11,APBA2,GABRA3,DGKI,ACVRL1,DAGLA,LYNX1,RGS8","ENSG00000109971,ENSG00000196924,ENSG00000084674,ENSG00000115232,ENSG00000090432,ENSG00000064651,ENSG00000121807,ENSG00000132718,ENSG00000034053,ENSG00000011677,ENSG00000157680,ENSG00000139567,ENSG00000134780,ENSG00000180155,ENSG00000135824","GO:CC - somatodendritic compartment"
"query_1",TRUE,0.0433392182666718,1475,184,22,0.119565217391304,0.0149152542372881,"GO:0045202","GO:CC","synapse",22115,2106,"IBA,IEA,IEA,IBA TAS IEA,IEA,ISS IEA,IEA,IEA,IEA,ISS IBA TAS IEA,ISS,IEA,IBA IEA,IBA IEA,IEA,IBA IEA,IDA IMP,IDA IEA,IDA ISS IBA IEA,IEA,IBA,IEA","HSPA8,ATP1A1,EIF3L,SYT2,FLNA,SMCR8,AP2B1,SLC40A1,EGLN1,SYT11,ALDH1A1,TNIK,CADPS2,APBA2,ABLIM3,GABRA3,PLD1,DGKI,DAGLA,LYNX1,PLCXD3,RGS8","HSPA8,ATP1A1,EIF3L,SYT2,FLNA,SMCR8,AP2B1,SLC40A1,EGLN1,SYT11,ALDH1A1,TNIK,CADPS2,APBA2,ABLIM3,GABRA3,PLD1,DGKI,DAGLA,LYNX1,PLCXD3,RGS8","ENSG00000109971,ENSG00000163399,ENSG00000100129,ENSG00000143858,ENSG00000196924,ENSG00000176994,ENSG00000006125,ENSG00000138449,ENSG00000135766,ENSG00000132718,ENSG00000165092,ENSG00000154310,ENSG00000081803,ENSG00000034053,ENSG00000173210,ENSG00000011677,ENSG00000075651,ENSG00000157680,ENSG00000134780,ENSG00000180155,ENSG00000182836,ENSG00000135824","GO:CC - synapse"
"query_1",TRUE,0.00527466560302123,33,180,5,0.0277777777777778,0.151515151515152,"GO:0019956","GO:MF","chemokine binding",20196,3517,"IPI,IDA,IPI IBA IEA,IBA IEA,IBA","A2M,ITGA4,CCR5,CCR2,CCRL2","A2M,ITGA4,CCR5,CCR2,CCRL2","ENSG00000175899,ENSG00000115232,ENSG00000160791,ENSG00000121807,ENSG00000121797","GO:MF - chemokine binding"
"query_1",TRUE,0.00527466560302123,14865,180,156,0.866666666666667,0.0104944500504541,"GO:0005515","GO:MF","protein binding",20196,1472,"IDA IPI HDA IBA,IPI ISS IEA,IPI IMP IBA NAS IEA,IPI IEA,IPI,IPI IBA,IDA IPI IMP IBA IEA,IDA IPI,IDA IPI,IPI IEA,IPI,IPI IEA,IDA IPI HDA IEA,IPI,IDA IPI IBA IEA,IPI ISS,IPI,IPI IEA,IDA IPI HDA,IPI,IPI ISS,IPI IEA,IPI ISS,IPI IMP IBA,IDA IPI,IPI,IDA IPI IBA TAS IEA,IPI,IPI,IPI,IDA IPI IMP IBA TAS IEA,IPI,IPI IBA,IBA IEA,IPI IEA,IPI IEA,IPI,IPI,IPI IEA,IPI,IPI,IDA IPI,IPI IBA IEA,IPI,IDA IPI IBA TAS IEA,IPI,IPI,IPI,IPI,IPI IEA,IPI,IPI IEA,IEA,IPI IEA,IPI ISS IEA,IPI IEA,IDA IPI ISS IEA,IEA,IPI,IDA IPI IBA,IPI,IPI ISS,IDA IPI IEA,IPI,IDA IPI IBA IEA,IPI,IPI,IDA IPI IEA,IPI IBA,IPI,IPI,IPI,IPI ISS IBA IEA,IPI ISS,IPI,IDA IPI IBA TAS IEA,IPI IEA,IPI,IBA IEA,IDA IPI ISS IBA IEA,IPI ISS,IPI IBA IEA,IPI,IPI ISS IBA IEA,IPI TAS IEA,IPI IBA,IPI,IPI,IPI,IPI,IPI,IPI,ISS IBA,IPI IEA,IPI IBA IEA,IPI,IPI IEA,IPI IEA,IDA IPI IEA,IPI IBA IEA,IPI,IPI,IPI,IPI,IPI,IPI IBA TAS IEA,IPI,IDA IPI IEA,IPI IEA,IPI IEA,IDA IPI IBA,IPI,IPI IBA TAS IEA,IPI IBA IEA,IPI IEA,IPI,IPI,IPI,IPI,IEA,IPI,IPI,IPI,IPI,IDA IPI IBA,IPI,IEA,IPI,IPI,IPI IBA,IPI,IPI IEA,IPI,IPI IBA,IPI,IEA,ISS,IPI IMP IBA IEA,IPI,IPI,IPI,IPI,IPI,IPI IEA,IDA,IDA IPI IEA,IPI,IPI,IPI IBA IEA,IPI IEA,IPI,IPI,IPI IEA,IEA,IPI IBA,IPI","HSPA8,ATP1A1,GPNMB,EIF3L,PDIA6,SYT2,A2M,PSAP,CNOT1,PRKDC,GNS,MRC1,FLNA,SLC31A1,ARHGEF12,FGD5,SMCR8,NOTCH2,NDRG1,CMKLR1,HYOU1,SEL1L,RALGAPA2,APOB,CD93,ASCC3,AP2B1,TBC1D14,CERS6,CSNK1A1,ITGA4,SEC23B,ARRB1,FMN1,SH3PXD2A,SCARB2,TBC1D5,PGM1,TLR4,SLC36A1,PCDHGC3,CANT1,NRIP1,PTGFRN,CCR5,TMEM140,ANTXR2,EMP1,BMP2K,MCM2,CERS2,ANO6,RAB11FIP1,UBASH3B,SH3PXD2B,SLC40A1,MICAL2,WDR7,LMNA,ZNF366,ABCA1,GCC1,EPAS1,NFATC3,NBAS,MUL1,USP37,PLCL2,VGLL4,MMGT1,SLC12A2,UNC119B,TENM4,EGLN1,F8,IL1RN,TNFRSF10C,RAPH1,DNAJC14,CCR2,PDE4DIP,DOCK1,ATP6V0D2,SYT11,HSPB7,NCR3LG1,GPR137B,TGM2,ZNF792,ALDH1A1,TNIK,THTPA,ADGRG6,LRIG1,CD2,TGM5,APBA2,ARHGAP10,ABCG1,ABLIM3,MGAT3,GABRA3,RAB23,TREML2,PLD1,SPTA1,EYA2,ABCG2,TNFRSF21,DGKI,ACVRL1,ALG10,ICAM3,WWC1,ARHGEF5,CSPG4,TMPPE,CD109,LAMB3,LGI2,C1orf21,CSNK2A3,KHK,MTMR8,GPRASP2,DIRAS1,ZBED6,GPR39,CRACD,CCRL2,OPRL1,MEP1A,ZNF460,MAGEA4,SDC3,ANKRD33B,PCDHB8,SYNE3,NR3C2,ARL2BP,DAGLA,MAMDC2,GAS1,LONRF3,LYNX1,PRDM5,SRXN1,PLCXD3,CLIP4,TXLNB,SLC22A4,KLF15,EHD3,CASKIN2,OTUB2,RGS8","HSPA8,ATP1A1,GPNMB,EIF3L,PDIA6,SYT2,A2M,PSAP,CNOT1,PRKDC,GNS,MRC1,FLNA,SLC31A1,ARHGEF12,FGD5,SMCR8,NOTCH2,NDRG1,CMKLR1,HYOU1,SEL1L,RALGAPA2,APOB,CD93,ASCC3,AP2B1,TBC1D14,CERS6,CSNK1A1,ITGA4,SEC23B,ARRB1,FMN1,SH3PXD2A,SCARB2,TBC1D5,PGM1,TLR4,SLC36A1,PCDHGC3,CANT1,NRIP1,PTGFRN,CCR5,TMEM140,ANTXR2,EMP1,BMP2K,MCM2,CERS2,ANO6,RAB11FIP1,UBASH3B,SH3PXD2B,SLC40A1,MICAL2,WDR7,LMNA,ZNF366,ABCA1,GCC1,EPAS1,NFATC3,NBAS,MUL1,USP37,PLCL2,VGLL4,MMGT1,SLC12A2,UNC119B,TENM4,EGLN1,F8,IL1RN,TNFRSF10C,RAPH1,DNAJC14,CCR2,PDE4DIP,DOCK1,ATP6V0D2,SYT11,HSPB7,NCR3LG1,GPR137B,TGM2,ZNF792,ALDH1A1,TNIK,THTPA,ADGRG6,LRIG1,CD2,TGM5,APBA2,ARHGAP10,ABCG1,ABLIM3,MGAT3,GABRA3,RAB23,TREML2,PLD1,SPTA1,EYA2,ABCG2,TNFRSF21,DGKI,ACVRL1,ALG10,ICAM3,WWC1,ARHGEF5,CSPG4,TMPPE,CD109,LAMB3,LGI2,C1orf21,CSNK2A3,KHK,MTMR8,GPRASP2,DIRAS1,ZBED6,GPR39,CRACD,CCRL2,OPRL1,MEP1A,ZNF460,MAGEA4,SDC3,ANKRD33B,PCDHB8,SYNE3,NR3C2,ARL2BP,DAGLA,MAMDC2,GAS1,LONRF3,LYNX1,PRDM5,SRXN1,PLCXD3,CLIP4,TXLNB,SLC22A4,KLF15,EHD3,CASKIN2,OTUB2,RGS8","ENSG00000109971,ENSG00000163399,ENSG00000136235,ENSG00000100129,ENSG00000143870,ENSG00000143858,ENSG00000175899,ENSG00000197746,ENSG00000125107,ENSG00000253729,ENSG00000135677,ENSG00000260314,ENSG00000196924,ENSG00000136868,ENSG00000196914,ENSG00000154783,ENSG00000176994,ENSG00000134250,ENSG00000104419,ENSG00000174600,ENSG00000149428,ENSG00000071537,ENSG00000188559,ENSG00000084674,ENSG00000125810,ENSG00000112249,ENSG00000006125,ENSG00000132405,ENSG00000172292,ENSG00000113712,ENSG00000115232,ENSG00000101310,ENSG00000137486,ENSG00000248905,ENSG00000107957,ENSG00000138760,ENSG00000131374,ENSG00000079739,ENSG00000136869,ENSG00000123643,ENSG00000240184,ENSG00000171302,ENSG00000180530,ENSG00000134247,ENSG00000160791,ENSG00000146859,ENSG00000163297,ENSG00000134531,ENSG00000138756,ENSG00000073111,ENSG00000143418,ENSG00000177119,ENSG00000156675,ENSG00000154127,ENSG00000174705,ENSG00000138449,ENSG00000133816,ENSG00000091157,ENSG00000160789,ENSG00000178175,ENSG00000165029,ENSG00000179562,ENSG00000116016,ENSG00000072736,ENSG00000151779,ENSG00000090432,ENSG00000135913,ENSG00000154822,ENSG00000144560,ENSG00000169446,ENSG00000064651,ENSG00000175970,ENSG00000149256,ENSG00000135766,ENSG00000185010,ENSG00000136689,ENSG00000173535,ENSG00000173166,ENSG00000135392,ENSG00000121807,ENSG00000178104,ENSG00000150760,ENSG00000147614,ENSG00000132718,ENSG00000173641,ENSG00000188211,ENSG00000077585,ENSG00000198959,ENSG00000180884,ENSG00000165092,ENSG00000154310,ENSG00000259431,ENSG00000112414,ENSG00000144749,ENSG00000116824,ENSG00000104055,ENSG00000034053,ENSG00000071205,ENSG00000160179,ENSG00000173210,ENSG00000128268,ENSG00000011677,ENSG00000112210,ENSG00000112195,ENSG00000075651,ENSG00000163554,ENSG00000064655,ENSG00000118777,ENSG00000146072,ENSG00000157680,ENSG00000139567,ENSG00000139133,ENSG00000076662,ENSG00000113645,ENSG00000050327,ENSG00000173546,ENSG00000188167,ENSG00000156535,ENSG00000196878,ENSG00000153012,ENSG00000116667,ENSG00000254598,ENSG00000138030,ENSG00000102043,ENSG00000158301,ENSG00000176490,ENSG00000257315,ENSG00000183840,ENSG00000109265,ENSG00000121797,ENSG00000125510,ENSG00000112818,ENSG00000197714,ENSG00000147381,ENSG00000162512,ENSG00000164236,ENSG00000120322,ENSG00000176438,ENSG00000151623,ENSG00000102931,ENSG00000134780,ENSG00000165072,ENSG00000180447,ENSG00000175556,ENSG00000180155,ENSG00000138738,ENSG00000271303,ENSG00000182836,ENSG00000115295,ENSG00000164440,ENSG00000197208,ENSG00000163884,ENSG00000013016,ENSG00000177303,ENSG00000089723,ENSG00000135824","GO:MF - protein binding"
"query_1",TRUE,0.00533818670063234,495,180,15,0.0833333333333333,0.0303030303030303,"GO:0030695","GO:MF","GTPase regulator activity",20196,3763,"IBA TAS IEA,ISS TAS IEA,IDA IEA,ISS IBA IEA,IBA IEA,IBA,IMP,IBA IEA,IDA TAS IEA,TAS,IBA TAS IEA,IEA,IDA TAS IEA,TAS,IDA IEA","ARHGEF12,FGD5,SMCR8,RALGAPA2,TBC1D14,SEC23B,ARRB1,TBC1D5,DOCK1,ALDH1A1,ARHGAP10,DGKI,ARHGEF5,ARL2BP,RGS8","ARHGEF12,FGD5,SMCR8,RALGAPA2,TBC1D14,SEC23B,ARRB1,TBC1D5,DOCK1,ALDH1A1,ARHGAP10,DGKI,ARHGEF5,ARL2BP,RGS8","ENSG00000196914,ENSG00000154783,ENSG00000176994,ENSG00000188559,ENSG00000132405,ENSG00000101310,ENSG00000137486,ENSG00000131374,ENSG00000150760,ENSG00000165092,ENSG00000071205,ENSG00000157680,ENSG00000050327,ENSG00000102931,ENSG00000135824","GO:MF - GTPase regulator activity"
"query_1",TRUE,0.00533818670063234,495,180,15,0.0833333333333333,0.0303030303030303,"GO:0060589","GO:MF","nucleoside-triphosphatase regulator activity",20196,7806,"IBA TAS IEA,ISS TAS IEA,IDA IEA,ISS IBA IEA,IBA IEA,IBA,IMP,IBA IEA,IDA TAS IEA,TAS,IBA TAS IEA,IEA,IDA TAS IEA,TAS,IDA IEA","ARHGEF12,FGD5,SMCR8,RALGAPA2,TBC1D14,SEC23B,ARRB1,TBC1D5,DOCK1,ALDH1A1,ARHGAP10,DGKI,ARHGEF5,ARL2BP,RGS8","ARHGEF12,FGD5,SMCR8,RALGAPA2,TBC1D14,SEC23B,ARRB1,TBC1D5,DOCK1,ALDH1A1,ARHGAP10,DGKI,ARHGEF5,ARL2BP,RGS8","ENSG00000196914,ENSG00000154783,ENSG00000176994,ENSG00000188559,ENSG00000132405,ENSG00000101310,ENSG00000137486,ENSG00000131374,ENSG00000150760,ENSG00000165092,ENSG00000071205,ENSG00000157680,ENSG00000050327,ENSG00000102931,ENSG00000135824","GO:MF - nucleoside-triphosphatase regulator activity"
"query_1",TRUE,0.00533818670063234,273,180,11,0.0611111111111111,0.0402930402930403,"GO:0005096","GO:MF","GTPase activator activity",20196,1257,"IEA,IEA,ISS IBA IEA,IBA IEA,IBA,IMP,IBA IEA,TAS,TAS,IBA TAS IEA,IDA IEA","ARHGEF12,SMCR8,RALGAPA2,TBC1D14,SEC23B,ARRB1,TBC1D5,DOCK1,ALDH1A1,ARHGAP10,RGS8","ARHGEF12,SMCR8,RALGAPA2,TBC1D14,SEC23B,ARRB1,TBC1D5,DOCK1,ALDH1A1,ARHGAP10,RGS8","ENSG00000196914,ENSG00000176994,ENSG00000188559,ENSG00000132405,ENSG00000101310,ENSG00000137486,ENSG00000131374,ENSG00000150760,ENSG00000165092,ENSG00000071205,ENSG00000135824","GO:MF - GTPase activator activity"
"query_1",TRUE,0.0054534584461783,145,180,8,0.0444444444444444,0.0551724137931034,"GO:0019955","GO:MF","cytokine binding",20196,3516,"IDA IPI,IDA,IPI IBA IEA,IDA IBA TAS,IBA IEA,IPI,IPI,IBA","A2M,ITGA4,CCR5,IL1RN,CCR2,ACVRL1,CD109,CCRL2","A2M,ITGA4,CCR5,IL1RN,CCR2,ACVRL1,CD109,CCRL2","ENSG00000175899,ENSG00000115232,ENSG00000160791,ENSG00000136689,ENSG00000121807,ENSG00000139567,ENSG00000156535,ENSG00000121797","GO:MF - cytokine binding"
"query_1",TRUE,0.0066620338364942,26,180,4,0.0222222222222222,0.153846153846154,"GO:0001637","GO:MF","G protein-coupled chemoattractant receptor activity",20196,222,"TAS,IDA IBA TAS NAS IEA,IBA TAS IEA,IBA TAS IEA","CMKLR1,CCR5,CCR2,CCRL2","CMKLR1,CCR5,CCR2,CCRL2","ENSG00000174600,ENSG00000160791,ENSG00000121807,ENSG00000121797","GO:MF - G protein-coupled chemoattractant receptor activity"
"query_1",TRUE,0.0066620338364942,26,180,4,0.0222222222222222,0.153846153846154,"GO:0004950","GO:MF","chemokine receptor activity",20196,1171,"TAS,IDA IBA TAS NAS IEA,IBA TAS IEA,IBA TAS IEA","CMKLR1,CCR5,CCR2,CCRL2","CMKLR1,CCR5,CCR2,CCRL2","ENSG00000174600,ENSG00000160791,ENSG00000121807,ENSG00000121797","GO:MF - chemokine receptor activity"
"query_1",TRUE,0.00694599259580206,6357,180,81,0.45,0.0127418593676262,"GO:0036094","GO:MF","small molecule binding",20196,4932,"IDA IEA,ISS IEA,ISS IBA IEA,IDA,IEA,IEA,TAS IEA,IDA,IDA,IEA,IEA,IEA,IEA,IEA,IEA,IEA,IEA,IEA,IEA,ISS IEA,IDA IEA,IEA,IDA IEA,IEA,IEA,IEA,IEA,ISS,IEA,IEA,IEA,ISS IEA,IEA,IDA IC IEA,IEA,IEA,IDA IBA IEA,IBA TAS IEA,IEA,IEA,TAS IEA,IBA IEA,IEA,IEA,IEA,IDA IEA,IEA,ISS IEA,IEA,ISS IBA IEA,IEA,IEA,IEA,IEA,IDA IC IEA,IEA,IEA,IEA,IDA IEA,IEA,IEA,IDA IEA,TAS,IEA,IEA,IEA,IDA IBA IEA,IEA,IEA,IEA,IEA,ISS IEA,IEA,IEA,IEA,IEA,IEA,IEA,IEA,IEA,IDA","HSPA8,ATP1A1,SYT2,PSAP,PRKDC,GNS,MRC1,SLC31A1,MGAT5,FGD5,NOTCH2,HYOU1,CPD,CD93,ASCC3,CSNK1A1,ITGA4,SEC23B,SH3PXD2A,SCARB2,PGM1,PCDHGC3,CANT1,ANTXR2,BMP2K,MCM2,ANO6,SH3PXD2B,SLC40A1,CYP51A1,ZNF770,MICAL2,ZNF366,ABCA1,MUL1,PLCL2,EGLN1,SELENOP,F8,PDE4DIP,MAN1A1,SYT11,PCDHGA10,PCDHGB6,ZNF551,TGM2,ZNF792,ALDH1A1,TNIK,THTPA,CADPS2,PCDHGB7,TGM5,ACER2,ABCG1,ABLIM3,RAB23,SPTA1,EYA2,ABCG2,DGKI,ACVRL1,ARHGEF5,TMPPE,CSNK2A3,KHK,DIRAS1,ZBED6,GPR39,MEP1A,ZNF460,PCDHB8,NR3C2,DAGLA,LONRF3,PRDM5,SRXN1,SLC22A4,KLF15,EHD3,GLUD2","HSPA8,ATP1A1,SYT2,PSAP,PRKDC,GNS,MRC1,SLC31A1,MGAT5,FGD5,NOTCH2,HYOU1,CPD,CD93,ASCC3,CSNK1A1,ITGA4,SEC23B,SH3PXD2A,SCARB2,PGM1,PCDHGC3,CANT1,ANTXR2,BMP2K,MCM2,ANO6,SH3PXD2B,SLC40A1,CYP51A1,ZNF770,MICAL2,ZNF366,ABCA1,MUL1,PLCL2,EGLN1,SELENOP,F8,PDE4DIP,MAN1A1,SYT11,PCDHGA10,PCDHGB6,ZNF551,TGM2,ZNF792,ALDH1A1,TNIK,THTPA,CADPS2,PCDHGB7,TGM5,ACER2,ABCG1,ABLIM3,RAB23,SPTA1,EYA2,ABCG2,DGKI,ACVRL1,ARHGEF5,TMPPE,CSNK2A3,KHK,DIRAS1,ZBED6,GPR39,MEP1A,ZNF460,PCDHB8,NR3C2,DAGLA,LONRF3,PRDM5,SRXN1,SLC22A4,KLF15,EHD3,GLUD2","ENSG00000109971,ENSG00000163399,ENSG00000143858,ENSG00000197746,ENSG00000253729,ENSG00000135677,ENSG00000260314,ENSG00000136868,ENSG00000152127,ENSG00000154783,ENSG00000134250,ENSG00000149428,ENSG00000108582,ENSG00000125810,ENSG00000112249,ENSG00000113712,ENSG00000115232,ENSG00000101310,ENSG00000107957,ENSG00000138760,ENSG00000079739,ENSG00000240184,ENSG00000171302,ENSG00000163297,ENSG00000138756,ENSG00000073111,ENSG00000177119,ENSG00000174705,ENSG00000138449,ENSG00000001630,ENSG00000198146,ENSG00000133816,ENSG00000178175,ENSG00000165029,ENSG00000090432,ENSG00000154822,ENSG00000135766,ENSG00000250722,ENSG00000185010,ENSG00000178104,ENSG00000111885,ENSG00000132718,ENSG00000253846,ENSG00000253305,ENSG00000204519,ENSG00000198959,ENSG00000180884,ENSG00000165092,ENSG00000154310,ENSG00000259431,ENSG00000081803,ENSG00000254122,ENSG00000104055,ENSG00000177076,ENSG00000160179,ENSG00000173210,ENSG00000112210,ENSG00000163554,ENSG00000064655,ENSG00000118777,ENSG00000157680,ENSG00000139567,ENSG00000050327,ENSG00000188167,ENSG00000254598,ENSG00000138030,ENSG00000176490,ENSG00000257315,ENSG00000183840,ENSG00000112818,ENSG00000197714,ENSG00000120322,ENSG00000151623,ENSG00000134780,ENSG00000175556,ENSG00000138738,ENSG00000271303,ENSG00000197208,ENSG00000163884,ENSG00000013016,ENSG00000182890","GO:MF - small molecule binding"
"query_1",TRUE,0.0115154626981915,6153,180,78,0.433333333333333,0.0126767430521697,"GO:0043167","GO:MF","ion binding",20196,5248,"IDA IEA,ISS IEA,ISS IBA IEA,IDA,IEA,IEA,IDA,IDA,IEA,IEA,IEA,IEA,IEA,IEA,IEA,IEA,IEA,IEA,ISS IEA,IDA IEA,IEA,IDA IEA,IEA,IEA,IEA,IEA,ISS,IEA,IEA,IEA,ISS IEA,IEA,IDA IEA,IEA,IEA,IDA IBA IEA,IEA,IEA,TAS IEA,IBA IEA,IEA,IEA,IEA,IDA IEA,IEA,IEA,ISS IBA IEA,IEA,IEA,IEA,IEA,IDA IEA,IEA,IEA,IEA,IDA IEA,IEA,IEA,IDA IEA,TAS,IEA,IEA,IEA,IDA IBA IEA,IEA,IEA,IEA,IEA,ISS IEA,IEA,IEA,IEA,IEA,IEA,IEA,IEA,IEA,IDA","HSPA8,ATP1A1,SYT2,PSAP,PRKDC,GNS,SLC31A1,MGAT5,FGD5,NOTCH2,HYOU1,CPD,CD93,ASCC3,CSNK1A1,ITGA4,SEC23B,SH3PXD2A,SCARB2,PGM1,PCDHGC3,CANT1,ANTXR2,BMP2K,MCM2,ANO6,SH3PXD2B,SLC40A1,CYP51A1,ZNF770,MICAL2,ZNF366,ABCA1,MUL1,PLCL2,EGLN1,F8,PDE4DIP,MAN1A1,SYT11,PCDHGA10,PCDHGB6,ZNF551,TGM2,ZNF792,TNIK,THTPA,CADPS2,PCDHGB7,TGM5,ACER2,ABCG1,ABLIM3,RAB23,SPTA1,EYA2,ABCG2,DGKI,ACVRL1,ARHGEF5,TMPPE,CSNK2A3,KHK,DIRAS1,ZBED6,GPR39,MEP1A,ZNF460,PCDHB8,NR3C2,DAGLA,LONRF3,PRDM5,SRXN1,SLC22A4,KLF15,EHD3,GLUD2","HSPA8,ATP1A1,SYT2,PSAP,PRKDC,GNS,SLC31A1,MGAT5,FGD5,NOTCH2,HYOU1,CPD,CD93,ASCC3,CSNK1A1,ITGA4,SEC23B,SH3PXD2A,SCARB2,PGM1,PCDHGC3,CANT1,ANTXR2,BMP2K,MCM2,ANO6,SH3PXD2B,SLC40A1,CYP51A1,ZNF770,MICAL2,ZNF366,ABCA1,MUL1,PLCL2,EGLN1,F8,PDE4DIP,MAN1A1,SYT11,PCDHGA10,PCDHGB6,ZNF551,TGM2,ZNF792,TNIK,THTPA,CADPS2,PCDHGB7,TGM5,ACER2,ABCG1,ABLIM3,RAB23,SPTA1,EYA2,ABCG2,DGKI,ACVRL1,ARHGEF5,TMPPE,CSNK2A3,KHK,DIRAS1,ZBED6,GPR39,MEP1A,ZNF460,PCDHB8,NR3C2,DAGLA,LONRF3,PRDM5,SRXN1,SLC22A4,KLF15,EHD3,GLUD2","ENSG00000109971,ENSG00000163399,ENSG00000143858,ENSG00000197746,ENSG00000253729,ENSG00000135677,ENSG00000136868,ENSG00000152127,ENSG00000154783,ENSG00000134250,ENSG00000149428,ENSG00000108582,ENSG00000125810,ENSG00000112249,ENSG00000113712,ENSG00000115232,ENSG00000101310,ENSG00000107957,ENSG00000138760,ENSG00000079739,ENSG00000240184,ENSG00000171302,ENSG00000163297,ENSG00000138756,ENSG00000073111,ENSG00000177119,ENSG00000174705,ENSG00000138449,ENSG00000001630,ENSG00000198146,ENSG00000133816,ENSG00000178175,ENSG00000165029,ENSG00000090432,ENSG00000154822,ENSG00000135766,ENSG00000185010,ENSG00000178104,ENSG00000111885,ENSG00000132718,ENSG00000253846,ENSG00000253305,ENSG00000204519,ENSG00000198959,ENSG00000180884,ENSG00000154310,ENSG00000259431,ENSG00000081803,ENSG00000254122,ENSG00000104055,ENSG00000177076,ENSG00000160179,ENSG00000173210,ENSG00000112210,ENSG00000163554,ENSG00000064655,ENSG00000118777,ENSG00000157680,ENSG00000139567,ENSG00000050327,ENSG00000188167,ENSG00000254598,ENSG00000138030,ENSG00000176490,ENSG00000257315,ENSG00000183840,ENSG00000112818,ENSG00000197714,ENSG00000120322,ENSG00000151623,ENSG00000134780,ENSG00000175556,ENSG00000138738,ENSG00000271303,ENSG00000197208,ENSG00000163884,ENSG00000013016,ENSG00000182890","GO:MF - ion binding"
"query_1",TRUE,0.0119152954613631,133,180,7,0.0388888888888889,0.0526315789473684,"GO:0016298","GO:MF","lipase activity",20196,2714,"IDA IBA IEA,IDA IMP IBA TAS IEA,IDA,TAS,IEA,IDA IBA TAS IEA,IBA TAS IEA","ABHD2,LIPA,PLA2G7,CCR5,PLCL2,PLD1,DAGLA","ABHD2,LIPA,PLA2G7,CCR5,PLCL2,PLD1,DAGLA","ENSG00000140526,ENSG00000107798,ENSG00000146070,ENSG00000160791,ENSG00000154822,ENSG00000075651,ENSG00000134780","GO:MF - lipase activity"
"query_1",TRUE,0.0120417405395637,848,180,19,0.105555555555556,0.0224056603773585,"GO:0008289","GO:MF","lipid binding",20196,1623,"IDA,ISS IBA,IDA,IDA,IDA,IEA,ISS IEA,IMP IBA NAS,IEA,ISS IEA,IDA IC,IDA IBA IEA,IBA,IEA,IC,IEA,IEA,IEA,ISS","ATP1A1,SYT2,PSAP,PLA2G7,APOB,SH3PXD2A,SCARB2,TLR4,SNX29,SH3PXD2B,ABCA1,UNC119B,SYT11,CADPS2,ABCG1,PLD1,ARHGEF5,NR3C2,GAS1","ATP1A1,SYT2,PSAP,PLA2G7,APOB,SH3PXD2A,SCARB2,TLR4,SNX29,SH3PXD2B,ABCA1,UNC119B,SYT11,CADPS2,ABCG1,PLD1,ARHGEF5,NR3C2,GAS1","ENSG00000163399,ENSG00000143858,ENSG00000197746,ENSG00000146070,ENSG00000084674,ENSG00000107957,ENSG00000138760,ENSG00000136869,ENSG00000048471,ENSG00000174705,ENSG00000165029,ENSG00000175970,ENSG00000132718,ENSG00000081803,ENSG00000160179,ENSG00000075651,ENSG00000050327,ENSG00000151623,ENSG00000180447","GO:MF - lipid binding"
"query_1",TRUE,0.0214981047748191,108,180,6,0.0333333333333333,0.0555555555555556,"GO:0005496","GO:MF","steroid binding",20196,1461,"IDA,ISS IEA,IC,IC,IEA,ISS","ATP1A1,SCARB2,ABCA1,ABCG1,NR3C2,GAS1","ATP1A1,SCARB2,ABCA1,ABCG1,NR3C2,GAS1","ENSG00000163399,ENSG00000138760,ENSG00000165029,ENSG00000160179,ENSG00000151623,ENSG00000180447","GO:MF - steroid binding"
"query_1",TRUE,0.0214981047748191,2105,180,34,0.188888888888889,0.0161520190023753,"GO:0019899","GO:MF","enzyme binding",20196,3505,"IPI,IPI IBA,IPI,IEA,IDA IPI IEA,ISS,IPI,IEA,IDA,IPI,IPI,IPI,IEA,IPI IEA,IEA,IEA,IEA,IEA,ISS IEA,IPI,ISS,IPI,IPI,IPI,ISS,ISS,IBA,IPI,IEA,IEA,IPI,IPI IBA,IPI,IBA","HSPA8,A2M,PSAP,PRKDC,FLNA,FGD5,SMCR8,NOTCH2,NDRG1,APOB,TBC1D14,ARRB1,SH3PXD2A,SCARB2,NRIP1,MCM2,RAB11FIP1,UBASH3B,MICAL2,ABCA1,GCC1,MUL1,USP37,SLC12A2,EGLN1,PDE4DIP,DOCK1,SYT11,CD2,DGKI,ACVRL1,WWC1,CSPG4,MAGEA4","HSPA8,A2M,PSAP,PRKDC,FLNA,FGD5,SMCR8,NOTCH2,NDRG1,APOB,TBC1D14,ARRB1,SH3PXD2A,SCARB2,NRIP1,MCM2,RAB11FIP1,UBASH3B,MICAL2,ABCA1,GCC1,MUL1,USP37,SLC12A2,EGLN1,PDE4DIP,DOCK1,SYT11,CD2,DGKI,ACVRL1,WWC1,CSPG4,MAGEA4","ENSG00000109971,ENSG00000175899,ENSG00000197746,ENSG00000253729,ENSG00000196924,ENSG00000154783,ENSG00000176994,ENSG00000134250,ENSG00000104419,ENSG00000084674,ENSG00000132405,ENSG00000137486,ENSG00000107957,ENSG00000138760,ENSG00000180530,ENSG00000073111,ENSG00000156675,ENSG00000154127,ENSG00000133816,ENSG00000165029,ENSG00000179562,ENSG00000090432,ENSG00000135913,ENSG00000064651,ENSG00000135766,ENSG00000178104,ENSG00000150760,ENSG00000132718,ENSG00000116824,ENSG00000157680,ENSG00000139567,ENSG00000113645,ENSG00000173546,ENSG00000147381","GO:MF - enzyme binding"
"query_1",TRUE,0.0238754788275119,2476,180,38,0.211111111111111,0.0153473344103393,"GO:0016787","GO:MF","hydrolase activity",20196,2930,"IBA TAS NAS IEA,IEA,IDA,IDA IBA IEA,IDA IBA TAS IEA,IDA IMP IBA TAS IEA,IBA TAS IEA,IDA IBA TAS IEA,IDA IEA,IEA,IDA IBA IEA,TAS,IEA,IBA IEA,IEA,IDA IBA TAS IEA,IEA,IMP IBA TAS IEA,IDA IEA,IDA IBA TAS IEA,TAS,IDA TAS IEA,IEA,IDA IBA IEA,IDA IBA TAS IEA,IDA IBA IEA,IEA,IEA,IDA IBA IEA,IEA,IDA IBA IEA,TAS IEA,IDA IBA IEA,IBA TAS IEA,IBA IEA,IBA NAS IEA,IDA IMP IBA IEA,TAS IEA","HSPA8,ATP1A1,CNOT1,ABHD2,GNS,LIPA,CPD,PLA2G7,ASCC3,TLR4,CANT1,CCR5,MCM2,UBASH3B,ABCA1,USP37,PLCL2,MAN1A1,TGM2,THTPA,ADGRG6,ACER2,ABCG1,RAB23,PLD1,EYA2,ABCG2,TMPPE,MTMR8,MYORG,DIRAS1,CMBL,MEP1A,DAGLA,PLCXD3,PRSS16,OTUB2,RGS8","HSPA8,ATP1A1,CNOT1,ABHD2,GNS,LIPA,CPD,PLA2G7,ASCC3,TLR4,CANT1,CCR5,MCM2,UBASH3B,ABCA1,USP37,PLCL2,MAN1A1,TGM2,THTPA,ADGRG6,ACER2,ABCG1,RAB23,PLD1,EYA2,ABCG2,TMPPE,MTMR8,MYORG,DIRAS1,CMBL,MEP1A,DAGLA,PLCXD3,PRSS16,OTUB2,RGS8","ENSG00000109971,ENSG00000163399,ENSG00000125107,ENSG00000140526,ENSG00000135677,ENSG00000107798,ENSG00000108582,ENSG00000146070,ENSG00000112249,ENSG00000136869,ENSG00000171302,ENSG00000160791,ENSG00000073111,ENSG00000154127,ENSG00000165029,ENSG00000135913,ENSG00000154822,ENSG00000111885,ENSG00000198959,ENSG00000259431,ENSG00000112414,ENSG00000177076,ENSG00000160179,ENSG00000112210,ENSG00000075651,ENSG00000064655,ENSG00000118777,ENSG00000188167,ENSG00000102043,ENSG00000164976,ENSG00000176490,ENSG00000164237,ENSG00000112818,ENSG00000134780,ENSG00000182836,ENSG00000112812,ENSG00000089723,ENSG00000135824","GO:MF - hydrolase activity"
"query_1",TRUE,0.0375555764353823,23,180,3,0.0166666666666667,0.130434782608696,"GO:0120020","GO:MF","cholesterol transfer activity",20196,9227,"IMP IBA,IDA IEA,IDA","APOB,ABCA1,ABCG1","APOB,ABCA1,ABCG1","ENSG00000084674,ENSG00000165029,ENSG00000160179","GO:MF - cholesterol transfer activity"
"query_1",TRUE,0.0375555764353823,4474,180,58,0.322222222222222,0.0129637907912383,"GO:0043169","GO:MF","cation binding",20196,5250,"ISS IEA,IBA IEA,IEA,IDA,IDA,IEA,IEA,IEA,IEA,IEA,IEA,ISS IEA,IDA IEA,IEA,IDA IEA,IEA,IEA,IEA,IEA,IEA,IEA,IEA,IEA,IDA,IEA,IDA IBA IEA,IEA,IEA,TAS IEA,IBA IEA,IEA,IEA,IEA,IDA IEA,IEA,ISS IBA IEA,IEA,IEA,IEA,IEA,IEA,IEA,IDA IEA,IEA,IEA,IEA,IEA,IEA,IEA,IEA,ISS IEA,IEA,IEA,IEA,IEA,IEA,IEA,IDA","ATP1A1,SYT2,GNS,SLC31A1,MGAT5,FGD5,NOTCH2,CPD,CD93,ITGA4,SEC23B,SCARB2,PGM1,PCDHGC3,CANT1,ANTXR2,MCM2,ANO6,SLC40A1,CYP51A1,ZNF770,MICAL2,ZNF366,ABCA1,MUL1,EGLN1,F8,PDE4DIP,MAN1A1,SYT11,PCDHGA10,PCDHGB6,ZNF551,TGM2,ZNF792,THTPA,CADPS2,PCDHGB7,TGM5,ACER2,ABLIM3,SPTA1,EYA2,DGKI,ACVRL1,TMPPE,ZBED6,GPR39,MEP1A,ZNF460,PCDHB8,NR3C2,DAGLA,LONRF3,PRDM5,KLF15,EHD3,GLUD2","ATP1A1,SYT2,GNS,SLC31A1,MGAT5,FGD5,NOTCH2,CPD,CD93,ITGA4,SEC23B,SCARB2,PGM1,PCDHGC3,CANT1,ANTXR2,MCM2,ANO6,SLC40A1,CYP51A1,ZNF770,MICAL2,ZNF366,ABCA1,MUL1,EGLN1,F8,PDE4DIP,MAN1A1,SYT11,PCDHGA10,PCDHGB6,ZNF551,TGM2,ZNF792,THTPA,CADPS2,PCDHGB7,TGM5,ACER2,ABLIM3,SPTA1,EYA2,DGKI,ACVRL1,TMPPE,ZBED6,GPR39,MEP1A,ZNF460,PCDHB8,NR3C2,DAGLA,LONRF3,PRDM5,KLF15,EHD3,GLUD2","ENSG00000163399,ENSG00000143858,ENSG00000135677,ENSG00000136868,ENSG00000152127,ENSG00000154783,ENSG00000134250,ENSG00000108582,ENSG00000125810,ENSG00000115232,ENSG00000101310,ENSG00000138760,ENSG00000079739,ENSG00000240184,ENSG00000171302,ENSG00000163297,ENSG00000073111,ENSG00000177119,ENSG00000138449,ENSG00000001630,ENSG00000198146,ENSG00000133816,ENSG00000178175,ENSG00000165029,ENSG00000090432,ENSG00000135766,ENSG00000185010,ENSG00000178104,ENSG00000111885,ENSG00000132718,ENSG00000253846,ENSG00000253305,ENSG00000204519,ENSG00000198959,ENSG00000180884,ENSG00000259431,ENSG00000081803,ENSG00000254122,ENSG00000104055,ENSG00000177076,ENSG00000173210,ENSG00000163554,ENSG00000064655,ENSG00000157680,ENSG00000139567,ENSG00000188167,ENSG00000257315,ENSG00000183840,ENSG00000112818,ENSG00000197714,ENSG00000120322,ENSG00000151623,ENSG00000134780,ENSG00000175556,ENSG00000138738,ENSG00000163884,ENSG00000013016,ENSG00000182890","GO:MF - cation binding"
"query_1",TRUE,0.0375555764353823,90,180,5,0.0277777777777778,0.0555555555555556,"GO:0043178","GO:MF","alcohol binding",20196,5254,"ISS,ISS IEA,IC,IEA,IC","SYT2,SCARB2,ABCA1,PLCL2,ABCG1","SYT2,SCARB2,ABCA1,PLCL2,ABCG1","ENSG00000143858,ENSG00000138760,ENSG00000165029,ENSG00000154822,ENSG00000160179","GO:MF - alcohol binding"
"query_1",TRUE,0.0375555764353823,24,180,3,0.0166666666666667,0.125,"GO:0120015","GO:MF","sterol transfer activity",20196,9223,"IMP IBA,IDA IEA,IDA","APOB,ABCA1,ABCG1","APOB,ABCA1,ABCG1","ENSG00000084674,ENSG00000165029,ENSG00000160179","GO:MF - sterol transfer activity"
"query_1",TRUE,0.0375555764353823,24,180,3,0.0166666666666667,0.125,"GO:0019957","GO:MF","C-C chemokine binding",20196,3518,"IPI IBA IEA,IBA IEA,IBA","CCR5,CCR2,CCRL2","CCR5,CCR2,CCRL2","ENSG00000160791,ENSG00000121807,ENSG00000121797","GO:MF - C-C chemokine binding"
"query_1",TRUE,0.0375555764353823,593,180,14,0.0777777777777778,0.0236087689713322,"GO:0008047","GO:MF","enzyme activator activity",20196,1512,"TAS,IEA,IEA,ISS IBA IEA,IBA IEA,IBA,IMP,IBA,IBA IEA,IBA,TAS,TAS,IBA TAS IEA,IDA IEA","PSAP,ARHGEF12,SMCR8,RALGAPA2,TBC1D14,SEC23B,ARRB1,SH3PXD2A,TBC1D5,SH3PXD2B,DOCK1,ALDH1A1,ARHGAP10,RGS8","PSAP,ARHGEF12,SMCR8,RALGAPA2,TBC1D14,SEC23B,ARRB1,SH3PXD2A,TBC1D5,SH3PXD2B,DOCK1,ALDH1A1,ARHGAP10,RGS8","ENSG00000197746,ENSG00000196914,ENSG00000176994,ENSG00000188559,ENSG00000132405,ENSG00000101310,ENSG00000137486,ENSG00000107957,ENSG00000131374,ENSG00000174705,ENSG00000150760,ENSG00000165092,ENSG00000071205,ENSG00000135824","GO:MF - enzyme activator activity"
"query_1",TRUE,0.0375555764353823,23,180,3,0.0166666666666667,0.130434782608696,"GO:0016493","GO:MF","C-C chemokine receptor activity",20196,2766,"IDA IBA NAS IEA,IBA IEA,IBA","CCR5,CCR2,CCRL2","CCR5,CCR2,CCRL2","ENSG00000160791,ENSG00000121807,ENSG00000121797","GO:MF - C-C chemokine receptor activity"
"query_1",TRUE,0.0375555764353823,6,180,2,0.0111111111111111,0.333333333333333,"GO:0015093","GO:MF","ferrous iron transmembrane transporter activity",20196,2275,"ISS IEA,IEA","SLC40A1,MMGT1","SLC40A1,MMGT1","ENSG00000138449,ENSG00000169446","GO:MF - ferrous iron transmembrane transporter activity"
"query_1",TRUE,0.0391215415220516,484,180,12,0.0666666666666667,0.0247933884297521,"GO:0005543","GO:MF","phospholipid binding",20196,1490,"ISS IBA,IDA,IDA,IDA,IEA,ISS IEA,IEA,ISS IEA,IDA,IBA,IC,IEA","SYT2,PSAP,PLA2G7,APOB,SH3PXD2A,SCARB2,SNX29,SH3PXD2B,ABCA1,SYT11,ABCG1,PLD1","SYT2,PSAP,PLA2G7,APOB,SH3PXD2A,SCARB2,SNX29,SH3PXD2B,ABCA1,SYT11,ABCG1,PLD1","ENSG00000143858,ENSG00000197746,ENSG00000146070,ENSG00000084674,ENSG00000107957,ENSG00000138760,ENSG00000048471,ENSG00000174705,ENSG00000165029,ENSG00000132718,ENSG00000160179,ENSG00000075651","GO:MF - phospholipid binding"
"query_1",TRUE,0.0399923463191861,93,180,5,0.0277777777777778,0.0537634408602151,"GO:0042562","GO:MF","hormone binding",20196,5147,"IDA,IDA,IDA,IPI IBA IEA,TAS","ATP1A1,ABHD2,CMKLR1,SLC40A1,ALDH1A1","ATP1A1,ABHD2,CMKLR1,SLC40A1,ALDH1A1","ENSG00000163399,ENSG00000140526,ENSG00000174600,ENSG00000138449,ENSG00000165092","GO:MF - hormone binding"
"query_1",TRUE,0.0421919389502598,7,180,2,0.0111111111111111,0.285714285714286,"GO:0050291","GO:MF","sphingosine N-acyltransferase activity",20196,7038,"IDA IBA TAS IEA,IDA IBA TAS IEA","CERS6,CERS2","CERS6,CERS2","ENSG00000172292,ENSG00000143418","GO:MF - sphingosine N-acyltransferase activity"
"query_1",TRUE,0.0484696363384637,8,180,2,0.0111111111111111,0.25,"GO:0016176","GO:MF","superoxide-generating NADPH oxidase activator activity",20196,2681,"IBA,IBA","SH3PXD2A,SH3PXD2B","SH3PXD2A,SH3PXD2B","ENSG00000107957,ENSG00000174705","GO:MF - superoxide-generating NADPH oxidase activator activity"
"query_1",TRUE,0.0484696363384637,8,180,2,0.0111111111111111,0.25,"GO:0035612","GO:MF","AP-2 adaptor complex binding",20196,4884,"IDA,IBA","TBC1D5,BMP2K","TBC1D5,BMP2K","ENSG00000131374,ENSG00000138756","GO:MF - AP-2 adaptor complex binding"
"query_1",TRUE,0.0484696363384637,100,180,5,0.0277777777777778,0.05,"GO:0042626","GO:MF","ATPase-coupled transmembrane transporter activity",20196,5159,"IDA IGI ISS IBA TAS IEA,IBA IEA,IEA,IDA IBA IEA,IDA IMP IBA IEA","ATP1A1,ABCA1,ATP6V0D2,ABCG1,ABCG2","ATP1A1,ABCA1,ATP6V0D2,ABCG1,ABCG2","ENSG00000163399,ENSG00000165029,ENSG00000147614,ENSG00000160179,ENSG00000118777","GO:MF - ATPase-coupled transmembrane transporter activity"
"query_1",TRUE,0.0484696363384637,8,180,2,0.0111111111111111,0.25,"GO:0090554","GO:MF","phosphatidylcholine floppase activity",20196,8400,"IDA IMP IBA IEA,IDA","ABCA1,ABCG1","ABCA1,ABCG1","ENSG00000165029,ENSG00000160179","GO:MF - phosphatidylcholine floppase activity"
"query_1",TRUE,0.0499462262859993,202,180,7,0.0388888888888889,0.0346534653465347,"GO:0052689","GO:MF","carboxylic ester hydrolase activity",20196,7621,"IDA IBA IEA,IDA IMP IBA TAS IEA,IDA IBA IEA,TAS,IEA,IDA IBA TAS IEA,IBA TAS IEA","ABHD2,LIPA,PLA2G7,CCR5,PLCL2,PLD1,DAGLA","ABHD2,LIPA,PLA2G7,CCR5,PLCL2,PLD1,DAGLA","ENSG00000140526,ENSG00000107798,ENSG00000146070,ENSG00000160791,ENSG00000154822,ENSG00000075651,ENSG00000134780","GO:MF - carboxylic ester hydrolase activity"
