"","WT_V_1","WT_V_2","WT_V_3","WT_10_1","WT_10_2","WT_10_3","C08_V_1","C08_V_2","C08_V_3","C08_10_1","C08_10_2","C08_10_3","CTRL_Veh_0_vs_AD_Veh_0_pvalue","CTRL_Veh_10_vs_AD_Veh_10_pvalue","CTRL_Veh_0_vs_CTRL_Veh_10_pvalue","AD_Veh_0_vs_AD_Veh_10_pvalue","CTRL_Veh_0_vs_AD_Veh_10_pvalue"
"GOBP_REPRODUCTION",0.0785354681996017,-0.00296681785118644,-0.0474584634551819,0.0554021977875674,0.01210396317998,0.166170018636491,-0.173947277269194,-0.132967155357788,-0.177548559393984,0.0687315077539322,0.0774163698289649,0.103380417220836,0.0307133813447544,0.919963938131939,0.311868764277918,0.000273696646367568,0.176351792319494
"GOBP_TRANSITION_METAL_ION_TRANSPORT",0.0370569934581829,0.090333524623704,0.144323549116451,-0.0194488240525607,-0.0563607198673605,0.167255777388103,-0.18701142499978,-0.223423327106422,-0.203732973487125,0.329559832839236,0.32676552548288,0.0894714733487696,0.0060758321146625,0.108776273808412,0.490318862909494,0.0276962858746064,0.175578523881193
"GOBP_UREA_CYCLE",-0.0334410216143965,0.473229738875425,0.396773390811809,-0.115268525485902,0.0955134921711946,-0.334828954986976,-0.520345097265298,-0.310216265813841,-0.231392634011292,0.575529496327909,0.13994808971305,0.418067689771367,0.0369567843497929,0.0494346521761482,0.122976429416455,0.0121875437478494,0.651906217364141
"GOBP_MITOCHONDRIAL_FISSION",0.176877243928391,-0.0340239993534523,-0.173127084988167,0.121064662526685,0.0977553070895693,0.357039177882235,-0.518043101542148,-0.490606342352493,-0.510913121424769,0.399450534990003,0.404352769960466,0.39854252080585,0.0387594718140297,0.127740873524571,0.201255537415916,3.98647486360001e-05,0.0561574075819344
"GOBP_POLYSACCHARIDE_BIOSYNTHETIC_PROCESS",0.35644706042989,0.0926263880479055,0.033789606889219,0.164558837565052,0.080499521417263,0.199972747516693,-0.405187796166102,-0.461933394320585,-0.428270127231291,0.183310865148453,0.349551767387713,0.268243334303617,0.0243156987270274,0.123601346441307,0.913660927025711,0.00215272037828298,0.409282393400806
"GOBP_MITOTIC_CYTOKINESIS",0.169879660053764,-0.0645622903551192,-0.0513985750614644,-0.130064734038218,0.139887972599622,0.468107153708438,-0.423210243651486,-0.443252677679394,-0.479715399066944,0.379363706061257,0.165291350229048,0.130039539920943,0.0214723557250865,0.754010090092078,0.513279847771248,0.0104945670183308,0.130169992246477
"GOBP_RESPONSE_TO_OXYGEN_RADICAL",0.148454147872313,0.305687573504683,0.109420772531357,0.0546749682281289,0.0468498349801253,0.261974611855661,-0.305470873153158,-0.206310530048287,-0.319391170095256,0.00199211222906093,0.116127857209234,0.101470339160355,0.00531625962317527,0.587147587886718,0.511863841234284,0.00227395496815274,0.191921998347457
"GOBP_CELL_MORPHOGENESIS_INVOLVED_IN_DIFFERENTIATION",0.0543564578162906,0.142775503644053,0.0153540006911686,0.0975747168507321,0.0318150086469811,0.0859583992505697,-0.249888655786196,-0.210440160494445,-0.206679759839845,0.191425536449895,0.156852234096585,0.178282118039152,0.00922557598429643,0.0204877592101816,0.983585428676341,4.14511249174019e-05,0.100236682850154
"GOBP_CYTOKINESIS",0.194112561751905,0.105279882482679,0.0245728780662855,0.0794417022445135,0.198977242197893,0.382543464000408,-0.430648827863787,-0.442490070713045,-0.447147024037558,0.371283329103484,0.240009981762188,0.215829659864926,0.00741848817832774,0.618813722603151,0.343489396182675,0.00419846465855142,0.0713138026047186
"GOBP_RRNA_5_END_PROCESSING",-0.160227593793674,0.492914149787656,0.109893889201374,0.0745277826297706,0.345726215945228,0.471951823046524,-0.695971118024007,-0.770840437532925,-0.674568745143959,0.742359610231154,0.435824928510364,-0.01009796933548,0.0423210407915694,0.734867136593206,0.544866261479281,0.0350572132808152,0.450925868747329
"GOBP_GUANINE_NUCLEOTIDE_TRANSPORT",0.0959823434591744,0.374439261771454,0.260102369582898,-0.0482931145367705,-0.120115881200281,0.233840578386912,-0.284071086730217,-0.47841745186354,-0.417190743845141,0.452316132255625,0.490708945940732,0.307702822471739,0.00426777985078864,0.0476075715335916,0.181299585804933,0.000536832806613793,0.161042496974966
"GOBP_SKELETAL_SYSTEM_DEVELOPMENT",0.12336881794095,0.0943319217028014,0.0175903260869034,0.0928632487193646,0.0219318657817483,0.149788284578999,-0.275775655272472,-0.231802955659782,-0.117389486686463,0.167531148691888,0.168473486302213,0.120992227947224,0.0102992200575965,0.218627642837431,0.850847295772985,0.0105141735511495,0.12901244765842
"GOBP_REGULATION_OF_NEUROTRANSMITTER_LEVELS",0.168749489599857,0.0367558717694954,0.0542750997782462,0.058917097394566,0.0596996919578588,-0.0441124657550622,-0.140509157363679,-0.22900663379359,-0.228446704384502,0.214013273718827,0.157774656435918,0.0911464391447986,0.00661755377104983,0.0590934151224099,0.317424846290274,0.00178174059199101,0.283614609527361
"GOBP_ACTION_POTENTIAL",-0.0284813195072102,0.0366149015230609,0.0153878637271185,0.0885901984084684,0.0739089453740347,0.0228818225866191,-0.105658186442133,-0.0469265028383815,-0.119658828045065,0.0557898355968,0.0858171216974813,0.0737752900800343,0.029423998178717,0.679521205125863,0.122759504861631,0.0101342199345889,0.0613685592725515
"GOBP_CILIUM_OR_FLAGELLUM_DEPENDENT_CELL_MOTILITY",0.0352063658901581,0.110333232839404,-0.047793011889142,-0.0752424842498129,-0.0944720053395105,-0.0251673747883793,0.254275618499282,0.187431944438925,0.302801562265695,-0.26761711648969,-0.0868069210569341,-0.100836497864752,0.0222367824102568,0.270668770183913,0.153854572647901,0.00785443123955324,0.0705826848422743
"GOBP_LUTEOLYSIS",0.36207348707652,0.301782414272349,0.284535224049422,0.136329636089801,-0.330401444975703,0.121597919426876,-0.606141750076907,-0.46449731874795,-0.296242669932433,0.0503565807294938,0.301985970012842,0.443429499263765,0.00947196272616276,0.210674022215707,0.153546043334551,0.00902487937511402,0.703958986673202
"GOBP_REGULATION_OF_CELL_GROWTH",-0.0295573747550517,-0.00858447268316678,-0.00979025136309875,0.0871117583956237,-0.0176903246340831,0.205765965816207,-0.300665242785493,-0.289130569020805,-0.348393546196348,0.286585986882473,0.275687811331594,0.104649328905377,0.00140460304862473,0.21000781427672,0.236203712132639,0.00747836837441614,0.0542891008463468
"GOBP_VASCULOGENESIS",0.0426086948996794,0.0833483222016956,0.167962390007153,0.0384360546426855,0.09852442912946,-0.0230279593363407,-0.285146138615834,-0.224226988433612,-0.279423605528388,0.121476699275693,0.292398500373598,0.187931167641935,0.00313261418030853,0.0623537866640399,0.30427925708268,0.00549957551238153,0.178873210040608
"GOBP_GANGLIOSIDE_METABOLIC_PROCESS",0.240468050263435,0.252681504277017,0.00714297198576358,0.0183946641730068,-0.311633704857449,0.0841307269439613,-0.407633214240111,-0.428992344606698,-0.12683820763482,0.348255507034765,0.364245320840671,0.345294436651343,0.0192324266714093,0.0744302673731713,0.192489588476137,0.0199330118933598,0.144791898053768
"GOBP_MICROTUBULE_BUNDLE_FORMATION",-0.0951398695643042,0.058592668260199,-0.0821271083182183,-0.0724466684573841,-0.123237979413587,0.126661901720339,0.141769108159856,0.11972508028784,0.213247432717264,-0.0542843610380842,-0.12265257128474,0.0498375581531963,0.0362564133446368,0.843927585889793,0.865592844695919,0.0369080085491684,0.970035323948271
"GOBP_UROGENITAL_SYSTEM_DEVELOPMENT",0.317282798663448,0.292100838595876,0.0275421841212674,-0.0524715979866178,0.177381443526861,-0.0313499932480023,-0.273496357824726,-0.194800739257988,-0.117584936164883,0.205590092685486,0.267972880283364,0.0351115005634969,0.0307821051823902,0.243166820288344,0.203837265335217,0.0164257404020743,0.732282905379668
"GOBP_AMEBOIDAL_TYPE_CELL_MIGRATION",0.114179057647008,0.154469925644675,0.121391845819492,0.163045310741776,0.0563632951681679,0.0706056247998009,-0.333994305745647,-0.323515893437555,-0.239554375870983,0.245351386292959,0.24714411537132,0.16851329607379,0.0016403724466669,0.046423585944302,0.429960563298518,0.00021900351418967,0.0546923884065309
"GOBP_ACROSOME_ASSEMBLY",0.185770547727294,0.115300732156682,-0.111442771003824,-0.0371640448470698,0.338112987855306,0.304969045156315,-0.26548862165505,-0.418205546272071,-0.247936569089953,0.200751107186979,0.209561717160566,-0.118505964431939,0.0324167517618477,0.55213682579719,0.410485883326807,0.0443584076072514,0.820518343202307
"GOBP_LONG_CHAIN_FATTY_ACID_METABOLIC_PROCESS",-0.0169496683859795,0.243849016647006,0.16163208066055,-0.171389572002581,0.012474559711681,-0.045090768893058,-0.264848634384857,-0.207134511304461,-0.216945066926972,0.332833736272958,0.209862457527156,0.195418276382094,0.0371991019320544,0.0119275370643489,0.111836061482132,0.0034481053755001,0.27507091114723
"GOBP_INTRACELLULAR_GLUCOSE_HOMEOSTASIS",0.127160253703988,0.124732156377603,0.0644704904432336,-0.0233686797112993,0.0474865837348211,-0.023411659154928,-0.170710201972992,-0.20299457968537,-0.232540421598333,0.202367114833759,0.214563957773401,0.116918785337777,0.000385563992055631,0.0117686744219556,0.0290724824572325,0.00127954630777493,0.131511408650392
"GOBP_GASTRULATION_WITH_MOUTH_FORMING_SECOND",0.101452493069602,0.109476739272117,-0.112092361134815,0.115423908111481,0.0942743573547241,0.119838503547558,-0.343898542406137,-0.312535755707009,-0.231558261697966,0.0503486181209127,0.389348223141405,0.323909024620819,0.0293405521441792,0.297826173882379,0.400359042369193,0.0248821926405753,0.163534427622666
"GOBP_FORMATION_OF_PRIMARY_GERM_LAYER",0.221905950831492,0.19890804812635,0.0574598506067092,0.15610005638687,-0.0403641954931175,0.0534778362175396,-0.222501304567898,-0.271857782680254,-0.0142657999826016,0.0348310075421531,0.252828902170238,0.110869603746833,0.0319959086192947,0.42219114941003,0.250294596603818,0.0430791133174054,0.76276437225133
"GOBP_MORPHOGENESIS_OF_A_POLARIZED_EPITHELIUM",0.0138521996689317,0.189931050974456,0.01879628867185,0.0568413231801811,0.00382126715471415,0.159765431528296,-0.296634138892421,-0.259902320598684,-0.243270835301458,0.258954282352126,0.274773657604307,0.131667768429634,0.0214703618123419,0.0826628593008958,0.992735337486636,0.00439842043417115,0.119102480181072
"GOBP_SOMITOGENESIS",0.106031895896414,0.128467524441234,0.132671993350871,0.185852892777073,-0.221309585955697,0.073151516527162,-0.183775555808874,-0.251490744045289,-0.099181306507451,0.105238521429177,0.297337580556718,0.131416482754067,0.0180235867885967,0.311188796973029,0.461195549668792,0.0108855855320566,0.453361278653311
"GOBP_MORPHOGENESIS_OF_A_BRANCHING_STRUCTURE",0.133075828787048,0.181616874187353,0.0965973991314444,0.222773457396729,0.0553495075667773,0.148680075260096,-0.26634015196447,-0.214390028825473,-0.135539838765878,0.0608091012439488,0.127081078973665,0.0885187131244996,0.00297626189307676,0.416344621497431,0.930242965438611,0.0062995326368098,0.227465851113224
"GOBP_NEURON_MIGRATION",-0.0349079627417139,0.186143216460495,0.0602843815491418,0.180593397017597,0.184091797508711,0.165755421914834,-0.224739597539398,-0.292611535652325,-0.080216487585412,0.16031561937961,0.183461356600463,0.192057715686272,0.0395196240058155,0.880009505027078,0.23802136647296,0.0242530812423393,0.231546565528357
"GOBP_ESTABLISHMENT_OF_LYMPHOCYTE_POLARITY",0.307519052172633,0.331969960259977,0.417174235325398,0.370657755184138,0.138299539948795,0.0536252402377882,-0.546043165561489,-0.51610521344344,-0.50634789505161,0.49906440565039,0.50463598720919,0.324177663128769,0.000459886840573038,0.0973129507221588,0.21798577477327,0.00277144468376302,0.271497316502978
"GOBP_IMMUNOLOGICAL_SYNAPSE_FORMATION",0.184982401570534,0.204488593185027,0.213774834815065,0.332754872376321,0.274365118821596,0.398513710346136,-0.428326013456525,-0.407018357379077,-0.583222381675361,0.453763752439378,0.488597178412924,0.201260117103819,0.00579644408168617,0.673284687511918,0.0577801721653064,0.00275463589780567,0.183922197476876
"GOBP_PLASMA_MEMBRANE_REPAIR",0.228914373142329,0.282079252235416,0.0350942676395771,0.17654683752725,0.337598854715872,0.318949994580274,-0.602590640646079,-0.472528323194388,-0.475579601032426,0.437523936633044,0.34509175961976,0.142298560634675,0.00318651337074288,0.780269829841697,0.358355585959258,0.00382747110534126,0.335256479383516
"GOBP_NEUTROPHIL_HOMEOSTASIS",0.200600181302479,0.0721659713957048,-0.104843114941666,0.130458801151736,0.281475469630026,0.491703572516832,-0.469892112070411,-0.413140307018483,-0.605145889878345,0.236885918347659,0.268900533346712,0.174131070067638,0.00970073061520517,0.554737378319574,0.150280171376127,0.00168114958882629,0.186167510664358
"GOBP_NEUTROPHIL_APOPTOTIC_PROCESS",0.282943948088957,0.0309126083575774,-0.084741898656288,0.0979795448866745,0.69793930475924,0.653915896484628,-0.649112698779339,-0.47958122546165,-0.594878750049356,0.341344480986858,0.0681518744609613,0.309810342250499,0.0143562870568868,0.33920887353126,0.159120000149248,0.00299330258409717,0.307038722308082
"GOBP_NEGATIVE_REGULATION_OF_CYTOKINE_PRODUCTION",-0.0544484682398875,-0.0180067038344222,-0.00221593966357805,0.115878676279273,0.189309300069259,0.220960708619,-0.245199227531454,-0.232512049038317,-0.221523221566593,0.248795218040384,0.00864085283055863,0.0791557143685171,0.0017307944373305,0.481180846552886,0.0110681141783539,0.0389746807591605,0.189869232462138
"GOBP_MESONEPHROS_DEVELOPMENT",0.187857287522723,0.0408263828162823,0.0725204937570178,0.269567407737856,0.00952544619739334,0.0946535015102972,-0.153625709572842,-0.233209576253262,-0.12516224338812,0.0875578174400768,0.0365708316908326,0.136015146374124,0.0100714456326134,0.67980721482862,0.801549036696058,0.00417739917349711,0.811395977251717
"GOBP_INNER_CELL_MASS_CELL_DIFFERENTIATION",0.509272824881445,0.0926830710345756,0.413034624092416,-0.0576838637433293,0.263494608650273,0.0397859347674073,-0.3078051043467,-0.636057890814895,-0.515323162058716,-0.0231258423064379,-0.0461686191664785,0.193919767658381,0.00778805565101134,0.758344930788627,0.184706070546799,0.0139750881746023,0.129069594325551
"GOBP_BLASTOCYST_GROWTH",0.245088722793764,-0.147356139762922,-0.0199697180180438,0.398510409360045,0.0305315745609344,0.363180619776146,-0.616761193328243,-0.565507048344267,-0.592243983778251,0.286544575579777,0.0594372243890876,0.453768074739181,0.0315554651960083,0.988505390784144,0.221547827896528,0.0160130738765994,0.212819320578649
"GOBP_RELEASE_OF_CYTOCHROME_C_FROM_MITOCHONDRIA",-0.193605865856883,-0.0514770140170044,-0.0967298186827603,0.0557878325662242,-0.179069078294698,0.0932931993702884,-0.252021438151306,-0.227677261075731,-0.36780667566494,0.371961004244552,0.315940288232241,0.0505977898505449,0.0488984850388247,0.123189522824314,0.355910266756106,0.0202455961451125,0.0517649485021398
"GOBP_EPITHELIAL_TO_MESENCHYMAL_TRANSITION",0.112007031173482,0.104107067330771,-0.0057934720328025,0.19673531454585,0.00371107260024317,0.189967053958325,-0.259136059149434,-0.311912381292658,-0.220533287145288,0.128910799823237,0.185823330157708,0.141125383329783,0.00299834701158836,0.767297292554277,0.470831519295578,0.000459499110308892,0.151652763692347
"GOBP_NEURAL_TUBE_FORMATION",0.179554586986842,0.176513028798767,-0.120580544289944,0.0323953835683898,0.216338716765315,0.258347050906559,-0.357618092145157,-0.317945942963084,-0.381042191912508,0.28862332576593,0.280502435445903,0.0791736485179926,0.0453887346197298,0.654486111810427,0.501683697319586,0.0101497496505054,0.325814591920579
"GOBP_PHAGOLYSOSOME_ASSEMBLY",0.161898866530998,0.2497349460487,0.204078770130828,-0.437842693592131,0.105872621628089,0.267650645506658,-0.318300852409467,-0.166264402613485,-0.454211640120809,0.483325457415458,0.190627568861341,0.351753032687647,0.0178485123969197,0.224662561477606,0.399482676356066,0.00526866257186568,0.243325970315256
"GOBP_NK_T_CELL_DIFFERENTIATION",0.591168272197709,0.368529657649746,0.361683083623401,0.165089465811755,0.099964679205106,0.219742552090922,-0.556680197156858,-0.518890279893536,-0.585690243941959,0.587619682542414,0.574847185310398,0.473040898768734,0.00372402416880217,0.00158089461816504,0.0481814705090786,0.000101117667144012,0.302710849685478
"GOBP_RECEPTOR_RECYCLING",0.345392603934235,0.377926384033885,0.290174255099704,0.0170465416036051,-0.0790326709633812,0.330812597476165,-0.588884430195653,-0.52572279521805,-0.558989087478324,0.44435110612675,0.448089619076578,0.279901716402599,2.19733984799915e-05,0.120257099488846,0.178330841978875,0.00154772035005034,0.453536223681916
"GOBP_ENDOTHELIAL_CELL_DEVELOPMENT",-0.0189838846535614,0.028422031851044,0.00940408593566275,0.074669646172101,0.27830127198458,0.280051972095916,-0.404296198791954,-0.242922765753928,-0.35508268401661,0.0975628177917603,0.199546806463812,0.256608442580569,0.0136353174223818,0.766780407024811,0.0898750843196016,0.00147570365311371,0.0520264680468377
"GOBP_ENDOTHELIAL_CELL_MORPHOGENESIS",0.242029065187512,0.150664330340115,0.287290054220714,-0.2418831233206,0.485473460261184,0.284452061925313,-0.262125367967644,-0.381068297233549,-0.10015292961892,-0.00871737602341399,0.235506474637605,0.0550600342818232,0.0145782990090452,0.74852173784438,0.838494993522316,0.0359864923275617,0.2068753705951
"GOBP_PLACENTA_DEVELOPMENT",0.151007742932789,0.0477683589284021,-0.104687193862288,0.252766940249942,0.104411062611618,0.256832898991133,-0.316512239431984,-0.349118476459541,-0.308388449457167,0.250154249331206,0.143784584196264,0.110780283380203,0.03768495821381,0.608265626811526,0.135106687769905,0.0042906085623356,0.202432980875257
"GOBP_TISSUE_HOMEOSTASIS",0.0587022672800263,0.15220090496866,0.0993063292441071,0.0274482059378252,-0.0303426484861027,0.0678938791122363,-0.244517095904003,-0.216094836141243,-0.190242216696908,0.107623473992629,0.15303594917037,0.202890479086467,0.00148133432184842,0.0285320837762627,0.106292863973502,0.00101445353885539,0.256003057316322
"GOBP_NEGATIVE_REGULATION_OF_T_CELL_MEDIATED_CYTOTOXICITY",0.364277747369783,0.0122147960359384,0.071345460115322,0.637392111940663,0.193716167616725,0.0166656453587258,-0.62905861094775,-0.531813676338787,-0.312572175416612,0.0254391531258615,0.292166355426837,0.338159914752864,0.0117257827912273,0.779005026913952,0.574955655266581,0.00631836878680355,0.660275937694251
"GOBP_REGULATION_OF_RECEPTOR_RECYCLING",0.416924838005179,0.348768497793621,0.314670524398786,-0.210189116868645,0.0627595500588146,0.343300238553831,-0.530350279083956,-0.660445546612349,-0.554875262956504,0.41558243032067,0.485435283674807,0.35903265337236,7.9501467859917e-05,0.150747245154433,0.203044046752039,5.30109207374757e-05,0.276741897758904
"GOBP_NEGATIVE_REGULATION_OF_RECEPTOR_RECYCLING",0.350781520027654,0.383879996309969,-0.184779253281173,-0.349123484177452,0.00107531011178075,0.578054659280397,-0.602672913706852,-0.687220156029644,-0.464034717155437,0.533760308845833,0.837750958697225,0.322576738773974,0.0408512976727335,0.208828584153548,0.762878280505844,0.0079314332136637,0.186294556611781
"GOBP_POSITIVE_REGULATION_OF_RECEPTOR_RECYCLING",0.507244931533858,0.346020721559224,0.379443194947755,-0.122253720678921,0.153568044169524,0.531200775853526,-0.557713268543863,-0.726918925748546,-0.576416982961482,0.24705085200036,0.320005628705391,0.256492701813472,0.000150089166734171,0.69193981790549,0.359726455893483,0.00103243878273065,0.091508862273171
"GOBP_LYMPHANGIOGENESIS",0.211656798311166,0.125728384758982,0.191303117042546,0.1035409366967,0.236313113153735,-0.156556842161263,-0.293287664120066,-0.353031875231286,-0.134303939252106,0.0683008084182054,0.247364036137851,0.0440667415332619,0.0124213430517992,0.684963035745409,0.424802191774677,0.0142149808548772,0.482438148407553
"GOBP_REGULATION_OF_CELL_MATRIX_ADHESION",0.179982451757905,0.147693789553976,0.22874192061023,0.2842123047988,0.194724081974531,0.0795505080330192,-0.405734748790334,-0.408997872598914,-0.342208586262776,0.34252974306571,0.249251290396664,0.232675943071337,6.1070465347011e-05,0.280472714339099,0.992139685648046,0.000243799799958099,0.106469993793799
"GOBP_NEGATIVE_REGULATION_OF_CELL_MATRIX_ADHESION",0.383570137549056,0.238485362595511,0.351266668937725,0.0532094646961312,0.342268416011106,0.0332084545455815,-0.517219493384773,-0.484716124745081,-0.199522025094864,0.350755878170724,0.20156161813294,0.316623997582205,0.00945074509167358,0.279318924522522,0.202996004415729,0.0104606084255541,0.610263941286229
"GOBP_BLOOD_VESSEL_REMODELING",0.291175987074676,0.231145364527728,0.17229215959544,0.136047334677582,0.0713419996600597,0.0445902273320257,-0.332064611897792,-0.34261118854122,-0.295640863884961,0.25999076733981,0.26761890190413,0.284991603035796,0.00120016686828419,0.0152342382165884,0.030307785528362,4.23358556212543e-05,0.37054824095404
"GOBP_MORPHOGENESIS_OF_AN_EPITHELIUM",0.105651927054076,0.101348696102961,0.0441635192573909,0.14679954697503,0.0821162070725391,0.176000282001915,-0.307425343300869,-0.247872199317548,-0.135308519231928,0.143371010073349,0.195722919875148,0.103688946626764,0.014992878230863,0.759301536451069,0.214433514597694,0.00677004111205362,0.132685360158017
"GOBP_MORPHOGENESIS_OF_AN_EPITHELIAL_SHEET",0.0758287301672189,0.165423566592276,-0.0300432315853326,0.269979436168537,0.254573367476866,0.351939435984149,-0.448205183729933,-0.385576725700501,-0.269087193360346,0.307846360313724,0.211079775340944,0.228884751743008,0.00481731842968566,0.368884074602366,0.0394107981535664,0.00157725371538503,0.0669994115031163
"GOBP_REGULATION_OF_SODIUM_ION_TRANSPORT",0.193838323708604,0.0899203784884806,0.00168518933026915,0.0690447784906698,0.252789882911419,0.054470489908533,-0.279318101042378,-0.238416905530006,-0.299861331446321,0.254287115065996,0.0971792700585564,0.267323643956351,0.0149109403316623,0.391778369226808,0.738745481985133,0.00765220307906935,0.227063456643676
"GOBP_SPROUTING_ANGIOGENESIS",0.0365645576948333,0.0466388278194233,0.0825654033588159,0.169934351956739,0.105872855368159,0.133726056366948,-0.219652311113164,-0.297100260669864,-0.135627987164821,0.0430934737403829,0.0211142526293359,0.102192548516878,0.0207757406566543,0.0605351681651414,0.0280469155032178,0.0137946107123003,0.994435785871297
"GOBP_CELL_MIGRATION_INVOLVED_IN_SPROUTING_ANGIOGENESIS",0.0244777322754398,-0.0963455985946554,0.0200320845366146,0.15733454665477,0.186579552690993,0.280610521635416,-0.258013444478961,-0.277759534759327,-0.108747498526323,-0.087542928365533,0.091353767681945,0.164473415215773,0.0453613327616212,0.168584859229788,0.0143415905374358,0.0477111020058204,0.44920608970086
"GOBP_CHONDROCYTE_DIFFERENTIATION",0.355484456954226,0.177985111859382,0.0230648566391101,0.0260667294987692,0.0498154855250387,0.0152898175433237,-0.32275622463586,-0.32486808549136,-0.0798822953848047,0.139300736019134,0.211293559886343,0.194637001667549,0.0284041630693352,0.0095181143182922,0.24675380801787,0.0280764419789734,0.972664502359575
"GOBP_CHONDROCYTE_DEVELOPMENT",0.348595086071454,0.354649632624653,0.00272572937386367,0.0172943242131877,0.326262111498607,0.118471451861724,-0.444455056157643,-0.468485853701154,-0.152369015147648,0.156629256979544,0.301185659983797,0.227320758650753,0.0193595674096083,0.514634573649252,0.612731793965574,0.0176177227795092,0.959351744359072
"GOBP_EPITHELIAL_CELL_DEVELOPMENT",0.142033759327301,0.0858111379503613,0.028628837343509,0.126710422879937,0.145143486447981,0.158708041773367,-0.310046616563,-0.285439680977408,-0.252064598500766,0.0716955116807267,0.16311456435309,0.233987814264451,0.0021729043115057,0.813417557954316,0.212757611349185,0.00605040148808752,0.291486468829381
"GOBP_COLUMNAR_CUBOIDAL_EPITHELIAL_CELL_DIFFERENTIATION",0.14130478730196,0.123096810956196,0.0637524992099478,0.0670089780313806,0.174084248265525,0.107150966999033,-0.212091249981012,-0.251041186408966,-0.0723282804920386,0.0520184022156909,0.00501329640875234,0.153746111938737,0.0206754276903083,0.447688783507581,0.872728845108502,0.0252302879909169,0.488081525858236
"GOBP_COLUMNAR_CUBOIDAL_EPITHELIAL_CELL_DEVELOPMENT",0.299903044719654,0.0390140482479907,0.120697352071079,0.128254993086098,0.237974189948721,0.251730353314755,-0.356800468183795,-0.289476699023581,-0.347789014707412,0.0673103385880409,0.152612572861688,0.23706550551047,0.0185341248149169,0.442398292400854,0.584851427141847,0.00415990205618108,0.99288796717447
"GOBP_GLANDULAR_EPITHELIAL_CELL_DEVELOPMENT",0.247966872597148,0.126812248036668,0.0746787959199602,0.162730880256459,0.264804039378835,0.274263044500981,-0.339640520659249,-0.299513740003171,-0.332756114459889,-0.00381851253781657,0.0730617213941822,0.192695171048526,0.00855567644795315,0.108371743565021,0.2576673915005,0.0153887999134911,0.462066717548917
"GOBP_OPTIC_CUP_MORPHOGENESIS_INVOLVED_IN_CAMERA_TYPE_EYE_DEVELOPMENT",-0.517394991366161,-0.425389214673304,-0.642639988871773,-0.47266982500241,-0.0145081210574894,0.351843724865451,0.0716957613538301,0.207094411297956,0.644719059207443,-0.670184756560573,-0.130857274542765,-0.602882744653543,0.0287313877554864,0.229354352572373,0.173381399578094,0.0328424531192858,0.763805979766726
"GOBP_PROTEIN_DEPALMITOYLATION",-0.078655158554727,-0.162879420410468,-0.18511604297061,-0.144568841978566,-0.110860865577963,0.557246270444772,-0.44709435896632,-0.393078169765545,-0.558293859666636,0.575893727635278,0.444154802000792,-0.00214028439459335,0.00770437726716953,0.456445295170624,0.399480594956393,0.0361098963881152,0.10591160703572
"GOBP_LENS_DEVELOPMENT_IN_CAMERA_TYPE_EYE",0.314452521046481,0.158890666245176,-0.0565243470295657,0.150913298666661,0.0933863401989682,0.17573445984906,-0.315837077744827,-0.398476680085623,-0.167248781516328,-0.018680800622758,0.127663435721398,0.187983341977481,0.0354122331561591,0.584272838718083,0.99305494503998,0.0128926213773761,0.767046474304325
"GOBP_LENS_MORPHOGENESIS_IN_CAMERA_TYPE_EYE",0.14455592431432,0.178335220209458,-0.175550541339974,0.258048608046595,0.0530836760812359,0.324918413604176,-0.496549672662239,-0.539459204107998,-0.356196815018461,0.302901623273797,0.102739493407447,0.0435761738766941,0.0280582025939131,0.611933614748736,0.312880454627386,0.0043899052780469,0.509028293494584
"GOBP_TRNA_WOBBLE_URIDINE_MODIFICATION",0.0619098525808154,0.167984916397228,-0.18051667324489,-0.364062659831047,0.127936328199156,0.216893519997753,-0.369157134443008,-0.297834316239156,-0.525146792229114,0.440869209685169,0.077376378200707,-0.0539385000196166,0.0355754206886786,0.529421584128585,0.91903562223881,0.0474449244652885,0.490742347109753
"GOBP_STORE_OPERATED_CALCIUM_ENTRY",0.265203257117008,-0.0368628531473117,0.29449713035958,-0.0610524318835429,0.109168304366661,-0.152471532575192,-0.264823639337472,-0.230808168801701,-0.316987182793221,0.0334326481563192,0.0166645333747751,0.076122314816626,0.0457559858914473,0.423058984428959,0.191919130261196,0.000878717138986319,0.337709481177238
"GOBP_THYROID_HORMONE_MEDIATED_SIGNALING_PATHWAY",0.361058384723573,0.535526856426549,0.323316027200326,0.105704433611655,0.40892854996977,0.290721603331641,-0.701596568680394,-0.703695364459386,-0.52922858116454,0.357191562012002,0.429405706536855,0.6029876254406,0.000295889020987802,0.166673081641214,0.282044380022908,0.000378774917414249,0.594891601488714
"GOBP_INNATE_IMMUNE_RESPONSE_ACTIVATING_CELL_SURFACE_RECEPTOR_SIGNALING_PATHWAY",0.124654820875146,0.256461566357716,0.0945372758915327,-0.053057167303488,0.137471427426146,0.115846494178978,-0.386822348966681,-0.344469886398698,-0.379806502066362,0.346281626127603,0.219506327198827,0.286986648922902,0.00590250301358844,0.0474711536278748,0.307194681812043,0.00121767151872432,0.117645535131408
"GOBP_NATURAL_KILLER_CELL_MEDIATED_IMMUNITY",-0.00223870293166789,0.00536591395716327,0.0574196640621822,0.0263825446970124,0.206783749941302,0.172609241726597,-0.185215764197551,-0.304007732505243,-0.359488791804163,0.258688311414238,0.139473154145622,-0.0334578602835366,0.0180490310626901,0.899980752344615,0.163568985092368,0.0222214278798858,0.354222910424977
"GOBP_RESPONSE_TO_MOLECULE_OF_BACTERIAL_ORIGIN",-0.0639011913351279,0.0209261682193748,0.0114911962143579,0.104167676671287,0.170450134960596,0.20760263811878,-0.284502950665769,-0.252324171450103,-0.244619323717437,0.274130027585139,0.111122326833123,0.113994501613279,0.00448847643622723,0.932338833518697,0.0137313523427566,0.0122836479853791,0.0621688849687526
"GOBP_ADAPTIVE_IMMUNE_RESPONSE",-0.124272208990223,0.00662074247144109,-0.0275421250205043,0.145220399314684,0.150338009184274,0.254028963574315,-0.25019996205878,-0.260484184024492,-0.250251240754822,0.263312311044079,0.132890836554845,0.00099392126271805,0.0337446103686025,0.588665952636527,0.0121208934053618,0.0361545180920422,0.124145814263751
"GOBP_IMMUNE_EFFECTOR_PROCESS",-0.0674282491310269,0.0413358156847753,-0.00664027279239932,0.119197333159739,0.148766701417924,0.250961987485584,-0.309961752340283,-0.306661229621428,-0.347027319998357,0.303244016251242,0.187469560968399,0.0728824239367164,0.00444936314586341,0.859052095608516,0.024522222867938,0.0140259616154021,0.0778035437221406
"GOBP_CELL_ACTIVATION_INVOLVED_IN_IMMUNE_RESPONSE",-0.042922993140818,0.0498086022018527,0.0174775201970324,0.0863914870998563,0.102767879898043,0.260627051381386,-0.356786441801977,-0.344421206892329,-0.386293553898085,0.343584062564862,0.158704146923756,0.130530611066815,0.00156741710447492,0.52251875084666,0.108522168413604,0.0112140737266295,0.0777247658144934
"GOBP_MYELOID_CELL_ACTIVATION_INVOLVED_IN_IMMUNE_RESPONSE",-0.193724232647199,0.0724250140964652,0.0731882741506879,-0.0151999570903761,-0.0131053190485259,0.266222337871647,-0.349731763757758,-0.263408593801935,-0.409603970093901,0.372599310168026,0.155975814759694,0.0455357140135247,0.0488424773252934,0.450139995479756,0.50081657098856,0.0182131330472499,0.188546204581092
"GOBP_MICROGLIAL_CELL_ACTIVATION_INVOLVED_IN_IMMUNE_RESPONSE",0.349857380800104,0.792429195351626,0.800949124793179,-0.53051938772821,-0.250229965466937,0.0984305816064499,-0.360168210810089,-0.406110688879245,-0.435442734829242,0.791680206722957,0.534706020241732,0.332474167526828,0.0178735387193171,0.0296242791679818,0.0218693970994406,0.0167827195974594,0.659946861336945
"GOBP_LYMPHOCYTE_ACTIVATION_INVOLVED_IN_IMMUNE_RESPONSE",0.0093664324296503,0.0229200050653641,-0.0126887321817604,0.1174367922593,0.145339527260321,0.256271235595335,-0.350618945509251,-0.353326210852002,-0.377662806903092,0.309604559596512,0.167745285558273,0.139518269898248,1.45576486173775e-05,0.655754675872406,0.0520681958237462,0.00729655347718051,0.0583680144986922
"GOBP_T_CELL_ACTIVATION_VIA_T_CELL_RECEPTOR_CONTACT_WITH_ANTIGEN_BOUND_TO_MHC_MOLECULE_ON_ANTIGEN_PRESENTING_CELL",-0.339954744854121,-0.0574948158294452,-0.155398912775395,0.0469044718144801,0.195245637536925,0.251853132792261,-0.402337676271578,-0.485992485422185,-0.572680771380519,0.450388460000491,0.368068917482375,0.00616124758354636,0.0461185353222259,0.518451522434881,0.0312986074971064,0.0206887825559531,0.0568830025014025
"GOBP_T_CELL_DIFFERENTIATION_INVOLVED_IN_IMMUNE_RESPONSE",-0.123286433491256,-0.0505675786215748,-0.0508703165106796,0.0791379452274921,0.177570842532755,0.124680003930593,-0.205462094100908,-0.261293084159007,-0.258159310857984,0.351350311419242,0.12609377590186,0.104500654893761,0.00656584299838387,0.493958793583321,0.00607516629421691,0.0263432882164354,0.065669530904961
"GOBP_MATURE_B_CELL_DIFFERENTIATION_INVOLVED_IN_IMMUNE_RESPONSE",0.175770354528044,0.0233339790731042,0.120717765155729,-0.030055774553263,-0.205251904894781,0.10765603234534,-0.356694569666925,-0.333642849881008,-0.413559675363755,0.365584477985452,0.188287318821873,0.197392941241453,0.00238197210508349,0.0628464081081513,0.238463796611643,0.00356359315525378,0.124117970882454
"GOBP_MARGINAL_ZONE_B_CELL_DIFFERENTIATION",0.273377792373513,0.372406387069184,0.577203304577398,-0.0189759151846295,-0.00715577912703597,-0.152124925741857,-0.25380977895608,-0.532693925205984,-0.61887823290068,0.58383455179343,0.49935796831653,0.282318456863506,0.00400179228548515,0.0146662914493247,0.0188538435961539,0.00331786121241071,0.726838554912139
"GOBP_B_CELL_PROLIFERATION_INVOLVED_IN_IMMUNE_RESPONSE",0.12972542206187,0.290118571268123,0.0347436663737962,0.380358226642645,0.143339990782126,0.0734640835159412,-0.49735731633684,-0.572073489643142,-0.220005382474097,-0.0788949533655719,0.514601275922782,0.488613093280157,0.0144600016988561,0.648003142284007,0.711097050011985,0.0420788704794976,0.513359007598124
"GOBP_B_CELL_LINEAGE_COMMITMENT",0.317171296002737,0.38319457355586,0.298030946827066,0.35222702376631,0.251872549900116,0.438717425677319,-0.722451602293132,-0.698910194022349,-0.570371322883649,0.405614300907975,0.481905000654439,0.121806549250507,0.000284555976870971,0.93308340127795,0.82119831291176,0.00509707580325426,0.976855831616375
"GOBP_MATURE_B_CELL_DIFFERENTIATION",0.058345326916225,0.0898753366805762,0.0422195498570876,0.0181567210199486,-0.166183442436314,0.0967042398248725,-0.304607661367006,-0.353036713023714,-0.370330526310443,0.343123537478385,0.222980872076152,0.169211344944328,0.000146057623932311,0.0570473128810415,0.410165434070509,0.00336667962240465,0.0627813856853695
"GOBP_RESPONSE_TO_TUMOR_CELL",-0.0702655819229105,-0.00513681112740871,-0.139432428603415,0.0184430168493203,0.253417658643082,0.00613808380783895,-0.315701403436048,-0.404375527106249,-0.348865573663796,0.375324105642446,0.198382150914094,0.0808744998643764,0.00562635763611473,0.345616587478824,0.166904275348763,0.0151594028094236,0.0594101547955953
"GOBP_T_CELL_LINEAGE_COMMITMENT",0.393386939497225,0.304240622791059,0.196432243793163,0.108019419163101,-0.171050816016268,0.0940461561229428,-0.386423328537227,-0.216018005427507,-0.337893034320514,0.319689184680431,0.0983172338840579,0.157764216940598,0.0013860898939099,0.187895615247507,0.0661346253267206,0.00460229070174231,0.292345348997343
"GOBP_CYTOKINE_PRODUCTION_INVOLVED_IN_IMMUNE_RESPONSE",-0.0635299746885035,-0.110581705681532,-0.0149119246429487,0.0705004684396552,0.290673501194403,0.343146665906578,-0.310096870770446,-0.367244947089355,-0.356203471535652,0.224002474825081,0.112456591627229,0.0291285549815083,0.00204674961674205,0.33339714932883,0.058549250319006,0.00925954663836297,0.0628616378504324
"GOBP_IMMUNOGLOBULIN_PRODUCTION",-0.13483233868142,-0.137957721252998,-0.0772738004728895,0.206417902098473,0.161175163435574,0.378418378695488,-0.354107617158595,-0.346125418217693,-0.365399120338558,0.217845292681403,0.00763865725409239,0.113682154750621,0.00416108607189448,0.205973992887803,0.0236688233538833,0.0157466863046137,0.05185561636492
"GOBP_NATURAL_KILLER_CELL_MEDIATED_IMMUNE_RESPONSE_TO_TUMOR_CELL",0.296876935199894,0.108808215950941,-0.0803935519719101,-0.0383458428164369,0.0827262627440999,0.0998767931148701,-0.520019039704882,-0.290775816531952,-0.485327518827587,0.331367391358175,0.356192340365942,-0.0312905515619123,0.0192745286708504,0.305116902849891,0.647038820058847,0.0179704423592816,0.543224123563097
"GOBP_COMPLEMENT_RECEPTOR_MEDIATED_SIGNALING_PATHWAY",0.0890303046217247,0.529912728865213,0.480853377826535,-0.152365292184182,-0.248314627260139,0.220525137181839,-0.344044478975516,-0.466519365080981,-0.295184960422219,0.214984238526602,0.356081817564625,0.234095227066297,0.0234937661945836,0.13889495452561,0.0996136704822074,0.000770913781016212,0.561031751723801
"GOBP_IMMUNE_RESPONSE_REGULATING_CELL_SURFACE_RECEPTOR_SIGNALING_PATHWAY_INVOLVED_IN_PHAGOCYTOSIS",0.121104699393813,0.266077874032132,0.0397240672222214,0.32994496397196,0.161011855951763,0.388349873005521,-0.547676593909131,-0.574656029673485,-0.527835075234035,0.563338407767678,0.261975799660502,0.340663806096152,0.00710490454703174,0.449035709177942,0.187744241278953,0.00800756123296676,0.0986451800114134
"GOBP_INFLAMMATORY_RESPONSE_TO_ANTIGENIC_STIMULUS",0.00797848683524319,0.0656243556079154,0.108558515237757,0.0371456558001769,0.0573714119426141,0.0707045071240361,-0.218742329155986,-0.197265967052027,-0.193556143494808,0.277932947081404,0.0377128945746948,0.192270174416638,0.0083311937089329,0.244184260325577,0.868359263808325,0.0324559425927657,0.259433962123974
"GOBP_LEUKOCYTE_MEDIATED_IMMUNITY",-0.1487398984616,-0.0729048664292189,-0.084812439620083,0.124047399871915,0.131648007159626,0.305235211398457,-0.257600863046103,-0.253201957005833,-0.319980309676616,0.275774732654416,0.146703456445298,0.0310649754319549,0.00554162719488226,0.718124380175163,0.0266585694835844,0.0190127439539218,0.0577680905658322
"GOBP_LYMPHOCYTE_MEDIATED_IMMUNITY",-0.158404442855172,-0.109673364139993,-0.101655835879301,0.0963119902145058,0.169862728210653,0.31043659854561,-0.232843908896272,-0.251979346681874,-0.306471239212814,0.257541864785234,0.120475100338796,-0.00735419011130053,0.00862360057182867,0.527443566673408,0.029831846177605,0.0290400348540488,0.0772267044812935
"GOBP_ADAPTIVE_IMMUNE_RESPONSE_BASED_ON_SOMATIC_RECOMBINATION_OF_IMMUNE_RECEPTORS_BUILT_FROM_IMMUNOGLOBULIN_SUPERFAMILY_DOMAINS",-0.187598735233069,-0.0798147233897344,-0.131401559902346,0.146749925258118,0.139202467932455,0.310809791407538,-0.263501967303374,-0.257250830880663,-0.312968192796688,0.281282967043036,0.144383426023863,-0.0214422790441595,0.0244674358774575,0.575675044652951,0.0125752856160077,0.0376627013438863,0.0789177463539556
"GOBP_ANTIGEN_PROCESSING_AND_PRESENTATION_OF_PEPTIDE_ANTIGEN_VIA_MHC_CLASS_I",-0.00321600671761568,0.194319703636977,0.170552927126651,-0.114797432227559,-0.0195448260873479,0.26086729835598,-0.413101141983603,-0.435357753996732,-0.484110504086853,0.468837813802616,0.411851531641493,-0.0334649723164362,0.00691211794882915,0.291637370778162,0.584344602790139,0.0424902223948058,0.422240727981033
"GOBP_PRODUCTION_OF_MOLECULAR_MEDIATOR_INVOLVED_IN_INFLAMMATORY_RESPONSE",0.102947294159392,0.161850429970763,0.161879667733654,0.157628105435994,0.142329401885003,0.155875824332185,-0.37350683519508,-0.340933265601911,-0.388439587919331,0.381521606330495,0.0489537206940758,0.181480733683779,6.36839457821065e-05,0.644366967155423,0.673721698766642,0.0254037815935037,0.590856944617253
"GOBP_CYTOKINE_PRODUCTION_INVOLVED_IN_INFLAMMATORY_RESPONSE",0.158778697217397,0.138755903973542,0.148281977742822,0.164424289984746,0.148590239531398,0.124382614448318,-0.292559037979664,-0.248409227343242,-0.271902233262363,0.299267974760793,-0.01421043199079,0.128576279267425,0.000138894554614095,0.938581235292964,0.843228624820049,0.0433826161333026,0.916668809979984
"GOBP_SOMATIC_DIVERSIFICATION_OF_IMMUNE_RECEPTORS_VIA_SOMATIC_MUTATION",0.30663438279804,0.0834411330697,0.000725832851413949,0.0447609700933913,0.427235938701951,0.423380908535386,-0.654905788771978,-0.619413889634,-0.718430355158691,0.488586037987476,0.249181824972146,0.58234542050477,0.00806846224101685,0.431624175018931,0.348142827429722,0.00489449532792691,0.0836513103272004
"GOBP_REGULATION_OF_IMMUNOGLOBULIN_PRODUCTION",0.0106172606956989,-0.0240499548503331,0.0392748050411593,0.127077025756838,0.0129823504421575,0.372596617037645,-0.339757658139616,-0.363286104085447,-0.397978288659503,0.238000362985343,0.0720397518158232,0.100364183431983,0.000117681170031665,0.791910915930469,0.264007634314534,0.00582535703217104,0.117077514667975
"GOBP_POSITIVE_REGULATION_OF_IMMUNOGLOBULIN_PRODUCTION",0.16301055117918,0.14989971521918,0.180148530124788,0.0188396724458388,0.0109029505673826,0.291256349734613,-0.449584466261826,-0.488808459738769,-0.483931628470248,0.349224853289378,0.274075902901132,0.211944048615014,5.43853272173083e-06,0.195524195478248,0.597744648561336,0.00131167191160634,0.0964467180252983
"GOBP_NEGATIVE_REGULATION_OF_IMMUNE_SYSTEM_PROCESS",-0.0642977652443048,0.0518598368553931,0.0846277460079492,0.0606222527576403,0.0738004340528502,0.212916191936284,-0.310881346930839,-0.300644760558006,-0.285101190294636,0.255804613177012,0.158628210663613,0.124112056984745,0.0168963583875098,0.368988322100404,0.239976235722431,0.00535931587229616,0.0616348490947599
"GOBP_REGULATION_OF_LEUKOCYTE_MIGRATION",-0.0796389274462567,0.104846181049303,0.120931651333558,0.039675319083246,0.17033619418006,0.192333670571428,-0.322997200970593,-0.327748206533622,-0.261395092675084,0.260373687093006,0.181666275666428,0.115356259020631,0.0226940031010451,0.461782390084354,0.350935378321587,0.00196404738152623,0.160385628058893
"GOBP_NEGATIVE_REGULATION_OF_LEUKOCYTE_MIGRATION",0.0221083556544866,0.247957442347397,0.349122327917052,0.0701945629677681,0.096683985631199,0.00362156891933385,-0.436188462829985,-0.340199034594535,-0.211325016168017,0.20616955900829,0.187001683757494,0.236747422688078,0.0136734644871028,0.0160178173496693,0.258291012551606,0.0112908137634478,0.974004598229661
"GOBP_POSITIVE_REGULATION_OF_LEUKOCYTE_MIGRATION",-0.0672567056889899,0.0697570256075313,0.0820183416033703,-0.0122442603075494,0.119747534598747,0.160083149365539,-0.272846298928986,-0.294712999724947,-0.224778443198352,0.221547806239756,0.150648497423098,0.0885764938931411,0.0144801103144892,0.380321750922971,0.437020621451708,0.00220245703051732,0.1137031287158
"GOBP_REGULATION_OF_LEUKOCYTE_CHEMOTAXIS",-0.0704490362745638,0.0537322023165371,0.0574942018170474,0.0286964258217971,0.231422022653701,0.133870927093057,-0.257030464058395,-0.283932486148404,-0.196217710646826,0.115905341206285,-0.000570433517956853,0.0298927073305138,0.010302395898164,0.304298628457058,0.184857260463278,0.00329746073019881,0.559601059232049
"GOBP_REGULATION_OF_CELLULAR_EXTRAVASATION",0.0733334022081629,0.0783138232407597,0.340698741485439,0.111850979973181,0.275025603376062,0.175958798804806,-0.387166974624331,-0.316075209093807,-0.11336013972866,0.226407098906323,0.337786858464735,0.117613341602092,0.0225618248147856,0.64537230226489,0.829472702303849,0.0099516034836531,0.595679797394399
"GOBP_POSITIVE_REGULATION_OF_CELLULAR_EXTRAVASATION",0.32708053538217,-0.10037911312666,0.419335372152761,0.104877584646414,0.277602883844085,0.213531514406722,-0.507489455472251,-0.280962871816615,-0.343598646954832,0.214643485664928,0.341151379251499,0.171566085483083,0.0496403194378766,0.57409216004437,0.928576382427196,0.00243960103221228,0.88439215572313
"GOBP_REGULATION_OF_IMMUNE_EFFECTOR_PROCESS",-0.0517900805517217,0.000154408185256583,-0.0139132175006389,0.0930083545040318,0.171869165657723,0.280468443568849,-0.31441799286048,-0.283102403715945,-0.352228628861463,0.283507399990749,0.166128725460418,0.0502656554124084,0.000430729088731912,0.869887478784975,0.055070250302672,0.0131874134135393,0.100677977613584
"GOBP_NEGATIVE_REGULATION_OF_IMMUNE_EFFECTOR_PROCESS",-0.0551314197220491,-0.0055551017786207,0.0855843648954605,-0.0131379726936836,0.150964339471487,0.241454718172682,-0.28745483915277,-0.223401781204345,-0.282511037971775,0.242086051522999,0.0510077093382231,-0.0490621600171865,0.0101918452042307,0.711469334796366,0.256189937982418,0.049129455387168,0.499291901013827
"GOBP_REGULATION_OF_LEUKOCYTE_MEDIATED_IMMUNITY",-0.047865819713141,-0.0531865539862554,-0.0410468043312276,0.116103411414083,0.139378587222687,0.316634533727019,-0.31427271510039,-0.27259281097009,-0.349174463066726,0.291733729735427,0.181882984343913,0.0359098456217176,0.00591314627478355,0.841213643540621,0.0635955499056876,0.0164053459408934,0.0989993549983371
"GOBP_POSITIVE_REGULATION_OF_LEUKOCYTE_MEDIATED_IMMUNITY",-0.0528362915447309,-0.146948318189075,-0.0718839772694005,0.111028529407645,0.206864282868184,0.33902569200726,-0.301724581129396,-0.31897187329615,-0.390672839459474,0.330046046766869,0.180016414265727,0.0390448427547306,0.00341543353247585,0.754521367354192,0.0280273022027092,0.0174421816604069,0.0700532141283196
"GOBP_REGULATION_OF_B_CELL_MEDIATED_IMMUNITY",0.0510960782065109,-0.0978057890769467,0.0646115234657387,0.0433239898578263,-0.0380579722460039,0.325689746980492,-0.26691311098382,-0.315495996416764,-0.329853253721527,0.134311563011569,0.0461070797127656,0.0345567716046796,0.0175587282688617,0.763992444063976,0.45786354124613,0.00133226051136543,0.352838032488248
"GOBP_POSITIVE_REGULATION_OF_B_CELL_MEDIATED_IMMUNITY",0.0907570501774348,-0.0438942206934276,0.0716355538695131,-0.0377671645139324,0.113647396097974,0.332011996473812,-0.354011346047507,-0.462880795201824,-0.441754714843271,0.248451323462788,0.23737317455376,0.10350067455566,0.00128179358358662,0.644182306691844,0.472588002156916,0.000705188478297348,0.0673617861031288
"GOBP_POSITIVE_REGULATION_OF_NATURAL_KILLER_CELL_MEDIATED_IMMUNITY",0.178742710118332,-0.0447881740843052,0.236346310239296,-0.0578983060364108,-0.0075293804389408,-0.156578963691356,-0.120270446994348,-0.14168264045598,-0.281896538034859,0.156619900961653,0.217842293342856,0.179575561974297,0.0496240125772675,0.0165002593124113,0.133371781421547,0.0114415125109627,0.551657921628622
"GOBP_CELL_SURFACE_PATTERN_RECOGNITION_RECEPTOR_SIGNALING_PATHWAY",0.0382316300456347,0.273581642442807,0.0399290478069783,0.0568740327858026,0.216450873901861,0.106662392886473,-0.368031597965424,-0.311484794801971,-0.356053080103219,0.283924808558045,0.110162083645226,0.239531606206816,0.0230942555933166,0.295919737406801,0.923830124659589,0.00478287271110907,0.381563384561896
"GOBP_MYD88_INDEPENDENT_TOLL_LIKE_RECEPTOR_SIGNALING_PATHWAY",0.117224475389508,0.122217144936815,-0.0134048517130194,0.266784117897567,-0.0999513779184075,-0.0244724984739983,-0.403702815352169,-0.324021508533496,-0.319197330654007,0.401602879293135,0.114035657712558,0.0469479533527894,0.00261931956190123,0.420002239989186,0.833582192138519,0.0323267815249797,0.418454602411099
"GOBP_REGULATION_OF_MYELOID_LEUKOCYTE_DIFFERENTIATION",-0.0642003610346436,0.0238876613507956,-0.034666529024734,0.0557988296691886,-0.00213400144644973,0.247896564925091,-0.313800926470621,-0.254187187797793,-0.268872442227554,0.380124329865053,0.279323842677347,0.108602387279137,0.00207101134034759,0.228749306057565,0.233221407302368,0.0173141014365382,0.0594261232039843
"GOBP_POSITIVE_REGULATION_OF_MYELOID_LEUKOCYTE_DIFFERENTIATION",-0.10324997936492,0.0144068482205123,0.0111473249669876,0.112322343829867,-0.0803594545277017,0.364906074110704,-0.354658071025683,-0.207354883909423,-0.25997329136682,0.411923468713891,0.26168934874533,0.102953611550314,0.0131296760252446,0.469981621859078,0.344907512339044,0.0139002346412413,0.0686398179387379
"GOBP_IMMUNE_RESPONSE_INHIBITING_SIGNAL_TRANSDUCTION",-0.634308103471729,-0.332596615430377,-0.25025883665074,0.242378701239209,-0.25659755779337,-0.0685729217523565,0.245747434270251,0.147341521833208,0.0846774569486644,-0.221258121088691,-0.277741960375558,-0.537322045233095,0.0271307539972598,0.153928449107126,0.115878717741032,0.0202492539350752,0.712512018346621
"GOBP_IMMUNE_RESPONSE_INHIBITING_CELL_SURFACE_RECEPTOR_SIGNALING_PATHWAY",-0.654729080582034,-0.4966526288776,-0.186136061489816,0.679757404493853,0.29235808284974,0.10809047416191,0.25834982191874,-0.0690939816415655,0.375059964630531,-0.576390977998927,-0.468576033234228,-0.549230278103159,0.0296267805085131,0.0301401844561207,0.0222286014039789,0.0268999304712911,0.601187170618014
"GOBP_REGULATION_OF_ADAPTIVE_IMMUNE_RESPONSE",-0.151226470623145,-0.162651283996873,-0.111294847433948,0.0535499049383683,0.112979281490074,0.357344462760131,-0.272152431619873,-0.26787549518812,-0.313175247185004,0.297196003841088,0.133669796969781,0.0447312878325317,0.00260636531083435,0.899086022452246,0.0727633874018823,0.0233008551732638,0.0502521396504115
"GOBP_REGULATION_OF_TYPE_2_IMMUNE_RESPONSE",-0.0398913249843575,0.0601038731745843,0.135181058724409,-0.0789941714050448,0.264757077353679,0.139327973838971,-0.370373685520198,-0.339460426083444,-0.241342364827732,0.340814746433635,0.323911373653767,0.117707976550731,0.00545028165831843,0.290859582583533,0.650175030698141,0.00528785245578437,0.0832164679536922
"GOBP_NEGATIVE_REGULATION_OF_TYPE_2_IMMUNE_RESPONSE",-0.10269489867899,-0.00413391809170502,-0.0549777890911468,-0.251652698212062,0.257202541825912,0.089029869966637,-0.299375802291964,-0.351268703835984,-0.216330171218354,0.438796053525867,0.346338174957288,0.0584842919089223,0.0105488805715414,0.260301511322638,0.627947315806784,0.0277478270957152,0.091872477012554
"GOBP_POSITIVE_REGULATION_OF_TYPE_2_IMMUNE_RESPONSE",0.0435578687729654,0.158586873267646,0.269032444739488,0.110450196037701,0.347309320895477,0.304510373750441,-0.49049966208417,-0.386617447777724,-0.284790941402815,0.343589746013666,0.266616568802631,0.13624194907724,0.00358403443415451,0.958355560523433,0.37757006817927,0.00169090339578394,0.360500465677718
"GOBP_REGULATION_OF_NATURAL_KILLER_CELL_MEDIATED_IMMUNE_RESPONSE_TO_TUMOR_CELL",0.49209367796238,0.0602876344343151,0.00861804289826443,-0.0386147050222491,-0.0862470333561551,0.193053447604976,-0.63031513543244,-0.249445144116177,-0.573972042400917,0.334566987184371,0.49495999640112,0.263877198174618,0.0283388882162429,0.038617894359061,0.416196396605077,0.00700841358380128,0.373818574469165
"GOBP_REGULATION_OF_MYELOID_LEUKOCYTE_MEDIATED_IMMUNITY",-0.0300351542101892,0.259444791735506,0.0435063883039234,0.0430994120165897,0.0136057083511133,0.27507067394435,-0.42358446927427,-0.254583096662647,-0.431080865362006,0.371618009492541,0.169936908295196,0.0500750277609783,0.0157232801331152,0.527198732286627,0.877997752355693,0.0110042696103899,0.45301121489218
"GOBP_RESPONSE_TO_ISCHEMIA",0.26014957483039,0.111027086919876,0.0893459887455906,0.0645420141166191,0.360530569627706,0.25895808703375,-0.408331561052906,-0.452185880495785,-0.425230060801931,0.380057718308628,0.253353651873672,0.263203495876034,0.00606697190942522,0.516292617071389,0.513456102355724,0.00148931519447254,0.10212378428503
"GOBP_LIPID_HYDROXYLATION",0.225997217738858,-0.0241440058928148,-0.141015236534255,-0.357022252211137,-0.294771754633964,-0.49287149789136,0.451235836107229,0.616534640828189,0.735493468866566,-0.129597367776529,-0.0759736126322281,0.116477756655094,0.0149989413878268,0.022831337207383,0.0452688715440333,0.00491001499806239,0.725569782226354
"GOBP_DEVELOPMENTAL_PROCESS_INVOLVED_IN_REPRODUCTION",0.0921379869900576,-0.00369611025898434,-0.0558201134627582,0.0683237814988293,-0.0241131163393956,0.2169593787566,-0.183549624755444,-0.152388201291065,-0.164841594259475,0.086301265166119,0.120584383964415,0.116100212849366,0.049303417811009,0.797991199420665,0.417758563530585,5.03228749586579e-05,0.148373701662337
"GOBP_HEART_MORPHOGENESIS",0.0544006928106095,0.156850762803018,0.0217096850847874,0.0926623954508194,-0.100753986507421,-0.00626374029115007,-0.184066245869118,-0.165288307984889,-0.0582676932578891,0.0569014485193456,0.157521906254266,0.112214914745429,0.019499326372218,0.168448625644346,0.304470340564601,0.009126049999755,0.569733348114293
"GOBP_SKELETAL_MUSCLE_CONTRACTION",-0.165036877517229,-0.0466409602269829,-0.0603337584438667,0.155693798335023,0.0619536397180534,-0.0200202597524487,0.219639543525806,0.119736482995689,0.309725495548113,0.0039026214594507,-0.26919958436202,-0.112344031601516,0.0132187680345891,0.123092682692275,0.0735065509729061,0.0287209453645778,0.715704806108925
"GOBP_MUSCLE_SYSTEM_PROCESS",-0.00455898224494716,0.0488721044384134,0.0330436192863997,0.142124249460825,0.0616553016438983,0.0520798960682665,-0.180521151948402,-0.0883419441359793,-0.117211970045046,0.0608175569908459,0.0712532230696484,0.0769322645725585,0.0137681572926174,0.640986063514072,0.162276430944572,0.0160682605380335,0.0991871350269466
"GOBP_VASCULAR_PROCESS_IN_CIRCULATORY_SYSTEM",0.097719607986692,0.151711976635597,0.137599794354904,0.0330173909701306,0.105017328924549,-0.0311120017992251,-0.182010019014613,-0.224813074399992,-0.160941443070529,0.0552881094710002,0.16633765964995,0.113845578905149,0.000241702317503473,0.210453032413707,0.127053270772297,0.00299115583705745,0.665463602988803
"GOBP_RENAL_WATER_HOMEOSTASIS",0.226991970664266,0.332198559890014,0.184263176642728,0.289046926034164,0.347718761830518,0.216340907449623,-0.369028423922087,-0.424389822049797,-0.317066434479919,0.359991513485293,-0.0375466921823289,0.0573426162302591,0.000581422879990976,0.317994086323498,0.564114434795554,0.0460300607621074,0.424055172468507
"GOBP_OUTFLOW_TRACT_SEPTUM_MORPHOGENESIS",0.436899136975432,0.243392820089037,0.371650557357307,0.2486996345517,-0.0616599939394842,0.219195089520363,-0.411192169989941,-0.473191332051208,-0.0413787321885656,0.172116431340698,0.301003842513845,0.17048281291115,0.0256776144571651,0.521251191952433,0.150105168760853,0.0494220851435911,0.134410596308078
"GOBP_OUTFLOW_TRACT_MORPHOGENESIS",0.0797088283166032,0.0158890094686902,0.00233431170857032,0.210640241153451,-0.0152215488657979,0.172454066880451,-0.215741265350252,-0.202138422044355,-0.0707482993113903,0.046095245570125,0.260019255205287,0.0597832188989966,0.0330307571125837,0.994974298134429,0.326452723773039,0.0330081802455238,0.325690230840582
"GOBP_ATRIOVENTRICULAR_NODE_DEVELOPMENT",0.248256474980316,0.413692691905359,0.392704894471337,0.654440433201497,0.516047537918176,-0.0959153645431129,-0.453187845724828,-0.634520298842297,-0.241351306553082,0.253513086752376,0.769095543247079,0.101008953133136,0.00962183989272052,0.960074722422357,0.979927771392948,0.0358708010859074,0.92130035307357
"GOBP_HEART_VALVE_DEVELOPMENT",0.135642478230475,0.121334886098857,-0.0116987506577259,0.277591287579444,0.151850995093365,0.156377774645143,-0.333494956701338,-0.265968388686045,-0.143928472282389,0.0702026747260695,0.238923182306113,0.105884114884879,0.0112114453572538,0.437904641805982,0.144327100598898,0.00705174068506693,0.461896178154194
"GOBP_ATRIOVENTRICULAR_VALVE_DEVELOPMENT",-0.0937921920059314,0.0176045040969846,0.15704067131606,0.364714297870335,0.185674412809241,0.0716673133282956,-0.415142549420924,-0.226583178176085,-0.295132851412947,0.120003467889793,0.408099010376686,0.0343683047021105,0.0230976009182734,0.895716707021406,0.184274635213394,0.0303244175997145,0.308497563456934
"GOBP_TRICUSPID_VALVE_DEVELOPMENT",0.0503267398661683,0.295143805881227,0.057271209886026,0.632018360769109,0.516178010993862,0.520087255963803,-0.655402661716275,-0.322284809819334,-0.533004274926489,0.052486890321535,0.489526611925945,-0.0351157748961062,0.00790969140037085,0.133321719383879,0.0199832617660681,0.0329726048251088,0.860508838526065
"GOBP_PULMONARY_VALVE_DEVELOPMENT",0.428764067140664,0.405634488577008,0.328705303747761,0.161324084205195,0.130565183674746,0.113507792223966,-0.400813088534174,-0.531098232783151,-0.479752149069814,0.0290186361734674,0.265236797949717,0.12643854982062,8.40362819053397e-05,0.948069361537751,0.00589941059962629,0.00381913346146763,0.0517261138715572
"GOBP_HEART_VALVE_MORPHOGENESIS",0.0484599424398253,0.116413882818272,0.0316301748898353,0.303082097178653,0.105855268464235,0.113987070752847,-0.251029233938675,-0.281660672507202,-0.146153063394745,0.0401887160085979,0.273631553105359,0.0573041176591594,0.00651803329941401,0.63668043397624,0.227537637918821,0.0248976452584203,0.527162644794318
"GOBP_AORTIC_VALVE_MORPHOGENESIS",0.00992156935405214,0.116907043718974,0.0210248192741853,0.328438245310823,0.111841582686548,0.206010515219161,-0.184572177899771,-0.395370124411636,-0.147447262825109,-0.0531498412240266,0.232679199066915,0.0570774899543363,0.0465844259528763,0.265124844753712,0.099870438180978,0.0476244417417375,0.766346977374595
"GOBP_TRICUSPID_VALVE_MORPHOGENESIS",0.0666385461416011,0.309370196457816,0.0849732427097775,0.48189877581312,0.58080497734075,0.284759823824641,-0.658639075347462,-0.323236118555931,-0.579228268755038,0.359167370765716,0.620847312917666,0.0105424614253487,0.0073593304074978,0.589707192507765,0.0655149699283343,0.0222460334969174,0.433806983015268
"GOBP_ENDOCARDIAL_CUSHION_DEVELOPMENT",0.25741687680225,0.261574514903565,0.243650567927802,0.214677862571101,0.092854704461945,0.0268751176446375,-0.180675782731055,-0.34483903801093,-0.257839324967681,0.139210258056671,0.299334598712241,0.0524022387220057,0.00773680160484957,0.5986051131646,0.120564525055553,0.0115488274860736,0.336918989673043
"GOBP_ENDOCARDIAL_CUSHION_MORPHOGENESIS",0.351357297284469,0.261326097130684,0.207684144788642,0.282467470932727,0.0993112003809381,0.12345792531692,-0.242268962334758,-0.400671895012649,-0.284754643388174,0.112740252640746,0.243345846109765,0.0197112575061385,0.000824750105934705,0.645007381902098,0.220108932509562,0.0072617957201779,0.139355337245494
"GOBP_CARDIAC_CHAMBER_DEVELOPMENT",0.148119329181783,0.208580772306975,0.0034585717433496,0.138834124248036,0.046360720709499,0.164376355037805,-0.311613768329282,-0.273560708697378,-0.0743133504577401,0.158496484508825,0.203010106538565,0.115681234218388,0.0249971150959973,0.39249167648955,0.963071504951941,0.0257281136003253,0.600114234553347
"GOBP_CARDIAC_VENTRICLE_DEVELOPMENT",0.0588420005358257,0.102079129371279,-0.0279071422676707,0.204159654711125,0.0664570892272671,0.251986228231745,-0.293481842058775,-0.32072953686709,-0.10673188411643,0.164599835984422,0.212920801542036,0.125777201625621,0.0316786058036584,0.923183306620061,0.135706186884183,0.0165217522465104,0.0633938121889457
"GOBP_REGULATION_OF_MEMBRANE_DEPOLARIZATION",0.0125904611736224,-0.0598700984694288,0.158086586473919,0.046323281289581,-0.114251489238579,0.172034691031507,-0.267558663572044,-0.226757840570442,-0.254011733546663,0.239580314119199,0.171320415317609,0.366821182083368,0.0425060437569276,0.098080767725879,0.984069712846628,0.00997617970462842,0.0616777885992438
"GOBP_ENDOCARDIAL_CUSHION_FORMATION",0.325882993073592,0.253545425725743,0.0569846967880532,0.382062165892831,0.210019477544495,0.31605858807898,-0.279372822040188,-0.375356120586221,-0.240084935693726,0.26966234717492,0.17880573794444,-0.059518479786626,0.0113909428926347,0.215067192226428,0.402558056620758,0.0343995859700641,0.552243262261328
"GOBP_ENDOCARDIAL_CUSHION_FUSION",0.576235501827284,0.569005599871593,0.688031976390744,0.0698978416161005,-0.064597895383711,0.319923072013645,-0.800906367616368,-0.702417690831612,-0.683961901835803,0.498030431619265,0.799485367539798,0.474722169888507,1.4897372880375e-05,0.0351883367174123,0.0355768513545454,0.00300770199528425,0.868764829174082
"GOBP_CARDIAC_SEPTUM_DEVELOPMENT",0.148821495285621,0.232688413615238,-0.0404904178914269,0.171496188218198,0.072703141664856,0.267723345020283,-0.310350829426908,-0.322212046997378,-0.16093720368649,0.210411570485826,0.263564364606484,0.179597386537109,0.0230085765701339,0.502904140468185,0.597423579360782,0.00427151169319726,0.32569876760031
"GOBP_VENTRICULAR_SEPTUM_DEVELOPMENT",0.089559221822511,0.131843931547223,-0.0279033259499489,0.22434078221244,0.0593318779033096,0.287941197380829,-0.358899750453671,-0.369226815881192,-0.22377555215649,0.168910249755291,0.275614537590514,0.15727946446861,0.00467309523671027,0.90502382345117,0.212442233600439,0.0012183995527537,0.0925923276302433
"GOBP_SEPTUM_PRIMUM_DEVELOPMENT",0.222829752943028,0.220195149972366,-0.025472549773094,0.440838295394872,0.384532764730131,0.0355003908802948,-0.550933248849335,-0.608276405863663,-0.495123619122183,0.0825820612195024,0.596074816607245,0.386596104682866,0.00703985765611733,0.745710109230779,0.3920523125076,0.0218305983807469,0.291303657625749
"GOBP_REGULATION_OF_WNT_SIGNALING_PATHWAY_INVOLVED_IN_HEART_DEVELOPMENT",-0.19129452734007,-0.129425525686616,-0.0102058417776713,0.0224203691696362,0.46981049793285,0.220108766108613,0.084927402627337,0.245028141048371,0.314416708775603,-0.274398806058412,-0.0166112389399422,-0.259032820582733,0.0217334838684509,0.0621795392390853,0.0998274250363453,0.0223972464048759,0.50826161004704
"GOBP_POSITIVE_REGULATION_OF_EXTRACELLULAR_MATRIX_CONSTITUENT_SECRETION",-0.471687017306748,-0.546567698757368,-0.311404919999365,-0.322865732402778,0.190057090178936,-0.266065722221335,0.483661574798061,0.509197898120153,0.593709429548394,-0.755583001558181,-0.638448881807034,-0.621399480999557,0.00131815955388732,0.0717165772602276,0.186924846855129,3.61641295966638e-05,0.0599443244262151
"GOBP_AMINO_ACID_TRANSMEMBRANE_TRANSPORT",0.108402952266291,0.166230100462916,-0.0647835832112476,0.0962970559598166,0.047520978301163,0.109874397017044,-0.289529086032747,-0.347019752345113,-0.293124843743659,0.234196948074112,0.107779367372278,0.259231713890941,0.0253284853563695,0.117941771043562,0.855631285440896,0.00362391131648616,0.204023462761537
"GOBP_EPITHELIAL_CELL_MORPHOGENESIS",0.144819370020908,0.132652272495948,0.199021838559489,0.336948211078695,0.359240665925091,0.187653220820645,-0.359723101574246,-0.395918265084579,-0.139528866396418,0.158770352993636,0.0871194773257375,0.0316523712062117,0.0236362071616151,0.0428881854521178,0.114455668857322,0.0244608795663973,0.209493374113829
"GOBP_CHONDROCYTE_DIFFERENTIATION_INVOLVED_IN_ENDOCHONDRAL_BONE_MORPHOGENESIS",0.268105940189296,0.464412201153884,0.206260176035145,-0.261277337649362,-0.118414819424787,-0.229306245468523,-0.212727984759432,-0.235312656103124,-0.21973890298586,0.231407931818345,0.379597990646372,0.47195803853021,0.0198419643062551,0.0045121850431057,0.00909365958275507,0.0134899072751175,0.670318430041142
"GOBP_CHONDROCYTE_DEVELOPMENT_INVOLVED_IN_ENDOCHONDRAL_BONE_MORPHOGENESIS",0.13366761717715,0.709648920642089,0.312153317500432,-0.160243257435122,0.0223388899144267,-0.590802722250009,-0.376928999513861,-0.402212550203487,-0.192771169290585,0.307205666834998,0.441128766488262,0.401092685620471,0.0392444904415799,0.0688203667202972,0.0654793038349733,0.00189487455738564,0.991760212383109
"GOBP_POLYSACCHARIDE_METABOLIC_PROCESS",0.312436488504263,0.142157102104654,0.0947474493559701,0.14644663031023,0.110900422065105,0.277186298416292,-0.433569679481517,-0.422886524515795,-0.42835984011211,0.193032164741274,0.360954351309007,0.328088522794286,0.0113522621524161,0.18331738584035,0.955729895677047,0.00489716007599839,0.259799086097768
"GOBP_FRUCTOSE_6_PHOSPHATE_METABOLIC_PROCESS",0.0106266410442885,0.376699109039373,0.211933266528388,0.0783898122562114,0.31452380470004,0.1925613776466,-0.464645210525416,-0.610787922099008,-0.653558149049938,0.540194425682805,0.429490111347437,0.172084321353093,0.00699995979154897,0.235701513527008,0.972920095459946,0.00431374844048951,0.299914908220021
"GOBP_FUCOSE_METABOLIC_PROCESS",0.106262244312815,0.397499812253204,0.0794907705986111,-0.230436659395182,-0.138240079853373,0.289976848003809,-0.297502630858792,-0.399360154180974,-0.184518624431132,0.316570811947911,0.390571205773152,0.33219292396269,0.0218471198181983,0.143154872347972,0.320611110008547,0.00465979919134119,0.271693612706574
"GOBP_GLUCOSE_METABOLIC_PROCESS",0.0791939388141229,0.165236497495591,0.121469648267558,-0.0778540181433516,-0.0656932778769674,0.12170300484655,-0.246427520773252,-0.288157073504897,-0.35532718482887,0.402653959847288,0.329078061941284,0.16626859592669,0.000643619417016459,0.0324638089430269,0.173433292832573,0.00570035458503046,0.113800246040807
"GOBP_GLUCOSE_CATABOLIC_PROCESS",0.322550303562856,0.357828100875945,0.308422300162455,0.160845480395076,0.311060201564367,0.367011602062921,-0.572879843154922,-0.584179795598965,-0.521436290349178,0.53911599529261,0.230734272651343,0.311552343714866,6.50140717262339e-06,0.512244261660582,0.505141899214805,0.007805598058799,0.771287312722617
"GOBP_AMINOGLYCAN_METABOLIC_PROCESS",0.140582350872681,0.120061869728073,0.115462660004482,0.188238331792049,0.15688658699082,0.182599414237003,-0.36223303674898,-0.318870134667413,-0.296769522152323,0.281218417817909,0.187417939492691,0.202059548721982,0.00048225540557441,0.238562818296235,0.0164727315787209,0.000240063976652693,0.0693292976712862
"GOBP_AMINOGLYCAN_CATABOLIC_PROCESS",0.0378948969482015,0.106449062058417,0.218126064418189,-0.0718307694940611,0.154169654066868,-0.0858723994804425,-0.262389925964974,-0.199964017870808,-0.297606245301623,0.477474148901233,0.118759454239843,0.160411748883627,0.00755946130324369,0.148097093905763,0.272411168457713,0.0397979204472184,0.374283796131111
"GOBP_GLYCOSAMINOGLYCAN_CATABOLIC_PROCESS",0.107963611450998,0.239446624947315,0.362737109086206,-0.18974370298369,0.0215986269470211,-0.168765673402219,-0.312488398762596,-0.207011859141412,-0.266420241973967,0.480904642825855,0.238129235931665,0.221648870032828,0.0115189373229175,0.0181744868022743,0.0251679343840496,0.012545622396492,0.529232692957133
"GOBP_PROTEOGLYCAN_METABOLIC_PROCESS",0.183465347650169,0.286827170263945,0.213159817097038,0.0714619945386522,0.094419507757056,0.186121461401041,-0.414391537912786,-0.383274983562503,-0.210682912499307,0.375682811201287,0.306825902674278,0.298002219979566,0.0046396680729771,0.0106229876442378,0.0778145364724697,0.00413942874670474,0.0685362885643268
"GOBP_AMINO_SUGAR_METABOLIC_PROCESS",0.273269516138631,0.377878903201491,0.100680526721976,0.0253903401431634,0.0223764762811226,0.22187506167617,-0.33380702942146,-0.383561455744931,-0.466499461798637,0.353789993779996,0.352420036455964,0.3328858684919,0.00637969693430288,0.058882851933502,0.20110883667202,0.00212420437470118,0.357688245372126
"GOBP_N_ACETYLGLUCOSAMINE_METABOLIC_PROCESS",0.305210247138805,0.363074575558482,0.167888788826844,0.215940958318209,-0.0506817576143122,0.29450893540824,-0.512425625541952,-0.481250854261793,-0.541676095701833,0.552730403328438,0.380894735063702,0.398732990597145,0.00295125270776841,0.0897811597847349,0.367860692933184,0.0015211787522663,0.106323265361058
"GOBP_UDP_N_ACETYLGLUCOSAMINE_METABOLIC_PROCESS",0.270479735279841,0.384454359935398,-0.0159287341170246,-0.494247531760485,-0.0823921789756198,0.392229431037042,-0.464126060897869,-0.48518747975594,-0.418770750992142,0.394469282760784,0.505100413198584,0.38043680562585,0.0275753251460757,0.194516878288445,0.406818726703323,0.000313294004620409,0.207916184481104
"GOBP_UDP_N_ACETYLGLUCOSAMINE_BIOSYNTHETIC_PROCESS",0.333990392559159,0.343594073535366,-0.0410804592289959,-0.40395110794409,0.0968223345737803,0.229191480743074,-0.462696769806847,-0.469425532060671,-0.563938042088084,0.429128160708804,0.536484491274102,0.527691223577492,0.0243653494137596,0.108742430838963,0.368686597743503,3.1058307762924e-05,0.145023949088318
"GOBP_N_ACETYLNEURAMINATE_METABOLIC_PROCESS",0.470453996883382,0.238597657136051,0.199684017047658,-0.369227201403265,0.132291283958334,0.352065409657562,-0.359001807610085,-0.573355058990032,-0.632422567424179,0.470295736994244,0.473840841911468,0.359934245800696,0.00224518168476772,0.201565905137203,0.343682023501499,0.00256558464554881,0.256784129236702
"GOBP_URONIC_ACID_METABOLIC_PROCESS",0.17641433130071,0.164994628125498,0.151875787752074,0.159438058732668,-0.566525678195245,-0.0194712376112784,-0.19733126614737,-0.336584978107013,-0.229462770840043,0.485163115696309,0.195556853021752,0.32190590671805,0.0085023804188501,0.149301992271667,0.295370671269838,0.00859926514922608,0.179257249458926
"GOBP_ALCOHOL_METABOLIC_PROCESS",0.0716219871794715,0.112532287871524,0.101712255695503,-0.0314480230281299,0.0286767604665707,0.115272342276734,-0.324624593078807,-0.322200030783614,-0.28705132742919,0.296374620276039,0.236101481693069,0.136287445151302,1.9171043503483e-05,0.0430615378481895,0.306130190789928,0.00506228853526944,0.103449791481602
"GOBP_GLYCEROL_3_PHOSPHATE_METABOLIC_PROCESS",0.511536391198202,0.232763987640435,-0.0849740526520585,-0.335754913789905,-0.105815188674106,0.211677973010417,-0.64304371206958,-0.497058892155034,-0.263113310303562,0.139237296450906,0.348520694589564,0.336693569860538,0.0361712583186439,0.144328411771547,0.274895205365952,0.0080065732132093,0.788399782227134
"GOBP_CELLULAR_GLUCAN_METABOLIC_PROCESS",0.31029006485613,0.179167145644117,0.0965297501778502,0.0430686311585994,-0.0204278386108103,0.277040156992306,-0.405742700704681,-0.409067090445089,-0.435794982180313,0.227352594534218,0.430338287919674,0.295205992349969,0.00894586207090847,0.125716499237681,0.439565010748342,0.00555548499568357,0.229118341522046
"GOBP_CELLULAR_ALDEHYDE_METABOLIC_PROCESS",0.0452221246034643,0.12237299800701,0.161147306623512,-0.127022268080604,0.0120872506921274,-0.0230297393050888,-0.19405953323879,-0.361456357801747,-0.283367861190385,0.458610160509508,0.35757317798172,0.0785653011616689,0.00399326073578247,0.0798977975269504,0.0469020749645477,0.0232012589638293,0.233893768666651
"GOBP_ACETYL_COA_METABOLIC_PROCESS",0.399724528273555,0.30809554784402,0.404715882759402,-0.296047535661267,-0.0921528970528818,0.230367435407604,-0.549962399660727,-0.52384815425319,-0.544034401450886,0.626576230967618,0.460861336147116,0.529066968431073,0.000648332821825452,0.0503617698534759,0.104312835013884,0.00156678981933766,0.0517146380615297
"GOBP_ACETYL_COA_BIOSYNTHETIC_PROCESS",0.473737279740166,0.218110810991872,0.0761733866506886,-0.268024468354308,-0.0850758252568524,0.404957886018677,-0.639708594010201,-0.616146737096831,-0.607238759190566,0.652108971710924,0.507662111929425,0.521791505231377,0.0166039569854807,0.107258802404117,0.375044842251501,0.00100465765509786,0.105720476852402
"GOBP_ACETYL_COA_BIOSYNTHETIC_PROCESS_FROM_PYRUVATE",0.547674722427891,0.203938859549098,-0.000491555798492499,0.0733452718422154,-0.177581305874103,0.44530178921976,-0.707925141216582,-0.684916537881081,-0.68674324039545,0.490477555658776,0.509512251048467,0.559550862751516,0.0273326359262085,0.152257251217215,0.602065284674389,6.16927451352357e-05,0.232672898735284
"GOBP_PYRUVATE_METABOLIC_PROCESS",0.0395809770712129,0.135189289631784,0.132709886229427,-0.02911162988392,-0.0348889982178346,0.226531670553254,-0.351482738428947,-0.257979364104069,-0.403746600415286,0.449093302288812,0.310180579201845,0.0269120935240224,0.00163312656071637,0.249259676227618,0.641196746331508,0.029750529671907,0.32680965973674
"GOBP_CITRATE_METABOLIC_PROCESS",0.471098820908748,0.44604083436018,0.559929530143848,0.0106387064561648,0.273559051736204,0.422453731821585,-0.729039443867932,-0.766639781848525,-0.720513115949963,0.598589369528749,0.540999347083019,0.600747000483314,0.000152108545759916,0.0998480756791292,0.15859869426435,1.91567075844528e-06,0.109483356692364
"GOBP_ISOCITRATE_METABOLIC_PROCESS",-0.13126804867306,0.60532473755734,0.555047261261489,-0.323166187520991,0.161922172988311,0.445886276083489,-0.627691109218795,-0.717261415309544,-0.851436472577121,0.589594075646702,0.554860187089413,0.127321569403599,0.0376797254054853,0.29815689731834,0.490182642014033,0.00764434789895069,0.789784579088449
"GOBP_2_OXOGLUTARATE_METABOLIC_PROCESS",0.0243604912168334,0.108191344229219,0.288117900433285,-0.518604254227998,0.0454127571360162,-0.241819151355742,-0.352103243925627,-0.422511888907329,-0.423780332285122,0.393972592200465,0.165173953355102,0.3117893295691,0.0140140520864693,0.0671012969784932,0.13100071328209,0.00481265576561371,0.218958987783874
"GOBP_SUCCINYL_COA_METABOLIC_PROCESS",0.503007208747105,0.0168557744178684,0.553631591503093,-0.0431828421617625,-0.519754099161314,0.278317758955642,-0.598097880773651,-0.489172905457121,-0.618729619596766,0.474737741974579,0.478613984931308,0.493339106396031,0.0272090042697412,0.130430094290748,0.197329659528103,0.00121145735136753,0.542861831698374
"GOBP_OXALOACETATE_METABOLIC_PROCESS",0.233638526156618,0.227518045926415,0.0227139354271126,-0.336838706365722,-0.127593682584397,0.17933043850506,-0.397764509327603,-0.726567039391288,-0.69795397319483,0.562654218985892,-0.0580095987655313,0.0517914096402067,0.0057617029177147,0.31596232513951,0.22415778264165,0.0338660697447093,0.914178573451532
"GOBP_MALATE_METABOLIC_PROCESS",0.245951806071591,0.216356615246263,0.43598771048568,-0.511994926376513,-0.209703718766494,-0.146941872954635,-0.12560134656638,-0.385106991686959,-0.105495423360656,0.34202512535072,0.295048385139295,0.00968013930541659,0.0130223420824716,0.0303327347155659,0.017002753269774,0.0385464819440372,0.542999992285586
"GOBP_REGULATION_OF_CARBOHYDRATE_METABOLIC_PROCESS",0.111447288196275,0.0802852851381818,-0.00699423308658251,0.094597233337553,-0.0237824827627189,0.177566932977561,-0.252396391305872,-0.245266464274441,-0.275912000306995,0.295523851120388,0.33671925209003,0.131864674857992,0.0085994800834989,0.115346529359602,0.774830360934076,0.0131093933667455,0.0705151633571844
"GOBP_ENERGY_RESERVE_METABOLIC_PROCESS",0.341509985623486,0.213204095573366,0.0874293405529701,0.0159670655781087,-0.013798875967737,0.265643810490487,-0.372409384628988,-0.410069524395671,-0.430474740975154,0.209241675333137,0.412771017501309,0.273481680934219,0.0106420028489101,0.131986361931566,0.34099230917744,0.00449028178609792,0.425215260651543
"GOBP_FERMENTATION",0.404546364963367,0.00670723089885783,0.00261176832090948,0.378598100448144,-0.316872881748828,0.742654938072716,-0.483640489058377,-0.351838446737603,-0.391724615651962,-0.0409535246331783,0.454091768368516,0.448603131084981,0.0452632498634436,0.959999378494592,0.72847962616348,0.0448353751379848,0.520603342206156
"GOBP_NADH_OXIDATION",0.292337210766044,0.351674256235541,0.587975995799661,-0.230544185787679,0.0600871807823282,-0.342702298784269,-0.625825779689962,-0.71524043631929,-0.523747264855871,-0.00232165606939727,0.472727865860244,0.34107511255744,0.00149014498702919,0.0778315595653844,0.0206146649456442,0.0145956093147916,0.458595683633704
"GOBP_PURINE_NUCLEOBASE_METABOLIC_PROCESS",0.315949865639055,0.432255112645477,0.0512358637946753,-0.149363944880646,0.101782253865572,0.397461355069697,-0.50456904256913,-0.574662137834869,-0.582651086765769,0.506642080515253,0.287776955824692,0.231588312323271,0.0149263577179451,0.295707779968706,0.487461154999326,0.00532780616286351,0.621705005513294
"GOBP_PYRIMIDINE_NUCLEOBASE_METABOLIC_PROCESS",0.182499353423864,0.203992757026014,0.0168752383067424,0.159944504543538,0.219772754289696,0.120562416436597,-0.442401755496098,-0.408281117082215,-0.62539209525438,0.346409768527603,-0.041628191147673,0.0832064419728331,0.00234934395505862,0.778008857408275,0.658088598015675,0.0154946357336204,0.970740598090213
"GOBP_DE_NOVO_PYRIMIDINE_NUCLEOBASE_BIOSYNTHETIC_PROCESS",0.404479315571291,0.515022730622348,-0.0484390620789701,-0.318351271450777,-0.300642723044754,0.282325832744307,-0.583348384290135,-0.386444482577967,-0.640943580578641,0.810332333507581,0.559147434792622,0.518248996987748,0.025938607155591,0.046314207146186,0.200508816137342,0.000707407336533606,0.179509177001994
"GOBP_DNA_REPLICATION_SYNTHESIS_OF_RNA_PRIMER",0.208681683439843,0.108622848768982,-0.0915321377748286,-0.103222931693155,0.210597206969255,0.281716021491804,-0.221283007964547,-0.621452914681237,-0.356139226894383,0.631854343039683,0.0424921323963288,0.120127298629296,0.0355891907737818,0.576852505867384,0.732305372840353,0.0479577117562907,0.425912445895183
"GOBP_BASE_EXCISION_REPAIR",-0.0781993559111604,0.0420365477722994,-0.135544167942767,-0.195573674194038,-0.202596693357235,0.371184053336742,-0.32202580375074,-0.354182841874896,-0.484230819545264,0.48581611388281,0.230795009062183,0.10404558480633,0.0103150595931694,0.284472048559323,0.826839158772489,0.0156391903134638,0.0805103655197156
"GOBP_DNA_CATABOLIC_PROCESS",0.105970144063428,0.193781055933104,0.232446870209736,-0.155245544580883,-0.0913533183391984,0.0303282860408781,-0.365543823493625,-0.316980607593189,-0.211296234660781,0.312170758867555,0.245480779413248,0.304912681536176,0.00149791580263907,0.0130584013953667,0.0242192514592127,0.00179261833752235,0.0788790456165437
"GOBP_APOPTOTIC_DNA_FRAGMENTATION",0.194513240286473,0.00543160095970241,0.228914288171684,0.00425574364716047,-0.000616132677085823,0.19929479860052,-0.389299562987754,-0.300256086260678,-0.244518640136816,0.283163729139633,0.326460514357529,0.397415029300629,0.00874457988199767,0.0367180024807526,0.475522201363264,0.000365783884484178,0.0913151999050416
"GOBP_MRNA_SPLICE_SITE_SELECTION",-0.154710399805022,-0.331372420382748,-0.413392472212813,-0.172957557668459,-0.261363905432696,0.113288723234981,0.159738377559265,0.283598775121302,0.247040425421208,-0.149011413455752,-0.276194035911155,-0.173826691193117,0.00929129437687883,0.505766712328841,0.239788421764335,0.00132358665658886,0.327520462047332
"GOBP_DE_NOVO_PROTEIN_FOLDING",0.230941015247491,-0.00702762873095278,0.181275057269558,-0.154597655842004,-0.18526430480509,0.362470654089221,-0.498925369704256,-0.388505293771769,-0.525046736936062,0.449029913565325,0.29529668385836,0.308817552279966,0.00436267147397253,0.18642356191539,0.559601447475987,0.000254069386091149,0.0778555691059962
"GOBP_N_GLYCAN_PROCESSING",0.375541034860655,0.476447460606696,-0.0534090666521061,0.210657502956146,0.216287236498288,0.26556036795185,-0.489747284464539,-0.366014594721115,-0.523078651012209,0.275406556118125,0.363200180948505,0.38232605142724,0.0377269112517667,0.059574376455849,0.848318795906021,0.000328657089060559,0.695540434064133
"GOBP_PROTEIN_O_LINKED_GLYCOSYLATION",0.082558318493347,0.122438755065884,0.160881844273498,0.224270310904717,0.0645680293060541,0.265354522182952,-0.353778508301769,-0.324477574133312,-0.32879676119276,0.118098875215243,0.303091320471247,0.32135896512976,0.000701946452399916,0.520670551136646,0.418770344078897,0.0109802927142982,0.18430541326209
"GOBP_C_TERMINAL_PROTEIN_LIPIDATION",0.176949375375051,-0.250722971535567,0.0797434594012494,-0.409218341906887,-0.16919531400044,0.263407683651009,-0.648762897486202,-0.635283648300823,-0.398293891054169,0.26602716722068,0.665618467359218,0.33734901555356,0.028558039280325,0.0980417486897033,0.676700691110517,0.0042988471695721,0.0780467969693824
"GOBP_PROTEIN_QUALITY_CONTROL_FOR_MISFOLDED_OR_INCOMPLETELY_SYNTHESIZED_PROTEINS",0.261241360844341,-0.0468819884773818,-0.169389371035886,0.119132017525307,-0.0345608395773755,0.394772578697445,-0.475714589860339,-0.399387145940375,-0.58965853767495,0.480222873113401,0.474472195119435,0.423183169887372,0.0428790774538437,0.137151267014716,0.464887383473242,0.00154773396341613,0.071266039496239
"GOBP_GLYCOPROTEIN_CATABOLIC_PROCESS",-0.0699451882583684,0.161354736976818,0.248340339538356,0.194169093707052,0.168849945023546,-0.12884983424722,-0.2870439266595,-0.0953377221371056,-0.335224485465786,0.495323103804566,0.119496539580125,0.185851594213639,0.0458665307148973,0.292039086219228,0.814806429990964,0.0281127825032918,0.365025641661175
"GOBP_AMINO_ACID_METABOLIC_PROCESS",0.139041115135107,0.123795456550491,0.0504993786253893,-0.0905677555827508,-0.112917719682795,0.150001999560247,-0.325469470697606,-0.350311866818512,-0.384229630459064,0.37082608376225,0.15672159905356,0.241406857948795,0.000412650805512717,0.0640068821966574,0.280875435279487,0.00691580396905539,0.119905840483861
"GOBP_REGULATION_OF_CELLULAR_AMINO_ACID_METABOLIC_PROCESS",0.323130738406228,0.394372679816153,0.0325787857268112,-0.498465147614194,-0.188113224459657,0.229834443462368,-0.397877325337575,-0.311592760665526,-0.38473762226555,0.691738169062736,0.114288977196337,0.33302335369359,0.0254901353642774,0.123559057462055,0.189234089963625,0.0444423565748729,0.559979713571997
"GOBP_ARGININE_METABOLIC_PROCESS",0.131481963677272,0.349029824455358,0.237653270987725,-0.308522596756835,-0.0852936867810963,-0.0459078374538314,-0.287557788263708,-0.497948202007065,-0.331155863807612,0.267314527963216,0.203695363447262,0.109076763601861,0.00242737485763302,0.033358253899644,0.0225093804527651,0.00288699722903052,0.588818310423756
"GOBP_ASPARTATE_METABOLIC_PROCESS",0.083027586272906,0.64573966355252,0.317244691994787,-0.32887513367124,-0.507044643988025,-0.467425105460919,-0.463668484522791,-0.675935893007099,-0.355044381004858,0.63170073944936,0.46790392120627,0.557751928227043,0.0178996195450072,0.00018059438082203,0.0307132780827959,0.0023110721794401,0.337958331422224
"GOBP_CYSTEINE_METABOLIC_PROCESS",0.0843828932990376,0.230066402386998,0.212373944856471,-0.254831128762388,-0.238637563376701,0.143375595462465,-0.339351263765387,-0.0107998616130921,-0.291023947257306,0.379162631864845,0.273394059253704,0.501784091994661,0.0456115525361029,0.0420719309779876,0.142688809366881,0.011833534446854,0.0672158425968172
"GOBP_GLUTAMATE_CATABOLIC_PROCESS",0.259051550120514,0.178198917695471,0.159242271852871,0.357142204584583,-0.00712009460505156,-0.337549649509508,-0.284295604891289,-0.417695776710622,-0.196416001875959,0.183505348841307,0.0269126960506265,0.414263166966072,0.00698736204205838,0.437564865281791,0.434770269751225,0.0265641632440884,0.942256221019494
"GOBP_GLYCINE_BIOSYNTHETIC_PROCESS",0.371929020012016,0.423700010441073,0.192479773331307,0.00328590800151538,-0.233751406605378,0.244667720848751,-0.574361271454502,-0.527639258115559,-0.174518846110965,0.155802065905884,0.290169272274227,0.599861481864675,0.0122721646822893,0.145837218213868,0.128073470097832,0.013231878525084,0.905279779502006
"GOBP_LEUCINE_CATABOLIC_PROCESS",0.390394918820122,-0.0911969047449188,0.0804240119828113,-0.0716898387380587,0.0874332455736526,0.395329519611886,-0.616123209278796,-0.870223143986955,-0.720513115949972,0.645811729462015,0.653953988554756,0.633598340822735,0.0121185424444302,0.0655876920302774,0.960031034351301,0.00269843578868794,0.0664641149119457
"GOBP_L_SERINE_METABOLIC_PROCESS",0.300965056470899,0.597791855457571,0.621279727371716,0.0281646914867731,0.169854352300356,0.479504588671635,-0.648124264688683,-0.625979296084394,-0.67818924636874,0.24523572333704,0.0111515372970814,0.316621057337755,0.00688266328967295,0.841555729817912,0.175347973236687,0.0102551565797514,0.085414900338919
"GOBP_L_SERINE_BIOSYNTHETIC_PROCESS",0.0997676277928898,0.507598674669385,0.517836476420881,0.147965845121497,0.454425506483495,0.680947892144731,-0.626419449862718,-0.822719025948772,-0.622253802427669,-0.051681806906563,-0.0901448217256772,0.500896066097543,0.00692270022502267,0.280681578431288,0.811615257074842,0.0395561796387873,0.344577314217305
"GOBP_L_SERINE_CATABOLIC_PROCESS",0.572048282302641,0.774570219433923,0.607459951285924,-0.412989207665755,-0.0383037776747041,0.157078172039228,-0.625108206635327,-0.468433734877353,-0.763394699031948,0.48272582178263,0.426662057840726,0.0331725225682319,0.000444294219156648,0.134924187237258,0.033806887506338,0.0085649047375062,0.125342063175642
"GOBP_VALINE_METABOLIC_PROCESS",0.354922340210333,0.232857916886546,-0.169509507764014,-0.149481400503161,-0.159986801521333,0.351511514765601,-0.475815206960011,-0.560573111976689,-0.700288073747524,0.632731603841768,0.583360978591758,0.591067223850719,0.0311992458722081,0.0721781380603305,0.616864175706082,0.00199710416985534,0.0985260568508889
"GOBP_CELLULAR_MODIFIED_AMINO_ACID_METABOLIC_PROCESS",0.177835070496772,0.221010489695653,0.111980964491951,0.0200975400261718,-0.0148873336066407,0.0823595916645301,-0.296850771149769,-0.306300873354515,-0.294854330534749,0.251665121995112,0.226406770041764,0.0370166401947617,0.00414155313850102,0.158456799780696,0.0300936770351061,0.0198252398246566,0.986100280448758
"GOBP_AMINO_ACID_BETAINE_METABOLIC_PROCESS",0.278805088578607,0.486901181539611,0.368655095230386,-0.265050099950466,0.037038286553927,0.196235046662911,-0.567367452030376,-0.253865537657148,-0.319781569585756,0.297011106526926,0.385394678717206,0.29770286072784,0.00458761571294417,0.124337987686572,0.0856766351600034,0.0119724111510841,0.500629003301329
"GOBP_AMINO_ACID_BETAINE_BIOSYNTHETIC_PROCESS",0.460930438885209,0.514595222608938,0.421373998788828,-0.366689591027102,-0.32639234701435,0.615021587982586,-0.677990074167315,-0.516034865310437,-0.491980319900951,0.250888270407892,0.643753091812498,0.321046144937407,0.000753087630208461,0.310975833957378,0.264525410695404,0.00628715048923253,0.670320130939111
"GOBP_POST_TRANSLATIONAL_PROTEIN_TARGETING_TO_ENDOPLASMIC_RETICULUM_MEMBRANE",0.108575868748688,0.0470629587186004,-0.130516051723264,-0.144644018079546,0.167189524431463,0.265938579628335,-0.36424477277363,-0.45072015940666,-0.447816956154969,0.593222191126913,0.324905047609696,0.0605545170631598,0.0163586367935038,0.311255556501535,0.58009383884572,0.0360925551653469,0.163204136933521
"GOBP_UNSATURATED_FATTY_ACID_BIOSYNTHETIC_PROCESS",-0.115849317264305,0.0142811106022761,0.0395343707617781,-0.238163320187256,0.187782919452621,0.117766013579052,-0.167280036148496,-0.288751418969654,-0.213725604188301,0.12316859124261,0.0735108236625414,0.207453723272008,0.0313977058906635,0.488930694500794,0.782179855128449,0.00254752687103854,0.0689806998350983
"GOBP_NEUTRAL_LIPID_METABOLIC_PROCESS",0.0710256587490327,0.196261123599884,0.0414851329612106,-0.111842863011316,-0.050041470323694,-0.0514395129751621,-0.225175718645995,-0.20457821756832,-0.237873095560357,0.357428955642856,0.316395261216523,0.129464553512314,0.0173549371679936,0.0320748842407791,0.0503640608701,0.0183157636743258,0.133263047174734
"GOBP_TRIGLYCERIDE_METABOLIC_PROCESS",0.0661523112351745,0.124083955974169,-0.00506156885208903,-0.0524294076915776,-0.0599688409271871,-0.0396067049510163,-0.201181767648293,-0.118093618436828,-0.173982512410582,0.325591954466972,0.237511811863409,0.0385425926930532,0.0105108041124055,0.0970380827989254,0.0914475573593885,0.0412623943521403,0.239427883963182
"GOBP_SPHINGOLIPID_METABOLIC_PROCESS",0.143827519253881,0.00132038247196711,0.0855331730794353,0.0476522925181388,0.0410645456596569,0.186098697999985,-0.323881343709911,-0.302623844912921,-0.275912990751734,0.290540311601448,0.255501910532402,0.145569307151258,0.00682844811016293,0.0974888684718154,0.826544395563096,0.00365325366605227,0.063198517155511
"GOBP_CERAMIDE_METABOLIC_PROCESS",0.094215092477645,0.0603610391874758,0.0382205872204297,-0.0130520328068528,-0.013461297486075,0.121729197107425,-0.211663796057712,-0.267337018436512,-0.239200772109775,0.297977204994575,0.340587261581517,0.149867322312894,0.000186386329886461,0.0372511724014859,0.55389382249509,0.00894694289801848,0.0658852359739253
"GOBP_SPHINGOMYELIN_METABOLIC_PROCESS",0.304032705729319,0.164233939920601,0.248244275816776,0.296934969081411,0.17696943991356,0.179148556034617,-0.449977073010693,-0.414523761095611,-0.501959281264653,0.499053310146982,0.324678432193506,0.182188268045002,0.000383478713151442,0.331346806543963,0.728297919230101,0.00910623481778752,0.41241858875261
"GOBP_SPHINGOMYELIN_CATABOLIC_PROCESS",0.238223218426193,0.751100114253705,0.545114859249098,0.305326302801795,0.199422231304773,0.278777271946106,-0.602429357990859,-0.580625856428001,-0.616385400797541,0.59551468693386,0.492488674428604,0.0953338158932037,0.0171240831884552,0.476087334976979,0.231739275640801,0.0222976493662908,0.612266293857704
"GOBP_GLYCOSPHINGOLIPID_METABOLIC_PROCESS",0.104568423995382,0.148106169585235,-0.0178205956272225,0.133460421414379,-0.119860433530361,0.160912930653175,-0.395623607689577,-0.297231171044139,-0.231188413239349,0.298438320015033,0.140202715577632,0.177097627948899,0.0049971414744583,0.240987485195417,0.856136353214643,0.00161232946026015,0.139407451455906
"GOBP_GANGLIOSIDE_CATABOLIC_PROCESS",0.458217090023192,0.538380596339586,0.508075970517998,-0.181310696853026,-0.284380760776776,-0.233402818578191,-0.604142688725703,-0.600645670459321,-0.362923713304185,0.478877940613509,0.691944016413052,0.462529799046789,0.00351974886196058,0.0038740778719676,6.22429624050415e-05,0.000623561749623986,0.627326659331533
"GOBP_LEUKOTRIENE_METABOLIC_PROCESS",-0.0324623866604465,0.284951456989891,0.286204286778716,-0.0337969983049667,-0.173947964125166,-0.0434610089160676,-0.214301760382109,-0.302800834637353,-0.170027409688352,0.437318849777639,0.369221351574117,0.384448392078052,0.0477508664333633,0.00310907755175992,0.116113000200546,0.000712141984291452,0.172677320278132
"GOBP_GLUCOCORTICOID_BIOSYNTHETIC_PROCESS",0.0148284737428655,0.293135680925267,0.26045766209813,0.153993265076998,-0.0341173945163792,-0.194273119212016,-0.072644920896017,-0.432927830408736,-0.269926248654912,0.40337664272243,0.23936454667282,0.228071709446345,0.0315601449797454,0.068242805559845,0.185256968435291,0.0178217370957056,0.397981158704599
"GOBP_STEROID_CATABOLIC_PROCESS",0.371946585156111,0.244181937738372,0.343341457553206,0.0529169990993109,0.135728397935362,-0.255825910857079,-0.380504082528532,-0.190726835101611,-0.102898066698243,0.258064563095343,0.0718640364336011,0.207448618904217,0.0106598514771807,0.228106121142276,0.0911149907255807,0.0195134399336092,0.114719372715056
"GOBP_ONE_CARBON_METABOLIC_PROCESS",0.216208173937865,0.0993854456056427,0.0517379072426812,0.338199703664806,-0.03556155250137,0.540231598599393,-0.597294442797601,-0.490959739205152,-0.547606527031691,0.391041877177253,0.206056055816494,0.309451791951346,0.00079210867525678,0.913831093737174,0.450000586460975,0.000605785567738462,0.0687162793141134
"GOBP_NADH_METABOLIC_PROCESS",0.186282406591258,0.195927579493856,0.14760652237477,-0.302596815410544,-0.264864791627384,0.161647577040544,-0.427635239921989,-0.435483189492346,-0.480198915418903,0.523043643240575,0.274252076639426,0.220723307204568,1.01695128604398e-05,0.0651284269763682,0.169961220810553,0.0117854915632087,0.220548763133783
"GOBP_NADH_REGENERATION",0.208243176411703,0.382496278567265,0.395896348119649,0.127061796324461,0.431701666372508,0.411661457651272,-0.563662640267384,-0.617494743708029,-0.554811637058298,0.658373617946849,0.152741896703142,0.0685448624423402,0.002162139837657,0.893830140474382,0.965346437241022,0.0404966035553702,0.868317498808773
"GOBP_NADP_METABOLIC_PROCESS",0.221390140352815,0.227707168400289,0.19847895108531,-0.139094637595034,-0.344213020266021,0.227468375254677,-0.466972494660193,-0.447122501140156,-0.496696723500502,0.500465860829681,0.419264931600623,0.288122594812316,1.33377316725066e-05,0.0860999343075943,0.213220965251184,0.00345115376783776,0.0915464905147645
"GOBP_NADPH_REGENERATION",0.169576666263764,0.252213633274138,0.303580472902106,0.303546025552524,-0.296701177916118,0.442717445037152,-0.538443871466116,-0.502606986741129,-0.61995678992205,0.58804557402246,0.313008066141532,0.293563723934014,0.000118562570301254,0.394927104244247,0.726306162294498,0.00498505936779653,0.23676263887723
"GOBP_FOLIC_ACID_CONTAINING_COMPOUND_METABOLIC_PROCESS",0.132347300526225,-0.0655586851571321,-0.0756369397920788,0.410353981721145,0.193057058519422,0.444578138612996,-0.575459331882497,-0.425526656553214,-0.522477284878857,0.235459472255937,0.0915526833966827,0.263098914552006,0.00548258478026537,0.193333359634199,0.0284502532218797,0.00061783498083087,0.0849275582457907
"GOBP_VITAMIN_METABOLIC_PROCESS",0.284466327230013,-0.00738341657172747,0.0298665731833163,0.0520584446997232,0.060922154319612,0.0710580682510026,-0.318806415211788,-0.223915978648541,-0.289825514605055,0.299648596417369,0.207832678333862,0.130128768838618,0.0437233032076598,0.0891193607913789,0.698988726232418,0.00254401912431131,0.365618644949891
"GOBP_SUPEROXIDE_METABOLIC_PROCESS",-0.0517006793703,0.177990650612738,0.0139368169170797,-0.195691629327399,0.114812322617104,0.267359002927939,-0.203976537193778,-0.240755179946031,-0.341550480090522,0.17663354472869,0.310819723761235,0.0931530489323711,0.0258998075654132,0.449871316644299,0.92591189648857,0.00616525875917844,0.190737840411032
"GOBP_MONOATOMIC_ION_TRANSPORT",-0.021880747013997,0.0810259681020197,0.0572442780684601,-0.00191118497795478,0.00936402533487499,0.029473709828416,-0.0660294152850845,-0.080365847156432,-0.128857716122792,0.171218427554251,0.109552977051522,0.0745957949291723,0.031711970197347,0.0526842511973327,0.488725111153619,0.00534998148369668,0.13151388969971
"GOBP_MONOATOMIC_CATION_TRANSPORT",-0.0165359059454323,0.0819492562121159,0.0512470589535998,-0.0125970908802239,0.000874897221112919,0.0279693379319382,-0.0834595012157265,-0.0883874326549411,-0.128712345038088,0.172595824512157,0.120580351676247,0.0663862707607895,0.0246688454287086,0.050236357544079,0.374267194818065,0.00877661078324603,0.128122711993155
"GOBP_CALCIUM_ION_TRANSPORT",-0.00449550648333005,0.0630180717376839,-0.00361713401197217,0.0830242284857111,0.00932822491286212,0.0115627227467595,-0.117641727859461,-0.0716570141103278,-0.122783391561018,0.0697077261012015,0.0968095228923403,0.0612905896024641,0.014039212552528,0.224466654572899,0.646188739482543,0.00146690383421766,0.106543419723635
"GOBP_PHOSPHATE_ION_TRANSPORT",0.0507486328338029,0.23640229980994,0.134705492044647,-0.262808215254231,0.0234156859079313,-0.0846482352556658,-0.217715924833784,-0.303195360443419,-0.558495144749148,0.351371090394913,0.127326012364136,0.23154100056661,0.0223786463244537,0.0337848256089805,0.0770869669315589,0.0120589635479596,0.318757327094292
"GOBP_COBALT_ION_TRANSPORT",0.437302265959102,0.308811501255752,0.152625275141579,0.120435811415444,-0.0513596630928279,0.14313851290694,-0.451383172484666,-0.258935290251318,-0.103216639343837,0.0838102554252846,0.653361422267571,0.536114839984132,0.0128555385603129,0.169014876706119,0.0952268462771926,0.0364511522311715,0.564333835537032
"GOBP_ZINC_ION_TRANSPORT",0.307216582686929,0.266951211699921,0.168816381054533,0.195562970917599,-0.241077029959293,0.304098715583708,-0.335916047715794,-0.488800576585329,-0.307208815430145,0.3345456871618,0.338501647484262,0.2889508431068,0.00128335254724728,0.294168598127905,0.436698594648429,0.00395549591560254,0.210514689706147
"GOBP_WATER_TRANSPORT",-0.13449610374695,-0.323434588449822,0.0989787399535842,0.173641001353615,0.088396386883846,0.278389963117875,0.464109897248848,0.263200060825336,0.234532394874303,-0.112614170522859,-0.412702662274605,-0.432357000181867,0.0478825274423991,0.0229838815838212,0.1182744134706,0.00955717087398889,0.282251783331094
"GOBP_NEUROTRANSMITTER_TRANSPORT",0.126607471589571,-0.0100685685103022,0.0155960164076456,0.06605265130986,0.064698709639033,0.0243266837380431,-0.192785874792824,-0.239399701682718,-0.20509557450232,0.214921284816049,0.185212026317161,0.123416670506025,0.0176503142337285,0.0274396110643958,0.875820298034555,0.00104151199227645,0.0693765799930449
"GOBP_GLUTAMINE_TRANSPORT",0.146265213301976,0.0746131740791145,0.226297721636915,-0.13834612570115,0.209905722595066,0.229903549504548,-0.209342482839455,-0.312129020449724,-0.560991528620733,0.284432906978645,0.0697235971943538,0.161214275204768,0.0258334479520406,0.633308130587455,0.732616555115342,0.0184622902343012,0.781592074359923
"GOBP_INTRACELLULAR_ZINC_ION_HOMEOSTASIS",0.365229748540891,0.415751223164854,0.346436110256645,0.280767775824547,-0.182872168644019,0.115363194038573,-0.346749701794604,-0.531848579714381,-0.465450009189653,0.357941674841371,0.348829827324515,0.33575229487064,0.00163154178909032,0.178209054936629,0.150874092099045,0.00415917714124635,0.303442085628191
"GOBP_REGULATION_OF_PH",0.114302025652505,0.0971599613194415,0.0317494279146461,-0.00771201585531908,-0.155377651902069,0.248287167947366,-0.170230310050137,-0.216691904068205,-0.282917637813726,0.366915791047475,0.186077751667446,0.114774298582188,0.00229923336037691,0.248952424681698,0.701695455323985,0.0154195000748235,0.192216722589903
"GOBP_EXOCYTOSIS",0.0979143034829494,0.22139889204038,0.0607574811469307,0.0753795035826563,0.00198982344417151,0.193667391781755,-0.3330007258364,-0.325317932424223,-0.367367020359838,0.307970218293617,0.263185562566995,0.219978157911762,0.00728698646499682,0.0721258844804988,0.64949785893599,0.000242891397079702,0.0871499525430339
"GOBP_ENDOPLASMIC_RETICULUM_TO_GOLGI_VESICLE_MEDIATED_TRANSPORT",0.308756130546412,0.126622874494231,-0.0257363207002753,0.00395880847274807,0.00792858503679153,0.348775518209451,-0.470999241449478,-0.436690569174842,-0.541123613776887,0.479147734229442,0.4420906085789,0.444453884715492,0.0163281293193196,0.097758070592891,0.918540449024458,0.000261816827199898,0.0788589087919889
"GOBP_INTRA_GOLGI_VESICLE_MEDIATED_TRANSPORT",0.281257294400277,0.0940856092869659,0.278423005812556,-0.0490036318453968,0.00492679313090186,0.361095675432446,-0.496910065594203,-0.588817019141097,-0.550811420433348,0.467810959339324,0.410562177120326,0.437494004037338,0.00230164580852683,0.120207437584281,0.491343364504433,3.03523281566501e-05,0.0619620794568305
"GOBP_POST_GOLGI_VESICLE_MEDIATED_TRANSPORT",0.279051524701586,0.250258078441509,0.086311604117946,-0.0206682401746207,0.0333637551228041,0.383747279249094,-0.511750146335775,-0.497064643454621,-0.53510293169025,0.434806644255358,0.412356624524909,0.388606659413771,0.0055651676562485,0.156616594950195,0.640138704982487,1.07298009324821e-06,0.0686514683135193
"GOBP_GOLGI_TO_ENDOSOME_TRANSPORT",0.470339854673154,0.15967490734566,0.161218782591593,-0.142165004457436,0.116681981236022,0.351843324166206,-0.577927113225122,-0.575462366708854,-0.539936367302122,0.429096295039721,0.433205613221876,0.431896745842627,0.014211468815773,0.152136544420781,0.433151029131157,0.000132571749119213,0.246050043060192
"GOBP_ENDOCYTOSIS",0.119440516420198,0.150078144045547,0.0885801056789361,0.0366527820441564,0.0645970243284268,0.139533868984655,-0.315366220050582,-0.291762817945529,-0.339809688125044,0.332152893542833,0.264117979696154,0.182811629795389,6.45883019450327e-05,0.0323194872628317,0.346215753316565,0.00290467932952521,0.0669059560163944
"GOBP_VESICLE_BUDDING_FROM_MEMBRANE",0.242134611508867,0.172865999635142,-0.180751548267565,-0.0742601044534006,-0.125939124301431,0.304589126629897,-0.471836145938532,-0.436603331011991,-0.531466942351186,0.539977323887569,0.497737203823611,0.404589807109848,0.0456405936758062,0.0712723949052514,0.82973725467982,9.13189256392049e-05,0.0806779960280436
"GOBP_VESICLE_DOCKING_INVOLVED_IN_EXOCYTOSIS",0.210021862649537,0.279647449090056,-0.0100828425933236,-0.0167051628980421,-0.176557470926758,0.120530378858125,-0.373513911898578,-0.44395230517668,-0.391867644884453,0.331276346206052,0.276747073848061,0.280807930218061,0.0186012102886217,0.0595395905697326,0.20715161300785,1.8609335921939e-05,0.256225356375061
"GOBP_PINOCYTOSIS",0.212334061478521,0.322241412419975,0.0589315641819639,0.0309037687421856,0.317031926091033,0.199597296704584,-0.456873800643156,-0.424523468464445,-0.487151507349546,0.476110997592981,0.299983383413859,0.257803732860224,0.0101733878487015,0.206138102280774,0.898547975343993,0.0044283043247148,0.222789938917088
"GOBP_PHAGOCYTOSIS",0.0270400235722695,0.190082398247792,0.176820362916295,-0.0395648533979978,0.0445351611538367,0.153837158234902,-0.363857289371305,-0.318226468636518,-0.380597861128459,0.420455192641603,0.290224317943537,0.206993783927039,0.0061567426542478,0.0395176719935186,0.364302152244045,0.00531545048537899,0.0999500908069757
"GOBP_PHAGOCYTOSIS_ENGULFMENT",-0.00330994663854847,0.147830292742438,0.0187493669060239,0.0411253550282173,0.0470059170334499,0.163599846657095,-0.361637035971796,-0.253027704730163,-0.275938980552847,0.31838600165258,0.192198725852328,0.063237459571123,0.00517971188073159,0.287888795641372,0.658524311183842,0.0113178431445972,0.204848595071478
"GOBP_INFLAMMATORY_CELL_APOPTOTIC_PROCESS",0.101005182923146,-0.0247256200179418,0.105820115481508,-0.0535987313060247,0.370487248883468,0.259222765416043,-0.396259659909974,-0.235634289267983,-0.428333799077269,0.316947247007685,0.0944043538713943,0.196915467475872,0.00647266894550145,0.944756664636153,0.413577227101695,0.00322652204598197,0.150291538171458
"GOBP_SUBSTRATE_DEPENDENT_CELL_MIGRATION",0.350680794816569,0.173936538704682,0.17360438367044,0.368100034794133,0.243187596490546,0.184303669133386,-0.553266825113664,-0.503597583431563,-0.290812514606073,0.0406818834718195,0.318059231399691,0.359433496617047,0.00327180072694316,0.834827769180877,0.70615606388556,0.00662514727439176,0.957689075705863
"GOBP_SYNCYTIUM_FORMATION",0.0615380973877727,0.321834733980512,0.387709643742951,-0.157638510317443,0.100896250184607,-0.0188044909830317,-0.375617110005398,-0.197649721003799,-0.321352484587532,0.231395553972342,0.230976007835952,0.269294827096181,0.015543770232367,0.0653325120466563,0.091228956053813,0.00673974238194647,0.907509260875265
"GOBP_INFLAMMATORY_RESPONSE",-0.0154502453200827,0.0827508184517,0.059502089230093,0.0113405728622767,0.06878915037829,0.0615060778209649,-0.197278122635684,-0.174989641338359,-0.220460961471652,0.278251112796201,0.145143968555468,0.107568240643085,0.00677387000723334,0.11697398385961,0.894937951932702,0.0141898214116574,0.104008028517256
"GOBP_CELLULAR_DEFENSE_RESPONSE",0.299948152325284,0.467552258542484,0.298434793301683,0.164750306104362,0.142776280734291,-0.0334680419571594,-0.425476064959609,-0.455327472315699,-0.356676121517343,0.311809703492385,0.368784791475452,0.224903844066895,0.00118631009346016,0.057584063898119,0.0355759549639392,0.000298461233423724,0.490683504939437
"GOBP_RESPONSE_TO_OSMOTIC_STRESS",0.0079478923083437,0.0460340785686363,-0.137299727043017,0.185061726951854,0.117690539949511,0.274938124958309,-0.367510870626041,-0.380145152777325,-0.414701828593064,0.277361135177106,0.237770817538424,0.0757042140931013,0.0182987131392221,0.957395775320829,0.0397917254289948,0.00832818443513386,0.0546425773168004
"GOBP_HYPOTONIC_RESPONSE",0.157924734435591,-0.00679631120789725,0.197621114524688,0.0565426933321102,0.271340020798098,-0.354580499913657,-0.118292616185635,-0.207891746631781,-0.202626959567227,-0.0161621825932902,0.147923903060679,0.128021195666871,0.0270913419641463,0.660264003588706,0.57392165219036,0.0192760798950781,0.733984250121664
"GOBP_HYPEROSMOTIC_RESPONSE",-0.0334963246509987,0.0617468090374141,-0.284575562173487,0.469807719341503,0.352763281270423,0.222425471286316,-0.503296323860979,-0.505505462914641,-0.568550601031124,0.146696999637127,0.21963307784327,0.063561352763049,0.0457960899663423,0.0840700359156333,0.0312794119192874,0.00114621316761754,0.144185081565523
"GOBP_ER_OVERLOAD_RESPONSE",0.391814079362653,0.30301548245635,-0.126361996545117,-0.323406102915236,-0.0295496448707585,0.407364871033601,-0.550372699704939,-0.491831403737811,-0.522910883977998,0.381612165583833,0.347705118835942,0.632130601135238,0.0456699481686078,0.165526802112214,0.556802052862871,0.00677989430584506,0.241218114834404
"GOBP_PLASMA_MEMBRANE_ORGANIZATION",0.118143363843039,0.226662611944334,0.0986577775368772,0.0369790393363513,0.120587314665756,0.115579147706133,-0.353903530643906,-0.250663607480034,-0.29797906044563,0.302966267637285,0.270265302698533,0.0106060148607678,0.00118256207695137,0.380702919452323,0.311824697496734,0.0243031554046848,0.676831295509719
"GOBP_ACTIN_FILAMENT_ORGANIZATION",0.0301089489285067,0.0692025547127341,0.0269713282945279,0.0377746680621898,0.0435173115899373,0.0909127425090329,-0.267144430779786,-0.268483273017366,-0.297536608813065,0.315206759241332,0.172864532907517,0.112822601201104,8.58936582893272e-05,0.131612840662636,0.519904622300905,0.0135430620871273,0.112354036772873
"GOBP_MICROTUBULE_BASED_PROCESS",0.085232415212548,-0.0293854531205419,-0.0675526997179698,-0.0792851111278676,-0.063773431621972,0.217343710732192,-0.234007911075788,-0.219316167658171,-0.254530396100222,0.152883673187886,0.116117159519581,0.146595183338429,0.0319074771594615,0.359081876662917,0.806516288759067,1.80186969730092e-05,0.0823748745490056
"GOBP_MICROTUBULE_BASED_MOVEMENT",0.0908359959675423,0.0998490700359761,0.0352163470890339,-0.106044847349582,-0.130212376372902,0.113379203549956,-0.100869878009076,-0.128058354117708,-0.122423300432329,0.088404585440922,0.0737506460236466,0.11264102160542,0.00489206625659439,0.227448488054411,0.269423687741819,0.000209060775200049,0.530377548404155
"GOBP_MICROTUBULE_DEPOLYMERIZATION",0.156265210110305,0.397347265934853,-0.0639504090161299,0.192646430980557,0.0245220862537744,0.223455502534783,-0.413411203005441,-0.434693700717167,-0.344784541726014,0.113649478422348,0.321080919114639,0.188221718819103,0.0470938299209973,0.521556707961942,0.918809686067201,0.00382221147298819,0.782653354210195
"GOBP_CYTOPLASM_ORGANIZATION",0.406608505458821,0.0604759968619609,0.217655333135349,0.356415098775479,0.250315035255716,0.295633779694336,-0.3446507457925,-0.733852115923896,-0.425297665150753,0.0802086048511252,0.238570214290802,0.196244933259116,0.00995008849947536,0.0950685391396626,0.549895933302447,0.0185446672509586,0.646212136445323
"GOBP_ENDOPLASMIC_RETICULUM_ORGANIZATION",0.294190308532844,-0.00998157079822096,-0.0619787785880504,0.040546769554858,0.0313345882949692,0.274924186427805,-0.467155315976635,-0.460875340032396,-0.505299544906855,0.422091834756917,0.371842646867227,0.31930812628985,0.0364297058539549,0.0708197817466555,0.777938759325432,0.000186206546973145,0.107503055413087
"GOBP_GOLGI_ORGANIZATION",0.20208461874529,0.0332897838086099,-0.190891949717399,0.163388805661491,0.120259797291562,0.364244880247872,-0.431852762434574,-0.397114804855134,-0.514364433205806,0.328532435789331,0.383837086094032,0.341752787228337,0.0455425265762464,0.209393172176024,0.224856303809745,0.000322065809220883,0.0948745776506735
"GOBP_VACUOLAR_ACIDIFICATION",0.265478405173195,0.312533679911948,0.202259378461948,-0.344074765798011,-0.263555272807755,0.195717520450275,-0.28677624586427,-0.373695973413549,-0.458532913906876,0.555303151496736,0.440280325888451,0.172124306755396,0.000946479188977201,0.0687879085777243,0.137397508705876,0.0112347858818721,0.374222854043109
"GOBP_PROTEIN_CATABOLIC_PROCESS_IN_THE_VACUOLE",0.352225823348289,0.259942252859902,0.0856935774203613,-0.115289512241794,-0.272595306486256,-0.15592492862856,-0.331155958889607,-0.263849379356325,-0.472188941970875,0.519553122752003,0.388198897530824,0.123588733342828,0.00483390621947545,0.0319507713900703,0.0164593044908562,0.0126679737431749,0.478240690170656
"GOBP_LYSOSOMAL_LUMEN_ACIDIFICATION",0.0862310519129841,0.163627695968743,0.036066415076852,-0.454061831693933,-0.399845414154811,0.0761656485966111,-0.132467749319423,-0.282846824462449,-0.461640497640362,0.541285385137371,0.466951691392276,0.129584174389786,0.0411817886951571,0.0427124734869167,0.164758600911309,0.0155459668898433,0.145581263858706
"GOBP_CELL_CELL_JUNCTION_ASSEMBLY",0.032162217992817,0.11069884331135,0.0435956048091926,0.156485812176139,0.0585576337367597,-0.00090209616228884,-0.150010766914838,-0.177514111704844,-0.0907730754309526,0.173451249549167,0.0279141273318546,0.199956978959911,0.00473848658505378,0.427015757899212,0.870294704464021,0.0211573383529023,0.315860766357117
"GOBP_MITOTIC_SPINDLE_ORGANIZATION",0.202370620436672,-0.0126362895938779,-0.122021137036406,-0.0658190224925225,0.0146548897419984,0.351795906786411,-0.461246916935493,-0.422767435447424,-0.471048668919859,0.203319314903269,0.0784949129377468,0.153656325581178,0.0354181823833592,0.763531536919084,0.653872800413203,0.00119500196574041,0.328312559152645
"GOBP_MITOTIC_NUCLEAR_MEMBRANE_DISASSEMBLY",0.234836285776321,0.154999837786161,0.0777164236513174,0.430300043465525,0.610393960361363,0.543552760395438,-0.685737865090225,-0.573209092980619,-0.6599193393516,0.294497451765524,0.286074744065657,0.117509933029749,0.000238125097032342,0.019625208742177,0.00620054445066598,0.000653302054205145,0.35696006153481
"GOBP_MITOTIC_METAPHASE_PLATE_CONGRESSION",0.109760307424184,-0.0142286639295543,-0.085996686574212,-0.186598602627749,0.192580652318599,0.347032692580404,-0.464779890847024,-0.47653585728197,-0.55100749814931,0.236855305200973,0.169901492877995,-0.0022752329184848,0.00504262993926349,0.928059288932148,0.554173055362219,0.00643116622856463,0.226104379720521
"GOBP_REGULATION_OF_EXIT_FROM_MITOSIS",0.119680064985014,0.260971444418144,0.0366152214307768,0.0885183601808587,0.100793920503183,0.262898279407405,-0.415026646701404,-0.481557861728672,-0.481288354884717,0.376403338525727,0.335914317214553,-0.0532494822851879,0.00676871096755588,0.676906281132171,0.89928899843651,0.0354737118623697,0.633828550182255
"GOBP_HOMOLOGOUS_CHROMOSOME_PAIRING_AT_MEIOSIS",-0.176854718926622,-0.145724223716324,-0.23627338179248,-0.332732534800226,-0.0190494830766353,0.0289038821723555,0.184092089943583,0.325166268241162,0.285164301968936,-0.19900124835534,-0.264339395654719,0.00876697849312602,0.00172593708220917,0.771163015049254,0.563000801524368,0.0208149228791454,0.720717541137845
"GOBP_FEMALE_MEIOTIC_NUCLEAR_DIVISION",0.271763470503232,0.0560252258615382,0.114775104757727,-0.215383933171305,-0.0652066324632407,0.367554198523704,-0.503138407207107,-0.313052057006181,-0.454410638312391,0.0756796657911747,0.0688248035829386,-0.1062080652984,0.0028111230173247,0.936627497549145,0.577246273992631,0.00614371278035455,0.199595178923118
"GOBP_CELL_ADHESION",0.0177751941372689,0.098727860618951,0.0892337743817592,0.155412359787798,0.156944581271707,0.102033032799383,-0.282200740164778,-0.256902774602795,-0.165359440076675,0.19291405365138,0.193302831973192,0.0956998838416966,0.00320647762741702,0.58574061611219,0.0978108343174051,0.00123406445272651,0.0935206075944861
"GOBP_NEGATIVE_REGULATION_OF_CELL_ADHESION",0.0737943869621017,0.101878457382308,0.167070159620726,0.137586645454001,0.0858930510447577,0.0781697463137831,-0.347193046099472,-0.320665732396955,-0.249850570193004,0.231117023697671,0.219248528981652,0.130991904001387,0.000474843441557481,0.078277494585599,0.704959260633737,0.000323176680869043,0.132179142110232
"GOBP_TRANSMEMBRANE_RECEPTOR_PROTEIN_SERINE_THREONINE_KINASE_SIGNALING_PATHWAY",0.176239095466903,0.0540780082770528,-0.0846028015656973,0.117728397013991,0.144124907006411,0.129726814998785,-0.28848740264195,-0.250807521449143,-0.177957420897059,0.105514980665257,0.229220997978658,0.133570853787172,0.0458837363591913,0.567595290027207,0.390364827074217,0.00145575066526223,0.293067077583255
"GOBP_TRANSFORMING_GROWTH_FACTOR_BETA_RECEPTOR_SIGNALING_PATHWAY",0.177296317093385,0.0165854727242878,-0.09721987610159,0.164037997083694,0.138568260858444,0.211063032738289,-0.374304521513197,-0.29923772511595,-0.316357830332004,0.278847361430084,0.304388497356547,0.162447949614931,0.0367368976526489,0.212808614334959,0.218049688272303,0.00130869782689245,0.0945524669150973
"GOBP_G_PROTEIN_COUPLED_RECEPTOR_SIGNALING_PATHWAY_COUPLED_TO_CYCLIC_NUCLEOTIDE_SECOND_MESSENGER",-0.0930912387824963,-0.0935878028255957,-0.0333476559260195,-0.264881108918381,0.0840583950879756,-0.187914178860308,0.338403010082787,0.271738545925552,0.237393291673545,-0.114819344984734,0.0321589345946576,0.0421954595517484,0.00107932782463829,0.422728555914975,0.687891569145885,0.0126737239824922,0.363433228179378
"GOBP_PHOSPHOLIPASE_C_ACTIVATING_G_PROTEIN_COUPLED_RECEPTOR_SIGNALING_PATHWAY",-0.0223755560763791,0.0580716794701549,0.116639916167656,0.311725830830197,0.166077273739579,0.0793513518582945,-0.197527891006012,-0.0967359724496974,-0.0919283413152737,-0.0382668473648999,0.118190072992749,0.0336816729025297,0.0286537801053835,0.154316899346927,0.178366940965797,0.0464965689491313,0.841749411598156
"GOBP_NOTCH_SIGNALING_PATHWAY",0.0134727076385736,0.0660573632421932,0.0989933628249663,0.142698729163737,0.136568889750033,0.19535924173952,-0.303461422287364,-0.326201931007489,-0.221725242649253,0.303592560919316,0.284860960815457,0.0160478356231016,0.00132682992944406,0.689560443595606,0.0375826279611147,0.0249309241954731,0.262735670068042
"GOBP_POSITIVE_REGULATION_OF_TRANSCRIPTION_OF_NOTCH_RECEPTOR_TARGET",0.267169160598438,0.0624383759048093,0.0732074644965872,0.489893408233276,0.305111492303135,0.5466075236874,-0.556638461597787,-0.45736391011565,-0.418267295022995,0.329150180452637,0.47276047656083,0.196125695712949,0.00294999462258834,0.349783058282727,0.0342306267896636,0.00290865640470722,0.131269709727812
"GOBP_RHO_PROTEIN_SIGNAL_TRANSDUCTION",0.0550722216243121,0.140464757191785,0.0108137440984772,0.150771201351718,0.278360638282617,0.128308747872972,-0.335482224099584,-0.344347632112447,-0.348187268942447,0.297887129782061,0.114679467540869,0.147980465896631,0.00796744304285577,0.989412750647335,0.126981460706798,0.010868079171306,0.167391359401417
"GOBP_CELL_CELL_SIGNALING",0.0552929900453476,0.0882723588263983,0.0422950189745425,0.105401491269705,0.120055914158779,0.059804305482262,-0.188142124222614,-0.182653553808169,-0.138378790873951,0.149726702548147,0.119593590343638,0.0511349725425786,0.000415453565778447,0.753057015421688,0.223712243543902,0.00328945118434526,0.262812690514956
"GOBP_NEUROTRANSMITTER_SECRETION",0.238548365314504,0.0898331895571769,0.0509076195422434,0.0703968510166648,0.0382720915814232,0.064840188416986,-0.198733658388448,-0.237464001413757,-0.254121070680636,0.225785965937844,0.177429424008294,0.0675118978653414,0.0184331461141798,0.163759685410981,0.352769529224601,0.00831515377793693,0.701954167941365
"GOBP_ENSHEATHMENT_OF_NEURONS",0.152399150315522,0.220817621471432,0.21470175504819,0.0216406445668865,-0.0314314297173958,0.255840750537064,-0.26391724261358,-0.359136389717385,-0.321302654698157,0.263023861913788,0.228682221114725,0.24798287598522,0.00018402437119389,0.201957002229356,0.324804032707533,0.0008839104034964,0.132424566786539
"GOBP_FEMALE_GAMETE_GENERATION",0.197744688596238,0.0468755710915807,0.0874097419959077,-0.0447954447087103,-0.100983156083576,0.165819748818441,-0.23849512563092,-0.230121576159549,-0.259886753302626,0.0825647406948318,0.0302040263608377,0.0664828867228495,0.0132902688513788,0.582732046285757,0.34143759398008,0.00031458579092371,0.378644908410572
"GOBP_INSEMINATION",-0.357876671388303,-0.298352095160952,0.0248360400840275,-0.168897237518091,0.174969401343384,-0.552930471175594,0.273577042151722,0.379117464490872,0.594534383836509,-0.215862177107622,-0.394807504282033,-0.435728904058163,0.016129529204252,0.517612438079117,0.914145775492274,0.00387884228908502,0.38257281622788
"GOBP_GASTRULATION",0.188235049628105,0.154762392401426,0.0612131069469167,0.166749683478984,0.0180853122532636,0.119059350459429,-0.29081713621459,-0.311475688149253,-0.173338634382352,0.134575603791717,0.294581494425151,0.219742337595181,0.00250967931994002,0.145508334337944,0.595803529620876,0.00170824813803901,0.247058224739218
"GOBP_NEUROBLAST_PROLIFERATION",0.184342095246631,0.271845809307899,0.0243517770194527,0.220814492871806,0.260452048151361,0.0796741780899873,-0.16400406573528,-0.259521831622219,-0.210415914035513,0.104958980644241,0.0891907575767569,0.109554789705701,0.0244387242350459,0.257596037394679,0.783776021669668,0.0057152816341029,0.501681956362755
"GOBP_NEGATIVE_REGULATION_OF_NEUROBLAST_PROLIFERATION",0.270792841842195,0.374093643536252,-0.0505075329904334,-0.179344461558067,0.431896560982075,0.188772982079085,-0.384117157070141,-0.525781528636993,-0.300309533359141,0.0807228945527392,-0.145820283141758,0.152382603958027,0.0250501064208706,0.59560274410324,0.828235352807922,0.0209677366290358,0.346673014848427
"GOBP_AXONAL_FASCICULATION",0.265370542796337,0.381083073204229,0.408212815187992,0.193774915188183,-0.172391537037116,0.191803304196371,-0.276958105420383,-0.469616658558216,-0.340689261365407,0.415888340932539,0.452590532348678,0.3868320698268,0.000770111002475349,0.100619184226011,0.136077177323247,0.00253720056643531,0.264240845624768
"GOBP_SYNAPSE_ASSEMBLY",0.120970056490269,0.0875957677144869,0.179460160877551,0.0711210246131659,0.123819340257617,-0.0442772130995048,-0.284158169778685,-0.138986212997882,-0.125184604015289,0.15135546850321,0.178432303686824,0.087983970998746,0.0119084658403083,0.210412057829693,0.253293876362801,0.0109233507390769,0.806712929669622
"GOBP_SENSORY_ORGAN_DEVELOPMENT",0.0988411434758757,0.0935541415496352,0.0422441347217134,0.072795254186051,0.0488748426687544,0.0532735381762132,-0.164978587141437,-0.190390341667535,-0.0892715835940819,0.0597235664602003,0.0961796807482974,0.0709413395779113,0.00597919894065789,0.264166795522631,0.39136631367985,0.0108229543547377,0.908860112010374
"GOBP_FOREGUT_MORPHOGENESIS",0.202920603319097,0.146238999379069,0.136435796232198,0.49188135797191,-0.27237996376372,-0.245157425776017,-0.316965568204319,-0.447891908732916,-0.334314323731646,0.345412254116156,0.240575240116108,0.182987846891028,0.00151485665683222,0.401421311493802,0.566650081066929,0.000645075398225622,0.175004522334572
"GOBP_ENDODERM_DEVELOPMENT",0.216580912968748,0.168009490426907,0.0151429997534819,0.266019484301956,0.0125043963541954,0.224780528380382,-0.267533695386411,-0.33411323346099,-0.0911135442758197,0.0820588871017417,0.306725326748631,0.19785755545258,0.0193461711542099,0.799032201268962,0.746562944441182,0.0121640052134865,0.521900652208574
"GOBP_MUSCLE_ORGAN_DEVELOPMENT",0.0827662025641423,0.00265973294632547,0.0266432864115824,0.0484101100375101,-0.00245708523830437,0.130961791803993,-0.171504681964877,-0.123512218677321,-0.0711188428346168,0.0976877201231594,0.213494060289681,0.042647711368276,0.0142224177534977,0.409474148334145,0.664687888470664,0.0227701396403217,0.248133256664927
"GOBP_MYOBLAST_FUSION",0.0289217050398917,0.238542230152387,0.300444634311644,0.0245248274518652,0.208536979116396,-0.0280997831267301,-0.400608554133103,-0.215887849972291,-0.282591065934262,0.154764861253362,0.18708824612165,0.203384788736376,0.0110670932982313,0.252168398149153,0.33056947469529,0.00873655129910974,0.935632802405983
"GOBP_SEX_DIFFERENTIATION",0.109094160201833,0.0526619596947806,-0.0155711795338921,0.0435565200617643,-0.0423772937574738,0.27102726075953,-0.205507534185823,-0.250662272951829,-0.158698834291301,0.114405285045716,0.0676442084834922,0.10053097134953,0.00613969822317941,0.974014503718043,0.707444438535836,0.0020896901288763,0.336210321493475
"GOBP_EMBRYO_IMPLANTATION",0.138695987409142,0.00423620320320572,0.14465990554393,0.104463135483889,-0.0143097067515895,0.239928633243989,-0.320601412165235,-0.231796882721164,-0.164371316351477,0.275963117340908,0.0567403597545055,0.0186367510291526,0.0065291238043064,0.951190240419254,0.879428347319266,0.0279209897750312,0.832051551056766
"GOBP_RESPONSE_TO_NUTRIENT",0.00486874797745895,-0.00637249975477641,0.155429988302424,0.146903277098116,0.113802674354674,0.135834453743201,-0.309594634517328,-0.266072728403826,-0.256900657537882,0.232528742647111,0.18490699212127,0.137599043048071,0.0171566058268971,0.18510030030007,0.259097101736188,0.000455439712624774,0.107253324542879
"GOBP_LACTATION",-0.0415196222435962,0.0136932432356122,-0.00539165333476538,0.240938403837286,0.122876656809124,0.228632140601039,-0.307520197337181,-0.223360466118239,-0.330255322310281,0.37759812984941,0.292141148088609,0.114289261642815,0.00510662456777457,0.51415069848816,0.0183214786188516,0.0102467068187304,0.0667420279489335
"GOBP_BEHAVIOR",0.0464445039714796,0.0782641666492965,0.0697706541475087,0.0263034884871457,0.0190554814676139,0.083446964333164,-0.161126472466643,-0.152568147054956,-0.171119540302647,0.183614986046463,0.0855472543266367,0.116780967420547,0.000177121873549505,0.0797954361710792,0.405706877455375,0.00808737546462848,0.148154469129536
"GOBP_LEARNING",0.0769618050146997,0.0912289134274009,0.00654144370495748,0.127714894519672,-0.00729894799982657,0.206754622024543,-0.266653832000419,-0.249888206983405,-0.273802978793441,0.183766330049408,0.0455124922492523,0.0981782808130555,0.00417522965749892,0.999046439455628,0.513597952355196,0.00976558068188474,0.35809662040079
"GOBP_MEMORY",0.0333109526045719,0.258698601896628,0.07752632898969,-0.0443377102086223,0.0107819431837403,0.177930989148614,-0.274526038042754,-0.170869561140103,-0.227296222842273,0.120923196144485,0.108917510422507,-0.0705703466859474,0.0234035116629066,0.959167158801049,0.478142761502552,0.0294731935585168,0.49204493770459
"GOBP_LOCOMOTORY_BEHAVIOR",0.0132061209715368,0.104690635069356,0.047000166201237,-0.0366742608385445,-0.0242224565399364,0.161981880134513,-0.189651965964341,-0.246255858769464,-0.203403323739567,0.245760816925697,0.0802435161297158,0.125467886776482,0.002130153302423,0.227442031168065,0.782063309794298,0.0111173630897688,0.185150482642481
"GOBP_CHEMOSENSORY_BEHAVIOR",-0.0712220811577378,-0.0237766002170527,-0.33979758739658,0.202002592956369,-0.149946963288819,-0.239359745001785,0.371918041008285,0.365624053566317,0.25664827155411,-0.10419053516356,-0.427909894351115,-0.229803562323627,0.0279814745862986,0.315728153110361,0.649120882208325,0.0149051681042088,0.468418975282265
"GOBP_CELL_RECOGNITION",0.0229518820846505,0.231549859866083,0.144604424475216,0.105085703426931,0.117908200903674,0.0381011751298847,-0.136869594548009,-0.144797371950422,-0.219224034130801,0.0717328282080699,0.175901061362307,0.218353377044279,0.0243770407104079,0.261553210258435,0.53828303873571,0.0060345167655081,0.781198510164004
"GOBP_NEURON_RECOGNITION",0.0903525532303557,0.213637810075208,0.312311589243602,0.271322725969224,0.0524642442378785,0.0448383607549483,-0.169414594310663,-0.234724628244426,-0.15609733748198,0.0977533429845973,0.310344897573681,0.442326189500506,0.0161414900277386,0.273212271009151,0.448594967186219,0.0364329603144249,0.554092824340934
"GOBP_AXO_DENDRITIC_TRANSPORT",0.256140706705134,0.229870205217295,0.208281589166458,0.00186911198781986,0.0283652192309873,0.184035261631917,-0.378035790481604,-0.4165762941735,-0.444641603315286,0.412427039906741,0.258311736707734,0.339017065206998,2.54678827496784e-05,0.0234975594646065,0.098936025360169,0.000980402739715721,0.132044175351339
"GOBP_ANTEROGRADE_AXONAL_TRANSPORT",0.223027656451041,0.114248705696117,0.0178720850434081,0.141843537354099,-0.0613689745632721,0.11407081020274,-0.254282093421865,-0.399625884411027,-0.336713734288238,0.391246088819632,0.0862719272910263,0.244998116558378,0.0048816107201479,0.187513053102198,0.571522604651207,0.0112665164769548,0.321228652381311
"GOBP_RETROGRADE_AXONAL_TRANSPORT",0.452264012155542,0.387018498015946,0.236275977540189,0.265958645881632,0.0224893742032067,-0.15169591965485,-0.240754983524187,-0.416066058365357,-0.417129644189691,0.26955522932421,-0.0901527131749521,0.276883869275436,0.00121129154923918,0.56777867762751,0.105455106724484,0.0344204827221349,0.2279375702726
"GOBP_ACTIN_POLYMERIZATION_OR_DEPOLYMERIZATION",0.0297200240996978,0.0974507031873746,-0.0471863844515274,0.010473605955952,0.142141518012698,0.127365533063137,-0.292596750796644,-0.290978562845356,-0.352617384010114,0.342623744975329,0.1724589248689,0.131157603342507,0.00600898524024721,0.199803852879751,0.321615884604866,0.00947084897091357,0.081171820184302
"GOBP_NEGATIVE_REGULATION_OF_DNA_REPLICATION",0.15366187569133,0.0932271683067235,-0.109103186515325,0.231027877199253,0.0826316215592229,0.373261720380019,-0.51985878724069,-0.385052104505009,-0.439388355378951,0.239981885958491,0.130504714377501,0.134237436258875,0.0122517378013371,0.557986356342018,0.188564914762139,0.000328675824407573,0.26181288092052
"GOBP_STEROID_METABOLIC_PROCESS",0.05060144352994,0.119047835899655,0.131596121191457,0.0313960102979374,0.0516141403894809,-0.0238828352400245,-0.213795707876682,-0.257274335265371,-0.206420829304988,0.245642231014729,0.179617059329803,0.0994369077311701,0.000938325264238701,0.0466984320600889,0.0761286770935917,0.00552339435501549,0.22015597715483
"GOBP_ANDROGEN_METABOLIC_PROCESS",0.238073296046858,0.129409281575996,0.0912416000457542,-0.0261352089051638,0.0599914601018942,0.0425404015775855,-0.193298643119581,-0.197152988210619,-0.301038268250238,0.158682411826936,0.183478435774743,0.0460011884079822,0.00288246477064068,0.118804223292888,0.0818060842283095,0.00316535232738631,0.719574759861265
"GOBP_GLUCOCORTICOID_METABOLIC_PROCESS",0.0125247033531583,0.229520797137907,0.096153171423836,0.192691498729168,0.139457423691775,0.123379723044584,-0.211273283807208,-0.325027476532699,-0.303825711609868,0.369605051625055,0.118069256615594,0.127176588277144,0.0110254864677221,0.589380793744607,0.606817579678574,0.0161391288263003,0.427702262272179
"GOBP_REGULATION_OF_G_PROTEIN_COUPLED_RECEPTOR_SIGNALING_PATHWAY",-0.013194473214855,-0.0264655100294229,0.0215806355412388,0.00510612303786689,0.104492635275601,0.117893159855993,-0.28379433468711,-0.289165467959798,-0.347379012385818,0.304849259043479,0.354642859756233,0.113154750661785,0.000489977422189579,0.1162921362601,0.13502337100909,0.0118914033222462,0.0649947592307553
"GOBP_ASSOCIATIVE_LEARNING",0.00369650432381932,0.171252506923274,-0.00304635223677854,0.154005497930193,-0.102963328887173,0.137706671394309,-0.239035688869929,-0.221534689263453,-0.301295462993753,0.230288704422122,0.0669149806364195,0.0832610400550814,0.0194801177928865,0.556175974361789,0.958552902568403,0.00832125988746125,0.418764910510705
"GOBP_DETERMINATION_OF_ADULT_LIFESPAN",0.297836052463405,0.0284442395780126,0.0783115312180642,0.125059540101014,0.0191050333856309,0.445293766781771,-0.46622543564259,-0.408859872710495,-0.360312920497794,0.33502266991461,0.351443864534862,0.295065313170614,0.0136004608771257,0.415207949975956,0.710125977750826,0.00018657767996695,0.14079671647016
"GOBP_ADULT_LOCOMOTORY_BEHAVIOR",0.0424956240385066,0.0228559185627641,0.108039485566737,0.166283174425963,0.109431677631325,0.197718440532897,-0.249082175975163,-0.289350140338036,-0.323241642493936,0.325636953720602,0.207156853219449,0.151749539313065,0.000591469794217792,0.309084131527475,0.0518155203233197,0.00413973006149765,0.0604173835454548
"GOBP_GERM_CELL_MIGRATION",0.47515494755036,0.0913236927142574,0.0601362472880257,0.257352038220988,0.265499593749342,-0.0117266747957425,-0.597908257066919,-0.485487261208613,-0.294445621355659,0.0518532744382665,0.35308642622964,0.329997906601323,0.0187054971418627,0.604640631209056,0.824845516352637,0.00594645940103544,0.838327632915285
"GOBP_REGULATION_OF_CELL_SHAPE",0.0878889572931864,0.139417415918567,0.0479634510920815,0.156060925562869,0.235319519245762,0.212644000063366,-0.372134080231274,-0.359929399760717,-0.396531594741361,0.393188312679988,0.183016571945534,0.208853596267827,0.000987601817322936,0.464760483797421,0.0371625350475038,0.00917498884460856,0.109608717000091
"GOBP_APOPTOTIC_MITOCHONDRIAL_CHANGES",-0.155218204015933,-0.0487398657571888,-0.0981255592686366,-0.0346456051829463,-0.113852449082375,0.118193672356869,-0.268377064284937,-0.247632575117837,-0.365656800459862,0.378314407648882,0.312320740944252,0.072991813049627,0.016276190278445,0.0888846180733713,0.318175865651587,0.0169914789720571,0.0502621896098969
"GOBP_AMINO_ACID_BIOSYNTHETIC_PROCESS",0.291114174936706,0.297921117966805,0.201318085499097,-0.0804032295168246,-0.21811053509365,0.230692883389545,-0.42902393422463,-0.391046239476079,-0.444184702788606,0.385157526130612,0.277393247623863,0.448725916483955,0.00031003915942006,0.0832551367893236,0.158055515208026,0.00196785267198432,0.157333699172248
"GOBP_PHOSPHOLIPID_BIOSYNTHETIC_PROCESS",0.239769876226361,0.0974787720417025,-0.0260059257167435,0.00932913920030579,0.0522630191505881,0.242140865379017,-0.402562086386927,-0.377604327322846,-0.437104108845903,0.390514767383419,0.377217694348984,0.342679249047042,0.0180103734303242,0.0589929092734456,0.982117422450399,5.79803423350069e-06,0.0694191983019669
"GOBP_FATTY_ACID_CATABOLIC_PROCESS",0.0733808286324162,0.168938960011146,0.182251377622954,-0.243670321647586,-0.04796342874946,0.240174850978204,-0.367860929451073,-0.405986877371139,-0.42085354234485,0.501029762534279,0.409603582710569,0.239861738287972,0.00103810251452562,0.0849393884547656,0.376566749385904,0.00744797772916362,0.069498729568861
"GOBP_AMINO_ACID_CATABOLIC_PROCESS",0.205186722053995,0.0901625958123365,0.16963608250642,-0.0969853238802628,-0.0976441496455212,-0.122745157021247,-0.183038816817965,-0.260685814049098,-0.328106525021535,0.262746029749936,0.0531061505985669,0.22670021997629,0.00186270129474093,0.0452632014857527,0.0125954655968317,0.00745895393144019,0.746782438173621
"GOBP_GLUTAMINE_FAMILY_AMINO_ACID_METABOLIC_PROCESS",0.0675871986166513,0.0926889085452458,0.0168345281789811,-0.00161479707604809,-0.0904479319781076,0.0769372009615936,-0.295652714508685,-0.346840831276914,-0.346409488073843,0.268827031057319,0.0345074006177701,0.09644954718109,0.000238670452477997,0.188575013909346,0.320211397473692,0.0176497034105288,0.403655998520645
"GOBP_GLUTAMINE_FAMILY_AMINO_ACID_CATABOLIC_PROCESS",0.150149128972246,0.212677347461858,0.203394000615807,0.067687707987217,0.0103023680169914,-0.143817807043719,-0.168288333796844,-0.396475928222015,-0.304863578707243,0.120361191200029,-0.0481044861447047,0.227807655306789,0.0130970452261056,0.301846301970807,0.0683993892203058,0.0213490325605687,0.385069798520125
"GOBP_ASPARTATE_FAMILY_AMINO_ACID_METABOLIC_PROCESS",0.107525274240344,0.149774991201829,0.125391798153423,-0.208032935295206,-0.214787763140002,0.173875323672494,-0.333634630678431,-0.123382517464462,-0.38324950947448,0.310193660452028,0.0674792970893667,0.337716733370025,0.0335531708662338,0.116087551153011,0.242106506462986,0.0115880153955708,0.325044616666575
"GOBP_ASPARTATE_FAMILY_AMINO_ACID_BIOSYNTHETIC_PROCESS",0.270603218752651,0.0734836632163959,-0.0460068017924312,-0.193210267857701,-0.276330187551015,0.369539923570247,-0.519676538185245,-0.179256902593928,-0.39763971913662,0.397587364178562,0.395019247954821,0.390593509285425,0.0269264666889231,0.169492981403707,0.596346156469144,0.0167066357061142,0.0854450661089055
"GOBP_SERINE_FAMILY_AMINO_ACID_METABOLIC_PROCESS",0.19043385863692,0.392141986333938,0.321082937273824,-0.0120519385581146,-0.149040048331029,0.132421774697113,-0.293619591171485,-0.33993699630414,-0.332102519540275,0.176751123345106,0.0714944488501977,0.339380220428613,0.00636927018477861,0.142222835025097,0.0411828391931058,0.0191370813693807,0.346038199478647
"GOBP_SERINE_FAMILY_AMINO_ACID_BIOSYNTHETIC_PROCESS",0.365446456503107,0.459689649185138,0.424593345438473,0.123918516716983,0.0355592109830447,0.353843341656291,-0.609262720121627,-0.539109446591028,-0.388439540127514,0.142369068772551,0.103974129575537,0.51293444578785,0.00161845021537656,0.640288495043918,0.112961772894723,0.0141510829744874,0.335963098593601
"GOBP_BRANCHED_CHAIN_AMINO_ACID_METABOLIC_PROCESS",0.390172517026537,0.274055501040464,0.366323456994024,-0.234033772940924,0.1876088916234,0.26594082008103,-0.550575139042244,-0.592197051543482,-0.69346641763222,0.623536767322593,0.364522259752325,0.431523687010577,8.19578604755923e-05,0.106315453098386,0.219816325203531,0.000997638453018295,0.2321884116927
"GOBP_BRANCHED_CHAIN_AMINO_ACID_BIOSYNTHETIC_PROCESS",0.247346385378824,0.558359536846244,0.573147151239672,-0.197933890695747,-0.467581854052757,0.541295425110677,-0.42425922868561,-0.467316868245136,-0.722203018780615,0.696370838473777,0.171077984277603,0.184160107754822,0.0022579162080758,0.337225751066874,0.233100672471593,0.0192585447876089,0.624925300989996
"GOBP_BRANCHED_CHAIN_AMINO_ACID_CATABOLIC_PROCESS",0.276662632817187,0.0988010201925483,0.204524467617336,-0.290759076893937,0.204967482066193,0.249971951643455,-0.54464314951886,-0.570226740906097,-0.685173392152434,0.620451978235658,0.358068478706913,0.398803706803053,0.000352521485147547,0.130049095442417,0.512721158942303,0.00133061615189415,0.0616482125500034
"GOBP_HOMOSERINE_METABOLIC_PROCESS",0.131279337033435,0.697171609618231,0.488934772932874,-0.463779873356177,0.448876527178636,0.325799279306457,-0.303783385540313,-0.11447626382631,-0.576548816661786,0.494107400937373,0.0478765924869993,0.364273971321773,0.0239655112238626,0.576151139318153,0.380177417156667,0.0282828339993035,0.554459715149356
"GOBP_NUCLEOBASE_METABOLIC_PROCESS",0.227891338939118,0.366218306067305,0.0410910206039219,0.0527471419320248,0.149625274697814,0.262028208733147,-0.475287078821807,-0.484095175147961,-0.578625005788027,0.411381306840625,0.091107502725625,0.114337304806771,0.0098688139097811,0.697525362759728,0.642147616191411,0.0133857520801698,0.96713771062608
"GOBP_PURINE_NUCLEOBASE_BIOSYNTHETIC_PROCESS",0.0408866405081814,0.299353267542071,-0.222149078386621,-0.0132729518287378,0.187704055311122,0.457187600740048,-0.47651228576992,-0.603134798113732,-0.642410782582686,0.589319191869162,0.117510050052026,0.137866980766692,0.0439533615316492,0.747443282551437,0.447161070292072,0.02228713782712,0.323679885808673
"GOBP_DEOXYRIBONUCLEOSIDE_METABOLIC_PROCESS",-0.00257703399472595,0.524546562361836,0.132795596104852,0.135044925276858,0.0818721556413649,0.143031200598598,-0.49858043545448,-0.302680739705121,-0.652968247094413,0.450200788226379,-0.0758722703718522,0.0234088550906713,0.0266618778205517,0.945102033005881,0.598406418997434,0.0406390312956388,0.72375367701014
"GOBP_NUCLEOSIDE_MONOPHOSPHATE_METABOLIC_PROCESS",-0.0331682206183895,0.0434150442655331,-0.154762324521748,-0.0625111061638269,-0.0395703732358022,0.268602512674008,-0.228589720020235,-0.256769900139082,-0.439988037849693,0.261705132503661,0.0365155459181655,0.0682159470745083,0.0424519256446518,0.633779910302835,0.454260599125886,0.0113009549116839,0.13733987742595
"GOBP_NUCLEOSIDE_DIPHOSPHATE_METABOLIC_PROCESS",0.00736451646234235,0.169407253957575,0.106440313562324,-0.124521472081182,-0.0296330089921044,0.116534097820283,-0.187430913616443,-0.225044817745719,-0.299132383544028,0.37118689175525,0.292898431571902,0.0837370286286158,0.00630692060371052,0.0799940876356878,0.283274885720222,0.0191613935707809,0.208723047743504
"GOBP_NUCLEOSIDE_DIPHOSPHATE_BIOSYNTHETIC_PROCESS",-0.0540913072857666,0.205544280855441,0.0817153911642815,-0.303577764186938,-0.135816878545479,0.0468466175546455,-0.123193589876519,-0.325509567868785,-0.323187684834831,0.273792055627283,0.280120636989415,0.0668087763870216,0.0296330501095192,0.0587858717134502,0.179046052317408,0.00877771824661632,0.276846445171119
"GOBP_NUCLEOSIDE_DIPHOSPHATE_CATABOLIC_PROCESS",0.0946208162466644,0.21948389181581,-0.0963538230956261,-0.449911057532215,-0.284709672960671,-0.126852035685152,-0.199437897941955,-0.437875225392032,-0.425717006560627,0.186388009463031,0.228959239669953,0.470648517432774,0.0248734273591866,0.0106440687834307,0.0514744661264128,0.00552541652876216,0.155775764578108
"GOBP_PYRIMIDINE_NUCLEOSIDE_DIPHOSPHATE_METABOLIC_PROCESS",0.210843314997367,0.244627214030363,-0.114534550670485,0.134757725791555,-0.301432582789051,0.398939690255794,-0.40475437830792,-0.503021410501464,-0.584203961663472,0.638280943925609,0.391045502649253,0.448493387977376,0.0196721977009259,0.169225056251407,0.886439580765865,0.000732301067607128,0.0594859130246162
"GOBP_PYRIMIDINE_NUCLEOSIDE_DIPHOSPHATE_BIOSYNTHETIC_PROCESS",0.0690649717720515,0.287710285190499,0.0796097510441306,0.147889589270565,-0.196381932708359,0.386104842315491,-0.52583688760367,-0.378566108085616,-0.642540990197572,0.698076733336294,0.416256583218845,0.36617673988723,0.00323748608873454,0.141553838236049,0.870230559809007,0.00198175300046815,0.0573095166561827
"GOBP_DEOXYRIBONUCLEOSIDE_MONOPHOSPHATE_BIOSYNTHETIC_PROCESS",0.196989557451194,0.2676227017409,0.135922225724257,-0.0774893084250501,-0.0063972446459637,0.41320384108159,-0.453760978337314,-0.440273793577276,-0.730670936586816,0.336816646888564,0.235851162951772,-0.0358768603295824,0.00823510273104899,0.734985833281861,0.618793273025262,0.0083922923469962,0.870452634537866
"GOBP_RIBONUCLEOSIDE_DIPHOSPHATE_METABOLIC_PROCESS",0.0818139194029078,0.184823101135145,0.097704878499243,-0.0457110021237823,-0.0440750741759814,0.176000124269238,-0.25904869981358,-0.260215544650186,-0.382220525271148,0.415560886877136,0.308763408388012,0.11734748118667,0.00157428764734371,0.0939527533310903,0.339226591089605,0.0106963152480776,0.202093670713101
"GOBP_GLUCAN_BIOSYNTHETIC_PROCESS",0.361387183587976,0.0923585018191012,-0.000524279292160229,0.0446910165429008,-0.114911849216702,0.145490586947664,-0.347774209480159,-0.441669189125005,-0.419630476475986,0.310426582920426,0.459685492301827,0.164800450905023,0.0296710232453085,0.0666143806138781,0.401030330736066,0.00839567095191384,0.312457726278484
"GOBP_RIBONUCLEOTIDE_CATABOLIC_PROCESS",0.102271743385482,-0.074352998932523,0.147479306039374,-0.159966161268022,-0.125823767259098,0.269206832860818,-0.315252099939828,-0.384604226355586,-0.332721019988902,0.212117927238716,0.134252147728844,0.281838543576176,0.0197003288475821,0.255078558920315,0.705478915285247,0.0015746588541984,0.145397775890611
"GOBP_DEOXYRIBONUCLEOTIDE_BIOSYNTHETIC_PROCESS",0.260586310772939,-0.124281594475573,-0.0281888622096079,-0.16292054829447,0.19173988776513,0.330009524329554,-0.317814261796854,-0.448834065528831,-0.527302734244814,0.218346482256841,0.155204603780929,0.201155694764527,0.0367563103223786,0.673520672737075,0.679081347008657,0.00570773455834067,0.309978462053951
"GOBP_RESPONSE_TO_PH",0.197814447530666,0.48114975313012,0.21871712410822,0.000432207757034342,-0.126230000441803,0.148482369299678,-0.265419225832801,-0.227326504026093,-0.302744008012442,0.192068609894427,0.150461390178776,0.0105517806708048,0.0203790810552871,0.324800248367969,0.0745369742898179,0.0112033199595608,0.17866221746584
"GOBP_OLIGOSACCHARIDE_METABOLIC_PROCESS",0.0559886215954467,0.262897639521381,0.120647567269137,0.122013143133209,-0.140041435592925,0.158013475034718,-0.257420567317761,-0.215928472943931,-0.209348449767608,0.222972493734549,0.335164699551875,0.282637346699026,0.0206267511105708,0.118839100619157,0.430885437384484,0.00103161069689457,0.147378177109141
"GOBP_OLIGOSACCHARIDE_CATABOLIC_PROCESS",0.176431864503736,0.331052955690347,0.304259629713263,-0.194493850713018,0.151694459386789,0.165287785362429,-0.533914761128573,-0.275530956801762,-0.447882652279873,0.323128020931312,0.404821159623411,0.289580994274896,0.00301508107720584,0.117299724861862,0.180618305989061,0.00377525276026899,0.313671561502594
"GOBP_PHOSPHOLIPID_CATABOLIC_PROCESS",0.281441881745168,0.257432704224623,0.263201307758193,-0.0252834489504739,0.0742636470759769,0.0383152981435757,-0.352977738663149,-0.270808693411847,-0.302008561022508,0.294686062167665,0.302108468363184,0.163706793467793,0.000779865209343898,0.0189974535111636,0.0109410359118754,0.00147566354112479,0.788316733983777
"GOBP_RESPONSE_TO_WATER",0.23023617751567,0.136942144989933,-0.0883129211592731,0.29504082675853,-0.000781015886136438,0.250089740354369,-0.313671773526154,-0.355870597377972,-0.368886718891512,0.375520171185032,0.28832294818121,0.191514811096294,0.0398005562595387,0.397164690098253,0.539185811119492,0.00392202889548651,0.170204137080659
"GOBP_CARNITINE_METABOLIC_PROCESS",0.205450409271736,0.496165502136143,0.353607251991513,-0.258174398229366,-0.00495146738771218,0.126623228829067,-0.543654304786327,-0.440587320677178,-0.325265222244737,0.486208216057995,0.387658019758638,0.47728590172305,0.00225221595450346,0.0398879486797216,0.0522672071724859,0.00119985820291785,0.363995806127099
"GOBP_7_METHYLGUANOSINE_RNA_CAPPING",0.415137610235925,-0.0607613232356692,0.0916246893183864,0.0862960984391102,0.249843319318772,0.441173351516529,-0.655677974735376,-0.749299071388026,-0.605669509104232,0.491548489625052,0.448555682845963,0.642449134164252,0.0208552844128473,0.10266931929003,0.562646664924905,0.000151106748943945,0.0985066309640153
"GOBP_DETECTION_OF_ABIOTIC_STIMULUS",-0.101691063591738,0.0381008840458595,-0.0345399615243843,-0.167866525499825,0.0187092765448385,-0.213968422558618,0.156660459126625,0.0660698483980511,0.116663452392956,-0.00222193961538736,-0.0867804810383547,-0.0857233965580828,0.0473019355718816,0.479765706523906,0.355431088304392,0.0112098689008639,0.633888890744312
"GOBP_DETECTION_OF_LIGHT_STIMULUS",0.0909002217225232,-0.0173278866496249,0.0514963528317158,-0.303813211002136,-0.116420422699911,-0.312069100995752,0.25772445378494,0.196424283308303,0.139124741671597,-0.0343486210987232,-0.0560875600338339,-0.0849011757481265,0.0288916808191521,0.0940768190067473,0.0291883636289257,0.00867824408000488,0.0687720534830987
"GOBP_DETECTION_OF_BIOTIC_STIMULUS",0.108994571975671,0.0741371372805477,0.0738103258758491,0.0437487767405002,0.288461956266511,0.223665375013565,-0.440215409445997,-0.183839847115927,-0.447528696494832,0.327218869211773,0.0508354247634157,0.12767378101881,0.0342579100715002,0.886864755426225,0.305571118477043,0.0117919524526811,0.420361746089381
"GOBP_DETECTION_OF_VIRUS",0.55809040980145,0.40835243170286,0.220511376798695,0.6532626646695,-0.0328525845866958,0.58210209382579,-0.668010907554257,-0.824634174443625,-0.747013864884183,0.319237898573378,0.64677190152478,0.607444461836494,0.00233933402005737,0.645011829757477,0.984134499192352,0.00224419414214821,0.41607608961442
"GOBP_RESPONSE_TO_BACTERIUM",-0.0505665809944641,0.0488901956027154,0.0693587616835592,0.087989423599453,0.141068988058718,0.122273743026112,-0.215914316979671,-0.200541599496292,-0.192054024290087,0.169350071205963,0.0770475427903852,0.075405716258948,0.0227707257058149,0.795547215026319,0.110209348078523,0.00748995519826163,0.156702216075928
"GOBP_PHENYLPROPANOID_METABOLIC_PROCESS",0.0589619105618662,-0.146541586409812,0.117703146527925,-0.153568381179802,0.160389631335682,-0.554972030449673,0.499560498202404,0.363498536604433,0.719189450132834,0.000423642885665376,-0.0990607045453526,-0.398511058125247,0.0189298470081757,0.947549634228614,0.458252314168856,0.0124903142901172,0.298812063101182
"GOBP_HORMONE_MEDIATED_SIGNALING_PATHWAY",0.247412137394023,0.0862718322701765,-0.00291532194096469,0.0288073418153428,0.102273036149826,0.285833486085252,-0.389014643282854,-0.369379880453482,-0.365143612625546,0.353077095783203,0.325922247835932,0.226695522567707,0.0211894703293509,0.154495217901021,0.79965286878844,0.00241729420670206,0.102713728672044
"GOBP_SPECIFICATION_OF_SYMMETRY",0.0591130393568586,0.116834327053533,0.00575398787777245,0.0440813173996489,-0.149947622242042,0.0271091234791358,-0.0717536781407188,-0.130455083096173,-0.0604155827245592,0.10404376260465,0.0404525493186724,0.212674629505919,0.023721919276111,0.146008436667115,0.302193449475631,0.0385607706370457,0.391311583794692
"GOBP_ABSCISSION",-0.0534530536859179,0.0312259947765212,0.123159494329916,-0.41076259710418,0.127026469662664,0.575955510737674,-0.348860934533034,-0.130056739654305,-0.420177589426405,0.523660824243634,0.0839799768766261,0.150215878166064,0.0412721238222387,0.658695501025126,0.845149930264115,0.0350731685337825,0.246221045992455
"GOBP_ANIMAL_ORGAN_MORPHOGENESIS",0.0822544982898492,0.112529286024791,0.0455132591428459,0.064991641544659,0.0406271289392468,0.0600234754817756,-0.192548049025072,-0.184029887780654,-0.0638842590972403,0.0687739239359696,0.131492452914921,0.0890825361207242,0.0181159930422937,0.142835852916293,0.329082911946406,0.0157276004892186,0.574457797883231
"GOBP_ANTERIOR_POSTERIOR_PATTERN_SPECIFICATION",0.12814558691189,0.114035507011227,0.0500819915440876,0.204294107860926,0.00841036319255523,0.174908533865426,-0.233048297403508,-0.239057743770946,-0.150084888792151,0.0883792331659907,0.203064980003206,0.183775363282275,0.00140865143329343,0.705007830529462,0.665549434243837,0.00156514186399838,0.236770161631812
"GOBP_OOCYTE_DIFFERENTIATION",0.205512324221396,0.167934478541723,0.0870228385349256,-0.0751682444547407,-0.190105284760341,0.188275971463591,-0.122939947578786,-0.188981207609887,-0.256176911000894,0.0756592637001545,0.122190656908368,0.0666904849699454,0.0028243500375867,0.416738849953037,0.246430252488415,0.00908147274708231,0.194937050818512
"GOBP_GLIAL_CELL_DIFFERENTIATION",0.0615967522569202,0.227629624556208,0.184695463857599,0.0295604181611069,0.056805601913965,0.155395083120408,-0.215821589879404,-0.23108371747443,-0.235978223323331,0.146667365645079,0.121950019847853,0.0236486780961111,0.0151599705189278,0.769140048841138,0.289085639329541,0.0114897461793336,0.390263230918066
"GOBP_RESPONSE_TO_IRON_ION",0.180265210634709,-0.0345419012190603,0.296245591873359,-0.219305483442841,0.0680859013378528,0.372283721048053,-0.420932804807584,-0.328522131239783,-0.467624732088124,0.344247066911369,0.345745258146385,0.252034717178529,0.01752713773304,0.293335442383988,0.731396053248196,0.000230913405742942,0.22174575196939
"GOBP_RESPONSE_TO_IRON_II_ION",0.316755770385389,0.219781517176947,0.661667331198132,0.208078836908274,0.544963542358061,0.0895403396179043,-0.606328773483292,-0.593599009400007,-0.670727686000568,0.637046728990826,0.204958111162891,0.465173693036614,0.0145136905070551,0.450897742982293,0.569006292961464,0.0115434256978749,0.852949981765358
"GOBP_RESPONSE_TO_MANGANESE_ION",0.213437896390385,-0.00386599888963196,0.211157479487227,0.219084642984857,0.0964985947662833,0.0902496011743998,-0.391318196772831,-0.403169849535715,-0.255896246391945,0.259680168973707,0.0286245230580128,0.290347254593746,0.00727379462100159,0.578573395578026,0.956019537005682,0.00907839005695303,0.656587169312944
"GOBP_RESPONSE_TO_ALUMINUM_ION",0.199600568421896,0.506062067621136,0.539276696859957,0.282891933836952,0.427133855092088,0.530991730007706,-0.264837066071484,-0.801261010902036,-0.64195956569352,0.578390544011289,0.40532801856029,0.417604359218997,0.00963560042262007,0.590510630378979,0.99251796201513,0.0146597974937745,0.697233355481925
"GOBP_BODY_MORPHOGENESIS",0.32612039270846,0.163637168939482,0.0900947425780243,0.0716551856503381,-0.0027663363615458,0.0727334079620454,-0.221608001476673,-0.0952939647975966,-0.10161535042071,0.237290478247515,0.180501573666405,0.176201706213203,0.0224433409951695,0.0102911194401261,0.16100917725745,0.00589724452706467,0.953314870686107
"GOBP_EMBRYONIC_BODY_MORPHOGENESIS",0.62701349060661,0.124303083118374,0.403130144789254,0.043174269261362,0.130713060382083,0.0349017370760872,-0.474778562325561,-0.246025754222085,-0.32525958936268,0.437379625363571,0.489696244313344,0.0197070774885922,0.0224165897968117,0.236942970954411,0.157494953629867,0.0308226968582171,0.755995258205856
"GOBP_RESPONSE_TO_UV_B",-0.0545785452996972,-0.0378663561520367,-0.0198499891494458,0.120985325469077,0.285349231586447,0.276838768935199,-0.398355057001984,-0.284208285980779,-0.398145301507522,0.366599005702539,-0.0195797882661679,0.0759431104073686,0.00975135690306953,0.549076866682105,0.0344739493659803,0.039004784357211,0.263728097666347
"GOBP_VASCULAR_TRANSPORT",0.209694976158127,0.242378068884778,0.127002500887048,0.11574742792999,0.101598914671819,-0.0172535487189739,-0.230997136354006,-0.248811136106984,-0.240091778932538,0.226005158070407,0.218670101213495,0.2561193741351,0.00538549204512815,0.0499080188900803,0.0835768200740696,7.62377780438131e-05,0.360419197733478
"GOBP_MEMBRANE_INVAGINATION",-0.0188635095688133,0.117403365248954,0.00656302775526471,0.0247927627816171,-0.0265162764710999,0.204630660827408,-0.354973294686348,-0.226051502984764,-0.260745758313097,0.380910934615576,0.186326676890777,0.0622879567331922,0.00525890733970731,0.292896779319685,0.714278988031793,0.0214068024736076,0.191341952882189
"GOBP_FATTY_ACID_OMEGA_OXIDATION",0.319868461870037,0.539298994485819,0.596896843075346,-0.0720869498425366,-0.492610315161828,0.38664082600065,-0.232774731010755,-0.309919643785406,-0.626578440146522,0.545377423526712,0.497311833884007,0.169403862101964,0.00564551001732452,0.20207099707028,0.155380432297919,0.00928749069205688,0.608212113377065
"GOBP_HISTONE_H3_K36_METHYLATION",0.427232571538258,0.154533592447459,0.251717100416635,0.378520091049511,-0.0526386659818877,0.433579127152603,-0.51684271173483,-0.631922729864951,-0.76481659304863,0.578417687827379,0.104933449018391,0.545374516630305,0.00108613728385108,0.51018470439604,0.895730404735984,0.00985065049596902,0.49965531459934
"GOBP_EXIT_FROM_MITOSIS",0.0495853176164235,0.29539393673766,-0.00979364825499748,0.122520488600635,0.173166110201659,0.284476579272601,-0.428250642334479,-0.508336191723506,-0.485862066710053,0.499680663339755,0.422452427842779,0.0113155285210741,0.0192781654070598,0.524598918090174,0.493587871477756,0.0326351961894974,0.336945706130644
"GOBP_NEGATIVE_REGULATION_OF_HEART_RATE",-0.324268402721232,-0.340377799902451,-0.15090109265515,-0.340762295208941,-0.00455278320590208,-0.255522644297795,0.178035434165192,0.43828831659794,0.427952422531783,-0.198739227060855,-0.181486716154067,-0.233146086543312,0.00553510040525995,0.970917162185437,0.582807183146625,0.0202031657809163,0.38298041593653
"GOBP_REGULATION_OF_SIGNALING_RECEPTOR_ACTIVITY",0.112627494081333,0.118802791849585,0.129749206872141,0.15252140255285,0.117773807192669,-0.0499927710184798,-0.155265835996316,-0.133374672860655,-0.079420457895558,0.151525867829813,0.0104329848847653,0.143637634014061,0.006386889603514,0.73387092528371,0.531269232408752,0.0230660537589907,0.725534241151029
"GOBP_POSITIVE_REGULATION_OF_CALCIUM_ION_TRANSPORT_INTO_CYTOSOL",-0.426122602595459,-0.351342655909347,-0.187833366717165,0.148997298703845,-0.197420686874057,-0.132600602136856,0.57511350710435,0.372006937199284,0.20619005544664,-0.00941685973260914,-0.171026794842257,-0.528024554624261,0.00790884575726347,0.405220561339815,0.120286544607704,0.0347033608148817,0.648783071495884
"GOBP_VASCULAR_ENDOTHELIAL_GROWTH_FACTOR_PRODUCTION",0.176507482948355,0.044026106933047,0.102473515257463,0.00425342410220725,0.336316575151311,0.246547184872954,-0.318208192411685,-0.367571701956421,-0.37121127201586,0.0631503527760667,-0.0631313456232529,0.209054896681522,0.00232937950596614,0.378494367888918,0.47714046749906,0.0283866152035468,0.694479719009738
"GOBP_POSITIVE_REGULATION_OF_VASCULAR_ENDOTHELIAL_GROWTH_FACTOR_PRODUCTION",0.222863641598853,0.101194199588197,0.112542031640915,0.0154853286148171,0.381591389992919,0.0299081626276365,-0.416539735326565,-0.379457056327397,-0.367201535353355,0.147324088962395,0.0508868149511799,0.299257241916273,0.00211483613176989,0.87638800260107,0.981632568257565,0.0137643442837622,0.820333513566754
"GOBP_REGULATION_OF_ENDOTHELIAL_CELL_MIGRATION",-0.0253991482227621,-0.0368125909048426,0.0932275968502293,0.129281786076709,0.0813254995140239,0.131551110569079,-0.267141392133068,-0.286987202130022,-0.128245686399744,0.190982091155418,0.137315969342952,0.0572672936531908,0.0228308066425988,0.756506014110425,0.116182833513683,0.00583849488777544,0.106706208607831
"GOBP_NEGATIVE_REGULATION_OF_SCHWANN_CELL_PROLIFERATION",0.377480773796491,0.536976397348064,0.316969568016941,0.0847640388192203,0.101058434258107,-0.080681010874431,-0.621736746313856,-0.312293817608267,-0.575181448791356,0.3499572186781,0.689055299484902,0.411674156614103,0.002366950444842,0.0305866905033046,0.0132095900712081,0.00230448201222205,0.590537365045223
"GOBP_REGULATION_OF_EPITHELIAL_CELL_MIGRATION",0.0995876191329881,0.0845427371898223,0.142416357402154,0.123263642216544,0.0144869488070144,0.130743114147344,-0.331737881835773,-0.338051877220984,-0.231327874554231,0.272095258351264,0.218396407892808,0.151990097098564,0.00195275417830398,0.0718691166253533,0.673808618213181,0.00046533832712325,0.0746800111447652
"GOBP_NEGATIVE_REGULATION_OF_EPITHELIAL_CELL_MIGRATION",0.119991692484688,0.0306879203775741,0.125003555324019,0.0279049370177172,-0.0569114436946849,-0.0339857246980868,-0.213050721086136,-0.260257583828978,-0.113097217796701,0.16994218878278,0.104717228456255,0.0507209838171883,0.0076158923400457,0.043467843296259,0.0488119780069524,0.0062108673485961,0.737824745327652
"GOBP_REGULATION_OF_MITOCHONDRIAL_FUSION",0.401787463485547,0.359539474159701,0.292964630232214,-0.0159712838661354,-0.443209689725594,0.20821103998448,-0.23812921915214,-0.507635231538054,-0.507523342894761,0.442567402865925,0.411390074470435,0.150554066571676,0.00758258226254011,0.146777330229867,0.147102368616003,0.00431262236663574,0.87828344548014
"GOBP_NEGATIVE_REGULATION_OF_MITOCHONDRIAL_FUSION",0.376995380265899,0.34074373899787,0.354549189512722,0.0713707981077078,-0.371133620300185,0.195075644577564,-0.656734633852581,-0.446054998083931,-0.511869795264488,0.628481527810769,0.584630175097546,0.455392225042539,0.00392036959085402,0.0646408218153022,0.149418173500972,0.000210923478016533,0.0568515863133925
"GOBP_REGULATION_OF_CELL_COMMUNICATION_BY_ELECTRICAL_COUPLING",0.325111433640225,0.149438094306505,0.195850154506708,0.246973003971944,-0.030647315758815,0.309584300168582,-0.612672859854797,-0.479260848431624,-0.208469862671856,0.0807297556484951,0.53672772405962,0.553998803881684,0.0183428023844289,0.322040294403788,0.70871013149325,0.0154652468335664,0.397283196678947
"GOBP_NEGATIVE_REGULATION_OF_MUSCLE_CELL_APOPTOTIC_PROCESS",-0.0350672121297445,0.226462793850393,0.0869246252232413,-0.184194641911452,-0.130773703566452,0.0649362936912345,-0.222627039633155,-0.0999327399615916,-0.313722064424852,0.146814694022912,0.239479211477916,-0.0393033334893231,0.0373809844275408,0.14956212542055,0.175028906223745,0.0367549697455561,0.847402800708715
"GOBP_MUSCLE_CELL_APOPTOTIC_PROCESS",0.14081934813369,0.165791706290371,0.0804581261519993,-0.103050190613476,-0.204160834155466,0.153989219598443,-0.299592045941456,-0.139830230330637,-0.34214470198161,0.207301539222586,0.344174715806065,0.201627474165999,0.0138313814423972,0.0885225729556893,0.229323135648178,0.0034527600230996,0.10246562578871
"GOBP_STRIATED_MUSCLE_CELL_APOPTOTIC_PROCESS",0.296939958421833,0.331496311765321,0.170586552471056,-0.170423094883138,-0.235589064402887,0.0596809302345008,-0.272245315474829,-0.123793271317393,-0.294056567278134,0.250240306284027,0.404242142783815,0.260569560078892,0.00244901597432985,0.024183227065897,0.0315684295236885,0.00188470003204419,0.60867691693331
"GOBP_POSITIVE_REGULATION_OF_STRIATED_MUSCLE_CELL_APOPTOTIC_PROCESS",0.438512931967439,0.248513493467157,0.119442628725879,0.236680133098083,-0.499171388542681,-0.193501907212114,-0.441238976522048,-0.26171543887694,-0.173352554186241,0.125263811857035,0.40658784445386,0.397340411901713,0.0105645527921715,0.150551297712421,0.177316765710208,0.00820479010443403,0.770049316345028
"GOBP_REGULATION_OF_CELLULAR_CARBOHYDRATE_METABOLIC_PROCESS",0.150528486506348,0.0873702438142285,0.0169640727383812,0.102695653504017,-0.0813429612591224,0.128044271171708,-0.258526571796458,-0.274021244240102,-0.26951422913301,0.308229094640067,0.333755002630222,0.153173859699863,0.0109264456092811,0.0697565483262197,0.674790438248415,0.0106537612116094,0.0657497362472531
"GOBP_POSITIVE_REGULATION_OF_CELLULAR_CARBOHYDRATE_METABOLIC_PROCESS",-0.0167335128432952,-0.0294257850976318,-0.0940594952780194,0.123490730817911,-0.0163360533196237,0.314689437902697,-0.194470513754328,-0.278454444580255,-0.174124256204737,0.142851539742321,0.196027458939559,0.0193301177507765,0.0156424626194021,0.858156593947602,0.18440201152094,0.00928550703448124,0.0685755680513585
"GOBP_REGULATION_OF_EPITHELIAL_TO_MESENCHYMAL_TRANSITION",0.113484988494268,0.121592816718223,0.0421838954994077,0.166466003160474,0.0475184293577724,0.119627412171721,-0.232116314707673,-0.250996672447675,-0.145169606316548,0.0531473721427563,0.183479368978227,0.0752993534959285,0.00233462554840782,0.89840467545935,0.68552814925273,0.00431422812057295,0.821960381516571
"GOBP_POSITIVE_REGULATION_OF_EPITHELIAL_TO_MESENCHYMAL_TRANSITION",0.0224098864912997,0.05851278956923,-0.0168166016908903,0.197046898680575,-0.00967975077345806,0.126675506475465,-0.207419100899747,-0.222895350023728,-0.0739345512578662,-0.0351914252411014,0.143473215126904,0.0807139117461899,0.0398008118396431,0.630959507275237,0.30250924374276,0.031065893037386,0.521738825392139
"GOBP_NEGATIVE_REGULATION_OF_EPITHELIAL_TO_MESENCHYMAL_TRANSITION",0.133749405016127,0.33821157929841,0.0439921725405894,0.0500171552868388,0.218937440307599,0.107404957302156,-0.219910058377169,-0.250755109243693,-0.30191678538908,0.0907582260011643,0.193568989797537,0.0440373472200547,0.0313254507919432,0.821618312036046,0.672360161330332,0.00484130994036804,0.567882166497848
"GOBP_PROTEIN_KINASE_A_SIGNALING",0.0448104144306098,0.10676259709256,-0.0478297328846638,0.0406015686991061,-0.0792556480585561,0.0517030134828089,-0.25242325368471,-0.248581619995465,-0.277750800432315,0.108721110630847,0.110930282101008,0.379265532513507,0.0191466797426767,0.148827669664016,0.648607319779783,0.0350184676071795,0.2005917295292
"GOBP_REGULATION_OF_MACROPHAGE_DERIVED_FOAM_CELL_DIFFERENTIATION",0.127625649573239,0.151503451010858,0.211130372085111,-0.00408279243119045,0.15257704321878,0.335652604016472,-0.33392374151039,-0.255553253837477,-0.249806864378856,0.02692197763673,-0.0855433640058582,0.135900827485479,0.000284346446541602,0.321057682909709,0.98558799403021,0.0270531304132658,0.152682418344095
"GOBP_NEGATIVE_REGULATION_OF_MACROPHAGE_DERIVED_FOAM_CELL_DIFFERENTIATION",0.309182304598536,-0.00140993660923089,0.422598693262356,-0.462587016324223,0.0362274827442678,0.458617547549501,-0.371390830136501,-0.357125275179853,-0.271531194534414,0.424860212694028,0.0639481586480423,0.155322531049425,0.0384912043526744,0.535367657318831,0.490139007488132,0.0291269535715405,0.871674973003543
"GOBP_REGULATION_OF_CGMP_MEDIATED_SIGNALING",-0.227262775038753,-0.308130165048926,-0.204573230701535,0.389956805575816,0.158893584325771,-0.0416137903668718,0.374890005545981,0.389204441353724,0.251849554424438,0.00370323322136318,-0.22867470906861,-0.214585892722969,0.000661486697461568,0.110922856519636,0.0715012704305793,0.00948594944245113,0.316270274607191
"GOBP_NEGATIVE_REGULATION_OF_CGMP_MEDIATED_SIGNALING",-0.0642754028229368,-0.607002235526169,-0.236275821028714,0.413047587243879,0.496379392697474,0.366344141810688,0.245655586016995,0.314352478945255,0.850692523056321,-0.721592971960188,-0.158557636102422,-0.308679397785263,0.0378129834407385,0.0341454769811908,0.0389878223046758,0.0279416117828698,0.707232032125735
"GOBP_FIBROBLAST_MIGRATION",0.208487792631616,0.0501858624457042,0.0214745034282512,0.188391241121397,0.0314095713171227,0.303427767471282,-0.475209013611464,-0.421433968033071,-0.402419462002053,0.319723263449575,0.25962002352661,0.222451243664319,0.00620247984416616,0.362556394284903,0.458413676246001,6.43766893387221e-05,0.0773228918874369
"GOBP_REGULATION_OF_FIBROBLAST_MIGRATION",0.171957354395567,0.0215126385960666,-0.011042532882307,0.269781498012175,-0.0105211578291639,0.298600012573362,-0.490373825484616,-0.388221208910032,-0.388553627010951,0.232880061355433,0.246925785538555,0.212034041316267,0.00381226698474524,0.695598143114036,0.346787075547597,0.0013468314042394,0.0903841589468717
"GOBP_POSITIVE_REGULATION_OF_FIBROBLAST_MIGRATION",-0.0119491842105987,0.0762098953234292,0.278686579464827,0.445157192745677,0.202711062933406,0.40034371731709,-0.56580636325365,-0.504572579218195,-0.32348189117372,0.111355959276813,0.324271692310313,0.416807799936922,0.00731605874885966,0.608223374665815,0.109160049902943,0.0034629091012887,0.245422383866121
"GOBP_NEGATIVE_REGULATION_OF_SODIUM_ION_TRANSPORT",-0.0615220241142449,0.323167069761911,0.228569959400829,0.213194767658435,0.258160056157012,0.0939984866119822,-0.511027348067991,-0.387127171309316,-0.359722609305313,0.219318703902148,0.231093162208611,0.4343019096314,0.0246522138523145,0.287101814434558,0.856102134472187,0.00187884822774036,0.396616899531872
"GOBP_REGULATION_OF_PEPTIDYL_THREONINE_PHOSPHORYLATION",0.101621657256091,-0.0755383346108245,-0.0532335003755668,0.255223984826039,0.260303796230714,0.439024484567938,-0.428187447068048,-0.296656192405771,-0.513710516256938,0.371790314676092,0.290431120595512,0.0891980731154775,0.00900924913809077,0.551957838524586,0.0165982841730696,0.00412217224769087,0.0708798950216624
"GOBP_POSITIVE_REGULATION_OF_PEPTIDYL_THREONINE_PHOSPHORYLATION",0.0904463794662893,-0.145135677269152,-0.0822723887815396,0.446734868688124,0.28145811023926,0.422691183948982,-0.505569666636926,-0.35268292524056,-0.524884935136024,0.27593784660035,0.448319129111534,0.0258244111336264,0.0110556266648025,0.397022934568778,0.00990675723796117,0.0161589313660144,0.122290263653308
"GOBP_NEGATIVE_REGULATION_OF_PEPTIDYL_THREONINE_PHOSPHORYLATION",0.166633938872932,0.0795951019344957,0.0257605000286705,-0.231001923873061,0.185308145774995,0.523456122827764,-0.317040361389581,-0.325110721415657,-0.546932781494147,0.544390034456881,0.145331480418603,0.286329625728386,0.00997573546151262,0.549338570831014,0.784848204900661,0.00996961585716163,0.173082184629716
"GOBP_REGULATION_OF_SYNAPTIC_VESICLE_PRIMING",-0.173968977746839,0.164371310517261,0.12771203562852,-0.520868936432605,0.257327549592018,0.0788678734325181,-0.416865698295674,-0.568909019574523,-0.562804510662288,0.45222596256064,0.577192495114222,0.088084658535312,0.0208431802517062,0.206087830321983,0.724165029683612,0.01782400056728,0.147253577924517
"GOBP_REGULATION_OF_CELL_SUBSTRATE_ADHESION",0.168439535839133,0.152475166109791,0.20901189937065,0.208378208451505,0.182199679378794,0.116887468179733,-0.349834160781987,-0.388783302697384,-0.317745082839372,0.316708905296767,0.234797479447371,0.188172902524968,5.00008708591989e-05,0.177388331176311,0.828587683060575,0.000668994181348324,0.195450692195007
"GOBP_POSITIVE_REGULATION_OF_CELL_SUBSTRATE_ADHESION",0.00391155140167304,0.0326979362492929,0.150647859810145,0.28102003652284,0.149201646043533,0.140006453457936,-0.320902229076689,-0.335668396106451,-0.264414086381951,0.19376257143225,0.223413728621169,0.144414395809327,0.0057921869104135,0.958610299339787,0.116645697144391,0.000100691226153781,0.0902482127827389
"GOBP_NEGATIVE_REGULATION_OF_CELL_SUBSTRATE_ADHESION",0.296966346427834,0.272396180006285,0.306135278154239,0.140682309439277,0.271236314625395,-0.0025401827339612,-0.402568897680204,-0.396333681257835,-0.199190151625764,0.296595372713511,0.182111714927478,0.166369383454438,0.00995751025394006,0.442629034195937,0.186538537384935,0.00428006139644513,0.197012668883578
"GOBP_REGULATION_OF_HORMONE_LEVELS",0.0711582957296084,0.0509936671827066,0.0554574009084686,0.0419718089631169,0.0432229050970282,0.0466446735854558,-0.152630686448603,-0.203267000620047,-0.10227934861312,0.197867298335238,0.0629294055187882,-0.0083987340174233,0.0152331506571874,0.574788465969088,0.12366516545952,0.0412430478019034,0.720783187443307
"GOBP_T_CELL_CHEMOTAXIS",0.219616393470691,0.0912840241295413,0.210001126320534,0.387295400781399,0.412419273275052,0.252329560195672,-0.406877138741471,-0.462640056210167,-0.254886009198005,-0.0837527196209909,0.300312948872482,0.213805889187665,0.00308008817115202,0.209602821153562,0.0538126492221324,0.0283776695752232,0.825512914394056
"GOBP_REGULATION_OF_T_CELL_CHEMOTAXIS",0.344029751390081,0.0780472382330746,0.286137283259104,0.307659294467922,0.438932423366795,0.0645871075329466,-0.398030009385371,-0.478142926398284,-0.434413488857946,-0.118705797584494,0.339634681485717,0.197122583517571,0.00962630050169228,0.495572580558285,0.814482700380205,0.0474652779454829,0.579745352758203
"GOBP_NEGATIVE_REGULATION_OF_MITOCHONDRION_ORGANIZATION",0.0377266348060188,0.135119333873327,0.193398923959061,0.06846785066869,-0.187400379825989,0.154602964148899,-0.443960569293485,-0.374983439550105,-0.46874679996648,0.46766480837795,0.384183205310914,0.199154758647765,0.00120804300750843,0.0633803457800218,0.404626874698314,0.00541616386621396,0.0830906102882772
"GOBP_REGULATION_OF_GLUCOSE_TRANSMEMBRANE_TRANSPORT",0.135085515615556,-0.0973379507209435,-0.0568956778186015,0.00879799074191118,-0.0323781538104348,0.270107588261205,-0.24183430667603,-0.342842510897888,-0.307328335357224,0.132531815910599,0.328133047431801,0.294253876925415,0.0405238849294276,0.218081008078621,0.50023505984936,0.00429823038059144,0.0528459670159595
"GOBP_POSITIVE_REGULATION_OF_GLUCOSE_TRANSMEMBRANE_TRANSPORT",0.32432391799589,0.127521011807716,0.0763216456259843,-0.0956594361453634,0.0525992517469124,0.385793037071011,-0.461076559631236,-0.438909916534436,-0.33627089182759,0.0893872022312861,0.458151345137393,0.373672082821117,0.00635302254250672,0.349586815518107,0.726577106636746,0.0152219613130574,0.392906048391512
"GOBP_REGULATION_OF_MYOTUBE_DIFFERENTIATION",0.282626667865429,0.305232883510551,0.256615344170189,0.140634003844944,0.00967310126736823,-0.0569111866939471,-0.323588489998351,-0.225175318151748,-0.257134521425172,0.115111441091838,0.313904136254121,0.16776149193818,0.000541500147000123,0.113599424885345,0.0431415549561036,0.0065067082876308,0.297685504001359
"GOBP_POSITIVE_REGULATION_OF_MYOTUBE_DIFFERENTIATION",0.0138520386704225,0.46772342039832,0.426975082268845,-0.056074985795284,-0.0350391885661475,-0.177600838333591,-0.347650757464211,-0.0779350334461911,-0.29301261650199,0.282332011269474,0.39343223548118,0.0737931270379712,0.043816851625491,0.0500570770394922,0.103104411438408,0.017740433375674,0.776575314037793
"GOBP_NEGATIVE_REGULATION_OF_MYOTUBE_DIFFERENTIATION",0.294442903569366,0.117001584120798,0.386237935392062,0.29677447602592,-0.274954067480745,-0.336203339107177,-0.45593221482423,-0.467604840559075,-0.356288053227613,0.0725555767269807,0.344860400586719,0.154099818643507,0.00542123506627963,0.278800346609696,0.199219566464884,0.00798122783620984,0.540989748047669
"GOBP_POSITIVE_REGULATION_OF_PATHWAY_RESTRICTED_SMAD_PROTEIN_PHOSPHORYLATION",0.11882464043237,0.106985341791512,0.216647912475766,-0.00450834138040759,0.170017476144121,0.0248319676632433,-0.160653633751388,-0.258095306200136,-0.266948384242986,0.0370051112923384,0.217701247654229,0.0638964913007051,0.00151125242389897,0.612677382814063,0.271488683957134,0.0116686450306813,0.572710352392196
"GOBP_LIPID_LOCALIZATION",0.0674995813358537,0.158089084516386,0.0884440266761399,0.0490812330436651,-0.0206855583320403,0.0601963056646,-0.25672685443112,-0.22571677878525,-0.298788903228092,0.231651460167742,0.179314436581263,0.0849726297440041,0.000625934154558823,0.0663414546918173,0.114545090912669,0.00333180035242876,0.310152867312191
"GOBP_CHOLESTEROL_STORAGE",0.467307257691242,0.399318932023825,0.552185270212522,-0.171165737669078,0.0363126344912703,0.309913482717988,-0.645260783137228,-0.55240154326337,-0.602530412759968,0.567455151836148,0.512881999399161,0.390449751889497,0.000131242567330033,0.0757562069385329,0.0853909701877657,0.000353994033212715,0.813160225589485
"GOBP_REGULATION_OF_CARDIAC_MUSCLE_CONTRACTION_BY_REGULATION_OF_THE_RELEASE_OF_SEQUESTERED_CALCIUM_ION",0.142458797373951,-0.046471409157862,0.134744667167467,-0.217068144187229,0.221506379706259,-0.0643441827237604,-0.186217310888502,-0.0547005940413829,-0.23240064658982,0.140110596412985,0.349567736533727,0.421628359036851,0.0462193778423571,0.113942099507002,0.547516794788768,0.014651245238785,0.102198661448924
"GOBP_REGULATION_OF_CARDIAC_MUSCLE_CONTRACTION_BY_CALCIUM_ION_SIGNALING",0.220010683426115,0.00700852350780073,0.0612278996987436,-0.152966484711325,0.20192530285083,-0.0482275289016422,-0.271390479539637,-0.124474103588028,-0.279852398899379,0.218483593437472,0.370190063998808,0.376034246987771,0.0186637825863701,0.0737982518768048,0.488472774132454,0.00162754355268235,0.0541422952319058
"GOBP_REGULATION_OF_LIPID_STORAGE",0.216118930633203,0.181313669111842,0.293282011612689,0.0439719074917284,0.217281042366465,0.392113784453018,-0.557745917889141,-0.415232027992767,-0.452556810548005,0.403812364483167,0.126214204848374,0.146530351274387,0.000282800052719667,0.95695116736333,0.915367498795586,0.00672186794536309,0.96412439866916
"GOBP_POSITIVE_REGULATION_OF_LIPID_STORAGE",0.294384769104803,0.372469320772179,0.384871486982191,0.402502110375282,0.389959960367704,0.387702432613515,-0.60803258951341,-0.488558223927682,-0.545317405620217,0.523018239129363,0.219871885166442,-0.0166713599842899,4.78839299584842e-05,0.434866454061696,0.268218115115558,0.031976222037792,0.561007751390503
"GOBP_POSITIVE_REGULATION_OF_CHOLESTEROL_STORAGE",0.654979961760901,0.722944587879518,0.606218649181648,0.103476089879037,0.0234684079124783,0.296765580378027,-0.749951987709589,-0.66648742078041,-0.715911375502706,0.658633859606943,0.528393042588896,0.507142360812065,1.26770345527888e-05,0.0174846040822004,0.0131984646555145,0.000166329010507479,0.17955646462908
"GOBP_NEGATIVE_REGULATION_OF_CHOLESTEROL_STORAGE",0.272336214995992,0.204712280224341,0.586186858791065,-0.279155751992675,0.190195355913413,0.43167045297229,-0.516792702831854,-0.45923399329048,-0.537424533482612,0.648626257503142,0.413474931328013,0.129373674372737,0.0153385539193302,0.338609689783985,0.386583899095065,0.024342593310144,0.834174495520248
"GOBP_NEGATIVE_REGULATION_OF_LIPID_STORAGE",0.228285587360962,-0.123418247844215,0.131215308400512,-0.358185607297418,-0.115257770906628,0.454237402765755,-0.414334624651331,-0.319180347511315,-0.257306421781708,0.348979589580671,-0.00475272793835987,0.153507190672683,0.0434548796299644,0.561892375879964,0.769101312682777,0.0252843821264373,0.583691086855589
"GOBP_REGULATION_OF_SEQUESTERING_OF_TRIGLYCERIDE",0.366131352473074,0.105796099970548,0.402491135041009,-0.114145076593615,0.202316459714265,0.433816728398342,-0.43145898912358,-0.259282328752292,-0.324894105925287,0.415876967898938,0.0809038403393582,0.183321076748624,0.00897314989232076,0.794793495151426,0.566021265142197,0.0151272643070369,0.659268725120188
"GOBP_REGULATION_OF_ISOMERASE_ACTIVITY",0.221891675741536,0.479755552026707,0.347512627796749,0.120832507491496,0.065683924070114,0.308741943743806,-0.625210809724215,-0.466292729871909,-0.68243463702374,0.611551662641565,0.40443076587126,0.597263293838664,0.000739296307069045,0.0202734307068477,0.152509512143412,0.000265237682613076,0.134112543563687
"GOBP_POSITIVE_REGULATION_OF_MITOCHONDRIAL_MEMBRANE_POTENTIAL",0.00434612214967309,0.196064600400974,0.288433020503954,-0.0115948397425369,0.0654286765366382,0.303850149379257,-0.542429671378842,-0.471073750877038,-0.648533497102616,0.697553166086541,0.39489230138424,0.350303449564707,0.00371451561243413,0.067876593310161,0.7474055860593,0.00403502406589365,0.086193264185121
"GOBP_REGULATION_OF_INOSITOL_PHOSPHATE_BIOSYNTHETIC_PROCESS",0.240778385246304,-0.0766664002442946,-0.0421951373214802,0.451173296409008,0.189627394134032,0.429829788030762,-0.324075731012696,-0.671054824459815,-0.36473615598731,0.324409367076571,0.220180824866828,0.181387460880267,0.0296416183592254,0.310068246451253,0.0752064374647717,0.0143441765434882,0.172739846167192
"GOBP_NEGATIVE_REGULATION_OF_PHOSPHATASE_ACTIVITY",0.264180871262971,-0.00348462599394181,0.0529335337027685,-0.124373376103142,0.0604860823008945,0.282827664197697,-0.40924612157582,-0.272351356331088,-0.511206033944999,0.308384961838011,0.175779164105035,0.317327307583827,0.009923633164538,0.235575952176996,0.837556123483688,0.00234640987554927,0.175835903204783
"GOBP_CELLULAR_COMPONENT_ASSEMBLY_INVOLVED_IN_MORPHOGENESIS",0.173284201589599,0.153628665645895,0.121525692545872,0.0928653816273817,0.219783341438182,-0.0755299242836948,-0.249427314004359,-0.131573131030526,-0.128573778114902,0.154757365894948,0.0813990279521575,0.152937191926587,0.00826339548088564,0.619141786171741,0.498158330718493,0.00567419253665682,0.532369097171015
"GOBP_MACROPHAGE_CYTOKINE_PRODUCTION",-0.0811961140293592,0.14027038652052,0.0491187330363621,0.164946580658001,0.362328537967085,0.301316628169532,-0.325435589964835,-0.431038058820387,-0.471430225612,0.256730393902862,0.192146274981496,0.0101517239699154,0.00671483943293263,0.264070872506009,0.051033720372122,0.00564939680556524,0.299309840213351
"GOBP_REGULATION_OF_METAL_ION_TRANSPORT",0.023809575225689,0.067095161170363,0.0405292045862473,0.11708671888327,0.0679627780487281,0.0195279539448599,-0.157050188754605,-0.153922175703452,-0.143100013727438,0.147350654507301,0.0778710149588282,0.102412221396617,0.00191560198813342,0.309081286332894,0.491450538592071,0.0045716153461232,0.0637759871752882
"GOBP_MAGNESIUM_ION_HOMEOSTASIS",0.478839013287246,0.0971324232265814,0.124872412655437,0.061321457232964,0.17525367144025,0.511813182005528,-0.434275086179452,-0.630322768548005,-0.446839459471771,0.0381353970986377,0.181272785262602,0.233362227997337,0.0129524404958083,0.555856951675444,0.935086899480084,0.00165158264847463,0.588137535069245
"GOBP_REGULATION_OF_GLUCAN_BIOSYNTHETIC_PROCESS",0.176163163382463,-0.0376825431585109,-0.0109105758237912,-0.00941510292804831,-0.042005238502876,0.273687974301781,-0.44074370806141,-0.429193980134099,-0.306253135197926,0.279761841267082,0.437518612944275,-0.026040422243298,0.00871346624232378,0.411608331930722,0.808381406573585,0.0348425930499598,0.305927247817015
"GOBP_REGULATION_OF_MICROTUBULE_NUCLEATION",0.142830230164632,0.373782907193066,0.27304119798971,0.0678258534274409,-0.324936280987452,0.36077905317791,-0.571639308489981,-0.448311738882345,-0.554429343058967,0.712480620206585,0.536459997900606,0.383154626445348,0.00151100122158239,0.107651760778618,0.370935047971684,0.00323947165182761,0.0805256287217207
"GOBP_REGULATION_OF_NEURON_PROJECTION_DEVELOPMENT",0.0755805417691894,0.209783202516829,0.0483355137540273,0.0788099629018735,0.0554697645105504,0.0425822495425599,-0.27110383626597,-0.22299673326432,-0.256223629757604,0.165665167947414,0.170044749053989,0.195323169707358,0.013260248522679,0.00119448355633677,0.405506984608195,5.10557538922905e-05,0.317202493958523
"GOBP_POSITIVE_REGULATION_OF_NEURON_PROJECTION_DEVELOPMENT",0.226367536049458,0.216313309834312,0.0553689389273572,0.0428309562361463,0.119520690885843,0.0602934203848813,-0.302488424410219,-0.303862676825788,-0.302733210369139,0.150549027632126,0.158762353072949,0.130975551459338,0.013661178059132,0.0754816806570769,0.234307169926977,0.000324810203722867,0.762563189835131
"GOBP_NEGATIVE_REGULATION_OF_NEURON_PROJECTION_DEVELOPMENT",0.0190936743864194,0.271042707077425,0.197772030645121,0.203381837565931,0.0892725560862836,-0.0224638659147724,-0.279833537155298,-0.200022617152743,-0.25686866817474,0.210767584159198,0.115807451152094,0.264815052883849,0.0235459503886177,0.25348297399295,0.505863487802919,0.0026351847225117,0.715309951510731
"GOBP_REGULATION_OF_SMAD_PROTEIN_COMPLEX_ASSEMBLY",0.289438989406031,-0.0384689530264172,0.00607922384186149,0.208964211158936,-0.275402217485488,0.429945978590998,-0.762744596167536,-0.311925595427236,-0.731034829998207,0.209223681783786,0.331249616960789,0.370181588570167,0.0220005551930599,0.475939496780478,0.888503535288381,0.0168496815493755,0.15568370914216
"GOBP_UBIQUITIN_RECYCLING",0.266651334200055,0.144805681287311,-0.112007418986991,-0.225496441527643,0.0443232923708036,0.465368226130706,-0.473122699878237,-0.34507513726644,-0.58696931663073,0.566439388357677,0.196264031219431,0.174394333310891,0.0181488162598084,0.420748408030267,0.983692383156884,0.0114937265428434,0.278505871521822
"GOBP_REGULATION_OF_TRANSLATIONAL_INITIATION_BY_EIF2_ALPHA_PHOSPHORYLATION",0.373131091797905,0.0621158515614957,-0.0872931415186407,0.221432960399427,0.276424831756028,0.594790826322276,-0.795578799956368,-0.627578945646867,-0.714284697446439,0.375682459152393,0.464781468583913,0.595625878681291,0.0168279960474554,0.449954877662373,0.23868812338346,0.000186534061497755,0.0988542219568667
"GOBP_ASTROCYTE_DEVELOPMENT",0.296725480147142,0.267897310223961,0.213537237283622,-0.253428856262533,-0.0386744460945141,-0.147613170177321,-0.249225413107935,-0.0583081886723709,-0.227022263829459,0.185155606035482,0.23519504803237,0.0231537899956552,0.0099355273957428,0.029858134103553,0.0131937712570469,0.0208129093954369,0.21674888028587
"GOBP_GLIAL_CELL_PROLIFERATION",0.09812435532928,0.0969470927198066,-0.0667809199496372,0.148694017912925,-0.0366683541724748,0.272470227305191,-0.396850706755484,-0.261864857502622,-0.233560050646284,0.234894373897394,0.201793349964954,0.138061052680696,0.010419158220152,0.559994340045709,0.471305055292845,0.00286150960158175,0.0947559880965916
"GOBP_SCHWANN_CELL_PROLIFERATION",0.289728246416262,0.432870602602232,0.344051206227405,0.289394270169094,-0.363915791146425,-0.0732076154457722,-0.451734804489438,-0.118290189359365,-0.335632850916818,0.173644453824388,0.498397091348111,0.245272139076985,0.0114322609436224,0.193958409083336,0.160170805839155,0.0118835681668984,0.676688226093114
"GOBP_REGULATION_OF_GLIOGENESIS",0.083399325120544,0.165439479655177,0.110426118487222,0.107395382211665,0.175370114348891,0.164944871475021,-0.341861367184771,-0.265424020023401,-0.260693366661763,0.240540640287764,0.0434294694855889,0.2002364955851,0.000344647905064124,0.863098137899571,0.410989320034978,0.0084165617184191,0.571963741082516
"GOBP_NEGATIVE_REGULATION_OF_GLIOGENESIS",0.372363469068337,0.508490040339629,0.385220222366275,0.0811304527176237,0.00422286856744598,-0.0278270936936717,-0.444289441768903,-0.202875948411942,-0.306242578855392,0.360178458092456,0.254326872412286,0.312540354551559,0.00187313762143882,0.00290296566258976,0.00235733816292289,0.00524999819062575,0.10815362890861
"GOBP_POSITIVE_REGULATION_OF_GLIOGENESIS",-0.0919522784598068,-0.0713875293983271,-0.00736291182888438,0.0602246258284548,0.244247987908791,0.198863338279916,-0.269590666225836,-0.253085758151504,-0.17835847823816,0.161024023047281,0.00350801298783435,0.132227889160515,0.00977659569121411,0.402995723849369,0.0385549194615807,0.00786609692942354,0.0645147783556349
"GOBP_NEURAL_CREST_CELL_DIFFERENTIATION",0.088419270126065,0.183279660611422,0.103113366215748,0.291864294898477,0.100025527380399,0.0767789093109107,-0.340548016194693,-0.246492428182899,-0.261250689215116,0.252250235670126,0.256738838265142,0.121251885097271,0.000601936233046214,0.54966118773477,0.704530950668435,0.00146523840681851,0.196139251850066
"GOBP_SCHWANN_CELL_DIFFERENTIATION",0.0720172753923007,0.18523133574682,0.3625730510921,-0.0795517950065631,-0.244322592288743,0.346212625917709,-0.155408252179161,-0.250655062506214,-0.23670969544097,0.240494531815851,0.183777668808679,0.0957526851565043,0.0274271291036418,0.447274799216958,0.38558059966177,0.00252974093971484,0.748479616924195
"GOBP_SCHWANN_CELL_DEVELOPMENT",0.261274934805329,0.290734200672191,0.433899873436668,-0.0962041936698244,-0.216293385073803,0.348065703781736,-0.188844578935111,-0.317749819368985,-0.333452311369329,0.217461012251974,0.196208043597055,0.102741921586097,0.00108151778315556,0.450380349238101,0.199432907343118,0.00186609564256678,0.0802870482486365
"GOBP_GLUTAMATE_SECRETION",0.151326088222724,0.0844619592088237,0.18153537956832,0.274967215369675,0.253164998663893,0.09049980190687,-0.354810410321287,-0.25450483701351,-0.151953334844795,0.262907797959575,0.234860758478084,0.110100036504734,0.0100211620286929,0.96413254069397,0.379018724088636,0.0042900363621142,0.324903507575482
"GOBP_REGULATION_OF_GLUTAMATE_SECRETION",-0.055362447350921,-0.0430403954967947,0.0838082811752899,0.2773928186473,0.351710985509911,0.165796198730797,-0.404003577994314,-0.258331054187144,-0.307317361768032,0.311285638850947,0.285463153281913,-0.000929844827344123,0.00673615703397825,0.599523945875036,0.0194870264056138,0.0217074406432726,0.167999653237345
"GOBP_PHOSPHATIDYLINOSITOL_3_KINASE_SIGNALING",0.00351523672572843,-0.0256690397504767,0.0491904113423667,0.0509027443431534,0.083343166753562,0.101911453910414,-0.264903308092903,-0.202711185705817,-0.148582942487254,0.121806911778531,0.282514769223832,0.12131670312117,0.00898230610833758,0.208298445106133,0.0653480861908059,0.0066179116483373,0.0744657166909197
"GOBP_POSITIVE_REGULATION_OF_MUSCLE_HYPERTROPHY",0.0906135058719416,-0.0438372771368834,-0.166656723879136,-0.0166498656225062,0.0398264520416057,0.365280004594567,-0.371099771874186,-0.382810226527831,-0.327510320526066,-0.069452906940786,-0.040151676035672,0.150595086497925,0.0438648136255938,0.457978694640242,0.305388471737151,0.0267705529885821,0.624994762384329
"GOBP_MUSCLE_CELL_MIGRATION",0.219831358868097,0.138694589309581,0.0557487522911561,0.04854251583915,-0.026051503180239,0.143449567475061,-0.263952927314997,-0.180436366783104,-0.289206501762822,0.104149376302275,0.291219508495743,0.20607150635325,0.00398809434141319,0.118327994834208,0.291596246933121,0.00429151324103137,0.435224639144641
"GOBP_VASCULAR_ASSOCIATED_SMOOTH_MUSCLE_CONTRACTION",0.29247015798384,0.120216613236936,0.145252257256315,0.214245446843947,0.0131755522233057,-0.128407178560791,-0.33064055084798,-0.34317997163975,-0.303796549868064,-0.0535460583272933,0.158217754774663,0.263147425087119,0.00846389796548437,0.546772323164547,0.266687566519029,0.0387131965468783,0.594671383294754
"GOBP_STRIATED_MUSCLE_CELL_PROLIFERATION",0.322724270206168,0.117217999209504,0.0479546412807845,0.17835828633389,-0.113036701221243,0.224157961327628,-0.344188688808177,-0.247119597516485,-0.260327618995959,0.053179061493009,0.195522227219914,0.236762565432419,0.0219551380182617,0.621852556752054,0.648921186558566,0.00531768770901605,0.993938561439508
"GOBP_MYOTUBE_DIFFERENTIATION",0.185260000569353,0.247769111279828,0.314760570649993,-0.0475179385161096,0.126752111302446,-0.078490651079159,-0.35828268012493,-0.273534423875921,-0.249175964582173,0.240141191931363,0.332143434204509,0.198677152282684,0.00043876512193571,0.0356311669982452,0.0390924299075991,0.000505640766984862,0.893869330035709
"GOBP_MYOTUBE_CELL_DEVELOPMENT",0.328965298398416,0.215672414630518,0.418031204852174,-0.191734677160755,0.093819607549448,0.00474836383923299,-0.393291138093437,-0.257725863901297,-0.159422025974883,0.113175030876996,0.32649232697907,0.144453154729626,0.00294271713859853,0.107224318571094,0.0318776989669907,0.00808292498726784,0.228643663243493
"GOBP_MYOBLAST_FUSION_INVOLVED_IN_SKELETAL_MUSCLE_REGENERATION",0.382910536496156,0.529908401602009,0.221006394678113,-0.320260038107562,0.640448575159327,0.29371860137648,-0.799712165813884,-0.50955267863166,-0.686727091174581,0.76709854000435,0.569506940198256,0.0841490829406972,0.00106779624503041,0.484968384591616,0.607162800825265,0.0184561207489022,0.697709282145012
"GOBP_MYOTUBE_DIFFERENTIATION_INVOLVED_IN_SKELETAL_MUSCLE_REGENERATION",0.0711047241241771,0.107334875480965,0.345243833818677,-0.188209236328526,0.536115390389862,0.107454358936044,-0.730771808423724,-0.461023003971346,-0.57524408816797,0.696727547933589,0.317739494168702,0.214752447123639,0.00286434591885292,0.377415281088507,0.927233783225488,0.0087632194583882,0.254180371277195
"GOBP_SMOOTH_MUSCLE_CELL_MIGRATION",0.266022224966064,0.188036567683523,0.133478360087014,0.0687262648111848,-0.0585556682116049,0.0469671009397262,-0.281304166656728,-0.213248411147445,-0.333606933240666,0.114262751702654,0.337569076369753,0.275488466062791,0.000848364381321746,0.057327795729762,0.0324570169017693,0.00609945867026888,0.584669694356631
"GOBP_NEGATIVE_REGULATION_OF_SMOOTH_MUSCLE_CELL_MIGRATION",0.311753726572222,0.415327898237029,0.118686569572322,0.0994826816843334,-0.0167040892026318,0.19009320130559,-0.278119829892029,-0.286755832825414,-0.434500885411129,0.147074337866515,0.378309083347813,0.19632274540069,0.00714093365350206,0.182320589253303,0.153686420755787,0.00375638392821785,0.731003195136345
"GOBP_COPPER_ION_IMPORT",0.169717315411171,0.515002137958013,0.458076913813417,0.413885558665694,0.136006042094122,-0.35884356975961,-0.603655071766174,-0.632898593049932,-0.4461347224116,0.379781195193106,0.666500230450074,0.59755156834558,0.00405694329169765,0.154150368705869,0.298077601634911,0.000865311702307979,0.293819242873592
"GOBP_ORGANIC_CATION_TRANSPORT",0.285833559760697,0.287596379054299,0.110617865391891,-0.113209197647684,-0.0349810247924829,0.0136130471504632,-0.0787008425557598,-0.281056506494364,-0.221735731330579,0.0799812303735406,0.00193771241258289,0.133054925643189,0.00737925398659174,0.0931068628765485,0.0236021076534053,0.0271983197965747,0.10032325050398
"GOBP_QUATERNARY_AMMONIUM_GROUP_TRANSPORT",0.431680013656604,0.38013360511835,0.3757644442549,-0.168207231982913,0.145991996907308,0.263824728445797,-0.251896505381795,-0.430473361842532,-0.400189100512784,0.347373697019118,-0.0876341745665888,0.172086950862507,0.00267123175789353,0.743155808213303,0.131749332457888,0.041010114023865,0.182151792156829
"GOBP_ORGANIC_ANION_TRANSPORT",0.0193785129482366,0.160336480155351,0.0724566631704314,0.00773146108698783,-0.0291798631346231,0.00296498806116241,-0.183059999167709,-0.247614236971822,-0.234548415135874,0.223185677861012,0.183119489667133,0.176876879182183,0.00773169650927473,0.000534763790169893,0.151361896955798,0.000125104989072193,0.102447427688046
"GOBP_MONOCARBOXYLIC_ACID_TRANSPORT",0.0662489453105876,0.171988269572877,0.0933212809605059,0.00776635776645709,-0.0224776399208957,-0.12315815223693,-0.00972974826720269,-0.176651816672953,-0.167554716773243,0.17688983188319,0.174415068876051,0.105704414631948,0.0316831253169079,0.0195547944854496,0.0390877754460927,0.0241373016956089,0.352910781081817
"GOBP_TAURINE_TRANSPORT",0.528075691367802,0.755110072936356,0.319760552321648,0.407606951892661,0.129910215957076,0.181393831638971,-0.615752163829137,-0.681704120205192,-0.636031606117889,0.291175329987594,0.394125396682791,0.127584665517996,0.00983564890048608,0.799446421449332,0.134060404900798,0.00485309694157385,0.163466556093322
"GOBP_URATE_TRANSPORT",0.617202301137596,0.426220961471524,0.468630796305359,-0.241206928768879,0.23533496964938,-0.380021223171334,-0.211235519874515,-0.403358009476873,-0.0155335699940479,0.51943705573227,0.328260139287834,0.0935627592564663,0.0109079195079884,0.129523807331892,0.0658964918847599,0.0350415276529741,0.261193935935969
"GOBP_ORGANOPHOSPHATE_ESTER_TRANSPORT",-0.00135372544857679,0.118997796538971,0.0763627300052416,-0.036383767208725,0.032858595819371,0.179078939196037,-0.266037872030928,-0.247514014939262,-0.338586786125635,0.231498880513721,0.261645791647709,0.103614563839418,0.00182986834405989,0.158600459922812,0.937641249738843,0.00256496350921281,0.0948638091633072
"GOBP_NUCLEOTIDE_SUGAR_TRANSMEMBRANE_TRANSPORT",0.108998377070536,0.228604460592843,0.173091914670956,-0.317597340560126,0.147650945503112,0.304841595258894,-0.432660536145263,-0.445011877069925,-0.530634142022349,0.451890163836507,0.527097786218405,0.194224542999992,0.00017240646561097,0.199424818525039,0.573728592770311,0.00868004639768842,0.149453669518345
"GOBP_ACIDIC_AMINO_ACID_TRANSPORT",0.189517832560804,0.0569975564787052,-0.0644314816120322,0.15848829453661,0.283255901416476,0.224000526342583,-0.357762328837779,-0.34864222665724,-0.279727142396671,0.29487233918181,0.196205764311476,0.337151174350057,0.024250054550892,0.38281477108044,0.145753261457155,0.000753074179946041,0.07922701533888
"GOBP_BRANCHED_CHAIN_AMINO_ACID_TRANSPORT",0.392214183128069,0.518794821284378,0.646560561764077,-0.0229470048419866,-0.0181876699999507,-0.139824021115846,-0.443135716721496,-0.564268676753271,-0.367303988265618,0.514029498177286,0.43919103683058,0.53155700755062,0.000624401745976256,0.000586777524860094,0.00562686458385818,0.00075748610419861,0.78099670794896
"GOBP_L_AMINO_ACID_TRANSPORT",0.172424894254253,0.171552187895339,-0.0340975291541884,0.102816122814375,0.106621887796024,0.147959620648348,-0.291873013609782,-0.360950505921318,-0.286749778898769,0.245571956913356,0.134471988135989,0.28894293770858,0.0174557234206125,0.142882958289479,0.840924100741314,0.00190565034158871,0.231042063187882
"GOBP_L_CYSTINE_TRANSPORT",0.202650386157098,0.108234415171384,0.0918430446010443,-0.168950091919617,0.106619276723019,-0.160404339500636,-0.221434595648395,-0.370927641846292,-0.516774884539475,0.405869854349007,0.226798801223311,0.20160179629558,0.0165859289889864,0.0389116404872276,0.135281987419426,0.00470536280911096,0.141382462593317
"GOBP_ISOLEUCINE_TRANSPORT",0.646217529543332,0.531223439032402,0.846649542874924,0.421181268323063,0.635404229522116,-0.180849980724776,-0.694323900111636,-0.709845497848078,-0.527217058996422,0.499859599172083,0.308312513979094,0.432189861334952,0.000668393339773219,0.671638332159452,0.253758636046097,0.000201064474113971,0.0861805693646437
"GOBP_LEUCINE_TRANSPORT",0.4228145760395,0.667893582541539,0.751178127093043,0.120645630051198,-0.00791251048940164,-0.272152560918966,-0.573244437834527,-0.62907911670331,-0.295372464208669,0.587687433424413,0.445016086631367,0.34366751030512,0.00146938897239202,0.0273213612644616,0.0124406921536249,0.00252478561153229,0.276579778397693
"GOBP_PROLINE_TRANSPORT",0.402014139363423,0.513268757870923,0.268703103042979,0.548714420595014,0.139287891875285,0.271202994195499,-0.559812693230121,-0.627800557324133,-0.287502004419014,0.11017938062436,0.31095353003555,0.314851640068926,0.00338870211910432,0.62633898830251,0.626831844498196,0.00642862056266727,0.20164035633579
"GOBP_L_SERINE_TRANSPORT",0.0125985202242339,0.179288965145332,0.0530882903288667,0.146219985038817,0.34726222579071,0.462947320438502,-0.361753980166584,-0.474014743756502,-0.377997174923244,0.420400152437464,0.113542454200904,0.172358281655602,0.0021463377486246,0.56170976381103,0.107255379231061,0.0125776280273626,0.243253946928543
"GOBP_TRYPTOPHAN_TRANSPORT",0.466337701163051,0.199051762700761,0.00105220551343088,0.428355125747176,0.448485210554475,0.554475428704551,-0.537478897055386,-0.691362292122354,-0.670018797849011,0.541065763825089,0.0671736375157356,0.294995748239595,0.0154141534136881,0.326432969692929,0.192529251824287,0.0130973495997611,0.702202628306398
"GOBP_AMINE_TRANSPORT",0.0370366152029417,0.0592551717721638,0.0767600279931634,0.143867952733169,0.154515073154555,0.0325436175433698,-0.197573185928182,-0.247914059704201,-0.0950687719720604,0.152212243101806,0.134305625519154,0.00664262584705268,0.0277512513976052,0.844777582053775,0.308348772698119,0.012378023761461,0.477330439207742
"GOBP_AMINO_ACID_BETAINE_TRANSPORT",0.522144309429013,0.572310330729794,0.375838807663679,-0.122904118970098,0.21189493668047,0.103626752254755,-0.160884301505006,-0.498000797994922,-0.489478609493546,0.468749804979627,0.0383988111694577,0.245020332104236,0.00582983276340412,0.308039666797218,0.0295085403271517,0.0195094752193677,0.184728770834373
"GOBP_ORGANIC_ACID_TRANSPORT",0.07019942780592,0.17354986561895,0.100296607621652,0.0110587176302129,-0.0239348116594509,-0.00859819689157473,-0.168149855833529,-0.28713230301654,-0.231709856329652,0.258754556646965,0.194071176562103,0.212934786104432,0.00181518466770958,0.00173414267780245,0.0466149343772198,0.00115666298271623,0.0516234252728446
"GOBP_ORGANIC_HYDROXY_COMPOUND_TRANSPORT",-0.00949533705379133,0.111667243139804,0.0601329703942769,-0.015619636154933,-0.0060336229762343,-0.0479256473388003,-0.126307902129122,-0.16863874496146,-0.0776140029255525,0.125316027676061,0.205500076124174,0.0621142178425576,0.0178030295525365,0.0549747130993762,0.147577808263321,0.0102123004045645,0.231978393968183
"GOBP_PURINE_NUCLEOTIDE_TRANSPORT",-0.0172571166187046,0.131028042198814,-0.00205993674426366,-0.143930188430789,-0.0273082076006565,0.0960718112599705,-0.175775778327588,-0.324703863012277,-0.400523537996655,0.16662565387889,0.416305149419948,0.443864171872825,0.0173621493923006,0.0331826412811408,0.50368554439079,0.0054368468467072,0.0540728023876176
"GOBP_CHOLINE_TRANSPORT",0.468129222637821,0.13297124730242,0.362774874898925,0.111200737497123,-0.0293793315476281,0.363443675320704,-0.416433739993423,-0.481640053450711,-0.349939236524151,0.260993118738204,0.064811444089998,0.200486328776035,0.00979520072646025,0.847432211548453,0.319228079919624,0.00194749242484256,0.287336145796672
"GOBP_HEME_TRANSPORT",0.177831604135094,-0.0862694844845998,0.352124461337836,-0.204234349266117,-0.307509593433923,0.122220030974574,-0.26151737899443,-0.212142532519157,-0.471678527917352,0.560834960728874,0.452884708608454,0.564854067544112,0.0466298423044531,0.0292441277169525,0.201107787998553,0.00311371270955917,0.087383838279079
"GOBP_FATTY_ACID_TRANSPORT",0.132088870249747,0.12123842569353,0.110951013953832,0.0350010897699854,0.0832361829039427,0.0369553285859288,-0.148082584857909,-0.211950811312371,-0.258234335153757,0.177219171650449,0.137675980689548,0.194365855647977,0.00763265896814849,0.00693253896918399,0.0342354125746343,0.00181522144244755,0.0887622408424522
"GOBP_PHOSPHOLIPID_TRANSPORT",0.021875128493717,0.131561289814248,0.0653512922576117,-0.030754405935056,-0.0262009335615106,0.168006880338005,-0.30593196084288,-0.20044237807742,-0.292544273801545,0.303804013589748,0.224897290032448,-0.0102238585239968,0.00181325608777906,0.309768933212709,0.65700414620796,0.0319157747319265,0.404236475075196
"GOBP_AMINOPHOSPHOLIPID_TRANSPORT",0.64176026905951,0.377044037711059,0.13732955860783,-0.161679406906751,0.0709947746019358,0.244571458575835,-0.570705609233126,-0.543153351047989,-0.35190805624602,0.21049018354433,0.542323673726818,0.567422981530199,0.0140203814946944,0.0774823298126834,0.152161674495239,0.00464350226440268,0.783627989333532
"GOBP_STEROL_TRANSPORT",0.0704579295951207,0.177141137022733,0.0977266895471358,0.0489107670936933,-0.0327828515665223,0.0200079780230425,-0.273944573569765,-0.221530888156004,-0.149144621038882,0.241254301593793,0.197545143804074,0.0644662670505792,0.00253361023316561,0.0821022957956585,0.0662065352086132,0.00592031073504777,0.453621542173246
"GOBP_COENZYME_A_METABOLIC_PROCESS",0.146429897985746,0.355685339625565,0.11684455317612,-0.0930197760242138,-0.230400618786154,0.0738095221257155,-0.355281838735847,-0.422158167249714,-0.465849137155121,0.530482389136236,0.1502514856492,0.300422843711893,0.00670961991754172,0.0466576662815237,0.0681068544981411,0.0155596853140805,0.423966095285945
"GOBP_DIADENOSINE_POLYPHOSPHATE_METABOLIC_PROCESS",0.391828697120982,-0.0959384257438975,0.551101130100995,-0.223953664113496,-0.119447638867914,0.360521471818577,-0.536469204040573,-0.58832341079384,-0.388735872922275,-0.0100943688292114,0.433716035913573,0.0785873221849138,0.0459830106029177,0.51548597992347,0.35595040831043,0.0241586718947463,0.656237164507537
"GOBP_LIPID_CATABOLIC_PROCESS",0.189903729322135,0.161679048757562,0.181134731861253,-0.0815075435740786,0.0674317476040722,0.0562581899460383,-0.282743150345881,-0.285119010023122,-0.272107142712881,0.335737148957812,0.33033687528945,0.157534542362195,2.65662886460056e-05,0.0278290283636188,0.0720473015259696,0.0106793412576784,0.237794209503973
"GOBP_CARBOHYDRATE_CATABOLIC_PROCESS",0.0338595045539416,0.221288257625228,0.0805535140266611,0.028869122762941,0.0442158502827496,0.166836988867913,-0.32914755131166,-0.233082183636512,-0.396318250799701,0.36713739393391,0.324247385974739,0.214713176666818,0.00462705578181158,0.0243705112373332,0.678723007040362,0.000698348553490426,0.0609780730506264
"GOBP_ORGANIC_ACID_CATABOLIC_PROCESS",0.151731877028622,0.149213928203679,0.201001932016131,-0.178553535028291,-0.0906646326757406,0.0255324403769771,-0.266353925812095,-0.306316190889988,-0.343318675733494,0.411883107950072,0.292733877031285,0.228804080409956,0.000115147243652187,0.00814497629726042,0.043360683436482,0.00295345956325428,0.104584028087305
"GOBP_SYNAPTIC_VESICLE_EXOCYTOSIS",0.227021369232597,0.175462714371463,0.0731323567906783,0.0278688382923532,0.0776198971085167,0.151836641760277,-0.245506241125451,-0.330396859546003,-0.334268496668459,0.265744423951822,0.303390720267943,0.0831528001238952,0.00200093344371121,0.184464075669072,0.279787442253817,0.00820693418502146,0.516332042301126
"GOBP_SYNAPTIC_VESICLE_PRIMING",0.24827570039035,0.077680521934976,-0.0443457140526706,0.115141438300874,0.299036558291474,0.2567824191637,-0.322178241337068,-0.509681357276667,-0.379944512015938,0.247035187916173,0.318371591023016,-0.0213615371648567,0.0116116310690742,0.742035097263822,0.280077687340064,0.0147618810900713,0.550154386622634
"GOBP_STEROL_METABOLIC_PROCESS",0.0561552328899284,0.171578686445825,0.206101128206105,0.0313110777506132,-0.100981034189298,-0.0174607169857265,-0.296005220070398,-0.312970055553935,-0.340348481623448,0.29533788972676,0.317017306968203,0.212983454051162,0.00615085246673925,0.0041538988177785,0.0447718195307227,0.000850864074639685,0.0854127979561213
"GOBP_STEROL_BIOSYNTHETIC_PROCESS",-0.0113026159238944,0.203799954047365,0.15064820776731,0.0623978109098878,-0.020513734532627,0.144622815530944,-0.417961716095185,-0.390262071951599,-0.460887905958141,0.222348635728675,0.298159411850859,0.429986257032779,0.00896322299269,0.0324297696942671,0.554180515229954,0.00337076099365067,0.0847922186155306
"GOBP_SYNAPTIC_VESICLE_MATURATION",0.395714053900727,0.314710415646521,0.26942770315039,-0.490919936127701,0.0813978459819078,0.0990719116529457,-0.3628241274306,-0.518539444263609,-0.528267210124401,0.53006450383099,0.364857548727252,0.385103093741014,0.000498079482372357,0.103011530471591,0.15238177768524,0.000277589476653674,0.199506329987672
"GOBP_ENDOSOMAL_TRANSPORT",0.160473579988829,0.22330551825397,-0.0453753810276782,0.063704826178582,0.0474587331192048,0.326923914110354,-0.443554962381141,-0.442799009338842,-0.502833962129217,0.429922725428801,0.372622224546559,0.329222221114573,0.015034910285303,0.114213178034592,0.798339623478452,5.02778338794828e-05,0.0690249303020815
"GOBP_NEGATIVE_REGULATION_OF_MACROAUTOPHAGY",0.059764945453218,0.320620404414706,0.232736910053239,0.051566201841311,0.0176726142835874,0.376000077185987,-0.519113843285997,-0.434821910683828,-0.55548272709951,0.516984177567734,0.300371514260974,0.311089917120871,0.004435344265355,0.179159501750173,0.707743499288649,0.00164230553424687,0.174810623243496
"GOBP_ATTACHMENT_OF_GPI_ANCHOR_TO_PROTEIN",0.404155089227385,0.565327756476105,0.583383708352396,0.223056218507227,0.285028958987628,0.453932992324377,-0.696766016285547,-0.706813307203316,-0.819327085574428,0.611239613147249,0.500317556055954,-0.0475452319915378,0.000123984408680567,0.886448636700947,0.0949525767860402,0.0291175085249222,0.511933150172218
"GOBP_O_GLYCAN_PROCESSING",0.290974408305333,0.182534444201472,0.203997768445496,0.378216430272422,0.250601689845887,0.270064886461739,-0.430227899244304,-0.45776423299395,-0.356699071523377,0.0429911798791899,0.238508585766507,0.314198011116453,0.000147159430445813,0.345544600213609,0.228950430529057,0.00961532077025414,0.777743868686459
"GOBP_MORPHOGENESIS_OF_EMBRYONIC_EPITHELIUM",0.158558701805816,0.116640483792841,-0.0948100097389252,0.0547151773054059,0.143339142464247,0.207116679353301,-0.288606647941491,-0.303350434851391,-0.216237708161838,0.221176674458195,0.271625141653516,0.0473567055549527,0.0405569850675001,0.612853360635672,0.463475309195025,0.0127753053796768,0.313239270766449
"GOBP_DENDRITE_DEVELOPMENT",0.0929467229812151,0.10284318543746,-0.0836279817700632,0.0549733388325503,0.0128999971545972,0.218062225582991,-0.214210792017059,-0.2246557435155,-0.29200140441014,0.267188453289453,0.242585445929207,0.164761938962846,0.0299709710768644,0.1628971227577,0.542379566961855,0.000381417644937356,0.0710254057868047
"GOBP_CYTOSOLIC_TRANSPORT",0.192073113523739,0.271770363560459,-0.0150430883552483,-0.0306497537224471,-0.0454660930826997,0.366105020382455,-0.466660935100717,-0.447957536937048,-0.530214544075575,0.439205344962816,0.391992689442725,0.401103721339308,0.0125158253964847,0.143588412161236,0.759631625502664,4.3399168210408e-05,0.0885709428024155
"GOBP_PROTEIN_IMPORT_INTO_PEROXISOME_MATRIX",0.305915436533132,-0.0243221981744704,0.117930870257118,0.0869652799480349,0.114503768305243,0.442667937504378,-0.560697746174723,-0.444784700335149,-0.566604437564374,0.588861609475479,0.485957941999713,0.239136349397089,0.0111384701235503,0.222181607722955,0.614163624713944,0.00571557882074232,0.097343541933884
"GOBP_PROTEIN_IMPORT_INTO_PEROXISOME_MATRIX_RECEPTOR_RECYCLING",0.555176557755887,0.0916433615239101,0.333179671550887,-0.0664997270318257,-0.143347141175533,0.48277745753967,-0.70231415535887,-0.540099212595529,-0.652364249160051,0.597426541194411,0.777140229802906,0.500313572971594,0.011509326547824,0.098177403266557,0.385640594918542,0.000602979300513377,0.144462022501558
"GOBP_PROTEIN_NITROSYLATION",0.355307760598649,0.250544240167227,0.323909010558476,-0.181039748089155,0.0137157944184969,-0.214399645094861,-0.403434149932178,-0.159705335597798,-0.329652148507582,0.365185314214033,-0.0165284443535295,0.272517859907793,0.00633460508729347,0.0812910969737888,0.0141258124569998,0.0277947675422826,0.468566750970501
"GOBP_PROTEIN_IMPORT",0.501700251052691,0.663272771345933,0.724089427246413,0.227381704148653,0.00115245819321597,-0.163697177121545,-0.578393600236796,-0.470156747867258,-0.370724480618721,0.420551480325102,0.568154970869892,0.208616453225144,0.000263625204464278,0.0708639246481274,0.0161440567124056,0.00439014195816163,0.14840127649151
"GOBP_STEM_CELL_DIVISION",0.11215017425386,0.108239920687365,0.145550903698936,0.150269361175992,0.133237299138804,0.312263300087735,-0.331081572950596,-0.20717290333812,-0.377905353501342,-0.0250321234010174,0.187978553113377,0.0699977792059827,0.0107382688039965,0.223594044072421,0.310192315875794,0.00948218537337699,0.548602864689314
"GOBP_CALCIUM_ION_REGULATED_EXOCYTOSIS",0.153440294850812,0.138606209206647,0.107235839877121,0.0913924705320728,-0.0446912286546309,0.119161422751701,-0.146382712487371,-0.104024553337749,-0.213776136968257,0.10216924381345,0.127451623301373,0.0857035407288609,0.00536995144602605,0.430549527716711,0.260862215147793,0.00797972323246711,0.200763957810643
"GOBP_REGULATION_OF_EXOCYTOSIS",0.0563008525395866,0.230067460307523,0.0337621976678476,0.0233418413235696,0.0294446603745497,0.152543144936989,-0.328323331120623,-0.256260453725861,-0.327679899480921,0.253961461347925,0.223952226348235,0.206571475262901,0.0130513448635633,0.0514009652883043,0.639996064431106,0.000201415597284992,0.184518314666809
"GOBP_PROTEIN_POLYGLUTAMYLATION",0.437823980726784,0.258197215112917,0.404526200924402,0.306586093881115,-0.4001958227264,0.105353201885322,-0.389414006315747,-0.359251155992313,-0.188531913292046,0.479075050068565,0.286215260060691,0.0918012399503263,0.00132044696272946,0.320695366528564,0.221727813299001,0.0167507755068452,0.562668646719768
"GOBP_PEPTIDYL_CYSTEINE_MODIFICATION",0.150244610026715,0.101126228432609,0.106894910460556,-0.117431579335079,-0.0990840338218226,-0.0383651033399754,-0.270383726177615,-0.161100209061105,-0.345684120883508,0.502640493650847,0.16685207572281,0.274018546200834,0.0138943581860849,0.0494805792372502,0.00351520526770831,0.013726668680232,0.185029946804015
"GOBP_PEPTIDYL_GLUTAMIC_ACID_MODIFICATION",0.246663955665222,0.260814795387152,0.133460214331404,0.0096809636032088,-0.166876575466792,-0.0521347106658633,-0.198311561299124,-0.0415502576158497,-0.271552040291146,0.418553382684671,0.149279202460054,0.0906344356016294,0.0136659274237718,0.0844439164510498,0.0140943358317426,0.0395341334050089,0.96096422562876
"GOBP_PEPTIDYL_SERINE_MODIFICATION",0.147899382409893,-0.0221159064281834,-0.0697274242938171,0.0619309184367308,0.0938996023636835,0.322109242906896,-0.359170480342888,-0.334660022725729,-0.369468698247869,0.251145998467906,0.219950447697718,0.257133991055372,0.027511722597312,0.415914328541339,0.255331605878568,3.04446542213548e-06,0.0729043358509845
"GOBP_PEPTIDYL_TYROSINE_MODIFICATION",0.0955585221988312,0.0122295866975564,0.0369855762555187,0.0634165894015953,0.127855707380276,0.118837834919686,-0.27906400005271,-0.239028146652212,-0.256214789681835,0.26350616201293,0.163697444593051,0.114722849892646,0.00193983440830147,0.213190601723796,0.161799379147871,0.00672120967262132,0.0740468234326761
"GOBP_PROTEIN_PALMITOYLATION",-0.020974204408688,0.0346854962402,-0.0303645216123861,-0.160382718012385,-0.0136394432325262,0.0292095352985713,-0.19547671829116,-0.269936940819373,-0.317929115031604,0.561094452774191,0.336720123624764,0.195365011000453,0.00702951478806756,0.0406153462390082,0.542713728200171,0.0192876137753112,0.0690012753874147
"GOBP_PEPTIDYL_PROLINE_HYDROXYLATION_TO_4_HYDROXY_L_PROLINE",0.228321956714663,0.271310371298288,0.101836201597932,-0.343337228751304,-0.357512929164083,0.385631038605716,-0.486663314326559,-0.460092216365408,-0.335847345394769,0.414534060069725,0.250715253429729,0.194948589363803,0.000834460479822115,0.247602995214517,0.338565188968468,0.00144105720678109,0.362181856735252
"GOBP_C_TERMINAL_PROTEIN_AMINO_ACID_MODIFICATION",0.29062255082168,0.121055218403838,0.338035897177729,-0.376981742435639,-0.0100687517086865,0.214479638254181,-0.623515118160113,-0.618016028583424,-0.474358089361684,0.431564389907092,0.469619669786353,0.250153096842633,0.000829216262952842,0.110546204788406,0.209215928359103,0.000553419806681905,0.229420093321957
"GOBP_ETHER_METABOLIC_PROCESS",0.0165125690409967,0.307181743362984,0.19783138194486,-0.214180609635659,-0.183154869737418,0.196526531700586,-0.144082492437479,-0.23688606124679,-0.301088215934937,0.404261294274658,0.437303319618073,0.419432360612425,0.0240561166756086,0.0654840217095857,0.211654465022517,0.00363725070036645,0.098891559891218
"GOBP_VIRAL_LIFE_CYCLE",0.0312685171888254,0.0350817708645268,-0.0982199881344803,0.0980602604164544,0.163340492739903,0.31720400539268,-0.380516396603081,-0.374513947164874,-0.426786667056397,0.300479016278516,0.195378932065268,0.0817153410193105,0.00670959140316111,0.99715423450349,0.0687339991756805,0.00804322935335079,0.0647329589569052
"GOBP_VIRAL_PROTEIN_PROCESSING",0.0889045958812622,0.337925998160206,-0.0172468529017261,0.253578783478482,0.284028047438513,0.468746037813448,-0.579176270341423,-0.631304724553822,-0.509086936493865,0.481383771087806,0.46261410531305,0.295592411184047,0.0139524618583856,0.43469627034548,0.198793824496021,0.000458120006483153,0.101647957541798
"GOBP_REGULATION_OF_STEROID_METABOLIC_PROCESS",0.0278426714271769,0.111016713946116,0.00543165705116019,0.105480879245044,0.184936451160315,0.0979398011583333,-0.13473857901639,-0.260147973054949,-0.196450381598038,0.106358710696755,0.198218822007663,0.0761030051669425,0.00741988221310019,0.958554168088358,0.129536763360878,0.00327811521207532,0.182807213691939
"GOBP_CITRULLINE_BIOSYNTHETIC_PROCESS",0.43691780340366,0.4469408918078,0.391350851873912,-0.161585333839195,-0.0257326112839906,0.0379527685280491,-0.507192508009752,-0.523828373134005,-0.475654593757954,0.558245952581898,0.43720519548468,0.613242693090735,2.82784646657181e-06,0.00182796764965177,0.0102524060289206,0.00137872522721727,0.156434814249091
"GOBP_HEXOSE_CATABOLIC_PROCESS",0.19244910401892,0.391109662484515,0.246561757825935,0.0327046063907228,0.223351223668657,0.292276846215233,-0.388348940575067,-0.424591865985856,-0.440108554574195,0.482047541180248,0.257459537192872,0.330704670990178,0.00482850691405834,0.165031213112475,0.394217250226839,0.00520646157024563,0.419067426595896
"GOBP_PENTOSE_METABOLIC_PROCESS",-0.000748104378624104,0.26880366616512,0.309218082249031,0.291594035588766,-0.321222894755796,-0.214747766190304,-0.573769582839486,-0.494905201126145,-0.632596418686018,0.374939401272604,0.23042605427966,0.478477036770289,0.00814546300095895,0.131370084015373,0.288309126204006,0.00123525319421398,0.241069622733769
"GOBP_GALACTOLIPID_BIOSYNTHETIC_PROCESS",-0.218551951713784,-0.0722002092842327,-0.105219906688643,0.351803712762766,-0.145275954629644,-0.0575794816566879,0.298778614226507,0.402630569435225,0.517990936325984,-0.0329703959402917,-0.538485174373836,-0.480219695805798,0.00333073875001744,0.144901948069128,0.358086102892898,0.0287078357746791,0.30288299143662
"GOBP_GLYCOLIPID_CATABOLIC_PROCESS",0.227430348737144,0.437022999303198,0.383678910678435,-0.28718124759117,-0.0356316544536548,-0.0992814784643376,-0.51999776012418,-0.528874619459162,-0.474536300002265,0.479229593374619,0.488084835726557,0.392496147303545,0.00333641512137239,0.00812390577548777,0.00821851696575256,7.92944269278536e-05,0.237140135252283
"GOBP_ALDITOL_BIOSYNTHETIC_PROCESS",0.257493068277245,0.68276620107697,0.466882993539484,-0.529742710996568,0.226827144374718,-0.155567805975939,-0.36508835586266,-0.559912080151855,-0.619754351347285,0.563015512297911,0.373686553542313,-0.121940113168036,0.00450705879562699,0.22909289653938,0.0850986913706035,0.0474244941248182,0.463299658003565
"GOBP_ALDITOL_CATABOLIC_PROCESS",0.121304607109407,0.130860884737911,-0.336696135235251,0.295889342896173,0.0970780476683518,0.615539154223195,-0.486886262993318,-0.652984411921555,-0.692485579646918,0.556498258269644,0.458869649112569,0.38196539052839,0.0480433876010256,0.487437595447941,0.166788740363498,0.000241497804890883,0.073306405463974
"GOBP_SHORT_CHAIN_FATTY_ACID_CATABOLIC_PROCESS",-0.013990896307122,0.333514524870004,0.254367724408288,-0.15205093358946,-0.247364481373463,-0.144701235191798,-0.468365486101232,-0.570763124877329,-0.415542864649317,0.717513603106108,0.513021014091017,0.177848897877973,0.0126574737295554,0.0484538527223277,0.0601501200544667,0.0194936528600948,0.225443827993888
"GOBP_UREA_METABOLIC_PROCESS",-0.0296597490713096,0.434175703535934,0.398430816891814,-0.0969287539560119,0.0943973724555242,-0.306862054620543,-0.470050574485925,-0.294347574980526,-0.202309443406385,0.524832535966058,0.133571426814518,0.387008898181127,0.0387797679463687,0.050272569776323,0.12525140205964,0.0114562551732135,0.690748368496104
"GOBP_ANTIGEN_PROCESSING_AND_PRESENTATION",-0.185470757407269,0.0301032322402573,0.00930648496926959,0.0812085404227191,0.271331925008818,0.308408913371402,-0.350583451991981,-0.403374996644712,-0.439969710309226,0.42652939850694,0.243001369938468,0.0951474094281985,0.0249948870608242,0.786895575421605,0.0521467637689637,0.0156460976154309,0.0679607489569833
"GOBP_AXONAL_TRANSPORT_OF_MITOCHONDRION",0.237215688488748,0.0621709894332498,-0.126895549137573,-0.0489785100020868,0.382958345429715,0.216450617496409,-0.500465825198989,-0.245112579586427,-0.356910498778568,0.17507817873706,0.129406285006364,0.19655299429334,0.0349491904379605,0.908445509911814,0.486311147381278,0.0137862002551368,0.407504441120535
"GOBP_LIPID_STORAGE",0.222291902059082,0.197907428571015,0.21712866053158,-0.0253158861266298,0.183874485912908,0.213242300029586,-0.465358278370518,-0.415365252641285,-0.440390334994642,0.395475836983194,0.237250392083335,0.271150096821244,3.49391750222123e-05,0.129911695047426,0.359692918243085,0.00223399777072624,0.203672164421289
"GOBP_CAMP_MEDIATED_SIGNALING",0.207548657451747,0.0698065015919397,0.10017046490758,-0.0289314346750862,-0.0531467139406023,-0.0520671441079488,-0.221029846528404,-0.217385545048811,-0.158456907894943,0.225650735007191,0.39333267675592,0.294314829851538,0.00675287649293404,0.0168531621613953,0.0506930156313067,0.00385683529467625,0.0508882989578661
"GOBP_CYCLIC_NUCLEOTIDE_MEDIATED_SIGNALING",0.234318257381187,0.130224217154216,0.12273111514806,0.0280159685938856,-0.0977825919991523,-0.239621594123475,-0.110556963221287,-0.147416123260718,-0.100971574913902,0.129748769359384,0.256240511839266,0.238584955463636,0.00845091384688895,0.0375589003199879,0.0570290991368407,0.00808683807665229,0.440826645154789
"GOBP_SEXUAL_REPRODUCTION",0.0970010362355749,-0.0268033012824146,-0.0312153922685546,0.0507610470652706,-0.00469811812326956,0.15152664551352,-0.155919665449581,-0.105291269006473,-0.183000335394981,0.0448317306719832,0.0707266312613346,0.125184715699333,0.0417100782236875,0.798126833279725,0.442877841236265,0.0022649407606105,0.253374921870219
"GOBP_SPINAL_CORD_DEVELOPMENT",0.0329898264416506,0.0456542423254417,0.0077593547325743,0.100263207473146,0.14779382999614,0.239981040178205,-0.11310191105165,-0.183747184908409,-0.102518262610547,0.212470744035592,0.0468240236860367,0.0647345693714356,0.0129698929405478,0.460401255447323,0.0734658659083355,0.0275515814105418,0.268012120562803
"GOBP_CELL_DIFFERENTIATION_IN_HINDBRAIN",0.271453708645457,0.0860338385819666,0.375694346510841,0.217406335426227,0.312202033616951,0.0979331514898443,-0.445390523032433,-0.341020420950273,-0.372202496189028,-0.00949351737476944,0.3987717843695,0.486449368762205,0.0102992160242856,0.654692206619816,0.755580461013521,0.0424738748678718,0.802652173976253
"GOBP_HINDBRAIN_MORPHOGENESIS",0.16615016183806,0.29566310902811,0.352039772321479,0.0498610163734644,0.185562314482847,-0.135606725610559,-0.323934725674018,-0.221595873941978,-0.269034849752012,0.138909913569617,0.325598535383613,0.285009313671654,0.00294786001193787,0.132600589457606,0.108262013286608,0.00379510558498004,0.799497000430875
"GOBP_CEREBELLAR_PURKINJE_CELL_LAYER_DEVELOPMENT",0.199603366198089,0.246260763309825,0.26340541162525,-0.21258827941927,-0.105853864780759,0.0560628002843729,-0.270680510866204,-0.142603609649557,-0.340295261747719,0.257904401089435,0.0485395173867695,0.0336332097943936,0.00841535374583543,0.132808633087983,0.0466554718369181,0.0186846107648722,0.226740412691298
"GOBP_CEREBELLAR_PURKINJE_CELL_LAYER_MORPHOGENESIS",0.420398714493621,0.149430777523004,0.465749501988247,-0.26563464659542,-0.0569512782887421,-0.0259981863305624,-0.186687379180954,-0.327115433289186,-0.376385487740527,0.188908808832956,0.326524625430734,0.120985108749666,0.00932943854289035,0.0292367620901048,0.0231695780666217,0.00362789905106622,0.326630655829648
"GOBP_CEREBELLAR_PURKINJE_CELL_LAYER_FORMATION",0.3547650478703,0.037283989885176,0.452183266683588,-0.135665862656653,-0.182942758355757,-0.135016062395244,-0.439786889867119,-0.289309648538211,-0.412808152449708,0.18917403322536,0.416947831379901,0.426525119583014,0.0231566304833856,0.0201452718417743,0.0723455925006702,0.00294985273777262,0.695929801582503
"GOBP_CEREBELLAR_CORTEX_DEVELOPMENT",0.0661441804963805,0.215952832820939,0.261543378712638,0.00921012165102916,0.197416885306494,0.131736340012284,-0.33539902474761,-0.162616445886591,-0.309072039299293,0.114074152074702,0.221080284114918,0.113282999859285,0.00499192924520652,0.611194703175163,0.44485828275945,0.00465396384784921,0.674365582243504
"GOBP_CEREBELLAR_CORTEX_MORPHOGENESIS",0.107043526343675,0.173284599427931,0.278425718301196,-0.00380384447660773,0.263093876695306,0.0166328051064742,-0.306947377980288,-0.225310778961494,-0.344919914252503,0.111222080073671,0.352172098433955,0.269528441790523,0.00219075254946636,0.244795972608214,0.407852761432084,0.00696474048720509,0.542848657461344
"GOBP_CEREBELLAR_CORTEX_FORMATION",0.283747862959196,0.152378956312142,0.430491796566683,0.161142863352226,0.134157267238155,-0.0213903200424032,-0.41707178314267,-0.346313238316874,-0.429489022458364,0.139083913264497,0.451084921011767,0.394543393763152,0.00828069167979423,0.116745510671037,0.122890694513085,0.0124351861265476,0.76930336391037
"GOBP_DEVELOPMENTAL_MATURATION",0.124453488583096,0.0129647218253048,-0.0102712241184622,0.0869061744180667,0.0873513993989366,0.0905063149774598,-0.178350120196276,-0.196892908204979,-0.17263804710691,0.117635570916406,0.122325571718693,0.0849665901189698,0.0293458906366939,0.229150724383972,0.384916958405932,0.000112802299428833,0.249818134030287
"GOBP_GLIAL_CELL_DEVELOPMENT",0.109281783628118,0.217303780262413,0.200230407911642,-0.0568705555408987,-0.0180177002423275,0.155055268473659,-0.210250374253283,-0.14661780338779,-0.280238534749616,0.173161452227446,0.154193892867189,-0.00243453965258655,0.00174602898858959,0.396081323092076,0.135354413441937,0.0119896842923823,0.370399718275379
"GOBP_CELL_PROLIFERATION_IN_FOREBRAIN",0.320832535748759,0.256264980891971,0.381072461242157,0.438745130263126,0.215849463966347,0.321082076210713,-0.32432198807142,-0.250599826699493,-0.300176918292412,0.0750995564170524,0.135947969188894,0.259734903190245,0.000431643893087523,0.118378403688291,0.941726965924103,0.00726693494206439,0.0767989446727101
"GOBP_HYPOTHALAMUS_CELL_MIGRATION",0.194962896496415,0.595038122904421,0.451036546682403,0.0852074461406928,-0.0767283114882304,-0.130297090111334,-0.391513507739786,-0.505574923651678,-0.234394789647903,0.673622751282876,0.62008337461184,0.433212996389704,0.00731186446522551,0.00335659464354926,0.0400787014965412,0.000908520568758058,0.316702936484473
"GOBP_PYRAMIDAL_NEURON_DEVELOPMENT",0.0116051236314497,0.269587071652315,0.256773417491422,0.213710441849556,0.24247203566758,0.124057860585785,-0.396492146522177,-0.229862035289968,-0.421769943897647,0.442094079137375,0.441864711909261,0.403797208431099,0.00893514544672758,0.0139572635786055,0.888022690656096,0.00443383517013087,0.0935134317358209
"GOBP_FOREBRAIN_GENERATION_OF_NEURONS",0.0979361812833058,0.237599901349677,0.299828810170171,0.219545114511169,0.304264911072123,0.20882024034061,-0.224951277369047,-0.0913925863082212,-0.0776857170518343,0.0860683960814768,0.0400503592589762,0.051467908571379,0.0120854921956134,0.0136146500983282,0.661495588256558,0.0462845484521125,0.118367429517116
"GOBP_FOREBRAIN_NEURON_DIFFERENTIATION",0.022653720278636,0.261623722166004,0.394515892258185,0.087954758227755,0.320780814259395,0.174583769236309,-0.265748231574502,-0.213542509250292,-0.165773227986773,0.194978430116062,0.181795542766838,0.199723355953521,0.0477559633109425,0.976379590172183,0.818473620849831,0.00393655540336038,0.783748182659205
"GOBP_FOREBRAIN_NEURON_DEVELOPMENT",0.15411936580928,0.310478152648326,0.377535200630247,0.122662897159678,0.274662562164086,0.0817000999154597,-0.38585904779521,-0.392443121630686,-0.359313793108263,0.3797212855382,0.531187027361957,0.478992802808673,0.00869963642281621,0.0168326819677691,0.244035292685725,0.0018315915484067,0.0933318982809666
"GOBP_HYPOTHALAMUS_GONADOTROPHIN_RELEASING_HORMONE_NEURON_DIFFERENTIATION",0.165537639449835,0.49371052672245,0.439304827367405,0.0603011215240875,0.0516786099722411,0.00887233061921328,-0.417692436232118,-0.575614169551341,-0.242042055634078,0.609268024667948,0.734951239917053,0.304361779044983,0.00517211721592491,0.0555895940384356,0.0815173753278482,0.0048766700259281,0.327252977339996
"GOBP_NEURAL_TUBE_DEVELOPMENT",0.0991810816832295,0.125311890404082,-0.119290503047542,0.0585514606931004,0.0343519730779218,0.218423776283766,-0.326053214529987,-0.287196793939098,-0.295474044095093,0.29908276291106,0.263526627259065,0.0709619568116902,0.045976453164932,0.307595542315395,0.519567078703261,0.0163680823816489,0.169502052566546
"GOBP_HINDBRAIN_TANGENTIAL_CELL_MIGRATION",0.668291604113075,0.576171697465698,0.605653275981296,0.0832160354525457,0.0161302711419646,0.191335740072132,-0.476507820148574,-0.192696858936458,-0.482288754427031,0.393262560567321,0.508768248862903,0.619213165193993,0.00577101842385547,0.0089510824477046,0.00272429058617901,0.00250372369730022,0.229362117834798
"GOBP_CENTRAL_NERVOUS_SYSTEM_NEURON_DIFFERENTIATION",0.165274305248611,0.181544333716633,0.154923118799155,0.101719884245583,0.1948594223211,0.198482186260667,-0.302812842785898,-0.237879167821757,-0.19321898659805,0.213360319674081,0.126217848382851,0.264710765133932,0.00404101426531029,0.51953674408181,0.951164510977496,0.00123463929349536,0.488392456813242
"GOBP_CENTRAL_NERVOUS_SYSTEM_NEURON_DEVELOPMENT",0.220293770110905,0.175486142726135,0.274933855695397,0.0218835384781639,0.13202372624191,0.16136132008414,-0.370935268745993,-0.237315563196873,-0.23894718049883,0.229202829974405,0.235163132936337,0.328265680873284,0.00135058671820256,0.0441863874724886,0.0910659014791766,0.000884309788280867,0.399469890459132
"GOBP_CENTRAL_NERVOUS_SYSTEM_NEURON_AXONOGENESIS",0.242800665806343,0.082142701105459,0.196489872973478,-0.0473689934372591,0.0133633843233545,0.294929796147392,-0.367981718760977,-0.345053717713686,-0.204880431834372,0.159418323549214,0.111284592389413,0.381850124471287,0.00238932793754229,0.389118703730869,0.511392499547682,0.00981577494697311,0.678290565552594
"GOBP_OLFACTORY_LOBE_DEVELOPMENT",0.00594139702419189,0.083604206460054,0.216551757182451,0.275480435869109,0.313453325000223,-0.0310333124702474,-0.405500163802318,-0.287591842814475,-0.292106100566504,0.0783750715712278,0.0687908516117528,0.338909495857823,0.0068921196086732,0.873240225271565,0.548401692335606,0.0183896703432175,0.610758564162305
"GOBP_TANGENTIAL_MIGRATION_FROM_THE_SUBVENTRICULAR_ZONE_TO_THE_OLFACTORY_BULB",0.173104327925598,0.60195362922584,0.62730793851813,0.395252362295326,0.0619522378864328,-0.301265763646648,-0.637569014579184,-0.665131384899561,-0.400278875537139,0.243391248757139,0.439260386868343,0.671596029713172,0.00747558385037434,0.18035265230294,0.177417459338249,0.00380688976177277,0.937691375732929
"GOBP_METENCEPHALON_DEVELOPMENT",0.118125477664404,0.113428652564762,0.221143707247451,-0.0375175364194254,0.0266892992229924,0.177438615581646,-0.323946520454259,-0.18789400313122,-0.260054028776059,0.203166302548139,0.159674256330792,0.101502440819473,0.00157609554688057,0.25777840769065,0.278251296989931,0.00152792829192198,0.936724081124106
"GOBP_CORPUS_CALLOSUM_DEVELOPMENT",0.233474355019307,0.153784714206946,0.442669609856227,0.119580311822714,0.170449110217184,-0.060180049686636,-0.437397564561693,-0.305152778439761,-0.396392189030263,0.511732894045893,0.289090419360558,0.51408828997755,0.00773591422264466,0.0242571336267328,0.148819106619948,0.00225313680198244,0.230398397471839
"GOBP_MEMBRANE_DOCKING",0.235147618152908,0.102309815841928,-0.0858979131673113,-0.103745030819593,-0.0911407525905595,0.239837339093452,-0.331610752068494,-0.426932980083665,-0.446195430119287,0.389261410126458,0.358383116746121,0.349881585202966,0.0235134708130202,0.0876193792640613,0.662605913870707,0.000837384781670404,0.0916286211451227
"GOBP_PROTEIN_MATURATION_BY_PROTEIN_FOLDING",0.131958353202926,0.071286169675766,0.286789051836889,-0.494855777391752,-0.326594694591452,0.524606461302863,-0.446362482339877,-0.433852817769752,-0.70668049807721,0.572393706344903,0.309459465497592,0.608193263189884,0.00440502527245807,0.192858554479596,0.495174654456427,0.00139559945984203,0.0502003860507994
"GOBP_GLAND_MORPHOGENESIS",0.0949039549403979,0.132060041368847,0.0564508479600563,0.208330281430341,0.126508754272209,0.153666521706296,-0.293196089838887,-0.265998993209547,-0.178415639810072,0.226524617839973,0.231676483697685,-0.0193916712813088,0.00232208302193846,0.863157668101375,0.103794375401802,0.0279435331488849,0.60024742650536
"GOBP_EXTRACELLULAR_MATRIX_DISASSEMBLY",0.0968126917168746,0.299160082892563,0.343706641609543,0.0597665429949534,0.194869758021365,-0.000623951364603303,-0.174515420029804,-0.24629078482512,-0.0546038498900059,0.0669344879895693,0.105923150079737,0.0225117077668153,0.0152408778887974,0.777617798666991,0.170195824756764,0.0411490550672751,0.129252672381306
"GOBP_SIGNAL_RELEASE",0.0848681754306982,0.0606072315260513,0.00337336128931812,0.0631922594533875,0.0824546814594718,0.0712991916548843,-0.146989974351035,-0.216518174655962,-0.162001819386586,0.190506028569041,0.0934855331257856,0.025498686696913,0.00233489797260395,0.586205897294939,0.448486319093839,0.0161345002712656,0.392609686062757
"GOBP_INTRACELLULAR_MONOATOMIC_ANION_HOMEOSTASIS",0.151802349372789,0.319202772781527,0.383190246477098,0.172098362066664,0.386780572428434,0.380470907691004,-0.37635849641282,-0.489677254982063,-0.383694538589493,0.213169815078183,0.247548918581264,-0.0347872636471862,0.00275158109098496,0.209715951010924,0.787869037485477,0.0140719075543876,0.277403744276313
"GOBP_MAINTENANCE_OF_CELL_POLARITY",0.379675072639114,0.530709189163287,0.35747642522406,0.0564516050974534,0.0130283025932779,-0.323034997300801,-0.339985538171492,-0.382245401499891,-0.136315787596378,0.389511777187295,0.284807310960419,0.176340070179891,0.00237629665317148,0.0722865205115235,0.0351262312030123,0.00490857278925808,0.166819318006457
"GOBP_ACTIN_FILAMENT_BASED_PROCESS",0.0542179012038869,0.101612489052136,0.0694528428928931,0.0739987453999528,0.0745959647488589,0.12464458447921,-0.26643232640384,-0.258293879984076,-0.267377887710526,0.270603569509658,0.199791054605681,0.139622579642923,0.00115484579632986,0.0801529787240343,0.505969729192561,0.00625623825361664,0.0631309285535121
"GOBP_ACTIN_FILAMENT_POLYMERIZATION",0.0350272907322951,0.120824784655134,-0.0219274893011354,-0.0206081179237983,0.128569506716866,0.0984932971179215,-0.266993879204264,-0.31638612001202,-0.319845415553104,0.335917346273694,0.184031442548097,0.141474085854583,0.00686551052987708,0.116152487561825,0.714933704515294,0.0083696031370191,0.0786997083080741
"GOBP_ACTIN_FILAMENT_DEPOLYMERIZATION",0.337609137240389,0.183444072477902,0.164934129931829,0.0634354758389626,0.275213953718088,0.0609584903852104,-0.362629753590443,-0.388970648084338,-0.412985443875919,0.28054643880133,0.327436737462455,0.337854880302086,0.00515428317801355,0.116928355107449,0.350592309256964,9.21044956028608e-06,0.250115002798698
"GOBP_ACTIN_FILAMENT_BASED_MOVEMENT",0.0341111537866655,0.123484751267144,0.235058715536642,0.266160928018796,0.0899734095729052,0.132096612768355,-0.269342080384466,-0.223915649055423,-0.201746466363167,0.144316545913966,0.170792549875802,0.223560148512757,0.0165327427680206,0.792437092240718,0.706634080250238,0.000206280138391544,0.500940525625407
"GOBP_INSULIN_PROCESSING",0.704588919432872,0.438987408565248,0.503741813142595,0.334536496992738,0.138168591562448,-0.379833445354275,-0.52123511166291,-0.406580433682356,-0.486094144173352,0.432675959300684,0.514077203764065,0.198183147879641,0.00215453614033036,0.237207875925285,0.122665068565826,0.00660209700014877,0.249855422850001
"GOBP_NATURAL_KILLER_CELL_ACTIVATION",0.0527666422558196,0.0778903207011474,0.147565152868278,-0.0383834372567987,0.095673845271089,0.173830268148287,-0.290870983864876,-0.339586635222255,-0.330280203822014,0.413861465403,0.204392949500855,0.189552868937148,0.000959612894012509,0.115595000957822,0.833564989024166,0.0120756807413751,0.121531468498815
"GOBP_REGULATION_OF_WNT_SIGNALING_PATHWAY",0.0840258237492877,0.0558958906836628,-0.0252292889519181,0.231067286333604,0.219733627205114,0.206537455045462,-0.308543380115353,-0.29732142852434,-0.220906480545752,0.167410322182941,0.136928099140962,0.167159680061264,0.00205848254871058,0.00986417651124636,0.0267849272535224,0.00160569211832727,0.0574765264090458
"GOBP_SPHINGOLIPID_CATABOLIC_PROCESS",0.277888766835698,0.27738020197217,0.416289103401731,-0.068548596560714,0.123338706969231,-0.0495399114487058,-0.503817516088913,-0.531213726433769,-0.328793324744356,0.429923195056904,0.494678059282506,0.36139257065321,0.00089542236219517,0.00688062088101268,0.0158021097463888,0.000801114184674945,0.158679506640447
"GOBP_REGULATION_OF_CELL_ADHESION",0.020774850896046,0.0790756663513291,0.085763665917959,0.174957656990767,0.168971851082475,0.18515050904163,-0.341526206797909,-0.325516289173969,-0.297309157413369,0.280873566539632,0.252296668658389,0.132649973474631,0.000289330321870211,0.421293359674925,0.0260865489920671,0.00424138990014219,0.0541057283047746
"GOBP_PROTEOGLYCAN_BIOSYNTHETIC_PROCESS",0.31646475779961,0.292337514751419,0.139165069481435,0.0449367299551243,0.0486066351527817,0.285209463270105,-0.477112398794708,-0.398695847738029,-0.333555675148821,0.403953783636415,0.345389668487333,0.34514270015808,0.00101934705623342,0.0877519427972541,0.280623897623185,0.000624112424079701,0.163091099605494
"GOBP_REGULATION_OF_DNA_TEMPLATED_DNA_REPLICATION_INITIATION",-0.284666002806025,-0.148389101731291,-0.173679912499899,0.462340162068816,0.497672492303956,0.630969902847537,-0.615391629924335,-0.604858751731523,-0.750360815997086,0.379157933394162,0.0252036268634182,-0.180282534936736,0.00202911609097983,0.0970358710068833,0.000470105354175241,0.0379104498066233,0.227808329786577
"GOBP_POSITIVE_REGULATION_OF_WNT_SIGNALING_PATHWAY",0.117206907799219,-0.00387123669370174,0.0349605564414983,0.296144611379631,0.160179618120378,0.313791862500851,-0.346441990461885,-0.338544335632342,-0.245454574200538,0.0874196173930702,0.242322226490953,0.162988438152474,0.00179157680976849,0.234255112361717,0.0300598076220026,0.00150861536333909,0.118710848482883
"GOBP_NEGATIVE_REGULATION_OF_WNT_SIGNALING_PATHWAY",-0.00043746404507386,0.0839836987539545,-0.0710525047327207,0.145663757389803,0.226017946916149,0.119279783988625,-0.284170346677174,-0.245199813003106,-0.12315918069462,0.164764552314342,0.08862273346186,0.0990861066630376,0.0286530969708381,0.31744369327336,0.0500161596816377,0.00921834011006541,0.110326792616554
"GOBP_HEPARIN_METABOLIC_PROCESS",0.37964320675899,0.0820379512650887,0.169178586715659,-0.0128073138740034,-0.25167314719198,0.0641224936115512,-0.375829718839286,-0.326090505461528,-0.281242657560252,0.178794912949412,0.249468875914697,0.530153278306781,0.0186338637498706,0.0552520764914138,0.100018786372443,0.0209927807167195,0.477535116480995
"GOBP_CHONDROITIN_SULFATE_BIOSYNTHETIC_PROCESS",0.403972382874359,0.213498685146388,-0.0281042510792326,0.24633316283525,0.185244095086603,0.400933492759802,-0.570521129732963,-0.475088338769686,-0.510480035024069,0.646767458150553,0.543531090349263,0.333912215566106,0.0246770214252037,0.117413039928542,0.60473757636268,0.00471029474843472,0.12135695900196
"GOBP_HYALURONAN_METABOLIC_PROCESS",0.235794014129189,0.15683769464107,0.246804558445254,0.0267382018928472,0.221349746529399,-0.0875310957961506,-0.24205159913909,-0.237883569101538,-0.202723869654514,0.189357328933648,0.0865080094277151,0.164604359418274,0.00117958000869687,0.413776798444703,0.212482093500471,0.00271357723059846,0.189951832879451
"GOBP_HYALURONAN_BIOSYNTHETIC_PROCESS",0.107530423819609,0.212003555892346,0.19075494543987,0.283908089254,0.254953516540398,0.204033618069115,-0.31179497185835,-0.408664963960653,-0.376474251435198,0.13457112071647,0.275306954809784,0.36475687551025,0.000250950394144423,0.892735890490396,0.127671147546349,0.00493694910170326,0.324146052529085
"GOBP_HYALURONAN_CATABOLIC_PROCESS",0.218607596086437,0.306711407779144,0.281824227280344,-0.0547937892472829,0.187909708461223,-0.21442551056306,-0.384814558837108,-0.385985045607849,-0.426994094584737,0.40062902016116,0.201550462524522,0.370315930303993,0.000176241322981499,0.075668235241771,0.120735106524453,0.0053472410010099,0.478646524371665
"GOBP_MEGAKARYOCYTE_DIFFERENTIATION",0.00693101570949323,0.135982689680779,0.0449735496017039,0.207917085454954,0.0269763928844787,0.198823679456044,-0.368112201201343,-0.141382981413302,-0.21111393565092,0.053612574118628,0.171892986123083,0.0504187770945718,0.0265185201626261,0.505954254479265,0.317754442283815,0.0200797307276885,0.62408559376456
"GOBP_NEUTROPHIL_DIFFERENTIATION",0.0768960101382211,0.351179025120486,0.231781763881338,-0.173552921328982,0.0246308716716697,-0.135301221233242,-0.330075302618965,-0.514837457574372,-0.457337577499111,0.435142121004345,0.398655678388192,0.304999907183511,0.00376315525333748,0.00478598094605483,0.0378805271870107,0.000467521993311124,0.171610584482972
"GOBP_MAINTENANCE_OF_GASTROINTESTINAL_EPITHELIUM",0.128593415303429,0.49316937707382,0.373937625110874,-0.0418885108987181,-0.232628096821327,-0.230489448322562,-0.239611768650428,-0.320683795831173,-0.108907789898655,0.328896993265579,0.0553328814027142,0.388473343511871,0.0181272949452563,0.0325952388591142,0.0239867253342146,0.0234313483490245,0.642923561046268
"GOBP_REGULATION_OF_OSSIFICATION",0.169047126750366,0.119706584455269,-0.0338826118709871,0.179481468917726,0.147661266800802,0.116476244926879,-0.166514875152238,-0.273039596511508,-0.187028044141918,0.0992508374014554,0.150202991965732,-0.0200266196360877,0.0231416323128509,0.290980169407177,0.414110646536646,0.0130477766326021,0.920086259134063
"GOBP_POLY_N_ACETYLLACTOSAMINE_METABOLIC_PROCESS",0.379741783905124,0.0945323835915516,0.472462942283658,0.25172764729273,0.384528638230094,0.041908038314176,-0.539194634921335,-0.28774119772356,-0.257429050186452,0.140800762182092,0.107675556851855,0.0539637425105478,0.0107540758236441,0.335465937401975,0.586285119062003,0.0278971821458305,0.195061891032007
"GOBP_OSTEOCLAST_DIFFERENTIATION",0.0979254132855516,0.175669981143526,0.177187933991424,-0.102195843016654,0.0637688931497113,0.179870216505108,-0.362616219643171,-0.351185187401979,-0.326488979808818,0.402222999532998,0.276501817691602,0.223651280645771,0.000814586846070699,0.0700973369527551,0.334964238219196,0.00513361987472433,0.0863079270511331
"GOBP_MEMBRANE_DISASSEMBLY",0.124649954646177,0.0938537199765268,0.0750311759559361,0.354245375481948,0.580754722950537,0.542868276314653,-0.487283085087348,-0.479002677085879,-0.552591065755679,0.395250297835944,0.0462817081249592,-0.0351324573032549,9.72369720681124e-05,0.0954988628128528,0.0260310899432344,0.0363456797314543,0.803015198946022
"GOBP_REGULATION_OF_COMPLEMENT_ACTIVATION",0.441560722478737,0.396270457937416,0.122570443587102,0.0923093607159527,0.0412769732420899,0.190505848846927,-0.451502834692667,-0.476611053241402,-0.384028708453326,0.088714567053106,0.227024462514464,0.0908803099601448,0.0120920470426939,0.686447134624179,0.154935982411519,0.00113978604470363,0.197065612163695
"GOBP_REGULATION_OF_BONE_MINERALIZATION",0.199103679746288,0.126801023378972,-0.0351326896070952,0.0434861235061355,0.125864914313674,-0.0398009258765037,-0.125925506858338,-0.268455697926743,-0.093839344102047,0.0801092785224677,0.21173932082966,-0.00851023596266462,0.0446472792094164,0.55859650461358,0.561904959551868,0.0384394622966345,0.980299259397821
"GOBP_ADULT_BEHAVIOR",0.0476200672882569,0.109694645773569,0.207359260056871,0.0971162654563159,0.116922373821136,0.179829878375009,-0.109672569242632,-0.206818988638892,-0.279672336491219,0.252079967219361,0.157380492873897,0.116400731196026,0.00918222784530292,0.414337330851647,0.865193964523365,0.00471248012823014,0.432231732435633
"GOBP_MALE_GENITALIA_DEVELOPMENT",0.277420465972417,0.143758178789564,0.188720793084071,0.101170806515638,-0.0751007092651731,-0.0664495192544656,-0.202526831076454,-0.328951383004199,-0.226957018302466,0.14063675583097,0.194559440295159,0.452495224945136,0.00116704807304089,0.0837403425070656,0.0420803075756555,0.0212272839242127,0.613288826284654
"GOBP_PML_BODY_ORGANIZATION",0.380761128862157,0.112728373415577,0.47627517501902,0.306985111387497,0.0651130246258288,0.198436817800096,-0.462527683089787,-0.393685815310538,-0.652541685639451,0.403206802037755,0.484315927888875,0.291096678782195,0.00482865013196435,0.0896824832015701,0.370919303695553,0.00111316976744886,0.60938077375071
"GOBP_NEUTROPHIL_CHEMOTAXIS",0.0464626889434652,0.107152248227084,0.17795194681654,-0.0858433646865956,0.0599722346794978,0.0111160343416296,-0.262756799932378,-0.1496802124807,-0.329972390443013,0.317214834959036,0.0628145890949836,0.161313967817576,0.00691186035828299,0.113111078359499,0.115054568643005,0.0118276679981652,0.462830191037299
"GOBP_LEUKOCYTE_CHEMOTAXIS",-0.0105250558339785,0.176324219786315,0.155174521922771,-0.0189557128677053,0.183953451164891,0.0351807984539234,-0.298707230390745,-0.263362229730507,-0.266136490281607,0.256995340139174,0.114356794127462,0.115902764933842,0.019884315612057,0.285113922903094,0.659227957491123,0.00849950924442166,0.506312349414338
"GOBP_REGULATION_OF_NUCLEOTIDE_BIOSYNTHETIC_PROCESS",0.0442744418697491,0.0612041975761439,0.0807224978701654,-0.0561574181344514,-0.00909346929798382,0.189588874974171,-0.0822090463074542,-0.145642394615916,-0.24483072436837,0.225512475783479,0.12422487602947,0.16342233559942,0.0379906447416802,0.22103381335435,0.810821900408918,0.00710632338395716,0.0529106438100425
"GOBP_REGULATION_OF_ACTIN_FILAMENT_LENGTH",0.111716546973222,0.141711085738167,-0.0415185570927998,0.0508938043949007,0.21278389320598,0.138326743450561,-0.293876863048105,-0.346055402026397,-0.313792147868712,0.293153479646852,0.177162343676127,0.108367022927608,0.0155502633946113,0.45660024288899,0.439129513360897,0.007287280491695,0.193524456792398
"GOBP_NEGATIVE_REGULATION_OF_ACTIN_FILAMENT_DEPOLYMERIZATION",0.446758454028702,0.22297111374031,0.258400292910419,-0.0517966761621415,0.254934423873615,-0.0599357709881437,-0.416285146214144,-0.420988601275185,-0.361167057827608,0.292780037803897,0.300775197968476,0.477780104276511,0.00624677841641562,0.0762289609399011,0.113947993597095,0.00340312055385206,0.631831630670618
"GOBP_POSITIVE_REGULATION_OF_ACTIN_FILAMENT_DEPOLYMERIZATION",0.23578169737239,-0.00916818648872528,0.107204831155848,0.231921804620372,0.453831235102685,-0.0186610945641486,-0.397976045136207,-0.324516669785823,-0.4264493280191,0.124619237353618,0.0910544638989733,0.305309274673549,0.0103154322142296,0.770108250221564,0.522091126824537,0.00597428585609086,0.555687331602951
"GOBP_NEGATIVE_REGULATION_OF_ACTIN_FILAMENT_POLYMERIZATION",0.258220846140437,0.245455735776544,0.107931521285643,-0.0157785079720063,0.183256955275052,-0.218353137136759,-0.223770194169164,-0.348105982938144,-0.255416001724052,0.201902727120439,0.142917702792249,0.195222345753064,0.00179385654007385,0.229324505313532,0.188019206199545,0.00179383474190846,0.679895090721972
"GOBP_POSITIVE_REGULATION_OF_ACTIN_FILAMENT_POLYMERIZATION",-0.0220255228345846,0.0837574545065363,-0.116054413151071,0.128017325004953,0.267164776880186,0.230025574934061,-0.403868097091716,-0.34180977939551,-0.293850335927782,0.424192942982497,0.200859511299432,0.0627220267739817,0.01421123163607,0.867225520156363,0.0381958913149526,0.0240142686817993,0.128511265874498
"GOBP_PROSTATE_GLAND_DEVELOPMENT",0.421418193002121,0.347825910588988,0.0913933420420651,-0.0243434718465473,0.167141806500783,-0.0498368653583805,-0.344379980176594,-0.252276318752463,-0.110863364459091,0.16993353789676,0.337378032730586,0.0513257400643476,0.0163434049057128,0.224988904442743,0.111404667686416,0.0183148847388155,0.483202908226412
"GOBP_POSITIVE_REGULATION_OF_GRANULOCYTE_DIFFERENTIATION",-0.116645992574778,-0.107372478476944,-0.22934768769053,0.0874975993854764,-0.119935830363336,-0.051674103205947,-0.350032508594827,-0.360388911345677,-0.374197980198222,0.335007421746986,0.222802996391824,-0.0419191182259814,0.0297523219437043,0.21147219013101,0.177217360636987,0.0407015181283533,0.0886311243543531
"GOBP_EPITHELIAL_CELL_DIFFERENTIATION",0.0507008347787436,0.0612292055231488,-0.0194775601007997,0.146018161815324,0.131526044222728,0.0842436962698007,-0.240116774743946,-0.218453188342906,-0.0815192047519427,0.0793078450945616,0.123139897681407,0.144614637849434,0.0328549304321256,0.863494213609588,0.0510376648602841,0.0168645287430568,0.060112760812516
"GOBP_CORTICAL_CYTOSKELETON_ORGANIZATION",0.0773591946370173,0.165087273828261,-0.0872339295510016,0.182738190312213,0.104092864535065,0.220118740769782,-0.348781252164057,-0.352445367370886,-0.443966497493752,0.463082855792615,0.259901393970327,0.132539672684915,0.0164208275386568,0.352636762282885,0.25131320049952,0.0134748119972661,0.131522110794418
"GOBP_THYROID_GLAND_DEVELOPMENT",0.0314187771008479,0.250412468065366,-0.0725758480012515,0.136593674502627,0.0299971593617297,0.228031976677914,-0.371067034255277,-0.418151273426625,-0.190839826450719,0.216842168313025,0.103628987203246,-0.140542563637924,0.032278221060248,0.591807563132889,0.613718597342599,0.0454962748737602,0.948473413614252
"GOBP_REGULATION_OF_B_CELL_PROLIFERATION",0.0690742869157054,0.0578935114524851,-0.0270501486903472,0.19736279539448,0.0668220475139238,0.232900003057619,-0.438884787161324,-0.317709217327995,-0.325350873311346,0.0401455734975264,0.125002813926919,0.0254991889459987,0.00174056122186564,0.174282473204105,0.10265246220043,0.0013203294011962,0.524245427586469
"GOBP_NEGATIVE_REGULATION_OF_B_CELL_PROLIFERATION",0.201455542681325,0.0548122909403055,0.143093179353641,0.00930436755709649,-0.331118779310099,0.105770353897914,-0.476213739980892,-0.375599644433279,-0.320720099735433,0.144559455307803,0.230080017251338,0.272479572172784,0.00111960291919553,0.154075383849191,0.257878881027746,0.000605012446824619,0.221031441966287
"GOBP_POSITIVE_REGULATION_OF_B_CELL_PROLIFERATION",0.0316253191793612,0.085481784555156,-0.0565515315310794,0.266038413514351,0.183405378473463,0.274210245070399,-0.471296109502804,-0.41020048790032,-0.421339707158739,0.0420599831481273,0.066760206478021,-0.0462764926168323,0.00288179559320822,0.00859298061246631,0.015207495125717,0.00116714092831388,0.99077577096404
"GOBP_MIDBRAIN_DEVELOPMENT",0.0341848793114432,0.0505393058141863,-0.115240783944411,0.15206346288404,0.16020552733169,0.213276156735479,-0.231398154899634,-0.253489972780404,-0.296309092126388,0.14609434775718,0.17081065950407,0.172681628584551,0.0301622110529684,0.611471153707784,0.0586352154992151,0.000421724247371052,0.0778070975083033
"GOBP_HINDBRAIN_DEVELOPMENT",0.0926954435226809,0.11507885488946,0.107177303445991,-0.0837040103311238,0.025488105631699,0.086520406138508,-0.206678753182634,-0.0870361123687853,-0.0962026604025639,0.0706054697999146,0.043040346931521,0.132924991900605,0.0231030339538655,0.286341685844566,0.19315757657278,0.0137497815094482,0.48443720412358
"GOBP_PARANODAL_JUNCTION_ASSEMBLY",0.608349976954993,0.357869173116189,0.485120608306681,-0.300899047396132,-0.158269850058509,-0.489920767677249,-0.227207936749124,-0.416759575196681,-0.358092376480355,0.540981717621818,0.403970630538193,0.305225035051907,0.0011386691584755,0.00474359379776404,0.00342493131296346,0.00124261315607174,0.53743593363304
"GOBP_REGULATION_OF_VASCULAR_ENDOTHELIAL_GROWTH_FACTOR_RECEPTOR_SIGNALING_PATHWAY",0.0610653987182756,-0.0742986807262183,0.0389635843161692,-0.0850560733042462,0.185186904209511,0.431227049298392,-0.383325685585466,-0.4749461361887,-0.228076068244424,0.349613307035446,0.292787617393004,-0.100748269780184,0.0182598300957298,0.987486060454544,0.376714870655263,0.0426134439901359,0.348839656852294
"GOBP_ACTOMYOSIN_STRUCTURE_ORGANIZATION",0.124827282499515,0.144689504113846,0.0404869229409741,0.125077596785442,0.104086581322709,-0.0304363568667996,-0.291220236695676,-0.25600861238243,-0.238332882442663,0.245487571271777,0.170754615707544,0.160148995943474,0.00228040565579028,0.105417299488141,0.564063993712081,0.0004820959753068,0.10248711760893
"GOBP_PRE_MIRNA_PROCESSING",0.518335611457868,0.141716471236052,0.0929455160225356,0.141678393614902,0.203017499212911,0.276285518081893,-0.613571509242813,-0.574305406656135,-0.637282306261338,0.487196372689707,0.442846945806195,0.601175399221514,0.0219309486481425,0.00842604285511111,0.7790945126519,0.000503298627210204,0.184858020044287
"GOBP_REGENERATION",0.106269345031862,0.149923878944613,0.0244115693403266,-0.0495353720741137,0.0836936321001948,0.0109299525476249,-0.299044604835007,-0.156433486755728,-0.231560014056047,0.155619052492873,0.130340740420224,0.0951355394923001,0.00445477884541851,0.0831852356835021,0.214637727728476,0.0059867793852425,0.473944808662947
"GOBP_ANIMAL_ORGAN_REGENERATION",0.0116121871102076,-0.0178107219087428,-0.0757690166509356,0.121050745201351,0.161486512455249,0.0461423153225614,-0.211591345748165,-0.207457869695863,-0.222082062505703,0.119826766782362,0.069095850765539,-0.0157302481675223,0.0162742939297256,0.376690984909079,0.0354629859800303,0.0195460010796061,0.157302695836725
"GOBP_REGULATION_OF_MICROTUBULE_POLYMERIZATION_OR_DEPOLYMERIZATION",0.204563491593582,0.257035220898616,-0.0134766958970627,-0.00116004639075856,0.00741681771636038,0.170726140308434,-0.460534423619101,-0.348872831784036,-0.287196729219682,0.321087729378294,0.352447884901324,0.269045264606395,0.0101202836679802,0.0298430241148626,0.423525825381066,0.0014964509976684,0.177478202158563
"GOBP_NEGATIVE_REGULATION_OF_MICROTUBULE_POLYMERIZATION_OR_DEPOLYMERIZATION",0.272137863401612,0.169084221110433,0.0040004142806021,-0.0560778776509159,-0.020509010163768,0.13602414425759,-0.42072937526871,-0.395961245239082,-0.33120478522762,0.305815448178396,0.324157790258184,0.363150613164702,0.0135153179020068,0.0266559831636499,0.264018667658488,8.26618990415889e-05,0.138716367421378
"GOBP_POSITIVE_REGULATION_OF_MICROTUBULE_POLYMERIZATION_OR_DEPOLYMERIZATION",0.161353553407711,0.314683368806329,-0.0240249980796525,-0.197585954805113,0.0255902077142845,0.257534084945248,-0.528558435745587,-0.304398750522367,-0.364069579023908,0.377977074752267,0.321479084681515,0.28235050237681,0.0130727702628576,0.145621923274829,0.50056661705233,0.00344587322482126,0.207299764199055
"GOBP_NEGATIVE_REGULATION_OF_MICROTUBULE_POLYMERIZATION",0.357439574241821,0.0253635070525438,0.102794887377292,-0.523665494553636,-0.0907926505085054,0.220380605171181,-0.306444360006933,-0.0917730677036144,-0.44256841325984,0.483055712923596,0.0360751862727343,0.281968555783418,0.0366305027418661,0.203823346624255,0.310394344536918,0.0316929022838247,0.557366871412412
"GOBP_POSITIVE_REGULATION_OF_CYCLASE_ACTIVITY",0.0149479578710464,-0.0455966148109265,0.227850500512617,-0.028144458926773,0.0752775312971017,-0.0887362168743375,-0.221995539592609,-0.340690985885413,-0.399052138279663,0.300312003464122,0.389519208142262,0.370983225858369,0.023465210811725,0.00577193846021239,0.463272060026737,0.00139087632018164,0.0620552795709324
"GOBP_RETINAL_GANGLION_CELL_AXON_GUIDANCE",0.21576174219395,0.197113383299087,0.46124967019906,0.322532945781316,0.043181580231373,-0.092744332736117,-0.1488907876809,-0.297272755990548,-0.101065809350919,0.17053000694166,0.262017933276299,0.322389039890751,0.0133698316402116,0.319402284943738,0.257607707726017,0.00528675983038355,0.706408400796006
"GOBP_MEMBRANE_PROTEIN_INTRACELLULAR_DOMAIN_PROTEOLYSIS",0.1609770271371,0.331756958688976,0.23398421421119,0.00722170663676097,0.324216122650323,0.404223795660121,-0.562475055316737,-0.415666793554549,-0.399153252643858,0.563453952167083,0.32886186285662,0.284670358581399,0.000619367088111178,0.38461913611404,0.983438648396228,0.00248742418929809,0.224060314830927
"GOBP_NEGATIVE_REGULATION_OF_PROTEIN_CONTAINING_COMPLEX_ASSEMBLY",0.177236783890987,0.214918492315697,0.0894178191524434,-0.0304931747269234,0.0732562410506312,0.124897755945747,-0.336270052398186,-0.307071487534054,-0.306975089313571,0.260443773382606,0.214490503914876,0.235182418280317,0.00388685185755106,0.0489344931139717,0.153280142378171,1.05690440494802e-05,0.167239392506819
"GOBP_POSITIVE_REGULATION_OF_PROTEIN_CONTAINING_COMPLEX_ASSEMBLY",0.152234776771702,0.18369157719937,-0.0248628775337688,0.0742673975262141,0.233180515843579,0.275139786864384,-0.413759437312797,-0.393973569680936,-0.390259809402503,0.367126703355957,0.279524839510921,0.26386403345454,0.0153208285690291,0.211064721387368,0.367826698668249,0.00134328256055559,0.072262370957056
"GOBP_NEGATIVE_REGULATION_OF_CELL_PROJECTION_ORGANIZATION",-0.0106999741012472,0.204200122941934,0.0838863515943726,0.151127253526322,0.0949458360162962,0.00328133885695872,-0.297148839339944,-0.245695638564557,-0.258110789874334,0.210614142500012,0.174808436792208,0.269883437537636,0.0231952776940689,0.0677753040422157,0.908354018681831,0.00047252675059864,0.169157207976307
"GOBP_NEGATIVE_REGULATION_OF_DEFENSE_RESPONSE",-0.086485303993785,0.0382677343065254,-0.0256418849776802,0.0723225305710483,0.0929364941577484,0.147473823917523,-0.250578193228722,-0.258037352771239,-0.326193576011259,0.314864768980835,0.0583971557695063,0.0206288641919088,0.00643308811887308,0.800302144122104,0.0485528443355806,0.04000960675319,0.227856791949272
"GOBP_KERATINIZATION",-0.237621679033071,-0.107128952471197,-0.243920270894332,0.289143024398491,0.374093076449773,-0.148054466346066,0.136881743481096,0.237212637898539,0.504125968633829,-0.24560857322595,-0.023454807039262,-0.119282355628072,0.032674058839585,0.195267626609725,0.142714044635256,0.0402996347498747,0.447152329109861
"GOBP_ACTIN_CYTOSKELETON_REORGANIZATION",0.0760793057181991,0.22022997615565,0.177861105465015,0.070599199631596,0.227693261964245,0.272770664964598,-0.367114750442138,-0.31571300651394,-0.33019904185356,0.294999271506652,0.295291797384739,0.1627157577165,0.00356328831819154,0.471138806042869,0.69036858661083,0.00263262526555769,0.205117490011067
"GOBP_MEMBRANE_RAFT_ORGANIZATION",-0.0843757537335216,0.316622069311028,0.178024795361152,0.139847302194568,-0.04303339488585,0.325845562189869,-0.337324713054007,-0.380149479805349,-0.38932942512716,0.395326196127488,0.361574032037474,0.0883260914951398,0.0477183966527037,0.384331203180487,0.980491039361848,0.0193377246965812,0.397506078612493
"GOBP_HEMIDESMOSOME_ASSEMBLY",0.148719394291991,0.193769216076699,0.5230806984888,0.100399446919803,0.667895064206103,0.466519186530457,-0.16140968417222,-0.363457836414618,-0.361809589466011,0.449959844289613,0.103657425022341,0.161166255187494,0.020630367430762,0.437788959411707,0.5816922085592,0.0193388909772168,0.768400100728338
"GOBP_CELL_SUBSTRATE_ADHESION",0.100255558982345,0.185696844128599,0.163421588140541,0.12935823774871,0.0824639396497333,0.0733756890044066,-0.286509655168164,-0.2942338600651,-0.210368640040011,0.298395946909317,0.245480087944673,0.188671798415168,0.000369956901360779,0.0241845667815898,0.161149091422495,0.000298984841449684,0.0842466630792369
"GOBP_ZYMOGEN_ACTIVATION",0.226660036227754,0.27471597362542,0.201752802378464,0.0143148541707357,-0.0247940068229705,-0.0596907454574398,-0.254843993084989,-0.316610462639879,-0.243099455250576,0.335465453936616,0.251836001895853,0.210598667220504,8.78136982246087e-05,0.00517717112542908,0.00104139900539266,0.00065003247753826,0.508003621395248
"GOBP_PLASMINOGEN_ACTIVATION",0.211566302390865,0.261204568661173,0.175204731874875,-0.180905531369296,-0.168750453618974,-0.334171832658278,-0.0433957938865574,-0.182299606933684,-0.0503029390297569,0.208143469909169,0.122036807712691,0.0680202234727714,0.00846628332460962,0.00694334688321392,0.00582754184415978,0.0213861415558216,0.171335235463981
"GOBP_REGULATION_OF_MYELINATION",0.155726207295991,0.2779355850224,0.213426084589548,0.0314580331355344,0.119705637664044,0.243902492978853,-0.292521547752184,-0.35890249785331,-0.516129841014454,0.339838462583944,0.251130526207476,0.115228687095226,0.00376736280910356,0.312598234581625,0.317542370842602,0.00256844769865903,0.807501599112759
"GOBP_NEGATIVE_REGULATION_OF_MYELINATION",0.370778751654552,0.282955462965879,0.0850876499849494,-0.00704187858165939,0.084369000745088,0.196850290735305,-0.319763061478229,-0.400120734141792,-0.544224735997146,0.323898259151963,0.200073528828547,0.2965951208114,0.00408505272898581,0.0705282092133534,0.215388246673395,0.00214416193437423,0.788971377056038
"GOBP_POSITIVE_REGULATION_OF_MYELINATION",0.245187251632878,-0.00414561071557465,0.150001148479769,-0.0547050140725608,0.116788616976383,0.170765503740346,-0.0860435107247703,-0.23689681445513,-0.368488163310922,0.0271495421802301,0.147163169966802,0.283878664061,0.0304530349214976,0.497056861125002,0.624255558371543,0.0258328672967227,0.839847576537075
"GOBP_NEGATIVE_REGULATION_OF_NERVOUS_SYSTEM_PROCESS",0.482867835627388,0.307239982521731,0.344392772325877,0.204345452894169,-0.0819481185699718,0.0420719380560809,-0.371597666848113,-0.24434064246857,-0.509158736562349,0.191893553816038,0.330166734002292,0.186493078420535,0.00202424937266364,0.148315620100943,0.0384709627189263,0.00463874545787316,0.117954762638388
"GOBP_POSITIVE_REGULATION_OF_NERVOUS_SYSTEM_PROCESS",0.232187892669998,0.108390968541875,0.208484744696946,0.108599537148421,0.203617745262452,0.172644697248247,-0.198279487787429,-0.205343760950676,-0.433271410120377,0.0828534556416002,0.191575386730773,0.109167255102515,0.0136129356281237,0.478024156142903,0.67531103432352,0.0212670768369979,0.334091049338335
"GOBP_PROTEIN_DESTABILIZATION",0.0723449661467298,0.209660753286369,0.260880118624453,-0.00130203572140228,0.206233365347938,0.414088119000141,-0.466256464394409,-0.452173449391812,-0.537442023868184,0.475197637193976,0.311664736923925,0.306332876273653,0.00221214222762094,0.322425253833707,0.860939882029122,0.00103726315884729,0.0809518369701866
"GOBP_LIPOPOLYSACCHARIDE_MEDIATED_SIGNALING_PATHWAY",-0.0854889607879018,0.0971828865083272,-0.0870923288254784,0.0268525380441941,0.219509603677869,0.321395780780284,-0.345719909846209,-0.331643418832305,-0.456775096085892,0.403302979259382,0.0706784740281208,0.160165337828943,0.0122747861445655,0.874825539139017,0.120459602167276,0.0166655169244114,0.126773330055187
"GOBP_REGULATION_OF_LIPOPOLYSACCHARIDE_MEDIATED_SIGNALING_PATHWAY",0.071850820557861,0.260508153076276,0.0958511008460117,-0.207508580461132,0.297954108382582,0.146906648012085,-0.362619440420784,-0.362095887058531,-0.462600135809529,0.358713779415778,0.103352806186809,0.30291537954403,0.0035066435239401,0.37371426748112,0.722922158822013,0.00636395542724878,0.318158800494498
"GOBP_POSITIVE_REGULATION_OF_LIPOPOLYSACCHARIDE_MEDIATED_SIGNALING_PATHWAY",0.520597789128278,0.275448112506992,0.234262496571647,-0.054817148125499,0.455706331621271,0.249393815543267,-0.435855673743931,-0.590966886107184,-0.695573609147276,0.271035880437375,0.409804252786311,0.195856140739778,0.00159802767069958,0.674498953944651,0.513109844317391,0.00105282189783946,0.666096901657397
"GOBP_REGULATION_OF_GLUCOCORTICOID_METABOLIC_PROCESS",0.040778339025861,0.403880433109025,0.239868103698569,0.0978073289664574,0.0970347628087261,-0.00767041142694685,-0.371462568011568,-0.563437652537709,-0.429066570172121,0.545943797164736,0.341949305632465,0.364872911749246,0.00986230296102585,0.015785174484989,0.250797182682395,0.000575856995449106,0.213145773531695
"GOBP_REGULATION_OF_GLUCOCORTICOID_BIOSYNTHETIC_PROCESS",0.0637479302103687,0.336393112385084,0.259238068104842,-0.0385388384910072,-0.0119366112054441,-0.0579694169854464,-0.268932590271524,-0.59453538242894,-0.33952192266541,0.485639355348289,0.297119965699064,0.51788431218997,0.00914184468327134,0.0178533096499205,0.0837964521797867,0.00343466549526108,0.116826822644766
"GOBP_REGULATION_OF_PROTEIN_AUTOPHOSPHORYLATION",0.375316142821187,0.0691547290036386,0.0154962552694364,-0.00495183170633953,0.112168722871075,0.116363737995144,-0.41822776975659,-0.373724639797163,-0.370461565854667,0.446882206874985,0.324539397165826,0.395539360885744,0.0381844953189742,0.00429309154318818,0.563573837595955,0.000480540730011373,0.161333348009048
"GOBP_NEGATIVE_REGULATION_OF_PROTEIN_AUTOPHOSPHORYLATION",0.28930338267145,0.140469356906449,-0.102242443266339,-0.142725771828356,0.209765755534934,-0.156346948074927,-0.430565446253508,-0.290751356686449,-0.439680868906577,0.330447024717393,-0.00615519865265374,0.119833342650616,0.0340634067399457,0.31733249126646,0.448436518259957,0.0175278364513968,0.809279178714405
"GOBP_POSITIVE_REGULATION_OF_PROTEIN_AUTOPHOSPHORYLATION",0.414158349566175,0.109676624123949,0.0594503072637053,0.168255608165355,0.142393263291062,0.191829257676855,-0.467675219229717,-0.43512506487749,-0.300335241390801,0.334197413406449,0.427017997288072,0.455393086098418,0.0190337850528782,0.0135119021411851,0.831319340876578,0.000380782457438046,0.189263228747416
"GOBP_NEGATIVE_REGULATION_OF_TOR_SIGNALING",0.0447414761160736,-0.0662092277890886,-0.162466517595147,0.0993166739337709,0.087162540917101,0.133692578820181,-0.341509875948972,-0.295931111697135,-0.457295898616674,0.532156201924134,0.401774648664613,0.131364174193098,0.0182924690946553,0.168342820117653,0.100068182802147,0.01527971885016,0.0522294218091283
"GOBP_ARF_PROTEIN_SIGNAL_TRANSDUCTION",0.0275009497268405,0.38718655977893,-0.0353093892250896,-0.0902578612389242,0.138295070589655,0.390294083453959,-0.443384544416647,-0.396185919245817,-0.479859156322579,0.566123869415888,0.485763507248529,0.344089014182193,0.0459357290560388,0.133835276942178,0.923125844480502,0.0021165102367897,0.106569684695263
"GOBP_RESPONSE_TO_COBALT_ION",0.361350365196564,0.125524645999384,0.363695172564399,-0.528479645744575,-0.400157845579524,-0.229966818376316,-0.34613571811879,-0.225774314236073,-0.456090273183246,0.489709390654583,0.497484905725058,0.626274687613402,0.00409585637751642,0.00252573012913527,0.00474139045061955,0.000789340987697635,0.0638687458864872
"GOBP_POSITIVE_REGULATION_OF_TRANSLATION_IN_RESPONSE_TO_STRESS",0.476934895333104,0.279187516170345,0.136015188572359,0.400115229498661,0.232225849817426,0.508623007489808,-0.810793163050534,-0.736777415019008,-0.74315344728324,0.439653494000051,0.512003072786586,0.722981377823678,0.00617304762992042,0.203234505949111,0.55193255506243,0.00237682496870999,0.117564946084826
"GOBP_NEGATIVE_REGULATION_OF_PROTEIN_BINDING",-0.0520875786965574,0.0860226703183045,-0.154462377514718,-0.0115466545234486,0.147535758235996,0.219814412937818,-0.289345949731624,-0.266732928230406,-0.390047277064641,0.363656150210024,0.180225737175622,0.0331310059650694,0.0385760321893949,0.567744742891985,0.179115838626163,0.0218851310360423,0.127420156987983
"GOBP_POSITIVE_REGULATION_OF_PROTEIN_BINDING",0.266388774968979,-0.0101125530274426,0.0548406997964913,0.163754575308332,0.00766631403447485,0.25266447853226,-0.450460056227353,-0.41472436585085,-0.382868384809854,0.320973455355608,0.372217282396123,0.282236236829943,0.0202998508443053,0.111180842529425,0.749667985728216,4.04553902983754e-05,0.106794795989159
"GOBP_NEGATIVE_REGULATION_OF_RESPONSE_TO_EXTERNAL_STIMULUS",-0.0406282956515473,0.105830754274711,0.0841081101869138,0.116379872059261,0.0579605266896287,0.0192728067662152,-0.22627609426557,-0.216258636480919,-0.228880070066387,0.275108903410506,0.0388806444833713,0.0757514868010966,0.0260119318667398,0.475569960542244,0.799327196590656,0.0401060260167047,0.415586940641593
"GOBP_REGULATION_OF_RESPONSE_TO_EXTRACELLULAR_STIMULUS",0.0657838760218209,0.13349934190671,0.183545401527868,-0.0149493515655136,-0.016923172969126,-0.202327568350639,-0.137555206124905,-0.421608430949885,-0.365265445661329,0.29847954419597,0.240254770498088,-0.0797331161804183,0.0252087362411819,0.179582508300522,0.0598598306346272,0.0385306447945236,0.852416627081007
"GOBP_ACTIVATION_OF_PROTEIN_KINASE_ACTIVITY",0.135776767046245,0.232918432127061,0.0156963936995092,-0.0223674165165667,-0.0147998605375281,0.302154259402396,-0.383467860661171,-0.3911339506397,-0.362757366165098,0.30764646778938,0.346934272682414,0.318376505198478,0.0137430217217208,0.156525317615664,0.76790674928263,2.94853285186264e-06,0.0843613458826806
"GOBP_ACTIVATION_OF_PROTEIN_KINASE_B_ACTIVITY",0.181404370392514,0.179147452435834,0.0487435832964488,-0.368951130041564,-0.243044418291706,0.221491154476174,-0.254852112277571,-0.099806760911689,-0.207728878258394,0.136745183469662,0.191140288464033,0.301428484278767,0.00700684880637422,0.1928083334219,0.273319401566327,0.0040333681131182,0.325084085696296
"GOBP_NEGATIVE_REGULATION_OF_TELOMERE_MAINTENANCE",0.165541205813104,-0.160331080739014,-0.15290099847475,-0.0760033194695919,0.088881996557414,0.233705100171544,-0.493239322240795,-0.368002858300023,-0.512033690635912,0.236765342788725,0.280127799033029,0.417956381213595,0.0466982633344434,0.108004280325397,0.401977415128504,0.000490612345562056,0.0586676694192119
"GOBP_REGULATION_OF_ACTIN_FILAMENT_BUNDLE_ASSEMBLY",0.0873651008875112,0.0992386041111943,-0.00121376725423683,-0.00910150762216569,0.00435331156472521,-0.102836186690216,-0.244330922744771,-0.224241232206993,-0.215711539366629,0.295994532977815,0.183942251499563,0.131552405229619,0.00818409174311684,0.0193093488320499,0.102677650164742,0.0105845528708843,0.0805652423607088
"GOBP_ACTIVATION_OF_STORE_OPERATED_CALCIUM_CHANNEL_ACTIVITY",0.226284321753484,0.12715938448309,0.350906156151596,0.284272805242596,0.115924551162956,0.371044946625523,-0.716484713356317,-0.813881025140337,-0.666820294196404,0.445975029322305,0.675807504704924,-0.0208109151988515,0.000520089058163913,0.655052162917664,0.833041723634809,0.0286517848731112,0.591862917646061
"GOBP_POSITIVE_REGULATION_OF_NUCLEOBASE_CONTAINING_COMPOUND_TRANSPORT",0.304640850087234,-0.00666155889746947,-0.0904497715686147,0.375515584285631,0.456371966447007,0.687102899280299,-0.590758949147713,-0.541020125979788,-0.734953313436909,0.555282613329148,0.378706406514139,0.267125243034601,0.0153506359236464,0.446562372888795,0.0486762678456737,0.000981112301440424,0.0946667175867784
"GOBP_SECRETORY_GRANULE_LOCALIZATION",0.516188329909674,0.24100413496059,0.374171811709478,0.0851676846836659,-0.241047183491489,0.223460031069424,-0.580709237637446,-0.52529534003325,-0.353952004647645,-0.0298647209429831,-0.0366321838375811,0.387960920105001,0.00129851243483287,0.689150494349346,0.106405248846001,0.0339741943206174,0.188185233961456
"GOBP_REGULATION_OF_PROTEIN_POLYMERIZATION",0.149610855840622,0.196207064676054,-0.00919601987838267,-0.0258800785168228,0.173657640204526,0.145297005553159,-0.340758135004254,-0.338582104721988,-0.337118144537931,0.348742938850988,0.221266550836248,0.200898728488351,0.0184538216690241,0.115283846106585,0.877030513698119,0.00595451766128826,0.141024073808966
"GOBP_NEGATIVE_REGULATION_OF_PROTEIN_POLYMERIZATION",0.290431525714735,0.187047997807203,0.0897120062600448,-0.11990412363289,0.139400300213798,-0.12510889335754,-0.262436536486344,-0.31035923095184,-0.312078728026095,0.255695789745625,0.134760940269012,0.235583212761131,0.00971737915176626,0.0915558306910007,0.109431674824696,0.00178645552743372,0.792485706704712
"GOBP_POSITIVE_REGULATION_OF_PROTEIN_POLYMERIZATION",0.137063653632976,0.219697763752139,-0.0392782672519577,0.0153298428910091,0.208416048035361,0.248597127965819,-0.409356078230831,-0.35105483726105,-0.324304805225276,0.40483636328761,0.242815456498386,0.183747193033588,0.0177492567002956,0.288361253004365,0.648712623904702,0.00518747039308387,0.166578925536259
"GOBP_MYELIN_ASSEMBLY",0.288465364238228,0.40440173307565,0.312545524418844,0.0758028637370163,0.0701502347060387,0.120280782850447,-0.215983554832491,-0.255879568823989,-0.501207546178373,0.403225155071766,0.234474123791959,0.331166080096985,0.00968317066699409,0.0311223707498153,0.00989308789954025,0.00708685488543776,0.850702545419151
"GOBP_ALANINE_TRANSPORT",0.122109788245626,0.143690254251044,-0.0615893383400765,0.419783345347847,0.0333745658852898,0.268079968141507,-0.43707281151814,-0.460981245677794,-0.271727265708607,0.348778515328576,0.15272430106197,0.12903052089322,0.00669946080758521,0.832435761701669,0.271182554647855,0.00305116819534772,0.210675871239086
"GOBP_INTRACELLULAR_STEROL_TRANSPORT",0.0516585694077488,0.13088945371166,-0.148080217892718,0.0896956773904763,0.00308497601958879,0.412767439399448,-0.430977858326099,-0.371354362827118,-0.486021379597368,0.330460642622033,0.311657296605844,0.358081779474405,0.0217711980000747,0.316499970247817,0.361656995170068,0.000490348339959534,0.0570838916128448
"GOBP_REGULATION_OF_LIPID_TRANSPORT",0.141007131595887,0.113228010560143,0.115951712626658,0.0604958506634616,0.140727681711299,0.171763684040661,-0.25784439765536,-0.210885285335965,-0.216515516484982,0.254415137541447,0.182308282394682,0.00304302776592161,0.000147908928301173,0.804502793739705,0.980489251004147,0.033333022321017,0.786357270918044
"GOBP_NEGATIVE_REGULATION_OF_LIPID_TRANSPORT",0.117445404340056,0.243975656515524,0.300393746760784,0.0236057136382625,0.15681531449063,0.195946268622523,-0.233516459233191,-0.142545532831618,0.00206749204958229,0.280988343527718,0.158361290676125,0.0483696117840546,0.0185870223745186,0.686386897757845,0.274238155200286,0.0402951045981856,0.539511076843288
"GOBP_REGULATION_OF_TRANSPORTER_ACTIVITY",0.00779776296801649,0.118729461334297,0.0722446145105999,0.122899593068252,-0.0116110950032152,0.0206640805582292,-0.133004160592943,-0.0968502355377974,-0.155953747036481,0.161135473401003,0.108810295613703,0.145415207661001,0.0122127066685721,0.132549233652918,0.690172633782488,0.000342558286179165,0.140123823804318
"GOBP_POSITIVE_REGULATION_OF_PROTEASOMAL_UBIQUITIN_DEPENDENT_PROTEIN_CATABOLIC_PROCESS",0.0565780314892327,0.095349515038551,-0.225072908561977,0.225579367512531,0.195157727270508,0.351663413345937,-0.474724766545451,-0.412338783200599,-0.5192368038613,0.477212821647091,0.297891701179936,0.228732686957196,0.0383447484655374,0.438738112318844,0.0902240692879517,0.00337747675442823,0.0505252880990665
"GOBP_REGULATION_OF_CYTOKINESIS",0.19216695470897,0.146294990810493,0.0304522219151368,0.208052141684714,0.184296048427335,0.329069583696447,-0.414390274852777,-0.416265199549789,-0.419158509506676,0.287417460966252,0.157591182980799,0.213919964603326,0.00781903372155131,0.740293189223869,0.148869467643262,0.00343544114510803,0.192650327983145
"GOBP_POSITIVE_REGULATION_OF_CYTOKINESIS",0.222201099808944,0.189624048951695,0.0125734575710585,0.1944739313359,0.11750453295855,0.299949513717138,-0.413298900318681,-0.4177356056333,-0.290299930641887,0.154242829411987,-0.0710886574689619,-0.0505085990974699,0.00458249058141995,0.102649796283544,0.499241444328471,0.0163690341937855,0.250235477724553
"GOBP_RAP_PROTEIN_SIGNAL_TRANSDUCTION",0.301507387399248,-0.0185203487786901,0.222436308209469,-0.10030927018846,-0.0402300317939341,0.33700872694749,-0.448770868588961,-0.380330909702834,-0.663220506352606,0.129131738763941,0.256015542900675,0.586130105038104,0.00687147083983981,0.252023156838644,0.575078473507191,0.0109450011894233,0.409942532854297
"GOBP_CDC42_PROTEIN_SIGNAL_TRANSDUCTION",0.182949434669671,0.19125942761107,0.0162433379488449,-0.354399589371438,0.0831824493464931,0.0509171941209371,-0.261307189276937,-0.349307502308012,-0.250018174317208,0.24625021687037,0.0707544562002395,0.144336699560429,0.00689392580414897,0.243144221673583,0.283863202225471,0.00358762978952746,0.772756035650671
"GOBP_DETECTION_OF_MOLECULE_OF_BACTERIAL_ORIGIN",0.383740631999994,0.4863835047817,0.377986309378334,-0.0785691455140574,0.245568316761984,0.11363101883555,-0.579332827353425,-0.366788457732328,-0.483597027842151,0.543433536262562,-0.00701697286958869,0.512757874163398,0.00079747191878892,0.293107351481009,0.0613562507342518,0.0327094339342494,0.748304579052217
"GOBP_RESPONSE_TO_PEPTIDOGLYCAN",-0.123980316728677,0.024060268665193,-0.136954418824908,0.0962980739907707,0.241849879656667,0.553914355148737,-0.403911961387731,-0.284618889767155,-0.343073384193437,0.40959063457228,0.0722408358701827,0.224828932921733,0.0173721774347166,0.731134725009556,0.0937876003205747,0.0181349559154524,0.0641144043149099
"GOBP_MULTICELLULAR_ORGANISM_REPRODUCTION",0.0890441427177514,-0.0105877357056371,-0.000296110983230291,0.0545258462361835,-0.00239366137783473,0.129596379241413,-0.169421015815068,-0.117750680008662,-0.168581344440584,0.0401837176286268,0.0765809193671166,0.12922244026021,0.0149194941112398,0.669773377341864,0.52611811422644,0.00286106552678049,0.245356854392791
"GOBP_CYTOKINETIC_PROCESS",0.0487229130891508,0.0348544776128511,-0.148730664620855,0.0674170976543309,0.171001316489419,0.462192225176669,-0.437275994405571,-0.437008331853288,-0.503930050064851,0.425216594752857,0.203390525639867,-0.0455188720427648,0.0129171237000739,0.83868694940424,0.151261355901293,0.0375964619643205,0.250615414999247
"GOBP_MAINTENANCE_OF_PROTEIN_LOCATION_IN_CELL",0.012913342449431,0.0453766262140231,-0.0261986054112405,-0.0954900593106625,-0.0554856561465781,0.42539695397457,-0.269319857785357,-0.198068318372298,-0.352242845013088,0.321306613332589,0.213089074228328,-0.0324461893933964,0.0121325726395104,0.723875193368923,0.677956221011025,0.0366558651881493,0.271162933171837
"GOBP_ENDOSOME_TO_LYSOSOME_TRANSPORT_VIA_MULTIVESICULAR_BODY_SORTING_PATHWAY",-0.106880079414457,0.129947969708685,-0.228669727392671,-0.0404716223621904,0.203685027092375,0.54055340244425,-0.57665929052551,-0.460143058153479,-0.583274183180655,0.597226855235583,0.456686354894012,0.112345304878514,0.0335626178916813,0.525838831797622,0.214927731851097,0.0174210001452522,0.0680613629326138
"GOBP_NEGATIVE_REGULATION_OF_PHOSPHOPROTEIN_PHOSPHATASE_ACTIVITY",0.158129648763659,-0.142507428909172,-0.0580373511326215,-0.116181234562399,0.0776688069909903,0.456568238532794,-0.468074765778478,-0.299990646160635,-0.475882985579992,0.269569579845729,0.221591896504675,0.340612151624684,0.0262212608388236,0.500432300908554,0.47854608242388,0.00129356749660864,0.0678750437966286
"GOBP_REGULATION_OF_MICROVILLUS_LENGTH",-0.0601024226678706,0.249274777553113,0.254807350735078,0.33961490750026,-0.0316542344296251,0.10382469295943,-0.456984395797889,-0.327762245129205,-0.516198551028617,0.461657082253307,0.373863188318021,0.215650356921706,0.0153101347630051,0.187571183353088,0.946517777750402,0.00130631232085716,0.19366811608462
"GOBP_RESPONSE_TO_PROGESTERONE",0.198518190049961,0.442135672418165,0.33475290046043,-0.0660872597098814,0.330668960959454,-0.143449664664743,-0.372070026806246,-0.12697245821209,-0.216651978214445,0.0449212846214039,0.157103952739711,0.0574842443087029,0.00496225912342994,0.786280056242265,0.182732027106699,0.0280811163024991,0.0577609181464452
"GOBP_TYPE_II_INTERFERON_PRODUCTION",-0.0360231247214696,-0.0419824962039047,0.129569324189313,-0.0252660834427516,0.0309409839235276,0.155450474431809,-0.226753591582303,-0.192983835257154,-0.288382877611333,0.263822244851287,0.0681084822649561,0.0540805453587058,0.0286221167052063,0.436155039822499,0.662222022405043,0.0205573240981578,0.276075293398412
"GOBP_INTERLEUKIN_13_PRODUCTION",0.159350545440294,0.267186093863926,0.309620475467493,-0.0181430013126687,0.283511524023452,0.108967180635433,-0.36835470986261,-0.372381690853545,-0.340982676188299,0.199331591987734,0.189645442875345,0.145503085600528,0.00391130978153204,0.605922711181462,0.307545240290803,5.39614763247736e-05,0.268752795147729
"GOBP_INTERLEUKIN_2_PRODUCTION",-0.0624340042286335,-0.0350568801302019,0.0473276635000797,0.150226949737827,0.232352566567175,0.353994331700168,-0.366630194010297,-0.426972855567726,-0.37711620887586,0.458683703616421,0.198588916481482,0.152575885944399,0.00178321044497139,0.840268445242829,0.0282373054312194,0.0172535404148437,0.0821034713210921
"GOBP_INTERLEUKIN_8_PRODUCTION",0.0608021445293097,-0.0215004014975334,-0.0768357832345656,0.0204383587369458,0.142711336976195,0.150329498246698,-0.29161751029482,-0.260408088159798,-0.218319755914589,0.232573597088658,-0.00774372591219896,0.161591668211716,0.012006751354225,0.786778288288069,0.114263042558505,0.0247711469008801,0.178003382014885
"GOBP_NEGATIVE_REGULATION_OF_INTERLEUKIN_12_PRODUCTION",0.205449247365932,0.0883911041074547,0.163945390570998,0.363357747369064,0.3654858716636,0.24206675366934,-0.411890321973379,-0.454623264118291,-0.283206770842816,0.161872302127175,-0.174402538229221,0.206900537433297,0.00178643680698305,0.154370805554408,0.0339557669724602,0.0486927457414433,0.546432606053255
"GOBP_NEGATIVE_REGULATION_OF_INTERLEUKIN_4_PRODUCTION",-0.572940958060714,-0.290323146803328,-0.21750884300349,0.0181944741577743,-0.0777393125545479,-0.406401566300014,0.344977602872277,0.573599812360168,0.466656392703179,-0.0934084308600355,-0.094569303571926,-0.404603871304676,0.00552454594637003,0.811322521057332,0.291675280919838,0.00913589771548695,0.338832071179331
"GOBP_POSITIVE_REGULATION_OF_INTERLEUKIN_1_PRODUCTION",0.0318933122253127,-0.00845773261241436,-0.107921060739106,0.0197108903350748,0.212227448871954,0.278449444549291,-0.203759162674292,-0.219109403070504,-0.144647671122667,0.0592165467917242,0.135936957762936,0.232787081816275,0.0404445085960979,0.783357478874741,0.107934351482144,0.0113249056128889,0.0608472764457636
"GOBP_POSITIVE_REGULATION_OF_INTERLEUKIN_10_PRODUCTION",0.00219925055773698,0.0755056889847006,-0.00738884815833141,0.0488433215987151,0.0418272128431044,0.249265451343821,-0.29282467528311,-0.182612780133919,-0.329331925357703,0.0470410508622311,0.131093366710672,0.203832933540279,0.00861030874183343,0.873353686639017,0.317929252807737,0.00333557133596701,0.135504805778128
"GOBP_POSITIVE_REGULATION_OF_INTERLEUKIN_13_PRODUCTION",0.104276813194322,0.137571803862288,0.339757632711287,0.052985684268443,0.192343680481703,0.347996540473951,-0.525083825378815,-0.353520664298615,-0.481318519756142,0.378850521511944,0.303320029788391,0.258017396822986,0.00297393613477531,0.308602587300909,0.974013884590785,0.000499741669140033,0.242990094523413
"GOBP_POSITIVE_REGULATION_OF_INTERLEUKIN_18_PRODUCTION",-0.398744361482258,-0.636232882485854,-0.357919801125363,0.521646093378988,0.164043372967068,0.475865308945712,0.42424761434637,0.311754397421456,0.163319079281759,-0.656637825754867,-0.579869882195352,-0.241091255471262,0.0028512039535836,0.00693289283935359,0.00472762390758861,0.0104458102822275,0.864899658831431
"GOBP_POSITIVE_REGULATION_OF_INTERLEUKIN_5_PRODUCTION",0.149262957371753,0.272247458240886,0.349219081289257,0.361484106682652,0.155992823522945,-0.00334420673694896,-0.708471979686048,-0.183904483637146,-0.265818040531336,0.143462817505639,0.477430779230885,0.419660973918039,0.0458464310844369,0.300144221742043,0.527584499060319,0.0258940260555096,0.500039992841895
"GOBP_POSITIVE_REGULATION_OF_INTERLEUKIN_8_PRODUCTION",0.0351643133237368,0.00658676029520361,-0.0821548596239614,0.0796790696546724,0.220374370600495,0.223696980541401,-0.289219100078966,-0.3176522643234,-0.263500083831719,0.192404367720703,0.0532067821443954,0.00797967031426974,0.00739646246785898,0.286510493116838,0.0375234029007198,0.0156089339054909,0.222788480636475
"GOBP_REGULATION_OF_MONOOXYGENASE_ACTIVITY",0.063276744134436,-0.022581750745349,0.23915777747481,-0.0523494661190912,0.101945436406291,0.248559099513422,-0.227675383527301,-0.3185896229929,-0.267401252242313,0.264884713885344,0.174293275735443,0.139687085685641,0.031210199267643,0.40220605651975,0.960649232289278,0.000893854894965337,0.331320069191558
"GOBP_POSITIVE_REGULATION_OF_MONOOXYGENASE_ACTIVITY",0.10071113382341,0.107928555290991,0.109208656751317,0.162494144551055,0.128880633134143,0.210372662057599,-0.327661610088093,-0.411709004300197,-0.364662446074275,0.355698355799988,0.25047468483976,0.175457707106009,0.00237911171089832,0.209311403310865,0.1203750658015,0.00214784667840802,0.0974677490876856
"GOBP_MONOCARBOXYLIC_ACID_METABOLIC_PROCESS",0.080369356209879,0.172126374229415,0.149393825833974,-0.0822340639329068,-0.0478851747863374,0.125446100637139,-0.319850248960328,-0.276560448282669,-0.318932011179852,0.359763134927032,0.31292082006867,0.186143752066161,0.000767438500527081,0.027073355303699,0.157709051096712,0.00487618371393196,0.0795701397307585
"GOBP_LOW_DENSITY_LIPOPROTEIN_RECEPTOR_PARTICLE_METABOLIC_PROCESS",0.255980698200129,0.679251673022069,0.425260515566881,-0.431168719284193,-0.218774899245524,-0.223105177929262,-0.3721431494589,-0.101442801525057,-0.307738177788071,0.722838778199912,0.574018897113352,0.33521776164346,0.011911038923904,0.00585706800823694,0.011599385910721,0.00592721252839621,0.616661938120002
"GOBP_RECEPTOR_CATABOLIC_PROCESS",0.302634336987965,0.459023867238047,0.128409706968096,0.0436318322936536,0.109012443677049,0.209841623514522,-0.601517193429386,-0.438666039041221,-0.506362294035704,0.5423942551286,0.437662571403023,0.272410882073525,0.00512383426873253,0.0421974118226581,0.200055154762554,0.00136672783956677,0.385870508446919
"GOBP_POSITIVE_REGULATION_OF_NATURAL_KILLER_CELL_ACTIVATION",-0.103286116938241,0.0319082918457267,0.00452551158908329,-0.0394917886157792,-0.0145992695709932,0.192219193871353,-0.382824153424377,-0.262787820804779,-0.350955389679668,0.505718956841892,0.279653435654027,0.117019182190821,0.00506494486342404,0.142725577998633,0.474118727516598,0.0220000135627129,0.0894207294531683
"GOBP_REGULATION_OF_NATURAL_KILLER_CELL_DIFFERENTIATION",0.240979095869266,0.0149762863901123,0.233861606403378,-0.183600411760892,-0.0284300572727363,-0.0320590571415916,-0.469371923328798,-0.166565864410555,-0.439814367994513,0.392788645435628,0.527099109236329,0.153914700534407,0.0146031943439802,0.0390319910605932,0.060581534707964,0.00823663670021287,0.223427312388286
"GOBP_POSITIVE_REGULATION_OF_NATURAL_KILLER_CELL_DIFFERENTIATION",-0.110641825412453,-0.0788315304056837,-0.234068735884373,0.0218289512664319,0.234616173102087,-0.0127666529863698,-0.441433560144334,-0.408512558853784,-0.346064170428225,0.341914794018721,0.743117744017018,0.1409150447546,0.0154253412509292,0.197350248876685,0.08339053023732,0.0419112127476795,0.081127932511095
"GOBP_REGULATION_OF_ESTABLISHMENT_OR_MAINTENANCE_OF_CELL_POLARITY",0.149029372317835,0.0811265393747742,-0.00121136573081598,0.0267660744149045,0.0506702468725261,0.251568456296732,-0.387528091072976,-0.319701838390991,-0.355604723317371,0.216108358367442,0.151523099494692,0.367122052149077,0.0038403669420833,0.231351057419901,0.713922015519898,0.00696322747068977,0.103675877888314
"GOBP_REGULATION_OF_POLYSACCHARIDE_METABOLIC_PROCESS",0.129200964683322,0.181764722055152,0.0526610574667861,-0.0456705244111472,0.102399535291796,0.301977096114917,-0.390708588216954,-0.404433058497062,-0.382785808645967,0.199817430693678,0.469860981443732,0.213312658313195,0.00435213178564678,0.262305509546882,0.988939187312249,0.0155776885642083,0.177510731438257
"GOBP_REGULATION_OF_MICROTUBULE_BASED_PROCESS",0.179505534847238,0.0743006891810358,-0.0582728962653719,-0.0329513741613741,-0.00591783048530811,0.203581864169921,-0.312308465051446,-0.254734116837015,-0.26150656789531,0.210731985743622,0.123759519401052,0.164671512172459,0.0313972416016403,0.271294967533345,0.924343501408122,0.000249429606980302,0.276568655666987
"GOBP_NEGATIVE_REGULATION_OF_ORGANIC_ACID_TRANSPORT",-0.0133171407518219,0.23261282815409,0.403844684738348,0.1886796088972,0.0684192883195759,-0.166117065481921,-0.309634510743595,-0.497010825795566,-0.172289271074492,0.380012721354933,0.126275650540882,-0.0760505811389767,0.0278174722854039,0.539855065742765,0.330273781019015,0.0499036281655111,0.737801663338406
"GOBP_POSITIVE_REGULATION_OF_ORGANIC_ACID_TRANSPORT",0.0998916985271873,-0.00447752057752161,-0.142304084889542,0.174722817450477,0.320139555816448,0.192064652276901,-0.243689859198572,-0.324781606089917,-0.325110420658696,0.152464970905303,0.155103644761409,0.160873515270352,0.0425396505063541,0.252945199581963,0.0519518752804915,0.00331968127783147,0.133830018670486
"GOBP_NEUROTROPHIN_PRODUCTION",0.101147807141045,0.624065861375589,0.251166428049126,0.286099614988107,0.602711315611009,-0.0360626776251999,-0.502773252323436,-0.493242607703385,-0.0327868726849032,0.67304411997985,0.255348062721517,0.111337276288434,0.0382617362767665,0.815319112191981,0.872848525900062,0.0398439314371955,0.931055630762606
"GOBP_NEGATIVE_REGULATION_OF_TRANSFORMING_GROWTH_FACTOR_BETA1_PRODUCTION",0.195833354393155,0.668607714039234,0.531780619480045,0.392645659464878,-0.0227179169987645,-0.138548430266588,-0.464910918719658,-0.521573579059181,-0.0910556959144968,0.648198080090234,0.389569860372535,0.0466661545552891,0.013394030910948,0.297482934156361,0.144953372508845,0.0336518565315389,0.66752455774365
"GOBP_ACTIVIN_RECEPTOR_SIGNALING_PATHWAY",-0.0323378749786794,0.130632945685122,0.0343342349924227,0.0914343439466354,0.0574829354482102,0.0130636414408393,-0.28786270668025,-0.23916190674015,-0.167167334896217,0.165963269316103,0.207740930244832,0.25709779432237,0.0114662544725858,0.011415561313552,0.864445468965223,0.000790160894930752,0.0516945555799063
"GOBP_REGULATION_OF_ACTIN_FILAMENT_BASED_PROCESS",0.0634572573774678,0.0777884731149458,0.0604867692848714,0.0826072906014513,0.0763566567345931,0.0510366802861758,-0.258610657985943,-0.265732124427879,-0.280759678315337,0.269334305830271,0.208284926823755,0.113797704446633,3.53668811593347e-06,0.100823216611506,0.818265546902524,0.00827224836070821,0.100948633926985
"GOBP_PROTEIN_CONTAINING_COMPLEX_DISASSEMBLY",0.213822475967299,0.174228028075836,0.0205480752553292,0.0510249518467978,0.161767610222053,0.261181530402605,-0.441658340021898,-0.450351507535748,-0.505426101926021,0.377003105636384,0.36313098778906,0.283921198609857,0.00517083750587649,0.0758697416078035,0.809462512882295,5.50741794510708e-05,0.0544274807402795
"GOBP_MUSCLE_CELL_PROLIFERATION",0.119565560052043,-0.00856950955548538,0.0182575573335066,0.102877391338005,-0.00227222015743297,0.235153076399763,-0.273219549119839,-0.225926877577348,-0.227997141477475,0.0500360623732327,0.227378212559047,0.231539275460086,0.00996363117228772,0.561240212038846,0.444547499687188,0.015652414610575,0.162596081914882
"GOBP_REGULATION_OF_MAST_CELL_ACTIVATION",-0.0986433029778532,0.206545710037511,0.0966793565834239,-0.086278388141658,0.0011141107010838,0.280086798535227,-0.427771199147596,-0.278530614932605,-0.460380341267007,0.324288426224143,0.33271190243545,0.211802280489848,0.0178205983169451,0.169546704461897,0.9830439204852,0.000994699491690562,0.11607246944436
"GOBP_POSITIVE_REGULATION_OF_MAST_CELL_ACTIVATION",-0.0851350990500561,0.0719633560806102,-0.0914213711412056,0.252713739883546,0.165035917078748,0.384552325574072,-0.468460951476158,-0.240445509940651,-0.369579811117879,0.0957991895217209,0.0945628978199238,-0.00855002589540177,0.0202706867223217,0.0630592809635731,0.0232907694599789,0.0108426200536782,0.219578867940354
"GOBP_POSITIVE_REGULATION_OF_MAST_CELL_ACTIVATION_INVOLVED_IN_IMMUNE_RESPONSE",-0.0755574167003351,0.270100571922293,0.0631567059341746,0.30120699510441,0.27180442088461,0.288131083355244,-0.43473386029225,-0.382898749412655,-0.429779036865046,0.231798054596826,-0.00900616295184603,-0.056191175732951,0.0348412290998919,0.120565476471677,0.182278811530256,0.0304594728394544,0.832358469650281
"GOBP_TETRAPYRROLE_CATABOLIC_PROCESS",0.160982552658759,0.604774743156739,0.64135433413048,-0.118014555334402,-0.35733263705058,-0.334132224451315,-0.658817167950552,-0.491135032656488,-0.506269615433291,0.808527366253137,0.648208345608435,0.60284935603597,0.0142686714329896,0.000757876376613785,0.0245661782838897,0.00013124978207605,0.293794561517759
"GOBP_MYELOID_CELL_APOPTOTIC_PROCESS",0.123377540755598,-0.0354467849545625,0.00735098970902004,0.188083269107711,0.386495229326871,0.160115450519399,-0.439368056288482,-0.281207529206063,-0.393562359732575,0.26466749501079,0.057841243465691,0.118734244863696,0.00379607737255209,0.358194727266515,0.0768347843267815,0.00324196952085215,0.215657991977176
"GOBP_REGULATION_OF_MYELOID_CELL_APOPTOTIC_PROCESS",0.138715955856868,-0.0333871484244328,0.0375524091015117,0.272194645276834,0.380684812938903,0.1183936806132,-0.432201837841508,-0.247687052701795,-0.37057744832335,0.299763220718204,0.0405552181013059,0.0579166655635171,0.00581992583311416,0.333770008023583,0.0932862747972151,0.012251099322378,0.441838019200814
"GOBP_CELLULAR_PIGMENTATION",0.163429174639715,0.155480150061098,0.109463336147702,-0.0680676682474142,-0.00873127814908722,0.202513294738951,-0.447921171007508,-0.384417997530836,-0.457870944573464,0.453382365557557,0.468183322714584,0.25952431694784,6.978253103498e-05,0.0312512509612352,0.343670741046112,0.00328924114879558,0.05733671053079
"GOBP_POSITIVE_REGULATION_OF_INTRACELLULAR_STEROID_HORMONE_RECEPTOR_SIGNALING_PATHWAY",0.0885150373492678,0.144506402081973,0.0450216860245603,0.183669628123199,0.282159207599277,0.132358338399463,-0.585152915557266,-0.331399092999663,-0.399374351488748,0.439565166983913,0.313433703910581,0.0228251338429141,0.011528437188716,0.687500336833587,0.123233669526025,0.0134530413755133,0.309542593000279
"GOBP_NEGATIVE_REGULATION_OF_INTRACELLULAR_ESTROGEN_RECEPTOR_SIGNALING_PATHWAY",-0.101588891623483,0.0915981187343145,0.199463418418938,0.31760529429188,-0.119748802963398,0.495428565808237,-0.335250699848785,-0.428160847531261,-0.556272896150226,0.404301457051053,0.354680849999138,0.11343148323434,0.0122297355677541,0.789024732905232,0.470791271478559,0.00382217525709221,0.144641683014447
"GOBP_RESPONSE_TO_HYDROPEROXIDE",0.0348421271429711,0.227723284596008,0.255582936354828,0.0672875455324796,-0.0139249454992182,0.328340227781378,-0.36770009056605,-0.293789420255498,-0.519288243973856,0.300987096112435,0.118192167544723,0.484559729369922,0.0041622587993415,0.304372316319555,0.735672382447713,0.00839016200312443,0.375424730004281
"GOBP_RESPONSE_TO_VITAMIN_E",0.156371713570501,0.125148740834668,0.531068512765889,-0.170600873738412,0.166685850837851,-0.0828472589241006,-0.472531051940696,-0.179275976869139,-0.202594967827879,0.606766104622799,0.251527909068246,0.266377831753022,0.0301467528757647,0.0596245025189308,0.147801496170612,0.0126739722130615,0.583689183693525
"GOBP_MEIOTIC_CYTOKINESIS",0.415600130205349,0.0870202418878225,0.349198796791147,-0.426020014353875,-0.333105203732684,0.372548682798518,-0.7634077646624,-0.282392652710943,-0.403403604208145,0.543749869313139,0.2675044632572,0.53816283118195,0.015493565214744,0.137000635754193,0.238286929428033,0.00881175211452944,0.288787039355255
"GOBP_ADIPONECTIN_ACTIVATED_SIGNALING_PATHWAY",0.142178578468086,0.0439408488573498,-0.240611842498595,-0.0879903430344456,-0.168179692586862,0.47834567971223,-0.543938956613189,-0.363102476845173,-0.455858848774492,0.53797601540057,0.0996085192499263,0.469390303742992,0.0453956623237065,0.303555318578075,0.718187084875869,0.016367532360025,0.0973115994048354
"GOBP_POSITIVE_REGULATION_OF_PROTEIN_SUMOYLATION",0.02314116768249,0.0575428257678259,-0.254633816896803,0.22320349231365,0.433760266485113,0.506431067861703,-0.696149367269504,-0.562821228959687,-0.578398685847549,0.514421084771006,-0.052513173658104,0.307745546878145,0.0181549050330186,0.531845945610076,0.0277106063068486,0.0283009284463319,0.194094517595517
"GOBP_NEGATIVE_REGULATION_OF_AMINE_METABOLIC_PROCESS",-0.117558509172321,0.576425750390182,0.387643950450719,-0.281234179530517,0.475414231382841,-0.199294555982499,-0.420022527894941,-0.676424352461527,-0.683807615787304,0.795030340272032,0.527037406866883,0.30925571833605,0.0365992812336726,0.137877944184549,0.421909450286635,0.00443756718711506,0.362370161946813
"GOBP_SECRETION_OF_LYSOSOMAL_ENZYMES",0.226512588854817,0.518064474638366,0.493166312222062,-0.401859746194029,0.163695629983559,0.462614909113516,-0.587742703288861,-0.663003662820938,-0.735073588905796,0.639068536646502,0.496677549452529,0.343290758318609,0.00250925114060717,0.235581275774645,0.314226985343511,0.00134778429548925,0.559689150534226
"GOBP_SECRETORY_GRANULE_ORGANIZATION",0.0741584584164445,0.0532628001054679,-0.0761796709227751,0.0794902141877281,0.168730882159204,0.290439676925691,-0.311073311052367,-0.438176725713376,-0.386610681228832,0.342503624010207,0.288548669947505,0.105286752915237,0.00327040918318637,0.524091179347164,0.107439147071514,0.00456265897875586,0.0657934770107577
"GOBP_CARBOHYDRATE_HOMEOSTASIS",0.0801215156240403,0.123948358624006,0.0560369470778452,0.0296941802136358,0.0208327900391511,0.0858065886781459,-0.197059618787715,-0.190153655268043,-0.221875959625725,0.224801536553917,0.190274386413838,0.091436021917056,0.00115281582173699,0.0714088860120973,0.220551145303238,0.00841279331268088,0.16512091361811
"GOBP_RESPONSE_TO_TESTOSTERONE",0.217437636424442,0.0337550350732762,-0.0131849448491594,-0.0699170498838844,-0.192392371542774,0.258128244274908,-0.367023912616059,-0.156043679899306,-0.212719793123144,0.241421360524954,0.257153904406697,0.0719608141012529,0.026898226611206,0.290856815488828,0.631480145976178,0.0073968307698621,0.296502991636244
"GOBP_RESPONSE_TO_L_ASCORBIC_ACID",0.598037685205046,0.407006978266252,0.278539138513064,0.351167766995023,0.447070543436697,-0.0293747779552853,-0.5248563311647,-0.563688786529277,-0.757980544536722,0.470931155783217,0.494732878548888,0.451972003260475,0.00116220458055067,0.275069377546222,0.385574542328405,0.00353546665488414,0.67885614882811
"GOBP_REGULATION_OF_MAMMARY_GLAND_EPITHELIAL_CELL_PROLIFERATION",0.0617177076553383,0.192610915538692,-0.0428958183746857,0.054389009008657,-0.00346016361484247,0.273334667225263,-0.387205426010149,-0.321375208052009,-0.407487478165851,0.62946960812514,0.396951599367095,0.234621312394522,0.013814013894422,0.0991666535465529,0.746796692231197,0.0164357067193492,0.0722613845809931
"GOBP_CELL_ADHESION_MEDIATED_BY_INTEGRIN",0.132854726232264,0.0449735994197644,0.24541318884226,0.182950251789176,0.158657288842089,0.111144185700108,-0.278194699679287,-0.307384038705376,-0.230314258788727,0.20685044373997,0.292388199703285,0.21135719299045,0.0108774632980792,0.0739901748373684,0.885268514507547,0.000185058170681413,0.237093864315094
"GOBP_REGULATION_OF_CELL_ADHESION_MEDIATED_BY_INTEGRIN",0.175645134908905,-0.0625451755709441,0.255356974024322,0.333050589712098,0.122228918850621,0.145746744344737,-0.313583956309918,-0.356715343991176,-0.291678829308967,0.167643504518955,0.206796927538372,0.128850235131,0.0388774165456164,0.681442084389627,0.546158465703087,9.34168128692238e-05,0.687836214828579
"GOBP_NEGATIVE_REGULATION_OF_CELL_ADHESION_MEDIATED_BY_INTEGRIN",0.534050845903063,0.236468413771467,0.311639915389572,0.461868934439367,0.083447265406837,0.163167382459289,-0.503043582891718,-0.583553311431822,-0.180160341177347,-0.0176494773335205,0.399160826137134,0.53417713226735,0.0086681330157256,0.751737595223219,0.443749258846364,0.0279518636865936,0.787357008536697
"GOBP_CELL_CELL_ADHESION_MEDIATED_BY_INTEGRIN",0.327027871299247,0.161263662664703,0.392729964201269,0.150437607827852,0.361734447558483,-0.107895199454892,-0.423435959395019,-0.464274590828361,-0.552070906940493,0.168158439117541,0.385778666709554,0.290157815511003,0.00190998559080001,0.403698016385146,0.374144123749849,0.00128351849973637,0.901481056842918
"GOBP_REGULATION_OF_CELL_CELL_ADHESION_MEDIATED_BY_INTEGRIN",0.0316815989687425,0.132733262968348,0.258432145577236,0.139754826026748,0.500901263885967,-0.0407391901991779,-0.409012649571376,-0.412924804566506,-0.56291077987617,0.098683570181204,0.461721179419642,0.0103884985646172,0.00240504494367014,0.96551374693395,0.757060023622431,0.0302654300516623,0.769164845513003
"GOBP_NUCLEOSIDE_BISPHOSPHATE_METABOLIC_PROCESS",0.206893106701605,0.155869626729868,0.233437896802307,-0.188389928571841,-0.0112750931399137,0.203770973092807,-0.400610352465994,-0.436130442867891,-0.433782248289915,0.307815311009112,0.231903607595374,0.300484507956823,0.000167373670867345,0.127610237611368,0.220636449992634,0.000169633130822097,0.0707071462137203
"GOBP_NUCLEOSIDE_BISPHOSPHATE_BIOSYNTHETIC_PROCESS",0.313994544505884,0.131123338163368,0.146949028483829,-0.0645629459338952,-0.0833349054537028,0.285002666505883,-0.475479767535142,-0.465104253587476,-0.509880377202035,0.458043438001847,0.282127984702424,0.332049195272935,0.00528601457072093,0.105506975724431,0.340359512873281,0.00237590696814122,0.111932843197248
"GOBP_NUCLEOSIDE_BISPHOSPHATE_CATABOLIC_PROCESS",0.517900632187918,0.0811095655920731,0.365952082441664,-0.172796670033886,-0.197029987303675,0.343387690145479,-0.494517988319725,-0.736684612581929,-0.615543020868548,0.582205804033993,0.254872166052151,0.192980879582,0.00694474822972474,0.183818586774825,0.210462680366726,0.00508395482380764,0.907837294208321
"GOBP_ENDOSOMAL_VESICLE_FUSION",0.471504827998003,0.36259906999353,0.34358237475501,-0.120505452522162,-0.275844803269679,0.26355609385094,-0.510659943478885,-0.411475101208527,-0.70263622991039,0.686156809939873,0.49511945768367,0.435624224539092,0.00278634270326938,0.0496601961456101,0.10479193410659,0.00074436378328865,0.184134784951483
"GOBP_RESPONSE_TO_CYTOKINE",-0.083560051471353,-0.0169379331604896,-0.0656489279513886,0.149626073132127,0.141695839673074,0.22785210286953,-0.317859360103762,-0.285333227355905,-0.32290212146789,0.263809874791059,0.100692564604163,0.0890854246517896,0.00113021270536806,0.751293971821019,0.00352142311904965,0.0119762848666545,0.0541856877285142
"GOBP_REGULATION_OF_TISSUE_REMODELING",0.0829115747375897,0.0171739791315886,0.111337142889595,0.110309314382076,-0.00395393746631126,0.199205055933324,-0.277474238714997,-0.236998303449281,-0.266543667310355,0.26625497228224,0.110457970848213,0.16906794737476,0.00252146911869495,0.345423216247176,0.664192109548633,0.00715020420893064,0.118902612810804
"GOBP_HOMOTYPIC_CELL_CELL_ADHESION",-0.0368109735245638,-0.0312072255554298,0.0622533482268499,0.287023053668188,0.239382989223655,0.142738679911697,-0.34396632447312,-0.307626914882435,-0.228007652092205,0.253707026427809,0.231631591078207,0.0781319481344258,0.00348123435438282,0.64126494646852,0.0155785787071856,0.00349697697609256,0.0541430298862176
"GOBP_HETEROTYPIC_CELL_CELL_ADHESION",0.0388781440699548,-0.0519578228906455,0.0109079937706697,0.20863855508775,0.157576729363346,0.208091983013745,-0.175583260143189,-0.258926344797456,-0.139673145871961,-0.0387973742599071,-0.000963407774429881,0.0809468618501506,0.0147054705756066,0.0220237577637487,0.00640900767825543,0.0147880422310877,0.762155313398313
"GOBP_REGULATION_OF_HETEROTYPIC_CELL_CELL_ADHESION",0.037883312731492,-0.121697869255234,-0.0176320397558161,0.134308231174079,0.264623833422315,0.0749857500020366,-0.180053315378539,-0.222766694735123,-0.337224122218647,0.0122464900267752,-0.094119260090628,-0.0478446879054006,0.0324957866637186,0.0489255559391702,0.0601780469834018,0.0285753069733589,0.875728089727009
"GOBP_REGULATION_OF_TOLL_LIKE_RECEPTOR_SIGNALING_PATHWAY",-0.0813785286197243,0.308812998214765,0.22179956464158,0.0171989968671354,-0.116864916005207,0.299144591282074,-0.468677311920052,-0.335783104082902,-0.40185022167445,0.428188383724753,0.263119293868761,0.282314715421176,0.032984738927131,0.158254792738435,0.650638809581026,0.00056199515283784,0.276703827716011
"GOBP_TOLL_LIKE_RECEPTOR_2_SIGNALING_PATHWAY",-0.086200943160823,0.280139466737726,-0.0270033183937993,0.137200996494969,0.318784975166858,0.326956388088361,-0.426801789949681,-0.4725225203683,-0.516767266900085,0.471657299794898,0.46471075748241,0.149091382265732,0.0376197769014867,0.469004631531571,0.207849723903655,0.0121448574194427,0.120771106805031
"GOBP_REGULATION_OF_TOLL_LIKE_RECEPTOR_2_SIGNALING_PATHWAY",0.186158257823489,0.350828401260055,0.0669775248088332,0.234470464651743,0.323054445790659,0.270556502955589,-0.43703777305702,-0.420530331511858,-0.358703353009591,0.366700755320723,0.485906349290449,0.0429488096426768,0.0126023414227335,0.881880604265747,0.464484796821273,0.0302394085258007,0.57278029073399
"GOBP_NEGATIVE_REGULATION_OF_TOLL_LIKE_RECEPTOR_2_SIGNALING_PATHWAY",0.181033809734026,0.467688321466851,0.30896822200853,-0.0700108963734942,0.484316814944725,0.209845419927352,-0.362716878946166,-0.523413685124926,-0.421450224913849,0.566990003504487,0.356389723296499,0.52015016119057,0.00345316915661476,0.223880454264941,0.580941451257919,0.000505572720705635,0.201181943967325
"GOBP_REGULATION_OF_TOLL_LIKE_RECEPTOR_4_SIGNALING_PATHWAY",0.158239782935393,0.444203031566034,0.0133410263826264,-0.0821913032026404,0.305394232694843,0.0069857809350457,-0.376006254630747,-0.293847351486551,-0.300181383737527,0.300189889824475,-0.0421258116896181,0.0552631024933451,0.0476458385741727,0.867168202617908,0.497841832191467,0.0447287329016801,0.569933970992079
"GOBP_TOLL_LIKE_RECEPTOR_7_SIGNALING_PATHWAY",0.217203164358217,0.260639979480902,-0.00809270363003198,0.338029191019887,0.372322060710949,0.48933892534173,-0.481006495694954,-0.452541013075749,-0.544009325262925,0.261147600817629,0.433342452488641,0.13827826748083,0.0102245382976513,0.295181994617769,0.0803330782156958,0.00747345824128088,0.36825322386926
"GOBP_REGULATION_OF_TOLL_LIKE_RECEPTOR_7_SIGNALING_PATHWAY",0.262287774139352,0.304399739895599,0.244911681796097,0.306849711241915,0.227658103051179,0.528791283777528,-0.415566514790162,-0.258405017518726,-0.479280289901565,0.0177738173940986,0.285256569244276,0.323281815964981,0.00671074657411184,0.331224188610886,0.451430102067644,0.00970612074978615,0.588435131938683
"GOBP_REGULATION_OF_TOLL_LIKE_RECEPTOR_9_SIGNALING_PATHWAY",0.037697487115315,-0.119646723636002,-0.0281814348480121,-0.0378034759407377,0.5807009538517,0.0761287805209432,-0.324939896225465,-0.351264596202188,-0.283580659026832,-0.0417137326399661,0.1056386603476,0.180890388901892,0.0138948607441122,0.587368315081365,0.328440722418754,0.0185595669210027,0.220091880825552
"GOBP_PROTEIN_HEXAMERIZATION",0.361911492159762,0.218125674512017,-0.0908430068421158,0.530297185679383,0.550915435436157,0.57568932975433,-0.825605961664526,-0.740521645604073,-0.684362155725734,0.405483364813167,0.546959628164301,0.604126086898982,0.0143876297806834,0.631404981713823,0.098952463618012,0.000133669700529329,0.10048009832856
"GOBP_REGULATION_OF_MACROPHAGE_FUSION",0.221334477058234,0.383647568360725,0.597872383635911,-0.723885125277824,-0.240029394811417,-0.262763300499371,-0.319351154374918,-0.0904560509953428,-0.0869915888928383,0.786028905345533,0.575632532481398,0.547144448285215,0.0165373588842362,0.0106108947177748,0.0171605141371553,0.00173715027631002,0.159372843715706
"GOBP_ADHERENS_JUNCTION_ORGANIZATION",0.0748645122323229,0.270819590600647,0.137213147618377,0.280806402145343,0.112086755147503,-0.0398560659766967,-0.247660177352175,-0.170505241553678,-0.222109999486612,0.138738817068584,0.0253506986484087,0.117346541233189,0.0135762799764211,0.827395303134812,0.715632222696492,0.00314651739775452,0.387152093926787
"GOBP_ADHERENS_JUNCTION_ASSEMBLY",0.412996567903415,0.393848719027247,0.182205045847447,0.202093003033862,0.145061328194364,0.301848106416366,-0.595368168225466,-0.515101847602494,-0.627539181075469,0.477109777646839,0.405187517851099,0.28900900474912,0.00212843383136512,0.0734003559322288,0.275163469310844,0.000363263935410682,0.548138239950224
"GOBP_ADHERENS_JUNCTION_MAINTENANCE",0.371481844438973,0.638926811635285,0.697876241714043,0.281678843491601,0.344243024741018,-0.503476271699527,-0.625965047052711,-0.334037844791833,-0.120668381496438,0.519664336564185,0.379321075250361,0.316576420908156,0.00885152484321739,0.312049336985733,0.183243139471979,0.022241192101223,0.24794367245197
"GOBP_GLIAL_CELL_APOPTOTIC_PROCESS",0.0820102022039566,0.346900750760417,0.333497213950948,-0.264657025996089,-0.0574140181908136,0.115810066288251,-0.489601653908853,-0.330969263403763,-0.5153187624528,0.506618263792868,0.281259585126181,0.238508496979067,0.00404278423300424,0.0445982922977458,0.0856998507628683,0.00233644099489219,0.503235970738177
"GOBP_PLASMA_LIPOPROTEIN_PARTICLE_CLEARANCE",0.0618402800514436,0.201878876031202,0.149410324975154,-0.206010033671128,-0.0157418909628178,0.136438597671981,-0.223825434595702,-0.205211503094628,-0.229477006072902,0.15788852006386,0.130551425563342,0.218057073003703,0.01090515011187,0.178410024759337,0.229996586136345,0.00252561902436499,0.560712493087952
"GOBP_LOW_DENSITY_LIPOPROTEIN_PARTICLE_CLEARANCE",0.237504394790694,0.446429629326516,0.213400251019754,-0.222899047106986,-0.145771127114969,0.214719222923008,-0.432369209521768,-0.389125770528049,-0.373991190967705,0.234510555329337,0.288689137396105,0.357828761473221,0.00826318098380604,0.116617539199841,0.104173370677201,0.000493811572359662,0.95156380247646
"GOBP_LIPID_DROPLET_ORGANIZATION",0.188965821330849,0.132584167712033,0.106275523088505,-0.0668879368574911,0.134973388469902,0.184417237168496,-0.399190885135768,-0.326375167605908,-0.516633740841509,0.447085362476345,0.158277984876747,0.228611174865973,0.00384611681089781,0.171291075479361,0.532802528021707,0.00452150203623235,0.256156980390663
"GOBP_LIPID_OXIDATION",0.0703619524819493,0.183257782908333,0.132825901935881,-0.221624660519798,-0.0343447911009597,0.202333186488458,-0.359706252215965,-0.388593636360987,-0.392607639400081,0.460621622507264,0.364445579415714,0.224916656983175,0.00203043543386562,0.0755465672621506,0.354429503213372,0.00757951872492062,0.0651603506210211
"GOBP_SUBSTRATE_ADHESION_DEPENDENT_CELL_SPREADING",0.188123512673911,0.220016854214644,0.270282220433644,0.0642154272976358,0.127137019319774,0.122029016509588,-0.40881167417159,-0.365831498619484,-0.381518566657443,0.32473427416402,0.286849159085217,0.17223957167822,0.000178550564195782,0.0585753172336934,0.0186664474717809,0.00302059763680058,0.545345065057485
"GOBP_MICROTUBULE_ANCHORING",0.214804951247742,0.0470122734574489,0.234393132371915,-0.139420182594223,0.231734892529021,0.406575785865149,-0.441206497209281,-0.472435205161743,-0.420551830727116,0.446440277504273,0.212335197030884,0.366089224737234,0.00657328429744516,0.397475910209541,0.996227921351631,0.00564806234590514,0.125864040231541
"GOBP_EARLY_ENDOSOME_TO_GOLGI_TRANSPORT",0.363140813816085,0.613476724371386,0.240665395667373,0.135755238315779,0.153062465060941,0.291772950050407,-0.59048196410843,-0.63922678720591,-0.778169848214949,0.69563857490393,0.57026507875537,0.537020073670035,0.00324558145166291,0.00413717071100309,0.183191448066255,7.96658246530514e-05,0.210150816684463
"GOBP_PROTEIN_LOCALIZATION_TO_CHROMOSOME",0.204112223328991,-0.0245469123092802,-0.10638281579794,-0.0397753568943237,0.0690998542006838,0.373659497920236,-0.422717957151748,-0.282096807455263,-0.378378364508333,0.13134188963001,0.02191933564278,0.138521095008912,0.037083982376031,0.797611015304822,0.519476723987242,0.00126927303781787,0.526459590300789
"GOBP_CELLULAR_RESPONSE_TO_HEAT",0.18940618945362,0.0148110263987802,-0.133046744418106,0.124576960380639,0.0944512134935227,0.291034622008145,-0.455717907315227,-0.341004707140447,-0.462456740070452,0.361574046630254,0.389268681511886,0.34290322464849,0.0273986762150217,0.0798449082014713,0.269746901451324,0.00100977586703131,0.0644743734861484
"GOBP_GLUTATHIONE_TRANSPORT",-0.0873993055928586,0.316676662418952,0.411167061063217,-0.338251308353309,0.167090199175639,0.403851759070773,-0.453942594590102,-0.392854235238273,-0.266190573445629,0.131619535443713,0.272843843332455,0.558401356843082,0.0489469748987827,0.402044478788861,0.640453558324543,0.0184971785343606,0.616825870990676
"GOBP_CELLULAR_CARBOHYDRATE_BIOSYNTHETIC_PROCESS",0.287212058605536,-0.0186155953107811,-0.00473043582280497,0.110705213162479,0.0503245263829474,0.166042037164454,-0.40074875349375,-0.427286232757021,-0.381048215413932,0.154209154653084,0.315713373525535,0.226336849905358,0.0367993527017417,0.105941005459265,0.856681890349875,0.00314204995647207,0.28645189531772
"GOBP_PHOSPHATIDYLCHOLINE_CATABOLIC_PROCESS",0.174736062310012,0.45222325103778,0.366646361295224,0.158218280576335,-0.121493248686588,-0.373702329481092,-0.38588145539967,-0.153866012504821,-0.0933972642248852,0.446041596096554,0.361218322713777,0.41231948131948,0.011197978564487,0.0740825913990426,0.0826816157591655,0.0148940819801482,0.459573688584191
"GOBP_CELLULAR_RESPONSE_TO_UV",0.102949788309821,0.0809716949570173,-0.0903104391946815,-0.020813027521649,0.12978113628629,0.353152630362175,-0.324300751515978,-0.420116186030761,-0.451703746545795,0.362739623684786,0.194247540017697,0.209573614448215,0.00677918950394362,0.465386147536564,0.393855320107164,0.000953194242694715,0.0519704043167738
"GOBP_HISTONE_H3_K4_DEMETHYLATION",0.52267926412421,0.0810769289856184,0.309911251384991,0.259515305142649,0.578985812586229,0.425509851365302,-0.68348888120713,-0.762647678800207,-0.65721857356801,0.589427031508897,0.672869292944984,0.705817926868132,0.0118719099869276,0.11256437925405,0.503029812257585,9.15354249479222e-06,0.101417942402706
"GOBP_REGULATION_OF_TRANSMEMBRANE_TRANSPORT",-0.00496034269767548,0.0639407811957495,0.0153382733626136,0.141539052399715,0.0781711803408611,0.0310985426230992,-0.0881363816639714,-0.119077333566304,-0.13768718017213,0.128402141319821,0.100381880980015,0.0556109543954723,0.00686525314880579,0.78710496863126,0.208456012497762,0.00204829686361263,0.076247877678699
"GOBP_GLUTATHIONE_TRANSMEMBRANE_TRANSPORT",0.120330776113693,0.0437848680046092,0.254955523091676,-0.294658710512661,0.140812372227608,0.34946492425354,-0.474670575845784,-0.360367218845602,-0.12051017103114,0.277301811529933,0.356622803653696,0.399371462820097,0.0282703489255838,0.277223327073017,0.739173342253096,0.0158252806751273,0.0591519393761204
"GOBP_PROTEIN_FOLDING_IN_ENDOPLASMIC_RETICULUM",0.482110062937479,0.353844272423824,0.206792071321521,-0.292240765886538,-0.195092110510389,0.240783024808787,-0.622791211841046,-0.50752443166486,-0.669306015418196,0.373130079251918,0.433661145663479,0.623511252087159,0.0013374097627445,0.0581994113833769,0.102719143844644,0.000666210335385793,0.30406967194291
"GOBP_REGULATION_OF_RHO_PROTEIN_SIGNAL_TRANSDUCTION",0.161240667684526,0.208048513021642,0.0843793214687275,0.267484200777771,0.306001080025541,0.0839051343084127,-0.404704519293205,-0.394765751999514,-0.388644556174987,0.35784196327899,0.179025616959247,0.150541141538925,0.00381665835965122,0.920669685378845,0.444464472981337,0.0102982430218919,0.368076291130063
"GOBP_NEGATIVE_REGULATION_OF_RHO_PROTEIN_SIGNAL_TRANSDUCTION",0.390928216697604,0.115819869594335,0.278612473753297,0.0803025833496301,0.258274702665311,-0.288842638227234,-0.420656436452568,-0.501610006634017,-0.286257055184092,0.426915936273079,0.209151699716571,0.523551278639682,0.00340159133874344,0.135127565572279,0.268105324372608,0.00345710911491222,0.367528362239664
"GOBP_EMBRYONIC_HEART_TUBE_DEVELOPMENT",0.0135797646584466,0.174397111510743,-0.000260625861534025,0.0321532685516846,-0.187105221950762,-0.00749475318801401,-0.207553918111946,-0.131356045666182,-0.0945843926714605,-0.0146102232129099,0.147717369960481,0.18858532697562,0.0448895535396209,0.153587197272766,0.256239077634371,0.0361923228638444,0.621878580081424
"GOBP_CARDIOCYTE_DIFFERENTIATION",0.0535859935990341,0.133897709673976,0.0108733905354452,0.165993589826547,-0.054985739228272,0.109000440879477,-0.259847751176496,-0.205081099525561,-0.179776271261663,0.117795266764302,0.196920676695631,0.239815887273857,0.00471110782251041,0.232953085908987,0.929633400905852,0.00141170876727644,0.0795208342063756
"GOBP_AXONEME_ASSEMBLY",-0.0975276165930481,0.0251120406877205,-0.0902730030930484,-0.0760811508543757,-0.131112044415717,0.0106794875678556,0.261856666589453,0.292607848517713,0.369408523478032,-0.230601328868964,-0.184702122376933,-0.0212948042787061,0.00245314689165745,0.359333259554579,0.853573949338002,0.00818624412049505,0.301603802757611
"GOBP_HINDLIMB_MORPHOGENESIS",0.245924613155286,0.249839871156926,-0.0178326601337449,0.314488628336583,0.099012135706489,0.283335348472155,-0.210635830055001,-0.313474003549232,-0.114984583841991,0.336241342831934,0.0408293736572141,0.310433637409026,0.0312538645090037,0.980012981815506,0.549986863579917,0.0234208808845433,0.618314032497868
"GOBP_TUBE_FORMATION",0.18810903929623,0.129194482023603,-0.0863496065469279,0.127275169931253,0.185020123456502,0.228104457553884,-0.281275125706088,-0.316556502790651,-0.311526522982786,0.218362241396398,0.200726894439608,0.0854536043845045,0.0428358282653996,0.827122303223136,0.342981829684091,0.00513406176329727,0.401545030479875
"GOBP_MIRNA_PROCESSING",0.354210064219938,0.0277595106416769,0.0516453114438997,0.0717129943239481,-0.000582811298385069,0.369877068273848,-0.413142609215474,-0.454564147269646,-0.526614936456748,0.341721871708213,0.367025672761773,0.473619817900354,0.0205705147633373,0.150363581920367,0.98804850246673,0.000103778915744689,0.127803547575909
"GOBP_IONOTROPIC_GLUTAMATE_RECEPTOR_SIGNALING_PATHWAY",-0.0615734512307549,0.0412736326063833,-0.0022663985266739,-0.0222856840890636,-0.154148783625251,-0.0238566122456342,0.293733387725096,0.131046650879127,0.346581552262214,-0.0454483888067687,0.0350146026296741,-0.147892049520199,0.0380947724731209,0.848787505817405,0.333063798483524,0.0222967693301091,0.507922283578466
"GOBP_SYNAPTIC_TRANSMISSION_GLUTAMATERGIC",0.0915999870138093,0.0689642429497977,0.152314295553501,-0.0609176554896558,0.104498198831669,-0.0444334209975573,-0.0672021089219973,-0.0757604356310898,-0.0770678448057361,0.112338302005801,0.0766166031333474,0.0599505260266827,0.0178268079459122,0.250340061634306,0.174927985665606,0.00770946166594753,0.51429223756731
"GOBP_ORGAN_GROWTH",0.222084139314181,0.0538887360212119,0.00671063226281027,0.117897180401856,0.00748755606542205,0.126706678784139,-0.331680888677652,-0.26306367719456,-0.22117036262399,0.0755675149254827,0.1691480357747,0.224181770391313,0.0162267678156954,0.281022767063877,0.900912705564681,0.00190351386449403,0.479272084497348
"GOBP_ENDOCRINE_SYSTEM_DEVELOPMENT",0.207388668068094,0.206097542506667,0.0743728796010687,0.0284696002829598,0.0597818308962588,0.0658476816281156,-0.193745561384778,-0.231716827696312,-0.0557280000368656,0.0784888669125749,0.0860174362211954,0.120371497095544,0.0104410993377403,0.0663692315862204,0.119772296865154,0.0350537715894627,0.26142740286538
"GOBP_EXOCRINE_SYSTEM_DEVELOPMENT",0.19684233063709,0.202274169199152,0.431364127870019,0.285652739735376,-0.199309346016639,-0.135446850823583,-0.152206900114506,-0.0677155970479655,-0.151144280154065,0.0895606826726506,0.0444055481071187,-0.0152981163820574,0.0245581959559169,0.750722968535319,0.18523849868443,0.0169934674769299,0.0764950266417787
"GOBP_SEGMENTATION",0.0784099435462798,0.11251612960543,0.0417467733508662,0.193144568826656,0.00895835060934047,0.0735232987392935,-0.263387664610147,-0.268916673510093,-0.0627417406866146,0.139237736225992,0.268082717315752,0.138816282911871,0.0456686800229357,0.264587563911805,0.822535673629743,0.0135203211876845,0.12023879641053
"GOBP_NEGATIVE_REGULATION_OF_DEPHOSPHORYLATION",0.280377737559798,0.020652058289956,0.00937883897663852,0.0150779932636763,0.168210448081572,0.379978073515757,-0.48565066822533,-0.389650020229095,-0.555057527179751,0.355827628154981,0.218718219097928,0.370524011939891,0.00964290963938814,0.358959106581782,0.575151499869343,0.000312644282379884,0.124046624337484
"GOBP_NEGATIVE_REGULATION_OF_PROTEIN_DEPHOSPHORYLATION",0.167485452822966,-0.126679093262522,-0.118006988381412,0.0361264043882806,0.20151848229872,0.506106331775903,-0.49001275449661,-0.395873368052308,-0.558381628958086,0.294948462682936,0.259201082083628,0.389541479165626,0.0257213153827338,0.681428329030947,0.187170433438391,0.000246954517320857,0.0565061489934467
"GOBP_WOUND_HEALING_SPREADING_OF_EPIDERMAL_CELLS",0.293753957998557,0.272631777179343,0.283984007105276,0.300672812233251,0.18359025434148,0.119463614556985,-0.576745149498601,-0.425485987066704,-0.0919800307865136,0.331489225148459,0.108765920153857,0.270972543176696,0.0452704378276826,0.696218753543069,0.260427673144636,0.0352741146496724,0.558094179554712
"GOBP_HIPPO_SIGNALING",0.335892773417761,0.0521909505642685,0.278927130266946,-0.00280324342311319,0.228343445631535,-0.0119093134942394,-0.375199987103559,-0.326267549631753,-0.316356079834874,0.203675320033039,0.244878587574458,0.145500983915088,0.0193768784289602,0.243309359472701,0.266633067954316,0.000280366760025885,0.810886685913906
"GOBP_REGULATION_OF_HIPPO_SIGNALING",0.381344332302282,0.00611908640296033,0.256238214050286,0.00700568637028895,0.244169131241131,0.0102924525608555,-0.357205163205893,-0.344852611809488,-0.416194416431016,0.355426018587894,0.255648120645435,0.0891053733342487,0.0295030514218839,0.256087572091658,0.405241359939982,0.0112539277354533,0.896489296468874
"GOBP_NEGATIVE_REGULATION_OF_HIPPO_SIGNALING",0.44380670168521,0.255635397686658,0.321488094277502,0.198469444068636,0.275435896819458,0.103260986243797,-0.352232509725254,-0.524702970971628,-0.494765241064553,0.377711513710471,0.276621425150214,0.365828823723299,0.000484184773904613,0.077925660313005,0.118020904581628,0.000650557749537765,0.997028761766161
"GOBP_LONG_CHAIN_FATTY_ACYL_COA_METABOLIC_PROCESS",0.125054620761147,-0.0339167719598363,-0.124621238688431,-0.164888589910506,0.0298622039043673,0.252919792951533,-0.260038676079004,-0.326659964335197,-0.325611179596873,0.000894748962803948,0.159548090764195,0.0559368687222553,0.0469247140715761,0.818497716859466,0.742268624952362,0.00623852926372502,0.399215145800861
"GOBP_FATTY_ACYL_COA_METABOLIC_PROCESS",0.170470699416039,-0.024682109541187,0.0760778018196293,-0.098443215909759,-0.0309771231651827,0.27954928085921,-0.369242757210064,-0.416956105689811,-0.458798974306435,0.266651412950433,0.18996534571038,0.079641011582326,0.00536925889010364,0.39406761103791,0.865511269306405,0.00267792503058393,0.25153641470504
"GOBP_PEROXISOME_PROLIFERATOR_ACTIVATED_RECEPTOR_SIGNALING_PATHWAY",0.163441555142255,0.318638655060463,0.24829955902384,0.151422200700612,0.365315196851329,0.153420956303316,-0.389704914309815,-0.338803101786025,-0.311466201832195,0.175913882183161,0.146720171025058,0.0745314601601435,0.00138525704625533,0.331411345242154,0.824821915542649,0.000334288970714742,0.119017325205532
"GOBP_PROTEIN_LOCALIZATION_TO_MICROTUBULE",0.172201871932738,0.199531491524966,-0.0566278099467616,0.0562573088319591,-0.241250478247988,0.118177163888457,-0.291291842342757,-0.412947433431147,-0.320799966905936,0.0586616763774415,0.222702322611203,-0.0449748262295706,0.0182611112409242,0.501834950299718,0.411314403917204,0.0185889947585261,0.8271279074114
"GOBP_THIOESTER_BIOSYNTHETIC_PROCESS",0.311985785033867,-0.0428517719855454,0.141482562420826,-0.129204873330941,-0.0316355873373586,0.360266790018574,-0.514347970476207,-0.464629102958525,-0.527198312684462,0.406780831916551,0.340973692559204,0.344046168541115,0.0217266469173468,0.182792336217129,0.720012747751603,8.13809630610764e-06,0.15200229401124
"GOBP_ROUNDABOUT_SIGNALING_PATHWAY",0.275869374825265,0.561978628003668,0.412896158190668,0.527941007028443,0.116225788720902,0.125914945413772,-0.607571363766704,-0.749855974190161,-0.573270669535993,0.258526149902336,0.487356310760295,0.520566885585946,0.000904065322640638,0.367459308460267,0.381152036144668,0.000875618269315167,0.966359607798358
"GOBP_COPPER_ION_TRANSMEMBRANE_TRANSPORT",0.633425773611609,0.307627006552817,0.179384133932618,-0.271960198386202,0.117069811541641,-0.40048738068968,-0.305459373258641,-0.517214117054409,-0.277621475467718,0.320803043190897,0.580206848273601,0.506410300251735,0.0156639171355339,0.0341303067155294,0.0546342648606264,0.00150681493517902,0.579967998096194
"GOBP_PHOSPHATE_ION_TRANSMEMBRANE_TRANSPORT",0.089052180475954,0.348662662073932,0.342105541294143,-0.258251565745502,0.140310434916241,0.0584264437630204,-0.1753907609673,-0.423567183090127,-0.62453384390871,0.295664811601077,0.207396633377709,0.378810285705993,0.0173211404827381,0.108171171697024,0.14092121513483,0.0215647440497439,0.751883750716975
"GOBP_RESPONSE_TO_INTERFERON_ALPHA",-0.226182458948145,-0.179214299183435,-0.246560607415587,0.337418228117327,0.469542356322372,0.467277270736185,-0.421039558290858,-0.421263856820731,-0.434354939362721,0.028524491877237,-0.154656644595589,-0.0637675158598651,0.00687166767843834,0.00235103762966962,0.00127591654843155,0.0200559124627333,0.0860797852687077
"GOBP_CELLULAR_RESPONSE_TO_INTERFERON_ALPHA",0.421599479957367,0.515834923627394,0.33047479230311,-0.101640449178524,0.116426783538321,0.182832148011454,-0.21813618165739,-0.413668605717189,-0.366663615733341,0.0223455158197369,0.124561961522726,0.368960006338979,0.000718854264262683,0.474164396097749,0.0325328550732378,0.0210230773023406,0.119008684243874
"GOBP_VESICLE_CARGO_LOADING",0.448618615911367,0.33757321279329,0.340103535085139,-0.155653457038008,0.0445806471514206,0.047298954596082,-0.490287742238041,-0.501019195147,-0.485025443993462,0.436542695490713,0.508464323495108,0.401405486942465,0.00152989981947824,0.00937292282611979,0.012942293864052,0.00089784192607347,0.204857317333118
"GOBP_GASTRIC_MOTILITY",-0.448665359272368,-0.369494684214033,-0.678660862523376,-0.376591235266186,-0.311731105538107,-0.588501857308207,0.768521719092082,0.647179946185945,0.617599562926322,0.0106002995736111,-0.445175042299568,-0.64367763304584,0.00161939692738641,0.776185900927091,0.588763754543593,0.0277078216654953,0.564070637770023
"GOBP_GASTRIC_EMPTYING",-0.138118938730285,-0.25422528611545,-0.690686355772178,-0.332453290046725,-0.468949446309982,-0.756992743760216,0.872801290421662,0.661443949899471,0.616012935140724,0.0105998924648142,-0.190536811556362,-0.571549274137942,0.0118166857990677,0.278418669246074,0.495074822422317,0.0165538641809926,0.668663866846062
"GOBP_DNA_DEALKYLATION",-0.0671169334936878,0.0630517711512577,-0.153177930927505,0.100070622487661,-0.0547158353172811,0.351264059494524,-0.351858646266324,-0.362083406141868,-0.291118859883686,0.0702083607331742,0.171067662408951,0.0474754942152328,0.0344906728302635,0.795337328878361,0.260652808338765,0.00166407944660395,0.128011039263856
"GOBP_OXIDATIVE_RNA_DEMETHYLATION",-0.00956331374591654,-0.15032527329537,-0.166367685243214,0.538619538130409,0.524946361830628,0.573908070370369,-0.775895840534261,-0.76471943772282,-0.76310634865733,0.547367349846126,0.182586319468307,0.120842882719606,0.00541865108938133,0.186251838164925,0.00332807605548674,0.0155755783310054,0.0841067259322549
"GOBP_PROLINE_TRANSMEMBRANE_TRANSPORT",0.51946061152371,0.359172533622064,0.142229238464118,0.562338083066581,-0.0965534684654712,0.374563616014751,-0.37181585653406,-0.579974622123172,-0.385374574308298,0.214005263091097,0.204013465847454,0.338215124664505,0.00645195698181651,0.900671361148043,0.805275123932674,0.00189301017172109,0.514778553822201
"GOBP_REGULATION_OF_SNARE_COMPLEX_ASSEMBLY",0.027849767352562,0.345485733244662,0.1911524864917,-0.423437111839756,0.138251269228005,0.458493122719544,-0.501550265068579,-0.530224275254682,-0.511677083409766,0.550557376648058,0.58456626857008,0.223817095539271,0.0159783843802965,0.263099286321645,0.672145955379848,0.0134737004931704,0.149713344126991
"GOBP_G_PROTEIN_COUPLED_PURINERGIC_RECEPTOR_SIGNALING_PATHWAY",-0.149881517746128,0.188274128769614,0.00315644770491502,-0.00527797815902931,0.359483713607052,0.212165275496657,-0.200086276798768,-0.405831883553947,-0.56181011018306,0.352265217776318,0.139932500715613,0.024309776466184,0.0484196422276239,0.913117079200176,0.292081370517491,0.0170552959626027,0.312312352862511
"GOBP_ENTRY_OF_BACTERIUM_INTO_HOST_CELL",0.325804709476989,0.187849352146221,0.280166765137353,0.188677580477737,0.263623785264962,0.466467602606198,-0.57129163606066,-0.496237469474744,-0.47014659902874,0.224625435853108,0.299161140510967,0.595192127064468,0.000173773963340736,0.661290781390337,0.683573839186804,0.0115805016841931,0.445404094380439
"GOBP_TRIF_DEPENDENT_TOLL_LIKE_RECEPTOR_SIGNALING_PATHWAY",0.0203940015419783,0.383706246064401,0.0185321141468516,0.344622862363459,0.120903207721892,-0.182631585436194,-0.497290120114556,-0.335510548209918,-0.366664959712533,0.455902007991884,0.210055016500141,0.152074187248428,0.0327651515822779,0.386070719882629,0.823650840441325,0.00744381803587017,0.440662163293438
"GOBP_MITOCHONDRIAL_PROTEIN_CATABOLIC_PROCESS",0.257664746473435,0.340762167099389,-0.0132042773446453,-0.454724934889573,-0.565555284825694,0.144768878754807,-0.246318901340092,-0.374095686124746,-0.590388711837142,0.462959624182416,0.625326471039993,0.364674895261058,0.0151843700268767,0.0594961134487877,0.144707467914093,0.00277447971774079,0.0993578410483189
"GOBP_MONOCYTE_EXTRAVASATION",0.359468903022814,0.188097860084846,0.459877389653983,-0.444038599518791,-0.147249384504557,0.291386508119624,-0.371643157037601,-0.348954172546175,-0.479150703870754,0.183416559878629,0.364424493569473,0.549085369524816,0.00387995612528244,0.148136595647979,0.168127269770101,0.0105724171194313,0.833182823800255
"GOBP_HEMATOPOIETIC_STEM_CELL_MIGRATION",0.157545836098869,0.209346084047459,0.432195463923809,-0.547608106577264,0.0157860035066078,-0.119458063614467,-0.368564349064136,-0.116678609663076,-0.525154316458905,0.128327868652327,0.425845872257459,0.510430687351564,0.0178405218903842,0.0572285051569909,0.0859474725945196,0.0141127846112826,0.57314101957537
"GOBP_CD4_POSITIVE_ALPHA_BETA_T_CELL_ACTIVATION",-0.0812944155454422,-0.0707679071442545,0.0450418605844305,0.112085810183514,0.0968054152596843,0.175681652597309,-0.256145988008167,-0.322510155096842,-0.342301795661711,0.380897364872637,0.287968651597515,0.0835545052405806,0.00772850395924148,0.295506745233358,0.0351698411785473,0.0173709914516981,0.0643858410510302
"GOBP_RESPONSE_TO_HEPATOCYTE_GROWTH_FACTOR",0.585793095791216,0.169859999866832,0.36038030959644,0.232183269727002,-0.113245831544048,-0.012634538481907,-0.623095700897549,-0.57122966334563,-0.477296892748231,0.315248250192809,0.205710855205992,0.457784747284142,0.00965084860769462,0.089109414395199,0.101923759512992,0.00135398438885768,0.764430165678647
"GOBP_MODULATION_OF_PROCESS_OF_ANOTHER_ORGANISM",0.0303682580640064,0.0480531309400503,0.160421580557431,0.2012292304099,0.309529381733081,0.261888242114073,-0.300122999564598,-0.41919102326395,-0.211437754236674,0.117287808296545,-0.0745487911131949,0.0480178242163345,0.00834962602805927,0.0357564636757456,0.0285069459998464,0.0145367374460614,0.519217075094241
"GOBP_EPITHELIAL_CELL_DIFFERENTIATION_INVOLVED_IN_KIDNEY_DEVELOPMENT",0.29492731612173,0.203493483212361,0.0888457080403101,0.0271305624140835,0.292991006179698,0.0734347769244988,-0.29647513163278,-0.245149670502967,0.0142489860578288,0.122925756504088,0.115735038693569,0.385546474706613,0.0396237023783301,0.559412745600679,0.561897559626717,0.0430166665892398,0.91461636694178
"GOBP_MEGAKARYOCYTE_DEVELOPMENT",-0.219281407545319,0.136860316602364,-0.00367376381870635,0.111545957996462,0.138403629814056,0.349981347054773,-0.413355308055587,-0.29138382305539,-0.509378693839666,0.451037204203091,0.184333850791896,-0.0748195933031894,0.0468094065986134,0.943255760567989,0.155538806419787,0.0443927839206853,0.313846938660963
"GOBP_NUCLEOTIDE_BINDING_DOMAIN_LEUCINE_RICH_REPEAT_CONTAINING_RECEPTOR_SIGNALING_PATHWAY",0.377768543355075,0.0778068270923026,0.1492119145348,0.232191743499317,0.0501921067131771,0.373710731678943,-0.579042444563328,-0.534918392407866,-0.499248793557901,0.369831886625485,0.568679926654675,0.604961539584809,0.0108264056904169,0.0711520499089937,0.901842232424976,0.00246959938425646,0.0572025937061474
"GOBP_LACTATE_TRANSMEMBRANE_TRANSPORT",0.479064223047623,0.677117553147295,0.671444499172865,-0.218265460856374,-0.450321097461909,0.0714106647300149,-0.089557818186418,-0.675733169249253,-0.157668509448837,0.305573644702152,0.382320954564302,0.575142413052729,0.0277100954557715,0.0351442638943081,0.0202034000020789,0.0425920903161623,0.145535920680387
"GOBP_DORSAL_AORTA_DEVELOPMENT",0.0142374193593846,0.0135065427468895,0.299293024589264,0.311182263824342,-0.158501062712861,0.0505711912402742,-0.514637489564168,-0.418895694851311,-0.465450317651924,0.58021950387127,0.131976434322328,0.163511224680679,0.0196033311169044,0.321722423347383,0.817138129343213,0.0306659850148934,0.35849007001634
"GOBP_AORTA_MORPHOGENESIS",-0.043799405505513,0.146698676106832,0.0281519034424664,0.0626309564930314,0.172427825901444,0.289617424428998,-0.251882784571003,-0.319809000673324,-0.104642944941084,0.22701071731597,0.286088492844601,0.0641885785508972,0.0340472178172168,0.859995507228748,0.203257951575169,0.0104650799758963,0.162935127233417
"GOBP_DORSAL_AORTA_MORPHOGENESIS",0.0287647023043109,0.0413692400944357,0.196751314841734,0.240246988428475,0.0850777799117036,0.144256766442903,-0.472778536426521,-0.454215041138051,-0.52498823641365,0.566643304964099,0.230142324672828,0.0179906523869218,0.00393524901310579,0.551155077892542,0.393353534239163,0.0398348151817387,0.37367618591814
"GOBP_COPI_COATED_VESICLE_BUDDING",0.500103677577779,0.364374907528174,-0.15307786042183,0.298014217833061,0.20032507854152,0.488823167921337,-0.665271163005521,-0.77198911226792,-0.769989957423708,0.682325383715656,0.676140728222368,0.548337277397781,0.0359181922041777,0.0488849536345527,0.702378978589937,2.39366588955091e-05,0.178368446088719
"GOBP_AGGREPHAGY",0.33052690826783,0.436466557329375,0.376803554237531,0.13447260150081,0.506262165669457,0.338802020364192,-0.657732492992215,-0.527434324068774,-0.646969396336199,0.50243241559694,0.420584904607423,0.331742135591766,8.19557523910212e-05,0.498006378805923,0.666688910372665,0.000108652349526371,0.564942509320981
"GOBP_TETRAHYDROFOLATE_INTERCONVERSION",0.240753310461015,-0.00183605064850534,0.186885983346756,0.34378817703731,-0.0137202706071586,0.528710254644746,-0.759968214723505,-0.468807798168444,-0.678004923328954,0.466776657793935,0.362765127638197,0.182147608532033,0.00262883430459018,0.794949045990303,0.474413255300871,0.00127271440912549,0.154420080123288
"GOBP_PROTEIN_LOCALIZATION_TO_ENDOSOME",0.408788657409335,0.327829753398926,0.363452648532447,0.136792706978765,0.113193905407393,0.360614050818223,-0.588388391566965,-0.635511193353688,-0.642871197033086,0.524400650182927,0.491082063081678,0.197657285539702,1.03062180203649e-05,0.203233118636889,0.166367683291385,0.00867333016929758,0.754276009087813
"GOBP_RESPONSE_TO_ERYTHROPOIETIN",-0.300860007608099,-0.614603455076388,-0.374956788938505,0.484863156271756,-0.125285681505829,-0.210059235126468,0.440880590460279,0.510609613548282,0.417867322017132,-0.631274921515389,-0.667965781141146,-0.506888863168523,0.00723126798636457,0.090242227790938,0.146872219629219,0.000225689714713789,0.205160119263807
"GOBP_OSTEOCLAST_DEVELOPMENT",0.245879687995589,0.342307414266789,0.41866938860632,-0.249706204415217,0.184124193031409,-0.0179531513294426,-0.416744250773967,-0.437768125329661,-0.378149521686952,0.5041753824307,0.388134834413651,0.430084522392093,0.00197460881157271,0.0560836568113907,0.0858582836913637,0.000201241807038532,0.166364488077137
"GOBP_CD8_POSITIVE_ALPHA_BETA_T_CELL_ACTIVATION",0.208931364461849,-0.0406453869099425,-0.00718345192406325,0.300312327121199,0.0606945382022436,0.0778859731905526,-0.449304325033011,-0.408851069760589,-0.371133550204531,0.470655994398564,0.198208674136209,0.134412996973145,0.0205781868984513,0.40294668802422,0.446815755562103,0.0185595320737948,0.178613419753193
"GOBP_PHOSPHATIDYLINOSITOL_3_PHOSPHATE_BIOSYNTHETIC_PROCESS",0.484669812291832,0.329429144121669,0.212421184584997,0.261344948894384,0.253822201719338,0.428019179593307,-0.6298868148559,-0.640768743746624,-0.618503283903831,0.513630927273406,0.507751021279641,0.623428732308153,0.00624389079344032,0.0331568442667342,0.790590213709665,0.000759370606724362,0.103558780595281
"GOBP_ALPHA_LINOLENIC_ACID_METABOLIC_PROCESS",0.136221713241787,0.263039930062385,0.258744791475677,-0.520592740378458,0.0844783334875156,0.366596001589266,-0.434538425649372,-0.473639646948521,-0.743613748528408,0.692475938448741,0.455934857341614,0.278854688375426,0.00746941661942859,0.187827800734978,0.452695832999879,0.0030694253323465,0.155537746883966
"GOBP_MEDIUM_CHAIN_FATTY_ACYL_COA_METABOLIC_PROCESS",0.260499308780227,0.345613331642919,0.33528646024317,0.0273899472343102,-0.52326526404579,0.404731798182201,-0.296613846103925,-0.74685940743532,-0.371285591154157,0.353123422422973,0.051126163544847,-0.143348650181023,0.0264899471729788,0.726199109600897,0.329411471523137,0.0497189753630734,0.254723988480944
"GOBP_RESPONSE_TO_PLATELET_DERIVED_GROWTH_FACTOR",0.413465306834994,0.10821126076399,0.329656475019615,-0.20705821273259,-0.168284210563687,0.148415462786218,-0.427789466417743,-0.518672835355297,-0.290636809044299,0.278094332574012,0.382371729029218,0.428994489063469,0.00466362033830578,0.045251600370949,0.0707898281345351,0.00118013569355891,0.492487811693081
"GOBP_PHOSPHATIDYLCHOLINE_ACYL_CHAIN_REMODELING",-0.0889399652083896,0.281257773354384,0.111735559354174,-0.222929292738756,-0.0289452451065021,0.372703762933016,-0.411904182735705,-0.379641754314369,-0.340462761508538,0.615398681759092,0.382634143363289,0.231419194735695,0.042171727517752,0.162864096264601,0.78396760140083,0.0169126602211816,0.116975749997669
"GOBP_PHOSPHATIDYLETHANOLAMINE_ACYL_CHAIN_REMODELING",0.0855749137080732,0.429801559975577,0.17677266290131,-0.0983720951915795,0.121510227733664,0.347228176011928,-0.405187502877738,-0.291676746099594,-0.358379944679176,0.448248640357409,0.191072526121618,-0.0112789391802158,0.0215938571399568,0.666629482079758,0.55216833191944,0.0448703600339521,0.905384711261997
"GOBP_RNA_CAPPING",-0.210547193202562,-0.269917171195381,-0.325336617928569,0.0531282084425213,0.10725110271654,0.519221524671432,-0.408551288838246,-0.604478347674157,-0.450267962041164,0.55449826894538,0.127708434027294,0.0648479709429723,0.0459823743922968,0.920978532415134,0.0716445665603435,0.0283879612396601,0.0720876898492581
"GOBP_PEPTIDYL_SERINE_AUTOPHOSPHORYLATION",0.374123424075672,0.245550456284532,-0.0147285462116819,-0.335015564699417,-0.195582673252473,0.51612749213404,-0.651639376327002,-0.366342221642273,-0.36761569357468,0.501968219292997,0.402493651513953,0.611000625403925,0.0119991418376888,0.187779856225795,0.528996024882167,0.0020435328185055,0.0996363432246294
"GOBP_DENDRITIC_CELL_MIGRATION",-0.158225022447991,0.0605108247839673,0.105888605436921,0.0702984087767228,0.392493831822205,0.137427364970773,-0.295511504131077,-0.3187741029098,-0.381694235878448,0.403167366847578,0.312353756837638,0.10013920412949,0.04407493181073,0.618144016382476,0.199188619080418,0.0155865163711638,0.0913062301141199
"GOBP_POST_ANAL_TAIL_MORPHOGENESIS",0.270847805690163,0.346232745551647,-0.0128756057932073,0.14101140938431,0.0148728383144863,0.240820091730843,-0.402402691350185,-0.246260248639495,-0.418195710895857,0.0834648588649264,0.363259128037546,0.0381585556110775,0.0206168107032229,0.82176232146726,0.621999914763844,0.0197184527035516,0.803148672094769
"GOBP_TRANSCRIPTION_FACTOR_CATABOLIC_PROCESS",0.446295602470595,0.330851475733212,-0.0154395667704205,-0.331698291352538,-0.240486000378376,0.191755975714333,-0.0929585909228653,-0.466319677975443,-0.641759753312838,0.51626531474441,0.419825632753486,0.454009562807243,0.0384728833586518,0.063335862106063,0.149826415491882,0.0302236822542833,0.267984873766295
"GOBP_MAINTENANCE_OF_LENS_TRANSPARENCY",0.447979838647874,0.205406077427063,0.222304204331401,0.206131446039707,-0.18823317096492,0.0778339601103707,-0.656694577975204,-0.635008323950222,-0.534291425535929,0.248424865228929,0.557261326200638,0.489336568055979,0.00227020211695924,0.0578982677260503,0.146929836879194,0.00337418072328762,0.317828434862099
"GOBP_SYNAPTIC_VESICLE_RECYCLING",0.211106506590011,0.182450894422567,0.0191129422951904,-0.0161448412321264,-0.183759995170191,0.158323209537317,-0.275933197795743,-0.353607746131184,-0.408066627771715,0.412896412808664,0.265830782212753,-0.0125370435235567,0.00427443476317888,0.215895835125444,0.273633418289453,0.0356271383080822,0.58620623443667
"GOBP_NEURON_DEATH_IN_RESPONSE_TO_HYDROGEN_PEROXIDE",-0.0716643459127283,-0.186038301520255,0.135827206881655,-0.171878371746644,-0.0255747644063896,0.539382036499722,-0.678679603127065,-0.399680774581083,-0.666515454399668,0.67309469368918,0.350241900236756,0.0451280869531763,0.0145331243780525,0.441274536743812,0.564056146513244,0.0197999309400749,0.147223447730337
"GOBP_NEURON_INTRINSIC_APOPTOTIC_SIGNALING_PATHWAY_IN_RESPONSE_TO_OXIDATIVE_STRESS",0.233339972232539,-0.0621036253580585,-0.127883531554891,-0.102579776585752,0.0072788017864969,0.578109034769213,-0.596997947576209,-0.448987209336155,-0.624423111200121,0.51931704305288,0.360884608213774,0.37168357606135,0.0204367933948981,0.348061360620324,0.582041760056847,0.000204605461855137,0.0504562740886285
"GOBP_REGULATION_OF_TRANSLATION_IN_RESPONSE_TO_ENDOPLASMIC_RETICULUM_STRESS",0.316283769869239,0.0874512046994315,-0.00404143828213591,0.162436257902161,0.280296649092919,0.585995536084478,-0.750893286421032,-0.670986127762538,-0.715294678692671,0.377455374666774,0.386042441456402,0.513350238293645,0.00929023007251636,0.588170927914845,0.260388501725709,0.000170803694694312,0.0737643826494652
"GOBP_POSITIVE_REGULATION_OF_TRANSLATION_IN_RESPONSE_TO_ENDOPLASMIC_RETICULUM_STRESS",0.464264275061184,0.194160144066098,0.180427264126263,0.40008449514156,0.232208011675708,0.508583938241799,-0.810730882973809,-0.702500288051218,-0.771440642162709,0.428390367553994,0.567308061604686,0.658677117550615,0.00403139362697072,0.179489822237839,0.458108694127956,0.000526438861541211,0.0820841486467451
"GOBP_ATF6_MEDIATED_UNFOLDED_PROTEIN_RESPONSE",0.211467739666423,0.230789610753645,0.115488628486726,-0.286739577852871,-0.0247387331266578,-0.0124576318147565,-0.454401317790919,-0.480088618229526,-0.508804924183275,0.550111958055197,0.303853032451603,0.512683998544847,0.000711569605126775,0.00926506016034631,0.0659524678559683,0.00508691361055615,0.0539219024286326
"GOBP_APOLIPOPROTEIN_A_I_MEDIATED_SIGNALING_PATHWAY",0.429065637164074,0.23871003552019,0.541334646403899,0.28143803766242,-0.528444034785323,-0.0759884763827681,-0.276696403329649,-0.358096710683898,-0.258841937384519,0.256142326504165,0.326540258134843,0.354958692837006,0.00927717116665679,0.213303782744511,0.149767103627044,0.000136328736781698,0.4173194922328
"GOBP_PEPTIDYL_TYROSINE_AUTOPHOSPHORYLATION",0.28330105880221,0.138563583951533,0.240183173692319,0.28105800027487,-0.109264937303082,0.219321050359912,-0.310340880912477,-0.118173317284633,-0.325227945769428,0.102513570297421,0.176026231270966,-0.0888969273228297,0.00651299669173672,0.670179543793599,0.542077176175859,0.0397077159761045,0.175444145221681
"GOBP_NODAL_SIGNALING_PATHWAY",0.028872825322477,0.202750423604519,-0.0584533177844952,0.210562456433665,0.0251858323567643,0.312925467121331,-0.241791121711266,-0.124803669569568,-0.279016625618609,0.026189286231856,-0.0547292804591363,0.203794181527092,0.0494590656623547,0.335541657288087,0.334172567953475,0.0484170507590486,0.995187520634778
"GOBP_FC_RECEPTOR_SIGNALING_PATHWAY",0.0732248096626351,0.121334330176307,0.00522655270698666,0.278779909021873,0.195121026530776,0.446225245279646,-0.478741851851117,-0.515104237397412,-0.504940753543672,0.426923988048577,0.148980299949847,0.356641791109022,0.00166713628197353,0.972162495907816,0.064971806587615,0.00951086474173787,0.0839968209780757
"GOBP_FC_GAMMA_RECEPTOR_SIGNALING_PATHWAY",0.172674581712343,0.235025371646349,0.0462483121397165,0.263683146879885,0.170702949959833,0.330767793446313,-0.496020778045538,-0.515330124257033,-0.490337458858031,0.517515866329785,0.0600621834138697,0.29313228476062,0.00639644609676555,0.820832807264805,0.227183471756837,0.0264468615785404,0.411216099941601
"GOBP_ANGIOTENSIN_ACTIVATED_SIGNALING_PATHWAY",0.369389078632495,0.0912493117586565,0.287861286403125,0.429586797577458,-0.0469342453249153,0.237383882731185,-0.510254782984133,-0.252537880120157,-0.309626588212979,-0.0588253850636694,0.447791661659875,0.392720642567151,0.00597722884552068,0.812091279294981,0.806383483419196,0.0427979013663922,0.954990373281449
"GOBP_NEUROTROPHIN_SIGNALING_PATHWAY",-0.0703688510636281,0.0715885982471358,0.191716468445051,-0.196411227994686,0.161930030553167,0.156272297308824,-0.359561583120809,-0.233899473808347,-0.407080311228526,0.287516550144733,0.026885601985497,0.26747205465578,0.0160775871393965,0.356306701417534,0.875647012750439,0.00967181204567065,0.315473498287564
"GOBP_TORC2_SIGNALING",-0.0710950831617423,0.278849381971331,0.0563208279250121,0.221468674331037,0.26389666359672,0.308646176957027,-0.422318599961615,-0.468704279517008,-0.47216710738411,0.60806728149115,0.313398088948585,0.377299616132804,0.0311543876079554,0.194578592687143,0.221897505744327,0.00838859372543377,0.0651888871761761
"GOBP_NEGATIVE_REGULATION_OF_RIG_I_SIGNALING_PATHWAY",-0.103606455510913,-0.254364076300916,-0.300610155688622,0.128178535760931,0.428716793464898,0.175932691276861,-0.465644073425359,-0.509559192703627,-0.656253041321146,0.61355588551689,0.175226754871127,-0.00301970414572222,0.0173425612611871,0.937050920779105,0.0193008223829747,0.0380382734248869,0.108062952338099
"GOBP_ESTABLISHMENT_OF_MITOTIC_SPINDLE_LOCALIZATION",0.260055590683626,0.00165404546423009,0.0763306680552392,0.098486668547189,0.326029821530928,0.534499200433058,-0.595628490000746,-0.484433592688933,-0.348204842386203,0.320624235031469,0.165238321664868,0.0779865353060754,0.00503282008430407,0.426280629244416,0.247027516506948,0.00274700787367201,0.51159750625378
"GOBP_LOCOMOTION",0.0488139239639458,0.140591476350411,0.103429669959521,0.0995628244705156,0.131345333016566,0.135568142480927,-0.301152567159506,-0.278823500061502,-0.205874650973954,0.225981917816699,0.19296032528962,0.144304260864598,0.000807451654111457,0.0919670991055603,0.465262464605604,0.00033172473256188,0.0657546135859334
"GOBP_NEGATIVE_REGULATION_OF_LOCOMOTION",0.0792159513725709,0.107507886846757,0.126472666029864,0.127119227529702,0.117829107249596,0.0724901814303234,-0.308529385951791,-0.282545531716133,-0.250001536601911,0.235617124777058,0.156285747167251,0.174600932338515,8.13882528039375e-05,0.0536099937019948,0.951419234401026,0.00018008299791048,0.0510547796517039
"GOBP_REGULATION_OF_MULTICELLULAR_ORGANISM_GROWTH",0.0580078234355446,0.162936392709887,0.129486918647588,0.142749912446117,0.187029721291896,0.210579684156847,-0.336712111830157,-0.39220229444166,-0.393210101901379,0.373691846168791,0.315391084331251,0.121070027373827,0.000533734068163497,0.360371111545351,0.17257205847556,0.0103465163635533,0.172302204724419
"GOBP_POSITIVE_REGULATION_OF_EMBRYONIC_DEVELOPMENT",-0.128366033182745,0.228277259847376,0.0860365878949898,0.424580305131737,0.231637737747809,0.173642961774467,-0.454477330697167,-0.471936780237963,-0.391702258222817,0.369096892354691,0.253115484830769,0.114748205565553,0.0343990660689943,0.783997333238955,0.17651945076591,0.00658595676437664,0.229305759189474
"GOBP_PROTEIN_REFOLDING",0.282382403164111,-0.113250510514487,0.122116337335492,-0.474473955480741,-0.162513037855728,0.0911363333648574,-0.375409201801581,-0.363129681705708,-0.462601766171511,0.414127847955732,0.484635006890858,0.44277503169353,0.041390643844914,0.0593351060319988,0.242902787888738,7.14842746524259e-05,0.0886133941189749
"GOBP_GLIOGENESIS",0.0422850994723343,0.143949783742048,0.119134012223114,0.11303350002006,0.147737109978473,0.19968382353156,-0.285668546006111,-0.251267181849643,-0.283295471325758,0.217659956894822,0.186717911373585,0.0919654603693703,0.00304664479038457,0.807118556954046,0.264465082525911,0.00442677791279795,0.263587259190863
"GOBP_CELL_MIGRATION_INVOLVED_IN_GASTRULATION",0.234058755053702,0.312015682318295,-0.018975405816948,0.0348841676591328,-0.308014915304453,0.233105043100017,-0.24082702932168,-0.309652475513076,-0.184982872283403,0.199303775047683,0.379087333343317,0.134604974550563,0.0395035008942617,0.250691470179601,0.37885455060575,0.0104014522689711,0.645284082479291
"GOBP_TYPE_2_IMMUNE_RESPONSE",0.0627543014394203,0.135831660213822,0.241383600684263,-0.184498144257964,0.150857871148978,0.012304428457028,-0.377613223531298,-0.338803016612103,-0.265543905458316,0.421873724431069,0.336971515140908,0.142417466497344,0.0029150501357463,0.0753592173588434,0.255990507774367,0.00905029256961347,0.203576769866802
"GOBP_B_CELL_PROLIFERATION",0.069269703170095,-0.0211954847850992,-0.033091855503332,0.232182391478324,0.133727027649939,0.200868600558868,-0.402453764242826,-0.301570750195232,-0.273669400787686,0.0204491698895743,0.074090626695892,0.0079441145958683,0.00322173522939609,0.0153043704265681,0.0136617123578108,0.00381803549044573,0.494728656365275
"GOBP_MACROPHAGE_ACTIVATION",-0.00266835645062494,0.0919144845541563,0.040267885464714,0.0785809274256338,0.082530934141777,0.217370424709269,-0.372684195165425,-0.270870450488661,-0.263790898506418,0.268805143081635,0.160522004574262,0.0926802499001686,0.0018884220573407,0.524684399188502,0.20907530907218,0.00251896369595628,0.108325106388565
"GOBP_NEGATIVE_REGULATION_OF_T_CELL_PROLIFERATION",0.0767165322946362,-0.0225965784663656,0.116817558118801,0.0819098789698457,-0.237334101681823,0.0995350359771909,-0.307963390771023,-0.210949832648797,-0.188168049419895,0.207020394062183,0.32458630513008,0.100842303738663,0.00639662764599264,0.161911879869554,0.571449615776008,0.00787926653215131,0.127768539983164
"GOBP_RETROGRADE_TRANSPORT_ENDOSOME_TO_GOLGI",0.224032743661278,0.233295187968866,-0.0944348675477136,-0.0263783867144737,0.0305777194849734,0.336572192291,-0.459478462028779,-0.432018369182589,-0.518989507430252,0.43270756944285,0.377664761770051,0.380812709121748,0.0263339217917216,0.124998624668505,0.964548490824659,2.6911704212202e-05,0.120812767459953
"GOBP_LIPOPROTEIN_CATABOLIC_PROCESS",0.183445692949986,0.292777833764433,0.321209846248597,-0.327416294502697,-0.171948662941398,0.24539647413857,-0.492314882462959,-0.368555276707089,-0.570027352220817,0.528699111539367,0.373495565520502,0.122487078089403,0.000821739414636157,0.118426770435631,0.171000099088695,0.00909802695922186,0.596695862290766
"GOBP_CELLULAR_KETONE_METABOLIC_PROCESS",0.129464342481524,0.105854011253615,0.0663583354870471,-0.135717117208512,-0.027979136810085,0.0354053971654336,-0.191715501462703,-0.256481834663943,-0.238176249164975,0.34758362573121,0.238966423783695,0.180188082328099,0.000249574140646274,0.0130374339166076,0.089132385857033,0.00470128926781244,0.0727288311067237
"GOBP_RESPONSE_TO_COCAINE",0.206944275151704,0.197558219771339,0.326173693421119,-0.270324754829694,0.114195946046773,0.124284277370154,-0.348378091905865,-0.166975399540357,-0.194749298590646,0.294540766159235,0.412467079474785,0.337169139746074,0.00321443874347285,0.101409865679841,0.181568795747518,0.00204945867525695,0.126729580000891
"GOBP_TISSUE_REGENERATION",0.237801324089459,0.269175263984207,0.174752823050214,-0.177722869551895,-0.0725419721878416,0.0205046553194109,-0.36092538450969,-0.254754752778537,-0.405097836626811,0.358828792691838,0.309454840892846,0.209352844510476,0.00102326134483721,0.00821397303574903,0.0189790042778369,0.000540865670584312,0.289082828977904
"GOBP_CYTOSOLIC_RIBOSOME_ASSEMBLY",-0.0226275147672957,-0.227746630533064,0.0539410619507308,0.574929475215692,-0.184867415926736,0.516111687214379,-0.749389492107732,-0.649722032882549,-0.754719490649929,0.490931894396113,0.0971372739672654,0.676399955420755,0.00836158653189796,0.71122114417705,0.267811765173508,0.0185264692359785,0.085752865308958
"GOBP_REGULATION_OF_PROTEIN_IMPORT_INTO_NUCLEUS",0.1730266635766,-0.0169170092083391,-0.122330711093087,0.181432311216508,0.162718457984203,0.437277766942141,-0.393786495972993,-0.442038861262848,-0.456893516468595,0.208346099481029,0.072304605323292,0.111676102274045,0.0311952141970824,0.280866535593033,0.114318279648706,0.00139832276167235,0.30367748605212
"GOBP_NEGATIVE_REGULATION_OF_PROTEIN_IMPORT_INTO_NUCLEUS",0.452159388198907,0.186850510176079,0.277160400382802,-0.145799798671692,-0.155515861770641,0.334626423753393,-0.229872889043703,-0.39865801481963,-0.189822234835471,0.0736480481029042,0.17175701612248,0.177361973729995,0.00511737345876107,0.50866521974627,0.203517656658307,0.0103227085235908,0.157231441869256
"GOBP_TAXIS",-0.00811849054933564,0.174274219999348,0.138515275085728,0.108235536777801,0.144691474891024,0.0156432860019947,-0.258720573916762,-0.207018552946438,-0.151027566904319,0.217457140530862,0.11820384823738,0.0823435381147218,0.0154981571158809,0.422234250912743,0.868680111249646,0.00312319066647602,0.615298391961306
"GOBP_KERATAN_SULFATE_METABOLIC_PROCESS",0.0770709106194029,0.227135406541567,-0.0718944917885155,0.325341488850458,0.0689889558686205,0.238643938373788,-0.42239423634837,-0.281496166092181,-0.339860795149817,0.312536044759452,0.34526431671776,0.28973278172554,0.0233898574220277,0.296715641630684,0.309499436763117,0.00130674688652073,0.10525790057004
"GOBP_WATER_SOLUBLE_VITAMIN_BIOSYNTHETIC_PROCESS",0.535129568761118,0.480464033553508,0.526973445518698,-0.540907187415395,-0.262338303682802,0.00292434864209601,-0.502443817040914,-0.155326145943197,-0.657420823272241,0.321314291563531,0.304405069909304,0.49550196776978,0.0222421208996418,0.0411032428380942,0.0367713920534117,0.0198286005666019,0.139929185441842
"GOBP_VITAMIN_K_METABOLIC_PROCESS",0.353854065246498,0.662872978549322,0.261206590569151,-0.416377719340251,0.376747001943869,-0.174379621361047,-0.422219725484509,-0.338170490434515,-0.339761179816718,0.453492114667547,0.452106507914909,0.517334045730835,0.0185213183373024,0.144512188646877,0.156393244526842,2.95864163895547e-05,0.730943533119455
"GOBP_CELLULAR_MODIFIED_AMINO_ACID_BIOSYNTHETIC_PROCESS",0.206478750953692,0.347729784455936,0.0746845633683571,0.0759724336497262,-0.244973249157819,0.120251308548566,-0.394990859163933,-0.284957422709544,-0.472863346591178,0.386045467475811,0.147340747178602,0.0696197941909953,0.00504280927382148,0.221856991529076,0.189863398660692,0.0110418917054411,0.947806436098189
"GOBP_INDOLE_CONTAINING_COMPOUND_BIOSYNTHETIC_PROCESS",-0.723330593869698,-0.249198939629256,-0.223910479245258,0.433382918431774,-0.211189967165543,0.472994165340048,0.58392077660987,0.437186558250575,0.703260887784928,0.102746960950662,-0.526972169317255,-0.690250732669523,0.0140143238233606,0.140330377605656,0.0895267699032039,0.0486575498643524,0.930382256810591
"GOBP_HORMONE_BIOSYNTHETIC_PROCESS",0.148558260189152,0.0243779166209505,0.122774119573931,-0.117287883617295,0.133869338215481,0.168273870714365,-0.148390205225634,-0.320945162801925,-0.138541356442635,0.179309785083413,0.123181579850674,0.0428968576310385,0.0180697444786183,0.6273323457244,0.732982303870318,0.0151450054098208,0.777442431459244
"GOBP_PHOTORECEPTOR_CELL_DEVELOPMENT",0.0374486969810702,-0.0605136450710623,-0.0230817026698603,-0.372697992773838,-0.0513484356190651,-0.211287018242724,0.274716467925667,0.273805737367489,0.290859053388302,-0.356497476298281,-0.17665140946253,-0.00419649647351317,0.00745213900272062,0.824195926129786,0.159819753001045,0.0453991213274414,0.244614493064171
"GOBP_REGULATION_OF_ODONTOGENESIS",0.0389563105969283,-0.10400564007195,-0.0774177129524512,0.457996695065837,0.433625642217476,0.179530592723997,0.416340323038555,0.140795177256457,0.217951342409523,-0.0602752613941069,-0.257512245244962,-0.152606642073892,0.044951128876373,0.012340882527926,0.028112596437215,0.0179852165122571,0.207721111460951
"GOBP_POSITIVE_REGULATION_OF_ODONTOGENESIS",-0.627481720189726,-0.679674669092811,-0.199192094798796,0.466971685860983,0.645766161591892,0.338023503685884,0.0463553268299167,0.417333040563668,0.388601715121444,-0.805169367846888,-0.669006269720746,-0.205796549031845,0.0170714925915991,0.015140851526339,0.00927820129729446,0.0232944602219764,0.819291205799297
"GOBP_PTERIDINE_CONTAINING_COMPOUND_METABOLIC_PROCESS",0.131907547663562,0.0365570781148518,-0.0685507233798665,0.228885776194243,0.0907703232863519,0.415519693342396,-0.549764406926411,-0.419881149160524,-0.421524410970688,0.284461501945557,0.07098929649381,0.30598676761783,0.00310116007091958,0.848587499029818,0.142093849978444,0.00337098502464519,0.123936943517582
"GOBP_MUSCLE_CELL_DIFFERENTIATION",0.130631799311199,0.135644900150064,0.108102865874251,0.0661870805631254,0.00606358137536089,-0.0336488608299921,-0.261098551391841,-0.209655861415386,-0.178423075555961,0.191466756780841,0.25211404638893,0.177506188482826,0.00223147151205839,0.00726590535890382,0.0515704475137528,0.000222405503928594,0.0556597400705462
"GOBP_EMBRYONIC_DIGIT_MORPHOGENESIS",0.202784392228522,0.134565517039413,-0.132255200391513,0.300354314173749,0.117070562731301,0.288538461687336,-0.257423604188415,-0.41597099070271,-0.27615600314119,0.315779837359415,0.206311418956988,0.305949669022105,0.0451391565117047,0.592799157126786,0.246922842309611,0.00107105678022945,0.17012093756012
"GOBP_NEGATIVE_REGULATION_OF_CIRCADIAN_RHYTHM",0.152361976926216,-0.163920437276619,-0.0412522199427762,0.441979520299547,0.036496350364931,0.550824742298439,-0.497145456855985,-0.478057176285311,-0.483255708182423,0.401404395924876,0.307005626848889,0.187643591836724,0.0360662410731053,0.811250465756847,0.134417946001476,0.00581927071243663,0.0542027089638253
"GOBP_VERY_LONG_CHAIN_FATTY_ACID_CATABOLIC_PROCESS",0.453259008664914,0.244911752675296,0.318618382070745,-0.180724683741669,-0.19202642118805,-0.019389135011499,-0.696576330877447,-0.327767993449388,-0.316705312396816,0.654198222209068,0.674966900787952,0.194511445063098,0.0119354304355397,0.0428541259672172,0.00484835179648642,0.0100108915833247,0.399628268691652
"GOBP_REGULATION_OF_SULFUR_METABOLIC_PROCESS",0.267759633848209,0.277763282197778,0.0161782111457246,0.390324458152053,-0.0189997321927121,0.463160497993562,-0.718939198667634,-0.537395405640779,-0.48944622707981,0.344380821796736,0.472096769448903,0.412332485197972,0.00258405364279471,0.476145011024993,0.633190351225116,0.00103219250614001,0.106013668132796
"GOBP_VITAMIN_B6_METABOLIC_PROCESS",0.372289924045048,0.598821434048355,0.564099003836358,0.526789412471553,0.43000992764376,0.334046592668556,-0.530821523216634,-0.636392378117511,-0.429881238397754,0.512099133189904,-0.00703744268857204,0.197361775458588,0.000402723263482432,0.324131281085096,0.418061961544456,0.0244495994010508,0.1996636455266
"GOBP_AMIDE_TRANSPORT",0.0222066264586346,0.0626140444092099,0.00882283368505474,0.0493938937993458,0.040614189805468,0.0898152865551157,-0.155304558113308,-0.194806465064473,-0.193726816457876,0.179987774557519,0.107554293136537,-0.00865470858172965,0.000643023171430195,0.614025355161263,0.264819817981018,0.032172616416757,0.379300403615123
"GOBP_XENOBIOTIC_TRANSPORT",0.17989536329549,0.275156059756537,0.180199727944192,-0.147251304888807,-0.0633695082618183,-0.344951015154747,0.0283840664437948,-0.288955533637409,-0.209899993939924,0.163932880944058,0.174847420120521,0.349419659968929,0.0492681749141049,0.018997913892658,0.029195316629616,0.0347914814967697,0.811675181963745
"GOBP_NEGATIVE_REGULATION_OF_AMYLOID_PRECURSOR_PROTEIN_BIOSYNTHETIC_PROCESS",0.00497035831958029,0.0509181668611016,0.263658863959705,-0.233132904992161,-0.175765593268022,0.122710141796891,-0.187548507363382,-0.28653238058633,-0.425988996755977,0.228150522961507,0.622984784758485,0.215096736278901,0.0189359796105937,0.062288509925785,0.218790146987163,0.0224755399306833,0.201134280704529
"GOBP_POSITIVE_REGULATION_OF_GOLGI_TO_PLASMA_MEMBRANE_PROTEIN_TRANSPORT",0.40228813813057,0.465236123578918,0.0456727406669279,-0.46226705292581,-0.151783999692814,0.360563813035256,-0.532518271522573,-0.718048404836012,-0.787068736584209,0.570611053500883,0.452317855359771,0.851282066981306,0.00594021444719776,0.0791668685277458,0.247205524577726,0.00155039877568166,0.143976874591131
"GOBP_REGULATION_OF_MACROPHAGE_ACTIVATION",0.168419008781589,0.197566397931571,0.239979647680368,0.0620848796242668,0.216959906282252,0.159875105655608,-0.40944810793779,-0.341561104513903,-0.269876662692771,0.137447209252839,0.110485457934585,0.255613062724247,0.00127075601091554,0.751459078302128,0.349675654305174,0.00111916637785436,0.540168900948031
"GOBP_NEGATIVE_REGULATION_OF_MACROPHAGE_ACTIVATION",0.199098981780114,0.527060419630974,0.431689757951655,0.156457593503412,0.104286448026749,0.263727538023667,-0.563974363800023,-0.353668188820306,-0.0987396179456868,0.339345042089944,0.0716062969419784,0.206385984716023,0.0147361200449539,0.752769426431983,0.149648489222906,0.0355339459976671,0.224437827935828
"GOBP_POSITIVE_REGULATION_OF_MACROPHAGE_ACTIVATION",0.0838820683100611,0.0308475114174583,0.0978978040294451,0.0346852609603225,0.0553542475426128,0.0989746299056942,-0.331521136447598,-0.21953801590198,-0.230865343413807,-0.0410379402860457,0.0714291931543329,0.0746482198484194,0.00316118860348085,0.558087555473043,0.791609393552201,0.00481832114226529,0.465903085449239
"GOBP_RECEPTOR_METABOLIC_PROCESS",0.308324094331165,0.382665519373829,0.155765761767195,0.0217001452339457,0.0113538397283215,0.271619031496109,-0.544199896429843,-0.493193137615607,-0.517671284104972,0.473271426440549,0.464560272494783,0.272453655565934,0.00510080686854997,0.0519026296598426,0.174140879100569,0.00356104184944477,0.265016790687203
"GOBP_STRESS_FIBER_ASSEMBLY",0.0873176017937909,0.134775692092068,0.0590612005040292,0.011652833203173,0.0325369461848136,-0.0350381343831822,-0.293451163251823,-0.308112287240203,-0.349780744411766,0.361694810930688,0.300707870056413,0.15370050502639,0.000186785988250665,0.0383826861197736,0.0387434802806131,0.00733336742780884,0.0884586700874827
"GOBP_PEPTIDE_CATABOLIC_PROCESS",-0.0254274748852946,0.303385190154982,0.287801328281429,-0.321677966045791,0.234406502881667,-0.00524908176641234,-0.252186560785704,-0.366325502880191,-0.113110866284174,0.390875310732728,0.442333633746712,0.308185159239603,0.0349570614044181,0.118017493382757,0.328614146224923,0.00457614861312411,0.207873872903302
"GOBP_RESPONSE_TO_LEUCINE",0.605175751155545,0.225484808735793,0.286128414636585,0.148114604559917,0.218635936115629,0.402393841759193,-0.714582098197999,-0.667918456018972,-0.683608259663657,0.49376290299674,0.658998334687434,0.61708544889506,0.011270798734288,0.0273886389722668,0.46186581896591,0.000751923429473285,0.197505353088152
"GOBP_MYELIN_MAINTENANCE",0.168426078529954,0.346714030804468,0.337116197616824,-0.160416500118194,-0.260802211971588,0.385739530850308,-0.44989391084017,-0.507513237957612,-0.435280919509306,0.358769759440468,0.362362667834081,0.16437880224087,0.00248491430684907,0.262472615006633,0.275830358735777,0.00381719375487578,0.905224055317624
"GOBP_NEGATIVE_REGULATION_OF_PROTEIN_CONTAINING_COMPLEX_DISASSEMBLY",0.317834072144183,0.215145770372014,0.154645100217654,0.0533052154782851,0.200848163000963,0.102209533950181,-0.443980230398897,-0.460766341748731,-0.370304016338585,0.319758732634601,0.359202853928297,0.427266789594053,0.000913555390220276,0.0119108977695787,0.162344537187191,5.1144862903711e-05,0.0806335971900537
"GOBP_POSITIVE_REGULATION_OF_PROTEIN_CONTAINING_COMPLEX_DISASSEMBLY",0.182503298405671,0.228086557607541,0.136199431547129,0.0984330669064779,0.20099794723425,-0.00625727445481553,-0.339951062971058,-0.248450357156829,-0.467057499796043,0.243779277120162,0.198497706036544,0.126324161617672,0.00653753531474282,0.270202816682037,0.29408928317738,0.0044858871228582,0.875227158741397
"GOBP_REGULATION_OF_PROTEIN_CONTAINING_COMPLEX_DISASSEMBLY",0.273482455320783,0.190120573927577,0.0915147576746585,0.087263010586004,0.15729317377581,0.134801065260655,-0.425076330715085,-0.429378617210253,-0.425648040809623,0.332415343031519,0.338171492694803,0.338781749424549,0.00727977250563371,0.00901405481556124,0.386358138948277,7.19059791989492e-09,0.102214397579056
"GOBP_REGULATION_OF_POTASSIUM_ION_TRANSPORT",0.123711515003165,0.234293459038589,0.162310692446238,0.23287059766281,0.0393794824365538,-0.0257930940909774,-0.194900707734608,-0.220076151365571,-0.163949060287763,0.0956199421465177,0.164344159356944,0.125585751558412,0.00223285066047863,0.615510239178342,0.366019394487138,0.000294178252329423,0.315083422001026
"GOBP_POSITIVE_REGULATION_OF_POTASSIUM_ION_TRANSPORT",0.276722278599634,0.341790162274853,0.251940686771121,-0.0110342255559517,0.0171757306734039,-0.211644074176698,-0.20022485464117,-0.129080350833536,-0.107499540273945,0.148989533143462,0.249140258643415,0.230866909453043,0.000360559287601838,0.0448068647605949,0.0265410182677516,0.00107591040500531,0.121267621763196
"GOBP_REGULATION_OF_MONOATOMIC_ION_TRANSPORT",-0.0250075672826478,0.0874088039922795,0.0370627250850488,0.0985277859598796,0.0837904266272354,-0.00220845782703399,-0.0756078615395322,-0.0954907367247997,-0.110533144827556,0.106080876899475,0.0748597889686977,0.0300162126843591,0.0492041657446268,0.803517038725238,0.584120993986456,0.00815490921665672,0.404555772842449
"GOBP_RESPONSE_TO_ALKALOID",0.101112271616997,0.120423007801554,0.227704184179332,-0.0797582096297227,0.150783719645427,0.153264843765104,-0.316322584372666,-0.174997970079185,-0.264990016848883,0.262452919971652,0.32190483111612,0.253165471721213,0.00216179377652416,0.109022457298837,0.451345246457352,0.00141861152049634,0.0609275952693063
"GOBP_LEUKOCYTE_DEGRANULATION",-0.155550639343986,0.108700648198941,0.0868842342199625,0.0342082796993411,0.0884302916154236,0.344816882372204,-0.353017010694208,-0.303867325997482,-0.435367883885561,0.370916709174102,0.241672497646659,0.143151285084127,0.0309153304492027,0.460550861621614,0.32843112414626,0.00307041349675192,0.0943881062376642
"GOBP_REGULATION_OF_LEUKOCYTE_DEGRANULATION",-0.129960263521438,0.293881036174741,0.144281126793213,0.0342013103296627,0.128854861360608,0.340704809239642,-0.436457274797155,-0.356285789220841,-0.467524160732061,0.412538304499878,0.317513838840336,0.123083986613105,0.0440904627493077,0.40225856326739,0.695135278371663,0.00745863055920586,0.301896329622622
"GOBP_NATURAL_KILLER_CELL_DEGRANULATION",-0.0886004782532863,0.151839281175338,0.225683335621644,-0.283648695072919,0.317863731363604,0.357837775873851,-0.226657144033251,-0.440902189162382,-0.491719185651925,0.551459026595967,0.110942262999773,0.0953923115977051,0.0188826739717508,0.660785024569779,0.890419484329911,0.0314100791780438,0.435593231758711
"GOBP_PROTEIN_UNFOLDING",0.313949689802864,0.536088164680159,0.333702785216185,-0.755324952325331,-0.436550284210609,-0.520926475148529,-0.368178711574149,-0.037627981309193,-0.0209871942644734,0.553711347367201,0.295993091336294,0.500303985645451,0.0222166201671634,0.0013648840396242,0.00173819826593118,0.0161519032852128,0.628521630275883
"GOBP_ENUCLEATE_ERYTHROCYTE_DIFFERENTIATION",0.346136597142292,0.0416157512719437,-0.199816582790492,0.0478573561000358,-0.00389848596755141,0.234559733228761,-0.560549691501123,-0.388732012644387,-0.722322774944273,0.465729427029573,0.470603053046366,0.526117577380875,0.038088506758251,0.0255803958435376,0.873822883383516,0.00663234172650649,0.112789682442475
"GOBP_CD4_POSITIVE_ALPHA_BETA_T_CELL_DIFFERENTIATION",-0.130865787731518,-0.0605299231266307,-0.0216919741345193,0.0616819572393098,0.130577795106425,0.151848444823236,-0.214042916511038,-0.277129952082822,-0.330295053847763,0.384919840836167,0.218583553271502,0.0763784401952974,0.0119995573738508,0.33610160111415,0.0121235253005143,0.0198340174813628,0.0656816683783897
"GOBP_POSITIVE_T_CELL_SELECTION",0.112489267978712,0.0348268134896853,0.00200247495740416,0.205053997667074,0.171525580781029,0.324773332277955,-0.3318648350332,-0.236545857221628,-0.35099359590817,0.327117510019166,0.00125848683147017,0.00939812598472078,0.00183301912650555,0.383069899914442,0.0371653154199112,0.0482814606363056,0.623957350178906
"GOBP_REGULATION_OF_PROTEIN_BINDING",0.108754193332981,0.0686654270605858,-0.0263569912148063,0.0895024764180419,0.0551688081019283,0.217971242230868,-0.365772346499205,-0.327621171425954,-0.3771509960509,0.359997147871921,0.298976327226302,0.123882927659888,0.00466498444136409,0.188470589876709,0.332949288035317,0.01029564093155,0.0768476334052691
"GOBP_STEROID_HORMONE_MEDIATED_SIGNALING_PATHWAY",0.264656209559277,0.0551169266791319,-0.028088268442623,0.0368631683017286,0.044635959869436,0.320528390667592,-0.405758327290126,-0.418362566716389,-0.420213974005439,0.406630977052009,0.385077609388039,0.284232129417457,0.0274590155542526,0.123934132920722,0.787573061448319,0.0020980129509829,0.0784847846432711
"GOBP_SKELETAL_MUSCLE_TISSUE_REGENERATION",0.231370966941504,0.293263658899772,0.0753196483710875,-0.269976486581534,-0.143060165167502,0.113733092599194,-0.344614507111335,-0.346482160815983,-0.426094322648392,0.482574168983398,0.363269826200965,0.206457686857297,0.00587099887606127,0.0362663537949248,0.0994521387542,0.00697659852875625,0.219776623826132
"GOBP_POSITIVE_REGULATION_OF_MAPK_CASCADE",-0.0466797710192137,0.0979796194776533,0.0579281440919219,0.0949597793781879,0.0371856486263336,0.128237180222702,-0.239168017292787,-0.260251428304855,-0.219580376824905,0.187643652651299,0.144041454429284,0.120094509177719,0.0178761005432679,0.132440157137157,0.386682700166814,0.000274221542075448,0.101253271323151
"GOBP_REGULATION_OF_SECONDARY_METABOLIC_PROCESS",0.26776269511117,0.0252270376827259,0.191644757631185,-0.0459202480778489,0.036722576012815,0.500752914155197,-0.393015100047614,-0.423834776668999,-0.25300087470873,0.173356753504163,0.310839823870465,0.337787006635142,0.005600615951589,0.589837879250872,0.990897457446792,0.00100158913288947,0.276676526833751
"GOBP_REGULATION_OF_PENTOSE_PHOSPHATE_SHUNT",0.259931748730244,0.350814542389075,0.226238004631588,0.328584116959777,-0.528067585217262,0.441359185293246,-0.652420821982677,-0.680330681449291,-0.751277572807538,0.621485635274144,0.558163246136496,0.179590210717356,4.94018025922785e-05,0.353919649464216,0.584254089693377,0.0113730338376094,0.333706014638786
"GOBP_REGULATION_OF_CELLULAR_CARBOHYDRATE_CATABOLIC_PROCESS",0.136242506948063,0.325709040362512,0.0832491827392075,0.156605080025119,-0.160899729365328,0.204491469872111,-0.496532409351337,-0.541167099131618,-0.659410734599377,0.546778022558358,0.513628574066676,0.30435363895909,0.00195419346298094,0.0561906352819915,0.453747430326544,0.000805469532461123,0.061112339640843
"GOBP_PIGMENTATION",0.193217010790388,0.125423190408422,0.0877904520973044,0.0873653543767396,0.00438039340085838,0.0983902018468628,-0.372359847620501,-0.311035911538158,-0.385062131095504,0.344294122818521,0.358781057678639,0.205270875785248,0.000343728221737988,0.0206569276706277,0.167468142535072,0.0015558678510948,0.0546101177360376
"GOBP_PIGMENT_ACCUMULATION",0.207870024598303,0.0670975560179317,0.0460530214064566,0.104115663425034,0.141648952864909,0.387391723916373,-0.429104820558727,-0.642257783698477,-0.526775626977969,0.615508059748563,0.370051077744041,0.278802605310629,0.00152722531341267,0.192961419950703,0.380246345022926,0.00270604474258278,0.0694240915592462
"GOBP_REGULATION_OF_NEURON_APOPTOTIC_PROCESS",0.0107580187519593,0.1800910748255,0.0932181818239281,-0.0459173620250622,0.0618023850996624,0.243486859975295,-0.311070423590985,-0.323838587835474,-0.325036233557497,0.311702207415302,0.225993685160667,0.099479943795727,0.0130573193124662,0.300454729737944,0.937765696332321,0.0127946229039667,0.212545172847308
"GOBP_NEGATIVE_REGULATION_OF_NEURON_APOPTOTIC_PROCESS",0.0316834393490847,0.149152119437631,0.0838783125962356,0.016742081067504,0.138434833303072,0.295400662395639,-0.342870748782792,-0.370503765510529,-0.355276144195156,0.293023068622125,0.2673095037738,0.114048446084567,0.00404910077716039,0.494272140044961,0.535433161064942,0.00810872083653645,0.11964992681218
"GOBP_POSITIVE_REGULATION_OF_BLOOD_VESSEL_ENDOTHELIAL_CELL_MIGRATION",0.0183160220828974,-0.027755384396882,0.0404904070861998,0.243779096907739,0.174055618164335,0.353722844769822,-0.348825419432966,-0.28969830369953,-0.130226891934478,0.215442923580726,0.196572893640221,0.0414359518602594,0.0449659357041211,0.235550645671254,0.0295192718188641,0.00947722586328519,0.112190517020754
"GOBP_ENDOTHELIAL_CELL_MIGRATION",0.0566795459733723,0.0568283592711466,0.119402451462155,0.132564694684046,0.0500332660210439,0.0432447572892964,-0.268939276029458,-0.288603855401229,-0.13721699935789,0.176267998312644,0.12000017040101,0.13252647414708,0.0121177979866773,0.128682642744211,0.950560113645851,0.00911804944499673,0.0751793947636892
"GOBP_REGULATION_OF_TRANSLATION_IN_RESPONSE_TO_STRESS",0.298951300925867,0.117965373389953,-0.0596282897185643,0.149011220437358,0.242587866993468,0.571030145688097,-0.716429428145043,-0.625085721249925,-0.671974758340824,0.441961376001095,0.380558891891662,0.502398139775571,0.012581173844322,0.447880839687596,0.290157414085279,2.72570976234812e-05,0.0767799580757546
"GOBP_REGULATION_OF_TRANSCRIPTION_FROM_RNA_POLYMERASE_II_PROMOTER_IN_RESPONSE_TO_OXIDATIVE_STRESS",0.213912541663921,0.17419404433728,0.337351918232766,0.166210757113313,-0.0358607856795772,0.203481428384833,-0.558228524710278,-0.193355073860686,-0.523476868267378,0.279432431344362,0.0217941248842702,0.263137075092844,0.0172879255670174,0.529593416137713,0.227278924002074,0.0157720279474196,0.614738559413006
"GOBP_DICARBOXYLIC_ACID_METABOLIC_PROCESS",0.254539928903288,0.185683264725466,0.11813670210443,-0.138101619846431,0.00699886877608222,0.105866524685953,-0.418458050709117,-0.435578557832967,-0.443189178270875,0.371350100519017,0.21811835997732,0.317270887362409,0.00313281037870345,0.0278370639316629,0.0923458802187844,0.00304009191783476,0.1248187918201
"GOBP_DICARBOXYLIC_ACID_CATABOLIC_PROCESS",0.405972566025834,-0.0327451249408627,0.298310503801083,0.234027496534673,-0.0952355946491198,-0.0198406338677545,-0.435748832527792,-0.246651068259487,-0.322492315384548,0.354798520663044,0.421974727047293,0.471391647490135,0.0365676014861649,0.0513207484640092,0.332079746475382,0.000828687594850986,0.280228201054636
"GOBP_DICARBOXYLIC_ACID_BIOSYNTHETIC_PROCESS",0.522645388383193,0.388416330581971,-0.103103696713792,0.241296901290997,0.0849240554717396,0.294273308735775,-0.595777576149656,-0.628738596678687,-0.624970481852989,0.458040790568613,0.182104531358662,0.461730437885898,0.0427717817358814,0.234128998249192,0.779851482102985,0.00811901374680483,0.67582777458335
"GOBP_MITOCHONDRIAL_FRAGMENTATION_INVOLVED_IN_APOPTOTIC_PROCESS",0.079316232221941,0.229645301121874,0.143922547202411,-0.451084966699305,-0.373165009907738,0.0904009748788214,-0.230676703581526,-0.249605397238302,-0.541379314663927,0.568967082373894,0.443190616862218,0.131401742211545,0.0252903282634868,0.0460975752784909,0.136679133190516,0.0134993031712599,0.212168591150468
"GOBP_CELLULAR_COMPONENT_MAINTENANCE",0.0624760656233926,0.240838963753064,0.191329180053079,0.157454955711424,-0.0625880925099165,-0.0106997441218128,-0.305001372527105,-0.282575401046583,-0.134182303057365,0.100285334185594,0.26203678397001,0.072622945370294,0.00580324574685597,0.259547785780929,0.186406634233706,0.00863649988362287,0.814735143695655
"GOBP_REGULATION_OF_SYSTEM_PROCESS",0.0506808936634375,0.0760690105155615,0.0843221266247748,0.0952776370627546,0.0896671590607805,0.010914332966063,-0.0890760995691958,-0.0808774431989293,-0.159175438744603,0.0789067648167394,0.0372993045751115,0.0767294955435303,0.00990594384988524,0.9764899486356,0.874394396812102,0.00792989487757846,0.739842636036638
"GOBP_POSITIVE_REGULATION_OF_CELLULAR_COMPONENT_BIOGENESIS",0.107253711960409,0.018780612651565,-0.0714986787780122,0.113085531171009,0.0614476487336946,0.162185465806753,-0.326026918162998,-0.283137390833387,-0.323689471584687,0.220550821183934,0.227700874064868,0.20039110483233,0.0181061770804341,0.0608401662804245,0.206087624635876,3.48313684684209e-05,0.0583988142932217
"GOBP_CELLULAR_LIPID_CATABOLIC_PROCESS",0.1810344131201,0.181581939002334,0.23002902776318,-0.213756319237093,0.00817491407959786,0.157710192767259,-0.371669510109923,-0.361619898966669,-0.363623884630957,0.396640085681757,0.410520368211567,0.239272115141775,0.00057225391652706,0.0578101181719138,0.18400604516565,0.00573518352549862,0.100312290414791
"GOBP_CELLULAR_POLYSACCHARIDE_CATABOLIC_PROCESS",0.259835471817075,0.327362557382712,0.293452442683329,0.128573412275132,0.376442852653576,0.456939725404892,-0.407819846942615,-0.502382908541128,-0.593162348222849,0.373630192628931,0.528810284702781,0.426714347808737,0.00187661719760467,0.347342193079079,0.811450337855042,0.000206878422873501,0.0647391828053474
"GOBP_CELLULAR_CARBOHYDRATE_METABOLIC_PROCESS",0.234457776060534,0.0779487549943396,0.0308015731254583,0.0990682419985832,0.00284522756884534,0.162653436798135,-0.341134437931538,-0.334180826497421,-0.375739231678747,0.258926322534005,0.334317253778389,0.236236558778579,0.0140855528114446,0.0346378291605792,0.752217986691501,0.000530503414163792,0.101870223854441
"GOBP_SULFUR_COMPOUND_CATABOLIC_PROCESS",0.0211414002693003,0.16704817116479,0.250858972046118,-0.225641554486228,-0.239008350323511,0.148472458401801,-0.311586761076713,-0.304315724134824,-0.243737439986871,0.544314764954496,0.347821737280498,0.205765576781357,0.0159960987551194,0.045881820307511,0.176850201033756,0.018103039269113,0.147822359479072
"GOBP_SMALL_MOLECULE_CATABOLIC_PROCESS",0.155588762282589,0.153598594225567,0.147909285383619,-0.121071576763612,-0.0181916917015037,0.0833932138824291,-0.282063197598877,-0.30937594534046,-0.338814470263084,0.372762476149738,0.296393932768403,0.211614292690901,0.00103559266900247,0.0158597258507154,0.101140109155175,0.00275861577621946,0.0932451554775855
"GOBP_CELLULAR_RESPONSE_TO_LEPTIN_STIMULUS",0.173183028375723,-0.0456113882841351,0.196993336989217,0.360642810422219,0.247362170632869,0.393300147173096,-0.359920851596282,-0.376312375048211,-0.551379538415821,0.149696208180551,0.277861644161357,0.166458292763876,0.00635062341479601,0.0862062257459086,0.0801809987938791,0.00191853567998448,0.377835803613123
"GOBP_RESPONSE_TO_LEPTIN",0.131491234133989,-0.0273143932119028,0.187960521136332,0.320568093643295,0.297838992192199,0.270328462139526,-0.339840792848687,-0.385151864068216,-0.471709538942603,0.199444453198813,0.213522594696748,0.0849575524768048,0.00535272031338167,0.0718552411090561,0.0843456229675595,0.00055670664979311,0.42768977584185
"GOBP_MACROPINOCYTOSIS",0.144992981966243,0.186058337038192,0.104875509815934,0.125182367597099,0.454737767602849,0.424033568270397,-0.592109951786093,-0.574713958408859,-0.591946040456535,0.664518181226507,0.326531047569549,0.338347544567151,0.000562770153295951,0.516729432746216,0.209322789106516,0.0112119393683724,0.109150208201831
"GOBP_PROTEIN_LOCALIZATION_TO_CYTOSKELETON",0.169785180451604,0.196462957888684,0.006505561177063,-0.0418756422303286,-0.00920225452256904,0.313969156901281,-0.437620170399992,-0.486197238837471,-0.490587899655052,0.329543185666115,0.349522885993758,0.303548498334523,0.0063264562611399,0.167353558349985,0.793548761018182,5.48348393085678e-06,0.069324768282831
"GOBP_BIOLOGICAL_PROCESS_INVOLVED_IN_SYMBIOTIC_INTERACTION",0.00214617843056392,0.0285442575640051,-0.0670606978517905,0.133168129452632,0.157202609797206,0.285988903757965,-0.365445843609465,-0.34818087899188,-0.387093850121727,0.325438230939899,0.178636374152007,0.0738303764229044,0.00258769015049784,0.995605282524089,0.0297022911803452,0.0148740751297612,0.0922055038830816
"GOBP_ENTRY_INTO_HOST",0.0713503119071657,0.177401701492542,0.10584450079658,0.100236152210093,0.224953612411095,0.268923650117753,-0.401793062220069,-0.374460261237101,-0.41857536224582,0.280725280858635,0.219216954541566,0.0586576699268968,0.00114749701655316,0.89428243521659,0.263046133094945,0.0104042263169007,0.424686388360272
"GOBP_REGULATION_OF_MITOCHONDRIAL_MRNA_STABILITY",0.146450712307904,-0.12285401904232,-0.166685590167926,-0.409623549352061,0.202175639244197,-0.0462194726343593,-0.385310459020564,-0.387277826126861,-0.52244414580872,0.539592180227279,0.00338006529676058,0.587369928770531,0.0417515181962662,0.148568259568372,0.866997406248118,0.0430438074369938,0.137545339190067
"GOBP_MULTI_MULTICELLULAR_ORGANISM_PROCESS",0.0141983712871885,-0.028563062392302,0.00616149723336684,0.161120958477488,0.0214188240148579,0.0910794006679296,-0.148600958579903,-0.169878639967034,-0.11529968476818,0.189370205304908,0.0372715761715089,0.0131625505811644,0.00264792960249021,0.877672212310693,0.134797928998256,0.0462809940356319,0.270085937415478
"GOBP_MODULATION_BY_HOST_OF_VIRAL_PROCESS",0.0983190622586038,0.074646268500055,-0.125611992965963,0.127412755431752,-0.00369157553524763,0.336624002564087,-0.43905803655864,-0.306304540764566,-0.441891585830543,0.422273941050426,0.247410352758069,0.197496763021444,0.0123015503125061,0.329971473585336,0.32797804045404,0.00204051138942921,0.0501049461406312
"GOBP_NEGATIVE_REGULATION_BY_HOST_OF_VIRAL_PROCESS",-0.0740786302772875,0.100563612831488,-0.0403795912094415,0.622073826567791,-0.0580824473238868,0.472886230060457,-0.576761061925956,-0.364696943968719,-0.351632959798457,0.197937612178882,0.118941966815099,0.1105498919384,0.0113582825261655,0.429115992177897,0.227363067674491,0.00864143267596188,0.0922674111135752
"GOBP_POSITIVE_REGULATION_BY_HOST_OF_VIRAL_PROCESS",0.26004708833114,0.203440944734986,0.0627363999254978,-0.284600307358749,-0.0325630856839347,0.301857663076035,-0.485714780515673,-0.378469629721579,-0.538765610558799,0.636156690418588,0.346431953837955,0.205752552004659,0.00125536455527276,0.13701024310181,0.403166694867336,0.0125434133259991,0.217782837157383
"GOBP_NEGATIVE_REGULATION_BY_HOST_OF_VIRAL_GENOME_REPLICATION",0.0488192565836834,0.13151982572401,-0.142340738949218,0.630743874728906,-0.177186979410703,0.332416666929091,-0.625379624864891,-0.29712678472524,-0.48244688907761,0.184608558706205,-0.114291899513175,0.0653112069506105,0.019150625101904,0.462334919845958,0.405266962585,0.0165388045343618,0.797826695837638
"GOBP_ACTOMYOSIN_CONTRACTILE_RING_ORGANIZATION",0.3317559301148,0.196020037160819,-0.25000464434383,0.182760167389599,0.21528455401962,0.600191247730938,-0.611021309410119,-0.61436568831215,-0.717300004800957,0.31834662257564,0.451189819137051,0.55821986591158,0.0472756703397003,0.519453937716028,0.342250043285885,0.000853766047294716,0.17464415169705
"GOBP_CELL_CYCLE_G2_M_PHASE_TRANSITION",0.0895949700930603,-0.0445433817025134,-0.163199270388118,-0.0268018842163574,-0.0108136342738698,0.351198653857966,-0.325344023436873,-0.349519735130088,-0.429575036051817,0.23744185474379,0.200371262618221,0.170818599084919,0.030982227245622,0.510240541142388,0.384414276509964,0.000333103227399641,0.0715665284455522
"GOBP_BIOLOGICAL_PHASE",-0.20487625147813,-0.173159139174256,-0.194862913802506,-0.400526968999619,0.0997394396732447,0.310727305964061,0.318985530327054,0.386759202732507,0.328134473326398,-0.322440272978145,-0.136752731284903,-0.233452801322216,0.000313986219398132,0.38328171121483,0.454259109366194,0.00376777577734748,0.535820464532606
"GOBP_PROTEIN_LOCALIZATION_TO_PLASMA_MEMBRANE_RAFT",0.152507873108532,0.159067937424162,-0.0564048438784832,0.159643819605945,0.212689383733976,0.464370147317147,-0.478953836700273,-0.518977349562522,-0.362305472076696,0.472226310225815,0.478915937786963,0.17104175378994,0.00502716955592299,0.529599518113956,0.180181987845329,0.0062969108992588,0.0876389086508654
"GOBP_LIPOPROTEIN_LOCALIZATION",0.385643100849647,0.0106009932638557,0.0713974227699098,-0.0840870519382242,0.221009611390633,0.331695633351683,-0.483207858619153,-0.405553177020912,-0.213587368154063,0.176479311949616,0.375436668414379,0.37536354411383,0.0255197149077308,0.356059429956644,0.998565643215057,0.00324527899084477,0.3310419293155
"GOBP_GLYCEROLIPID_BIOSYNTHETIC_PROCESS",0.171995607468512,0.118189445093634,-0.0514917217006168,-0.00755996614108004,0.0571086582772878,0.19080600190157,-0.36683357836033,-0.324607648096315,-0.407069341983137,0.357952394487478,0.339210775009634,0.274932181924528,0.0140378833396695,0.0371574287343348,0.995346473976849,3.82183435894584e-05,0.054195939713023
"GOBP_PROTEIN_RETENTION_IN_GOLGI_APPARATUS",0.657426786376143,0.215431923508664,0.041216454967677,-0.243497064649112,-0.277349613597678,0.449091677228509,-0.516804592463761,-0.49805913910637,-0.626243851689604,-0.0559785986315968,0.509633279675285,0.535812215307709,0.0381353033864532,0.313664211907424,0.337635969071316,0.0403503908558607,0.929358706555435
"GOBP_REGULATED_EXOCYTOSIS",0.0489147853621824,0.168323806831691,0.0707736236843314,0.101896239653783,0.0731831952398816,0.24134814146936,-0.296175655491294,-0.256099212114715,-0.356480041996055,0.278162205531039,0.215598911762706,0.147210294513057,0.00130034400538188,0.314348156275305,0.541631384108463,0.000573987744857579,0.089423063950882
"GOBP_TRANSCYTOSIS",0.303219905587576,0.297068029375205,0.305802794460163,-0.352151879447687,0.00393677266424472,-0.0261005117069717,-0.318132804572176,-0.262976308811273,-0.530710740040068,0.57338919563417,0.43543851244734,0.318340031241106,0.0143353989771692,0.0192146673669508,0.0644643197514622,0.00185871959467203,0.197044330726617
"GOBP_T_HELPER_2_CELL_DIFFERENTIATION",0.152418576469183,0.270272072424277,0.335622163802438,-0.178867827812793,-0.0700408088444986,-0.0630089180203628,-0.367675847032952,-0.405328055879915,-0.287466494567932,0.500848931284583,0.571471478847489,0.323028099501372,0.0014026904368893,0.00656195040186637,0.00752995059815177,0.00264833450094824,0.0869716287338054
"GOBP_INTEGRIN_BIOSYNTHETIC_PROCESS",0.409363732493248,0.151254608827631,0.33554614427556,-0.247473231362721,0.576943739359867,-0.440486236093614,-0.177689392801964,-0.228281957742266,-0.249597472852803,0.123751728376142,0.105788499243229,0.293449748456363,0.0157949360184791,0.57020701418714,0.395498692096339,0.0141831379584239,0.274006180397817
"GOBP_CELLULAR_EXTRAVASATION",0.0938283505659997,0.00779040542458814,0.212643350929511,-0.0731976799610629,0.288024463291456,0.275298561259544,-0.354029860497186,-0.335451658844298,-0.230903995644263,0.32978924481726,0.34711548103957,0.14085677402679,0.00694829171611036,0.476961252500635,0.688435646121827,0.00374117442145793,0.132635735589575
"GOBP_DEVELOPMENT_OF_PRIMARY_SEXUAL_CHARACTERISTICS",0.0710056359009314,0.0161941327501893,-0.0371973484020368,0.036739979703646,-0.0837866544799692,0.272495875996836,-0.172244248811281,-0.178642893984912,-0.112679793601275,0.0782360304421126,0.0126871825492891,0.0500999084238445,0.0141588436199849,0.814691493622623,0.638601908749963,0.00213842533643122,0.462311702422136
"GOBP_HOMOLOGOUS_CHROMOSOME_SEGREGATION",-0.187771444995384,-0.184873062385124,-0.142748157500481,-0.33267315801946,-0.0599711532605502,0.108556875291101,0.110685697009777,0.277547787018928,0.191464904638889,-0.130752962610127,-0.220922740589154,0.0297155451530966,0.0115209895515287,0.937109593936022,0.610329533661135,0.0334653478406289,0.473379712742634
"GOBP_NEURONAL_ION_CHANNEL_CLUSTERING",-0.336986855668781,-0.359190590741259,-0.530574590771558,-0.066773475189052,-0.190211606847023,-0.0463440250879959,0.403518528305627,0.39928371374471,0.554362165482826,-0.40907796111271,-0.289669640795298,-0.258324817556865,0.000490141089784548,0.0275162567373238,0.018269093982255,0.000378585593891949,0.309744763198591
"GOBP_CELL_FATE_COMMITMENT",0.146476382850014,0.176080741870546,0.0657785694117758,0.141390931734621,0.0699032271335265,0.0301226262567644,-0.158258264414319,-0.118833631011008,-0.0672936711655511,0.0312834564025502,0.0309691679605866,0.0111195805963916,0.00511699716891754,0.224182695122518,0.350068351550962,0.0278678023597152,0.0806112180120079
"GOBP_MAINTENANCE_OF_PROTEIN_LOCATION",-0.0366903732905322,0.0728039213400671,-0.133420154826102,-0.00584215199297577,0.00834847749439122,0.406772223853442,-0.338785610273173,-0.25257278833103,-0.381254470673933,0.367536171195861,0.313169163339034,0.0592159364561965,0.0202199765345334,0.545289149069163,0.342880776923859,0.0161425549253614,0.0795177163925424
"GOBP_REGULATION_OF_ISOTYPE_SWITCHING",-0.0398253344790516,-0.199950663460953,-0.0841458131640101,0.109503273756606,0.0759866698385852,0.501284671710973,-0.320609766372026,-0.398888316144611,-0.403174050518083,0.204140178273044,0.0485097166176846,-0.036941905596566,0.0148326441249276,0.382172796405595,0.120370746252414,0.0147955005746843,0.111899296963549
"GOBP_CELL_CELL_JUNCTION_ORGANIZATION",0.0621069716782524,0.212059514753357,0.111257780441572,0.196876610578337,0.117924770143791,0.0219404794668297,-0.207354768061655,-0.236581849527347,-0.147180651224039,0.172807943589345,0.106388783478666,0.124650657350791,0.00615818549244666,0.712048727513861,0.821077292107832,0.00078790977893755,0.90762121114306
"GOBP_PHOSPHOLIPID_TRANSLOCATION",0.111556571219984,0.220958422432889,0.14305909233848,-0.0425509702857045,-0.223389491145943,0.0733552466798981,-0.335018262927549,-0.16959212502131,-0.329070455476358,0.380564018063514,0.410363047601773,0.114636293265748,0.00465810020139778,0.0459562378837697,0.109581711235422,0.0108784946671586,0.263326592575959
"GOBP_FARNESYL_DIPHOSPHATE_METABOLIC_PROCESS",0.264345008305359,0.0512931153975922,-0.250676151513,-0.0740636112704725,0.480468053028216,0.44057930618837,-0.4099395226615,-0.61005819479128,-0.619443322413245,0.469827543536774,0.516751344414994,0.680046969297387,0.045220901516857,0.262126390815259,0.327377919647947,0.000303732158207355,0.0536099188052312
"GOBP_NEGATIVE_REGULATION_OF_MHC_CLASS_II_BIOSYNTHETIC_PROCESS",-0.0325065153345767,-0.192404711592908,0.116378629551182,0.216811762815842,-0.265787949553391,0.0170149024428856,-0.339238136793359,-0.41745530051136,-0.470476039202601,0.143493624212719,0.184691355785065,0.0244896498591083,0.0371454438886204,0.462418487245008,0.886485480796339,0.00125978715559868,0.224252190602338
"GOBP_MYOBLAST_DIFFERENTIATION",0.220549993114765,0.167446846187759,-0.0122282304861862,0.0182333845453935,-0.0745210142689326,0.171001744760409,-0.193099111176089,-0.301531503085676,-0.319718426252351,0.265370907143769,0.235789344739542,0.280318111036771,0.0144428444736515,0.0854256509907192,0.435086739486146,0.0027355128251677,0.191406849206393
"GOBP_BONE_RESORPTION",0.0998890437539071,0.196108247053073,0.16866519319999,0.175010078864483,-0.0268054940298189,0.14934697687418,-0.266782379086945,-0.358026444751596,-0.381431921862771,0.340013889504421,0.173999541714536,0.185665228432011,0.000501333133870974,0.183543920077063,0.486106368339447,0.00170295627468253,0.285592219696624
"GOBP_RESPONSE_TO_ETHANOL",-0.0461556458541184,0.126277725624211,0.111841641918654,-0.032202848526981,-0.159714623073033,0.152228246750687,-0.0963616072437171,-0.202204716071046,-0.255234616847539,0.131129355154258,0.044838972338669,0.0435466956495372,0.0275262836401814,0.445130300150764,0.514746987696475,0.0143497054130077,0.892210271775232
"GOBP_REGULATION_OF_CHOLESTEROL_BIOSYNTHETIC_PROCESS",0.0068584220704411,0.345707223016109,0.179223585890176,0.311164141643795,0.15582015509369,-0.112350455643515,-0.169454478701776,-0.285826880074593,-0.307622594463638,0.00732263663027793,0.061349089246127,0.281512964736047,0.0322619593492615,0.99261863156311,0.728028621009802,0.0295203100209932,0.663487497073515
"GOBP_POSITIVE_REGULATION_OF_CHOLESTEROL_BIOSYNTHETIC_PROCESS",-0.133057670246642,0.176934520072876,0.0152157093042913,0.523084346302798,0.631495007468076,0.108478029960962,-0.215559854667802,-0.45133268075518,-0.576011754412789,0.011538879353321,0.074578708537991,0.433512609792711,0.0363741083517175,0.298693083401682,0.111449097104105,0.0271665352162105,0.395750799553546
"GOBP_POSITIVE_REGULATION_OF_B_CELL_DIFFERENTIATION",0.0453766619377131,0.281688140042701,0.0532184709829936,-0.0123799531836754,-0.260728688472595,0.166295598724641,-0.411720876832929,-0.397282663364459,-0.48220418343963,0.557339335525,0.386461691856138,0.225968414595602,0.0119428822677113,0.0566838477154617,0.339503964247773,0.00930797080722452,0.102343372628046
"GOBP_REGULATION_OF_T_CELL_DIFFERENTIATION",-0.0850653998957439,-0.0669353851437622,-0.12867389304063,0.135560552840939,0.133999573154799,0.241518116822156,-0.297704480824195,-0.298505503382733,-0.329844962008525,0.315476815881584,0.200617235570311,0.0572551475244654,0.00152554925227568,0.818822650588939,0.00716544242248877,0.0199109490745522,0.0552408023307433
"GOBP_NEGATIVE_REGULATION_OF_CELL_DIFFERENTIATION",0.0767656506891437,0.0947528426515797,0.0133192529713585,0.164364300862072,0.0631887651956815,0.13472663681485,-0.262829112555608,-0.211394172423756,-0.201191259076792,0.129796531927028,0.15377847523971,0.134860965321553,0.00103756008051672,0.60053153177334,0.205451062694694,0.00091001639746689,0.0773308082633401
"GOBP_POSITIVE_REGULATION_OF_FAT_CELL_DIFFERENTIATION",0.123657467269102,0.106715626266813,-0.125854462877969,0.0592031626814901,0.0229931278767172,0.0642104048263899,-0.342318583505578,-0.322840908558228,-0.358347964533419,0.342668788784957,0.287816356863898,0.332223731184762,0.0409664854732994,0.000307688070523378,0.879095131173896,2.61221184109226e-05,0.0652590227332524
"GOBP_POSITIVE_REGULATION_OF_ENDOTHELIAL_CELL_DIFFERENTIATION",0.610227902730667,0.176313037390271,0.36742245986662,0.493657686341916,0.212256834671622,-0.0360728979766169,-0.311426872702613,-0.321963538861195,-0.0989483442144353,-0.0400468153919408,0.178079126661496,0.00989383479032496,0.019775925599427,0.380290075050257,0.462302789902937,0.0408127370036636,0.0982572483169793
"GOBP_REGULATION_OF_T_HELPER_2_CELL_DIFFERENTIATION",0.0887721890757312,0.187861299231474,0.337028646063405,-0.158229350597488,0.11758099400344,0.297018190852081,-0.451860325585586,-0.501946693390755,-0.558172283518644,0.567302699757343,0.674906138769432,0.264526573369857,0.00428643856834159,0.0826145703611548,0.485709883793787,0.0108969889369927,0.121274175956171
"GOBP_POSITIVE_REGULATION_OF_T_HELPER_2_CELL_DIFFERENTIATION",0.20914175725522,0.278765731925088,0.588356670283472,0.131480284101896,0.138461957764346,0.273591009114833,-0.62502562519711,-0.562714327411528,-0.663657203472236,0.562939729399557,0.688634852018018,0.248952454653696,0.0103282097258654,0.122766865654357,0.264141499696607,0.0104887116804984,0.465254581660765
"GOBP_REGULATION_OF_MYELOID_CELL_DIFFERENTIATION",0.024450531116187,0.0234979783054055,-0.0298051276277869,0.0944851315309292,-0.0263557822053225,0.263929401957669,-0.332799751605211,-0.243322303717558,-0.271580505179564,0.279649199400926,0.200052040015209,0.106256534029716,0.00146986862077724,0.446582182945448,0.339279167175172,0.00335965328767264,0.0504437323581123
"GOBP_POSITIVE_REGULATION_OF_MEGAKARYOCYTE_DIFFERENTIATION",0.062662232831183,-0.110698411536053,-0.0192460189780249,0.155878062263883,-0.0112455661839197,0.477100584787248,-0.384728982956725,-0.457748489549389,-0.400152525274241,0.0479409733673135,0.0682716767997352,0.359199391665975,0.00739687099311708,0.795845387241154,0.245547472800602,0.0249575085288394,0.207644968624021
"GOBP_REGULATION_OF_MYOBLAST_DIFFERENTIATION",0.139909801212158,0.124790355924261,-0.105887393102269,-0.0100159018754798,-0.135424572052218,0.160391051963201,-0.17871335932665,-0.312611525594602,-0.350233247916722,0.161625944366451,0.239032317848476,0.281399978251389,0.031445008185401,0.107123836926535,0.702864639921406,0.00217791068262434,0.146730326679127
"GOBP_POSITIVE_REGULATION_OF_MYOBLAST_DIFFERENTIATION",0.252540408444868,0.161377637881446,-0.0280371421565982,0.119228187607416,0.123561255011889,0.320862938496192,-0.427480989441477,-0.447863277637843,-0.536714943156431,0.190108083092645,0.278722373614554,0.369632517255075,0.00992720961186005,0.341717597010714,0.607472976553997,0.000616637477207442,0.209976894310389
"GOBP_REGULATION_OF_OSTEOBLAST_DIFFERENTIATION",0.198136929641538,0.062655597983738,-0.0120826415307853,0.189195516609954,0.0436229729886717,0.152744677545255,-0.204825319761538,-0.215858090959289,-0.0812437906208886,0.132161881188595,0.183586170662518,0.114773659305995,0.0343388497415578,0.777944033385706,0.581523458822632,0.00845886307495149,0.433137056500043
"GOBP_POSITIVE_REGULATION_OF_OSTEOBLAST_DIFFERENTIATION",0.28800494100822,0.108128534998333,0.0856412858164624,0.131417657644178,0.00816385823429033,0.245652073886511,-0.284007373867225,-0.284601005753586,-0.0990897882275081,0.100200055191001,0.179524020162243,0.12808335593822,0.0126072936066181,0.925119662221473,0.748952986693932,0.0183063216528267,0.745587596266668
"GOBP_REGULATION_OF_OSTEOCLAST_DIFFERENTIATION",0.144620671826939,0.145199502367905,0.10182561987067,-0.0690946762608398,0.0115360312557471,0.116174163729097,-0.363947918960228,-0.320727780314697,-0.235710853146417,0.416206012251451,0.220334879211305,0.190710995475573,0.00325426798951353,0.0486835054370773,0.167426201699429,0.00508492493219297,0.172179906155372
"GOBP_POSITIVE_REGULATION_OF_OSTEOCLAST_DIFFERENTIATION",0.11946226784183,0.075511554390311,0.107350027730929,-0.235079104652883,0.0074387172646409,0.422671783902108,-0.447477138127749,-0.234985628224971,-0.247362244510144,0.435563853410918,0.225082599449012,0.183998189589161,0.023671362520826,0.382174276072479,0.869602259997354,0.00493514305485503,0.142583442025886
"GOBP_POSITIVE_REGULATION_OF_GLIAL_CELL_DIFFERENTIATION",-0.047667199972235,0.145105683741824,0.121031077505019,0.112775110397657,0.370806438139668,0.202783226206067,-0.227942136382935,-0.291571357922422,-0.185005999356575,0.190300588119746,-0.0337494201998255,0.110549965906811,0.0206165632080081,0.236446620079329,0.186215937147771,0.023286512004929,0.86484956575205
"GOBP_NEGATIVE_REGULATION_OF_DNA_REPAIR",0.229811665153786,0.0117413797135833,-0.0203846906681286,0.295832965874546,0.228322909348745,0.488615705413344,-0.494531532217579,-0.476469282371905,-0.540168300262516,0.26254074618549,0.389129852052313,0.193752009864462,0.0140561692511263,0.597647179602071,0.0757290822966238,0.00260511459523577,0.105515609738021
"GOBP_POSITIVE_REGULATION_OF_NOTCH_SIGNALING_PATHWAY",0.196048456547937,0.121152935591466,0.00798513757778171,0.161656697023797,0.118811938083474,0.212398710352755,-0.380672671404109,-0.368781613215614,-0.286755630425224,0.303269677180031,0.371835410370792,0.201742953817955,0.00486998277386775,0.104839612164802,0.428598106360152,0.00105824226568696,0.0677083761008358
"GOBP_REGULATION_OF_ADENYLATE_CYCLASE_ACTIVITY",0.0768328760465966,0.11679490175282,0.231253258662677,0.0631952999990522,0.0554118334512191,-0.154002226766946,-0.208541128513463,-0.0909391664662962,-0.132050372583138,0.207868252155579,0.169556944866793,0.203618979188506,0.00950917279908706,0.0979016199921654,0.156568037914216,0.00548632498256245,0.378311345088434
"GOBP_POSITIVE_REGULATION_OF_ADENYLATE_CYCLASE_ACTIVITY",0.0244669199073032,0.0342889873158619,0.366176232423549,-0.111099162540657,0.00367589304431401,-0.114796310530459,-0.269448096054814,-0.301449665360315,-0.451310958090335,0.476089911252088,0.379373053648987,0.391381150991215,0.0322443383679711,0.000764803854028994,0.186386180624281,0.00112811188828932,0.126552265597411
"GOBP_NEGATIVE_REGULATION_OF_BLOOD_PRESSURE",0.0109454851531001,0.0383197099423324,0.124086836742629,0.143816312686269,0.0478608534967474,-0.0680513366573923,-0.204631096855306,-0.148931213008557,-0.0283183731248121,0.117667597618792,0.335977648926305,0.218180864363495,0.0493319735792017,0.106302492407972,0.82770163646416,0.0137082202777436,0.10117952139781
"GOBP_POSITIVE_REGULATION_OF_OSSIFICATION",0.216692571698692,0.0955994012985439,-0.0540935278227312,0.0437016621408928,0.182793646583944,0.25177187124388,-0.110253798612054,-0.336092638995277,-0.223117321824687,0.195406802659037,0.178909063410382,-0.00227552898168554,0.0402667957492424,0.708186911372028,0.503656003232584,0.0188102582027921,0.726261405548106
"GOBP_POSITIVE_REGULATION_OF_BONE_RESORPTION",0.056554734491281,0.0938136017688008,0.335757930187642,0.220277570884959,-0.0566902832512009,0.303558391486939,-0.385752803152257,-0.365788619350888,-0.378099770744101,0.515128624794189,0.223897499387517,0.188073304195109,0.024977437126417,0.365431807091896,0.966143846692873,0.0217830895384692,0.340883002619278
"GOBP_POSITIVE_REGULATION_OF_CELL_CYCLE",0.158745496924638,-0.0277631469703756,-0.0772143330253603,0.0195713759154999,-0.0690414053528389,0.269091704186126,-0.318523434121315,-0.316682654441785,-0.335587638434343,0.162992404461254,0.11110595695357,0.122240664043621,0.040672067889616,0.620996770647722,0.681456390827856,0.000317644528883722,0.2500147151464
"GOBP_NEGATIVE_REGULATION_OF_CELL_SIZE",0.267392794347605,0.420950067723789,0.0779974932980141,-0.303956200933844,-0.0900680051340761,0.138825547567626,-0.346699872536084,-0.230410784939498,-0.401334525601414,0.520227688523614,0.205925222567089,0.310157293484735,0.0139826235149885,0.0581615210426918,0.107407666875411,0.00711118793250385,0.543311056311365
"GOBP_NEGATIVE_REGULATION_OF_ENDOCYTOSIS",-0.0168613875678174,-0.0401086225045314,0.13177890526753,-0.0286276611676028,0.00519138894141688,0.204443784766803,-0.128137480906318,-0.209554687355699,-0.351387290814519,0.316924093064485,0.393829488832467,0.116401173352391,0.0413625319518211,0.123277942168908,0.717157339759113,0.00986491794261671,0.0739870621307826
"GOBP_POSITIVE_REGULATION_OF_ENDOCYTOSIS",0.24986372323335,0.143077865929024,0.00727912656123389,0.0248400133752315,0.104994815589628,0.275017728766061,-0.382464537037662,-0.320336169089038,-0.364570959353207,0.298762906415056,0.345525965141117,0.203322587694367,0.0151055955519393,0.175320388944815,0.988629661649659,0.00123763602399269,0.158077008419624
"GOBP_POSITIVE_REGULATION_OF_ISOTYPE_SWITCHING",0.0681714268580702,0.0658504456872437,-0.0146938931863466,0.0768330012008996,0.195611368604727,0.483226751725401,-0.45155461341987,-0.550840739776222,-0.489992605324791,0.241454818282131,0.287723181620263,0.0607449052466927,0.000176662637510281,0.716339571479156,0.216812461284597,0.00417583908937846,0.139249303864032
"GOBP_POSITIVE_REGULATION_OF_LIPID_METABOLIC_PROCESS",-0.0657401470862605,0.0860182449751623,-0.0650597220579549,-0.00221322349206898,0.0771410159230918,0.0954126032760418,-0.204133354116048,-0.180119987149428,-0.248789185511191,0.306773343038259,0.21433200423533,-0.00384179846542218,0.0454692036997489,0.336303661808749,0.302901940609734,0.0474694502574624,0.169365890497493
"GOBP_POSITIVE_REGULATION_OF_RNA_POLYMERASE_II_TRANSCRIPTION_PREINITIATION_COMPLEX_ASSEMBLY",0.51695116501852,0.196581027243637,-0.00766317945357187,-0.394318506747749,0.0799327585242146,0.138252156329114,-0.473063628472896,-0.39137193476592,-0.356455691374702,0.556725987630779,0.511919228830054,0.395168414179875,0.0461571073807556,0.0737304269599522,0.266465022758965,0.000209100045530594,0.234762042398367
"GOBP_NEGATIVE_REGULATION_OF_VASOCONSTRICTION",0.721115276993538,0.165432407120729,0.50126756538787,-0.557478803519021,0.247352163900228,-0.317158478472709,-0.285199709468614,-0.475022595358276,-0.0384226526876231,0.253712563700973,0.53905827718516,0.374117240308245,0.026063425371629,0.116980134313332,0.0891591859375959,0.0169234175962159,0.712313297319608
"GOBP_POSITIVE_REGULATION_OF_COMPLEMENT_ACTIVATION",0.426233394585495,0.630987456774303,0.429198024558834,-0.604712658822546,-0.42330255006542,0.15293033259062,-0.306528177202048,-0.371209431828983,-0.603714963319947,0.295832930209777,-0.0736369852452187,0.571669814386216,0.00166855133886038,0.135314597552651,0.0646564118349222,0.0472928607829636,0.34386269136135
"GOBP_POSITIVE_REGULATION_OF_EXOCYTOSIS",0.0518933260435551,0.178416066987503,-0.0658022527264771,0.182396906648679,-0.0086306601192721,0.111811353411327,-0.341758887654278,-0.285401091362294,-0.318715229886225,0.268953153780595,0.178383766833625,0.0575967180931242,0.029147794851924,0.427543413744893,0.677917819824708,0.0113589864493671,0.292341167215331
"GOBP_NEGATIVE_REGULATION_OF_GROWTH",0.067972029147136,0.0655814373611915,0.104170475065511,0.11334714778447,-0.0536010994923591,0.151573215968395,-0.290320474341337,-0.288108528111171,-0.304393417208216,0.288772273000263,0.21794188987715,0.120246817787905,0.000244080742985419,0.161634813043616,0.902723660023016,0.00872864793227288,0.109436560230952
"GOBP_POSITIVE_REGULATION_OF_MITOTIC_CELL_CYCLE",0.168248138886786,-0.0723971270132067,-0.00137416467741597,0.106574063237106,-0.031629951054511,0.366676286620193,-0.385649073037844,-0.389510228142155,-0.411022510161037,0.268789942178613,0.189730249417033,0.17170024661877,0.0256527856555324,0.648574867392981,0.454544650511908,0.00136635750674222,0.114743019885225
"GOBP_POSITIVE_REGULATION_OF_NATURAL_KILLER_CELL_MEDIATED_CYTOTOXICITY",0.204003204550927,0.0430742820462239,0.294176696884742,-0.00636317933590969,0.0188653826017084,-0.103466075672392,-0.248842393097995,-0.193413587836263,-0.357688426107646,0.187356585965291,0.2409870836352,0.112752194411999,0.0103202932125225,0.0161191969040761,0.0842395785231771,0.00233667304259546,0.999529201442765
"GOBP_ADP_METABOLIC_PROCESS",0.0253487001437192,0.120024208533208,0.0941051635372668,-0.076045067990877,-0.0228180407568698,0.19903749732534,-0.22550315172724,-0.208110988485159,-0.328572838917534,0.406635034018361,0.235833036313843,0.0202056310114657,0.00274053413655219,0.256450156816301,0.644814891999788,0.0399474801229746,0.33363472690091
"GOBP_GTP_METABOLIC_PROCESS",-0.0381415208128104,0.0223675809529005,0.0825035976010772,-0.0477802595881618,0.0487692637238957,0.135822881437376,-0.189309953850334,-0.328370891703747,-0.202784162077081,0.194143009856781,0.421488729770811,0.204272784355176,0.0109260099880525,0.0734528541585224,0.734127893473737,0.00745527854118041,0.0588272044257158
"GOBP_CYTIDINE_METABOLIC_PROCESS",-0.400723528889277,-0.0727365531514976,-0.469908034025346,-0.219061186933561,0.149572380505294,0.24575814011591,0.220350013830746,0.423879083937023,0.14229917414255,-0.48551802448943,0.00230451994233646,-0.314061162126822,0.0223835137213207,0.182065697111425,0.118538402729677,0.0449350143061495,0.80887854102752
"GOBP_PYRIMIDINE_DEOXYRIBONUCLEOSIDE_METABOLIC_PROCESS",0.246906597730804,0.614293138713582,0.476972196291069,0.356918810307856,-0.0642408381102975,0.374958045755542,-0.640934055382387,-0.66339665564324,-0.802951813852388,0.663908587224092,0.320674306459541,0.0834815001372677,0.00287581515403324,0.579725861160939,0.285142531983846,0.017660991759689,0.67936499834021
"GOBP_PURINE_RIBONUCLEOSIDE_CATABOLIC_PROCESS",0.288508250923533,0.420803945450164,0.0633626001408803,0.229350027737661,-0.326060799254163,-0.187351301313908,-0.562648930209079,-0.366776949452684,-0.546479711749324,0.542518444250409,0.57237757771719,0.180799064543178,0.00661552232458997,0.0700927302607,0.161613116354081,0.00765741159954196,0.348210280615928
"GOBP_PYRIMIDINE_NUCLEOSIDE_CATABOLIC_PROCESS",-0.386418688855221,-0.101521553259654,-0.33578431365035,-0.14662830987065,-0.0186522194185006,0.222514511508662,0.158959897747059,0.241249929451744,0.0779082713786848,-0.200053290583018,-0.0580939342668572,-0.0502950566086125,0.0213729523560482,0.38532589264995,0.10571446858722,0.0180435603980591,0.181834603907004
"GOBP_PIGMENT_CATABOLIC_PROCESS",0.29575868111315,0.630137635242597,0.625302991700482,0.0679253244576963,-0.323310675101016,-0.381544163134562,-0.6611250246962,-0.517349139939153,-0.437730426309424,0.796978777629862,0.67626824216395,0.593502382649154,0.00280895200541511,0.013293759079064,0.0170494346657802,0.000163933223472593,0.262729490227759
"GOBP_ALDEHYDE_BIOSYNTHETIC_PROCESS",0.0308243283591271,0.316759464502396,0.285898326348556,-0.154483691110935,0.156802499354619,0.185053492048218,-0.189910776905817,-0.515432597766974,-0.423691142624502,0.584968390717805,0.204061227063391,0.418677744898922,0.0115522450324182,0.093083790581544,0.354603031609123,0.00634390133934415,0.253394935901684
"GOBP_REGULATION_OF_FATTY_ACID_OXIDATION",0.162440091538048,0.182072944740072,0.0678347306774598,-0.182134824150897,-0.132335773203516,-0.0430093908710438,-0.210281218334775,-0.28193266788583,-0.188387621790172,0.434389111694398,0.35608453411535,0.0901498681428864,0.00156091942030455,0.0438609577634561,0.00932134075308192,0.0306543569539314,0.269633874161016
"GOBP_GLUCOSE_IMPORT",0.176929968874469,0.0331111837189493,-0.0154654657190008,0.00567980561636675,0.0134724205084256,0.231302170761905,-0.201474994132685,-0.342006332771592,-0.295201113691203,0.177361513852994,0.323136862307672,0.239572476132179,0.010679384532723,0.145934934285414,0.852865508200899,0.000879960610160055,0.0695662194871316
"GOBP_REGULATION_OF_GLUCOSE_IMPORT",0.169609455839058,-0.0579606700541256,0.00957343813328765,-0.0747740230036513,0.00326560667322509,0.240831754757679,-0.157292410732712,-0.312711106405158,-0.2503703067048,0.0754047443468985,0.337439951381335,0.231080187897696,0.0321704168829493,0.266336338144268,0.897819719484913,0.0116592982837731,0.162849651192488
"GOBP_POSITIVE_REGULATION_OF_GLUCOSE_IMPORT",0.321115482074906,0.189832241830407,0.120009539140272,-0.121807652038928,0.0209765929302692,0.352292832674188,-0.467419527225603,-0.428775359024888,-0.28292855835005,0.0357579224415169,0.451411231291286,0.343232327867685,0.00178631949348955,0.362691401131476,0.473585283830015,0.019319409480063,0.663954009949566
"GOBP_NEGATIVE_REGULATION_OF_JNK_CASCADE",0.116100399333788,0.163032509095702,-0.0808707875780462,0.117085328474174,-0.102381360545217,0.364244390273147,-0.404231061919144,-0.416316487127801,-0.36543554855477,0.174307912687346,0.212884867534651,0.305202953865647,0.0215775226095811,0.524233684368106,0.721070672653814,0.00132540682799311,0.145199519319653
"GOBP_CDP_DIACYLGLYCEROL_METABOLIC_PROCESS",0.307048037370109,0.223314708472238,0.204677712863193,0.137876219366546,0.215378958167657,0.373391978927319,-0.637439129872,-0.646666687384047,-0.473382148829959,0.376142737785273,0.343109877858312,0.294081646570608,0.000801825848701216,0.300586136263159,0.973146757764197,0.00110602568652651,0.083382155264278
"GOBP_AMINO_SUGAR_BIOSYNTHETIC_PROCESS",0.35717323867835,0.254603941105179,-0.106859775983984,-0.305237431286079,0.197479672811213,0.337140479879582,-0.527486192441825,-0.519226871380833,-0.593872497977028,0.413219141959071,0.528452278234255,0.502382288897334,0.0335662404273274,0.170025133912645,0.723817687262095,4.75078526124999e-05,0.149443013050363
"GOBP_MONOSACCHARIDE_CATABOLIC_PROCESS",0.159738551476985,0.418533013686208,0.223114304750753,0.05959302339254,0.136534568525436,0.198523372942726,-0.367135187519982,-0.400374828326732,-0.450405081266788,0.426314807995599,0.320844154104996,0.36850550091118,0.00832581244379281,0.0105320123809587,0.219757303300178,5.41179782765164e-05,0.311246187564937
"GOBP_URATE_METABOLIC_PROCESS",0.394675850661654,0.484736012856863,0.500219699001274,0.106166395320574,0.579949759902116,0.298775640777957,-0.39482613455678,-0.410231743197749,-0.278807197970975,0.393165597824361,0.0974354322304956,-0.0214541473430439,0.000140631789466753,0.405268626556981,0.441678118251219,0.0409534536098825,0.124707742163848
"GOBP_SHORT_CHAIN_FATTY_ACID_METABOLIC_PROCESS",0.120590732508438,0.154879288057401,0.322242110306398,0.0407993673709802,-0.0587973326196531,0.0806961124108007,-0.435083021755786,-0.458495117589884,-0.337487489023786,0.530245317920705,0.349072427495601,0.270666606350603,0.00256690766436693,0.0242579548173654,0.0853748752500033,0.00308956805784792,0.139361046343621
"GOBP_MEMBRANE_LIPID_CATABOLIC_PROCESS",0.323362262083726,0.357246058124378,0.434709096121556,-0.0645520767505917,0.0852872918031967,-0.00134055023769969,-0.520843763061361,-0.520215121332831,-0.38168617792818,0.457213107202927,0.483328076645101,0.351144300948889,0.000225278338474723,0.00206614162242619,0.00330223087776471,0.000138995144486761,0.325012527100328
"GOBP_MEMBRANE_LIPID_BIOSYNTHETIC_PROCESS",0.194823090336391,-0.0336959908343535,-0.0207857230861641,0.0180950398834824,0.106860856119017,0.13464466624942,-0.276540323193882,-0.237416834849418,-0.272169040601719,0.273572788588037,0.235107192780219,0.140102994541112,0.0495841069721446,0.071523647939889,0.662654829876678,0.00380587042920105,0.135405998378166
"GOBP_PHOSPHATIDIC_ACID_METABOLIC_PROCESS",0.293844768226144,0.332947084957906,0.0969521520948455,-0.127546938438849,0.0407674334903222,0.161476625507231,-0.393644249614998,-0.364262374625063,-0.309997684650238,0.33626745625326,0.50194592034069,0.331544960687376,0.0088736972175334,0.0281633730480252,0.124815826682991,0.00182204830736475,0.186299116401968
"GOBP_GLYCEROPHOSPHOLIPID_BIOSYNTHETIC_PROCESS",0.21144949970521,0.0627912800733963,-0.0520878854158722,0.00259236510139149,0.0618779053157125,0.236352783232558,-0.388131866714759,-0.360887142912478,-0.422308578136428,0.38061093356532,0.366873935593417,0.332005689788426,0.0213134802003333,0.0605192308621062,0.812806968225774,7.60177813347985e-06,0.0598211740676478
"GOBP_GLYCEROPHOSPHOLIPID_CATABOLIC_PROCESS",0.202029280604231,0.273019620438791,0.269421144830752,-0.0794037407653413,0.142517239238401,-0.064809237724094,-0.343766617682768,-0.215379666437529,-0.135930858864608,0.242145265878714,0.380996531211512,0.243725461692831,0.00847238862449057,0.0349440448445221,0.0623901127405981,0.00305521781809495,0.486968480100553
"GOBP_GLYCOSPHINGOLIPID_CATABOLIC_PROCESS",0.146799434116971,0.370873666380483,0.337353007576425,-0.308480166197222,-0.0926040909612662,-0.173344742037517,-0.502658816679113,-0.480549506940502,-0.421715914103994,0.410018192698252,0.498679482200402,0.420567142416469,0.00441303884424998,0.0037619939365044,0.00733346766031657,1.91304579123472e-05,0.139024584414915
"GOBP_GLYOXYLATE_METABOLIC_PROCESS",0.293639559983555,0.560945699508043,0.46140903262754,-0.108273160239586,0.253727944710659,0.145414042095711,-0.206819016590075,-0.68959957014101,-0.297763153836928,0.266949286685159,0.70745137345884,0.398720313248186,0.0150429117941969,0.102215977883687,0.067344303763651,0.012734722606379,0.907660914096834
"GOBP_PHOSPHATIDYLINOSITOL_METABOLIC_PROCESS",0.184713815914815,0.0513017437993406,-0.128712910076046,0.139749047281719,0.110564293397327,0.199505963259212,-0.415270602812347,-0.383465825100112,-0.429139967123075,0.333154709671026,0.388833133115846,0.334859713924457,0.0366970872864966,0.00459785169612786,0.3352865152632,1.02991734542103e-05,0.0680924189414597
"GOBP_GLYCEROLIPID_CATABOLIC_PROCESS",0.175700792331616,0.168582652178856,0.215073415512902,-0.228198299768745,0.188722180940554,-0.0225378039057215,-0.283878916872107,-0.153985409294687,-0.196553087744129,0.311680232394966,0.310301404580763,0.185165257437053,0.00433301429384241,0.126080145874579,0.226141606876022,0.0011069799624368,0.179021694892046
"GOBP_REGULATION_OF_INSULIN_RECEPTOR_SIGNALING_PATHWAY",0.0979746432870394,0.132794612926462,0.133567136317764,0.269439771321251,-0.0809393741441586,0.251769583289808,-0.282414366103959,-0.366653481254646,-0.421839226613414,0.295220013682482,0.369074708824621,0.125041350052529,0.00431296651034691,0.445314909891581,0.845270863661223,0.00418762618155375,0.186179052041566
"GOBP_GAMMA_DELTA_T_CELL_ACTIVATION",0.0132188914280499,0.182827211515261,-0.0749196641813174,0.36725788292986,0.423029701500619,0.252466378559771,-0.356427821183087,-0.41124555513911,-0.309123506207773,0.264561026859901,0.0244998172169253,-0.0464057058314493,0.0224339457080458,0.0861729238374052,0.0343572699981218,0.0333551082580664,0.754800906128739
"GOBP_ALPHA_BETA_T_CELL_ACTIVATION",-0.0514148572692096,-0.0651944207329696,0.0181028980717024,0.137982364547092,0.164425091486106,0.228177037942446,-0.280120412597485,-0.322626296498729,-0.322077964941423,0.357386991915636,0.229752420216419,0.0804231362346539,0.00225787428401649,0.633851301033533,0.00487759251704508,0.0194217966900087,0.0740981411388911
"GOBP_ALPHA_BETA_T_CELL_DIFFERENTIATION",-0.0345145914545538,-0.0372025861588483,-0.0127836861730232,0.10455121729735,0.13131666222127,0.214385487388038,-0.274689965825797,-0.301875519144136,-0.334650847219465,0.371814856747988,0.199121818152699,0.104510285278059,0.00108152472147778,0.448673027162465,0.0275020139213533,0.017413774683086,0.0822344965592044
"GOBP_NEGATIVE_REGULATION_OF_ALPHA_BETA_T_CELL_PROLIFERATION",0.0534863551961753,0.103896378627045,0.498734403985827,0.0425989382824042,-0.213165130390327,0.102213974796966,-0.256979985047466,-0.300130532050715,-0.461530166280795,0.447734524165587,0.423719764133369,0.270111098876852,0.0414959211087696,0.0328479604417221,0.238918570622579,0.00105029140725568,0.373830609932884
"GOBP_TETRAHYDROFOLATE_METABOLIC_PROCESS",0.244306245381145,0.0330101891623328,-0.0169457429956503,0.36392310147656,-0.0382016648342669,0.574915344563838,-0.690627929777061,-0.483121873517036,-0.609440347953615,0.352995613897213,0.300095797046905,0.37586497014453,0.00318078226510022,0.834798473626857,0.36373056336645,0.00162548289288078,0.0759179939856522
"GOBP_FEMALE_SEX_DIFFERENTIATION",0.140606149158669,0.060044388282493,0.0183995571105906,-0.0163593802742379,-0.179059575424472,0.178124825815158,-0.143908082071555,-0.210373864167088,-0.117223120799768,0.173055095229927,0.0144598235471987,0.175050834884192,0.00834439147264067,0.355560688706917,0.533040550890752,0.0187799802973232,0.502769464421189
"GOBP_RESPONSE_TO_ANTIBIOTIC",0.284733000018454,0.0915966916525772,-0.00964469570564552,-0.0137463138387527,-0.0607623524952248,0.226520190490941,-0.463969120243175,-0.316258562581319,-0.458380500815313,0.436286640472563,0.394192807749624,0.4769673214767,0.0110000252520066,0.0415926979359313,0.594777926316524,0.000643871883995282,0.0591675841671616
"GOBP_RESPONSE_TO_CADMIUM_ION",-0.11299388998293,-0.0385120205862282,-0.0473085525596282,-0.000751173017852325,-0.139375342621603,0.319690324181325,-0.273903895436703,-0.247744613532179,-0.387692233796843,0.240828409858807,0.0512670142847777,0.0871687109990693,0.0156363122702785,0.686114704209116,0.452389524530199,0.00520637722896067,0.0644457551208211
"GOBP_RESPONSE_TO_MERCURY_ION",0.251131475013015,0.364617292609273,0.172390031526199,-0.0983026776999479,0.0295382960743681,0.307192059802483,-0.364909749243219,-0.408235351461106,-0.559039010288441,0.344824490269034,0.187792050271372,0.25315937682998,0.000966121096026792,0.263712042625175,0.264440949927403,0.000918803307934678,0.991818022752636
"GOBP_MUSCLE_CELL_CELLULAR_HOMEOSTASIS",0.259472214075964,0.179865359764037,0.328927742454092,-0.225299852669007,-0.250021077038042,0.281217051419192,-0.192807786417239,-0.176489142990441,-0.261364529984175,0.0852397945171951,0.0938439758145852,0.130246776768276,0.00181854592137476,0.434724549583829,0.199903048809811,0.00166281936000721,0.0595449085883265
"GOBP_TRANSPORT_OF_VIRUS",0.259809137616681,-0.0104691593237637,0.094661909695299,-0.000406726619500253,-0.118847598075347,0.100593915837505,-0.430432610701072,-0.344128311109205,-0.318328722770204,0.201326765584245,0.248652769519255,0.295588244785801,0.01462440477255,0.0407875560729898,0.300336876151447,0.000195287225880133,0.2250250723658
"GOBP_POSITIVE_REGULATION_OF_PROTEIN_EXPORT_FROM_NUCLEUS",0.052396896275107,-0.0367566598676905,-0.181683197830385,-0.196214554739972,0.100596316574198,0.189275322686999,-0.436752217077145,-0.357959606345029,-0.552041460613105,0.296879949975539,0.348673343062894,0.0379348425279605,0.0121875074126699,0.265373301756595,0.564181764230398,0.00721719115901119,0.0811530670102816
"GOBP_LIPID_PHOSPHORYLATION",0.233595349570447,0.254918383347473,0.0976095441860412,-0.0496503635181907,-0.0693825726232369,0.345987591222787,-0.144418217614599,-0.384812885460886,-0.235671732816911,0.352160549300429,0.59557145374417,0.0691769714185216,0.00841495638071762,0.266338047637226,0.477037415591112,0.0423161300568769,0.449513334396033
"GOBP_CARBOHYDRATE_PHOSPHORYLATION",0.277963517000783,0.378832084114622,0.251869018288688,-0.00505491220948812,0.198635454915662,0.163025234223271,-0.423007571180348,-0.505742743422867,-0.570834728936267,0.494004774316304,0.366651518048811,0.292812360455263,0.000164517186324595,0.0368532494229561,0.0798537010275829,0.000433971513885452,0.319884881489629
"GOBP_BONE_REMODELING",0.153259559680346,0.146435872242589,0.214154405364397,0.169907283393542,-0.0187157080803105,0.0646257974398026,-0.268247217584592,-0.336182075739814,-0.268497784731888,0.319225256852487,0.138229524281216,0.0939638007522871,0.000122915432995273,0.275409967665858,0.202489294641676,0.0135117004437131,0.875906859113294
"GOBP_REGULATION_OF_BONE_REMODELING",0.162233641478014,0.0870848329517178,0.223625102882859,0.208451078445727,0.0837862509150853,0.0745826575687517,-0.299141945448253,-0.288816643942414,-0.2811870270448,0.256274520517145,0.118442881793752,0.120638922501742,0.0069269747600101,0.532526363040221,0.578269541578507,0.00919676852574734,0.907496252377022
"GOBP_QUINOLINATE_METABOLIC_PROCESS",0.498169737137382,0.448286293140548,0.0917734604505189,-0.185283727775092,-0.0594366048583209,0.511615667517717,-0.553161876729511,-0.344042982743197,-0.567704866856015,0.52993176108008,0.315806800611257,0.191499613883488,0.00941028398220373,0.3610913689567,0.373332455514841,0.00332097983841466,0.998473184125505
"GOBP_REGULATION_OF_HORMONE_BIOSYNTHETIC_PROCESS",0.0804997284836171,-0.0341263822526278,0.178430362468855,-0.247333036691063,0.222244068055937,0.196031019733507,-0.255260696755688,-0.460249291872703,-0.269061397875903,0.137023876036749,0.109451005752617,0.222025429986466,0.0112494719817133,0.584926986886263,0.920748073498388,0.00747887336402165,0.32789683240047
"GOBP_POSITIVE_REGULATION_OF_LIPID_BIOSYNTHETIC_PROCESS",0.12530124780641,0.164348314561905,-0.0612889963437341,-0.133509774601315,0.00361253082658333,-0.0606915639873748,-0.217667263307386,-0.154045772561153,-0.288102521602136,0.336692339407658,0.263602846465545,0.146568723617512,0.0315446738198764,0.012735426787551,0.174627824051638,0.00338292781166477,0.127554039689254
"GOBP_REGULATION_OF_LIPID_BIOSYNTHETIC_PROCESS",0.0871620983612038,0.129537391567119,0.00637127141168203,0.0111987922247208,0.0655167832373098,0.0180430005095779,-0.20813814712177,-0.184236324068482,-0.234646011997731,0.303964980776913,0.240091111215987,0.1255465893847,0.0082017493802991,0.0552257088218478,0.366603746120391,0.00994912721190205,0.087065900526484
"GOBP_REGULATION_OF_MITOCHONDRIAL_MEMBRANE_PERMEABILITY",-0.171670569742646,0.0444132389610014,-0.124115830564252,-0.0702648781865267,0.0105109410655313,0.0994927906747622,-0.313216128249624,-0.255135419103491,-0.443734568558137,0.464777152991858,0.364894581512566,0.0434706156320683,0.0434737879702502,0.148764890007732,0.306287362420652,0.0243735766218981,0.0791024602698324
"GOBP_SECRETION",0.0717250272717204,0.140691416546755,0.0485564488143147,0.0258609988631856,0.0533611318489803,0.0741269743793298,-0.228838026524159,-0.266680154020302,-0.244152654760453,0.266857730179514,0.190734540210258,0.128838797094252,0.00278461805759468,0.0557955219545698,0.332019154221295,0.0052104483254349,0.097514576478976
"GOBP_REGULATION_OF_NEUROTRANSMITTER_SECRETION",0.216147975927166,0.0744277637096494,0.0320812249451531,0.0602499239507892,0.135443975638492,0.00408172604604706,-0.300811450332467,-0.350417127482421,-0.34714094203506,0.169610336617813,0.130611621314184,0.105730744458513,0.0107966823943968,0.206103921427408,0.580347500174875,5.22597958574486e-05,0.67510909566104
"GOBP_PORE_COMPLEX_ASSEMBLY",0.275490438245944,0.00650710671607699,0.0528249661729489,0.113358779440183,0.170122410657855,0.443096338946015,-0.509475501583737,-0.440557066268488,-0.638095526085066,0.308559260390918,0.327421771604064,0.441501355265915,0.00462256310191788,0.374586490923623,0.378507667917208,0.000414012352163102,0.0775047034164558
"GOBP_KETONE_BODY_BIOSYNTHETIC_PROCESS",0.20282629310436,0.629127260802719,0.747237099872572,-0.134089403696558,0.323161445188792,-0.774703698832958,-0.366327111606588,-0.637565156009621,-0.398277153027134,0.718484448140968,0.585106382978747,0.422681233137016,0.0128542615011591,0.128442159270051,0.137634424255212,0.000996330265818439,0.809322522212532
"GOBP_ANTIGEN_PROCESSING_AND_PRESENTATION_OF_PEPTIDE_ANTIGEN",-0.216240697842441,0.00162634056978703,0.0338358211813829,0.00295193640137598,0.211059426115746,0.273719410638704,-0.330208053039267,-0.336014519766296,-0.427469659855193,0.38830847977995,0.16784465402187,-0.0536517008064945,0.0456414334806382,0.975898107034599,0.121043027615262,0.0459996500834409,0.217035705628623
"GOBP_INSULIN_LIKE_GROWTH_FACTOR_RECEPTOR_SIGNALING_PATHWAY",0.189324805067813,0.33356055310052,0.324618896265512,-0.0388073149998861,0.109306102008163,0.028203326213016,-0.352074939834209,-0.224155982507512,-0.157948160311338,0.164980720533535,0.321024699365713,0.150638660417545,0.00232620630453217,0.0644033040266187,0.017182841510335,0.00444150268458676,0.384241064229292
"GOBP_VASCULAR_ENDOTHELIAL_GROWTH_FACTOR_RECEPTOR_SIGNALING_PATHWAY",-0.0910094739231267,-0.0949429485461603,0.0663036694691642,0.00937892259370132,0.22694157860355,0.333590719000111,-0.328431258604605,-0.431015575971463,-0.23701580787541,0.381718340381986,0.194707960451298,-0.0287215342226688,0.0194394187267926,0.963653156774681,0.122147108808696,0.0323268443677861,0.193044387283653
"GOBP_EPHRIN_RECEPTOR_SIGNALING_PATHWAY",-0.000401077461116728,0.1785474134254,0.00731778738905925,0.026078534283037,0.0868117290286162,0.225383610504134,-0.204211275339887,-0.223738904124495,-0.236525207794512,0.477689205940054,0.208063472580597,0.235892003333833,0.0370488401234666,0.143781426807662,0.57262266539391,0.0240977012552658,0.0856585536126245
"GOBP_INOSITOL_LIPID_MEDIATED_SIGNALING",0.0543339899711095,0.0409270714528252,0.0417305558039813,0.0575415638875221,0.0337535503895426,0.0812105537198229,-0.265570544112691,-0.196073437605082,-0.174120468801144,0.150363978164319,0.264911193255729,0.123077912847191,0.0098662242308009,0.0958010755547103,0.483965716103984,0.003053661895568,0.0898293410033165
"GOBP_FOCAL_ADHESION_ASSEMBLY",0.272904195861073,0.157298804491349,0.0867443346754291,0.321920240207695,0.203670129130728,0.184609822458227,-0.472889348962889,-0.4330134247402,-0.310603098447693,0.40177576287135,0.332192400885977,0.314458742826897,0.00144255355432356,0.102812430166109,0.407193634642817,0.000736671692819765,0.0632498251807759
"GOBP_DEVELOPMENTAL_PIGMENTATION",0.154687073234709,-0.0367810818746092,-0.00866853582205446,0.241232991244506,0.00821158919263187,0.0854920113157769,-0.358995466271757,-0.284915815713969,-0.325676109293594,0.178386488900688,0.307564095053276,0.237009124193656,0.0173506915225112,0.193330904660807,0.455112114864905,0.000702850405083851,0.0542704210566712
"GOBP_AUTOPHAGIC_CELL_DEATH",0.333373732009277,0.278647121426329,0.027780698388407,-0.238584258565164,-0.379414475140706,0.27006335741699,-0.277933873798199,-0.495319700418815,-0.511054487207338,0.268737040323209,0.43085993894317,0.181764710235827,0.00683164029786587,0.163040662552547,0.233149353752813,0.00233712602438556,0.538129596027567
"GOBP_SOMATIC_STEM_CELL_DIVISION",-0.0245033405229706,0.440104464192781,0.356495687391216,0.382039348607242,0.162937713876215,0.552593468192749,-0.527489211621038,-0.385904917451658,-0.566718303325295,0.416570118784188,0.371832449741074,0.158050581753443,0.0229654264828815,0.735757083867606,0.585050671944538,0.00186420870247587,0.745163497014662
"GOBP_FIBROBLAST_PROLIFERATION",-0.0371555579768938,-0.119724892957453,-0.0363666372229658,-0.00520432787730241,0.081205075866146,0.225233311003306,-0.256798999581766,-0.237404103158496,-0.244909222122498,0.183389435744047,0.220176535876271,-0.026506718078077,0.0189485559695959,0.816842780928505,0.119460248015838,0.0394552046451628,0.119348526557002
"GOBP_REGULATION_OF_FIBROBLAST_PROLIFERATION",-0.0313652093919233,-0.0584459784326213,0.0139462367547536,0.0810200989181404,0.0463056913254618,0.230952441370314,-0.280114124399617,-0.225431170704125,-0.221846324502579,0.234898540470833,0.234432772449585,-0.036728685911464,0.00163364663959803,0.829892980656682,0.111835785195727,0.0455018830830047,0.197087497661082
"GOBP_NEGATIVE_REGULATION_OF_FIBROBLAST_PROLIFERATION",-0.173010339430087,0.0280265985205539,-0.0299991356255667,0.079112487501467,0.116599121457294,0.214886204909727,-0.342594008858676,-0.320507108805474,-0.353011316044614,0.37381462271778,0.255330351494295,0.0564696515539476,0.0395444219782554,0.436934426315583,0.0618231314502806,0.0245980430934125,0.0700995248707158
"GOBP_BEHAVIORAL_RESPONSE_TO_COCAINE",0.275441968828145,0.331981581536798,0.513986870185785,-0.303164174155708,-0.0550595459350922,0.204454766685258,-0.246112270553912,-0.173364446932349,-0.392421232285592,0.434743651432072,0.660774857984229,0.260765781705878,0.00273742067861589,0.0574878256448685,0.0826318670248166,0.0108352985011505,0.602179889026987
"GOBP_REGULATION_OF_SYNAPTIC_PLASTICITY",-0.0353320452271033,0.0875469783364578,0.0129088238913421,0.0967662535916248,0.0751468304694696,0.0271095908036186,-0.169477930849363,-0.0970773169684589,-0.083474495635662,0.048052599412493,0.00149161122362365,-0.0196922243330966,0.0401329577549265,0.121003432274825,0.354042602240839,0.0220046573303049,0.791994586284907
"GOBP_LYMPHOCYTE_CHEMOTAXIS",-0.0616969691273138,0.156266394972481,0.130054589721742,-0.00548450034526224,0.166748606004986,-0.14722300026279,-0.225723035310776,-0.148794745496052,-0.204619165691694,0.0972960813222009,0.229005503199094,0.160632781850531,0.048237490873353,0.218155796620961,0.573189159462261,0.00290604443753895,0.343858572723987
"GOBP_VESICLE_DOCKING",0.206791385068836,0.14274585362066,-0.0675985758109969,-0.225092230195743,-0.244936524487368,0.154025778354612,-0.25114069269791,-0.403805398928862,-0.381419133037136,0.320169575598753,0.340024805871461,0.344993227223875,0.0168903783770555,0.076486713329427,0.276538863509975,0.00407003073933312,0.0994426856717996
"GOBP_VESICLE_FUSION_WITH_GOLGI_APPARATUS",0.311868081945651,0.0880180226461216,-0.229453366097812,-0.294701294095519,-0.106455837870272,0.572772148298882,-0.70965536504661,-0.492917502796742,-0.566506922089889,0.267427269644143,0.536531414597026,0.615918342831091,0.0395282235010378,0.251118410386019,0.999049379391435,0.00228608964134126,0.102179414946215
"GOBP_ORGANELLE_FISSION",0.0178845206373539,-0.114619177879166,-0.160494146164895,-0.0925243956144572,-0.0326657255164235,0.285311009758178,-0.26109302922904,-0.242549476328166,-0.35998874300822,0.109306920441293,0.0803431902465542,0.0328009514823206,0.0420174613356361,0.876863361838292,0.364531517138281,0.00234589895825624,0.0798020066663114
"GOBP_ISOTYPE_SWITCHING_TO_IGA_ISOTYPES",-0.0296121826787777,0.321331106254737,0.0547367307621706,0.152533226898046,0.353569243808946,0.337911988496599,-0.40112994255915,-0.478672466149923,-0.674372918327991,0.531889892963912,0.324657529608693,0.404156517368489,0.0104937250588643,0.19147402062228,0.265289302694494,0.0010944741097447,0.0827978294047073
"GOBP_POSITIVE_REGULATION_OF_ISOTYPE_SWITCHING_TO_IGA_ISOTYPES",0.277710306395364,0.492032447877525,0.327169316792018,0.0315320505434795,0.475715957972579,0.510773130545035,-0.700426316395501,-0.696086338671503,-0.88835119253322,0.744003124387923,0.58343295932133,0.480767334704362,0.000240967970588851,0.2257372226727,0.886157870119621,0.000201912152902769,0.0791745758579039
"GOBP_POSITIVE_REGULATION_OF_ISOTYPE_SWITCHING_TO_IGG_ISOTYPES",0.379504461186157,0.0314600699112286,0.0107384330469189,0.0675421198407275,0.0330349940459994,0.415661823861073,-0.621042575886343,-0.470908822161097,-0.268039460078313,-0.089463415368139,0.128551336201927,0.303360108216683,0.0204076283865671,0.74604606872612,0.862762065218948,0.0210227357733065,0.880561390000767
"GOBP_MESODERM_MORPHOGENESIS",0.243354317911351,0.21820657469541,0.070069784897153,0.105522673400257,-0.169526633009549,-0.0239253261389512,-0.108138339085257,-0.166149645896487,0.00725549277028847,0.0375736446018123,0.159364500033708,0.159246816343846,0.0232345605346148,0.196305711328022,0.107301845231782,0.0356252179251312,0.439275472582396
"GOBP_OOGENESIS",0.224747778142998,0.172398223880068,0.0869385716045584,-0.0763939654981269,-0.14984357431611,0.171575163481354,-0.19051871864629,-0.19749005036297,-0.244882731495211,0.103221593375001,0.0125404247492551,0.0844909505730479,0.00499379642268924,0.478287830046418,0.197790920110787,0.00222655000510096,0.133315349054655
"GOBP_REPLICATION_FORK_PROTECTION",0.410824296783515,0.40483920848724,0.110579735376859,0.42426799615706,0.277461960479894,0.29420719601477,-0.727610590503292,-0.600111713902697,-0.486981384981842,0.299861768105967,-0.180979584455998,0.38282747199441,0.00252879766561385,0.450222415408517,0.846198958498346,0.0343767504010805,0.531291843248887
"GOBP_SYNAPTIC_VESICLE_TRANSPORT",0.266476708980634,0.130860155281333,0.140633615999988,0.0215057358619882,-0.267716408273987,0.23305190401223,-0.460877371466385,-0.434327325548306,-0.474857942026766,0.52807380689275,0.221449717866677,0.24657517294919,0.0028257374520393,0.137130024841721,0.332835190022291,0.0141520779468931,0.25813287324676
"GOBP_BLOOD_VESSEL_MORPHOGENESIS",0.108015415920688,0.0839633504888816,0.133294669339403,0.164428291200257,0.0806079978629574,0.0656894567455287,-0.263627143497181,-0.261714173619094,-0.180946455768085,0.136115959401775,0.160341870442165,0.156961122597647,0.00149302998430191,0.258667584985605,0.895761213998768,0.00293919969449716,0.0758578426776024
"GOBP_POSITIVE_REGULATION_OF_VIRAL_PROCESS",0.180696947270101,8.23412066531803e-05,-0.0678878771832221,0.0197188610647004,0.238847308412078,0.389753880500947,-0.495506326756788,-0.496271585009985,-0.50411521577635,0.390461670522641,0.227918928059058,0.253748210724413,0.0184868648373584,0.576475589039429,0.251645260594028,0.00396853170092915,0.0552982642229642
"GOBP_RESPONSE_TO_STEROID_HORMONE",0.14618626344805,0.0488231351810539,-0.0328558180694883,0.0256168165035652,0.0834461608008158,0.167472633032975,-0.300879925106506,-0.268651480654027,-0.263481454932222,0.229358497285937,0.256135182389766,0.155643712780087,0.0193303727867673,0.0816778275208359,0.596639078772787,0.00131301329715563,0.0705258879312692
"GOBP_EMBRYONIC_DIGESTIVE_TRACT_DEVELOPMENT",-0.206831955553467,-0.327732691808148,-0.0568555163781596,0.0386294502779542,-0.148468732509523,-0.0420036049977674,0.290766171104354,0.178609234280453,0.280098915190965,-0.00677388787827046,-0.165914531197678,-0.172153847514623,0.0164744646451399,0.448138298042786,0.207463823944845,0.00746085406960789,0.442362728144016
"GOBP_EMBRYONIC_ORGAN_DEVELOPMENT",0.0209248783986317,0.0684353262613904,-0.0748697426607584,0.063819344742416,3.79966162615264e-05,0.120743028495275,-0.178532739783162,-0.177016598926476,-0.122634870344872,0.131347868391884,0.140040809604733,0.0348146709169658,0.043502396197465,0.450377060765825,0.36033218460562,0.0058797362899909,0.149410933776672
"GOBP_EMBRYONIC_MORPHOGENESIS",0.13262551588654,0.0734559575596493,-0.0252912037704583,0.114413319443981,0.0450925880291231,0.155097414628276,-0.239190446823281,-0.235658145382446,-0.0925614686379302,0.114027484808364,0.160425360657221,0.127051948650132,0.0202578687660983,0.473825528160543,0.476388465199892,0.0158088109786159,0.247066026155164
"GOBP_NEGATIVE_REGULATION_OF_DEVELOPMENTAL_GROWTH",0.0384349514061772,0.158554433904048,0.168676888684158,0.241401488909821,-0.0932536641761448,0.135294170242534,-0.345401220119523,-0.220869656715531,-0.271864728215365,0.269413632385905,0.217792206846728,0.180758411972937,0.00207187654132183,0.322825183429911,0.816506057921859,0.000598332934657342,0.123577129484141
"GOBP_ANATOMICAL_STRUCTURE_FORMATION_INVOLVED_IN_MORPHOGENESIS",0.0936617941500438,0.15049173761015,0.0858071324199128,0.123890795122503,0.0842554219451375,0.0788664900587301,-0.275835582198386,-0.255217752914792,-0.200502458952678,0.1878006476755,0.186904998894144,0.141038193824242,0.000325845461897926,0.0223271032338874,0.598687688571666,0.000233393558042525,0.0772756477704738
"GOBP_SMOOTH_MUSCLE_CELL_PROLIFERATION",0.0106805716295182,-0.044719072207596,-0.008733152045028,0.0557692442517916,0.0135284467046423,0.241623235835643,-0.233920803221876,-0.204878950281035,-0.229856400860967,0.041089079492384,0.215470978676258,0.263011695888661,0.00122769925108788,0.514122821439949,0.230738216587209,0.0260406282936078,0.101531797474347
"GOBP_POSITIVE_REGULATION_OF_SMOOTH_MUSCLE_CELL_PROLIFERATION",0.042189023889171,-0.068570984549353,-0.114686063393339,0.116248730375031,0.0534807278622475,0.290317577026768,-0.3464216530138,-0.245018423342108,-0.240774065017238,0.0247955191949904,0.267491173014108,0.272469559962806,0.0192666083653521,0.763410658069418,0.0875902342204999,0.0175858584737077,0.0830053234287361
"GOBP_NEURON_DEVELOPMENT",0.0676542099113611,0.101185358304991,-0.0133209537077037,0.0526025835291727,0.0686682221364914,0.120096597734136,-0.277179329439277,-0.219751632026226,-0.233131786058046,0.160578264018648,0.174505502208268,0.180650862029685,0.00462156002136588,0.0374024024636977,0.518314275474713,0.000640605367237474,0.0675595652512775
"GOBP_COLLATERAL_SPROUTING_IN_ABSENCE_OF_INJURY",0.328926362975347,0.545863763229429,0.63420437768671,0.738602226386096,-0.197971435086385,-0.143828251018033,-0.658190285238645,-0.430371881338681,-0.239195459418538,0.564981949458467,0.0929849461269141,0.556395098549061,0.00429315217609197,0.483166277182481,0.346718347151532,0.0144610277665073,0.621637158737153
"GOBP_AXON_EXTENSION",-0.0175741842426888,0.194445254867635,0.135030650912849,0.18373483880406,-0.0636725766425263,0.00284582632390343,-0.332871058285005,-0.275693585713344,-0.312255861685484,0.297370748284066,0.257923594696732,0.268935738790241,0.0174922894807321,0.0836295617876807,0.553113408613799,2.33643654662569e-05,0.109241578213154
"GOBP_GENERATION_OF_NEURONS",0.0767209428677532,0.101820487017024,-0.0130331730825432,0.0786231326425879,0.0984667572952258,0.148610928015272,-0.26663848421829,-0.240322460811808,-0.229282792685226,0.160077497296043,0.160255528782873,0.175273876992872,0.00821478803537227,0.105509781570331,0.273243552435256,9.88741720911253e-05,0.0845088470821607
"GOBP_EMBRYONIC_VISCEROCRANIUM_MORPHOGENESIS",0.296146023666759,0.276125804916949,0.121455572074115,0.396921004001337,0.160364152036518,0.364709453040312,-0.469452979625719,-0.513475805762302,-0.262230456667302,0.156330380480309,0.272085933019916,0.0921825237916438,0.00350780349369069,0.222290181751902,0.459905662061854,0.00496160889351837,0.491492896805063
"GOBP_OLIGODENDROCYTE_DIFFERENTIATION",-0.0160770264057242,0.196215855240581,0.116550427696958,0.0886880288535521,0.109364300888798,0.106593026543431,-0.189912850382752,-0.23561588282021,-0.205013876764906,0.147634318631103,0.249593273791848,0.0453941545844435,0.0329490389200517,0.517494550944846,0.969817202729108,0.0216295011528213,0.599846224338887
"GOBP_REGULATION_OF_OLIGODENDROCYTE_DIFFERENTIATION",0.0129469960402028,0.350189151997442,0.253066767617426,0.179714248286346,0.275281972883259,0.00291775490246335,-0.1544688746667,-0.342800232275056,-0.280700878813581,0.0955449414050346,0.168573713007023,0.0565285913031519,0.0250653094936074,0.636931691399213,0.702551581611574,0.00864354801074281,0.433648330335038
"GOBP_TISSUE_MORPHOGENESIS",0.118232242141911,0.0908740951487643,0.0756481283700862,0.115595725488889,0.0667131134741247,0.13379716295201,-0.253217976041304,-0.2316290814239,-0.105969424961003,0.116018732496642,0.170528749728245,0.111457663507565,0.0181857405960616,0.378607126349807,0.684830709418949,0.00999836740253572,0.182804705806517
"GOBP_GLAND_DEVELOPMENT",0.0348386218073774,0.140262239384062,0.0726993351105222,0.118050574700465,0.0781204276787049,0.190380817590128,-0.251576482368468,-0.29510212661641,-0.25344043566629,0.228473571182563,0.231745591879243,0.0951244300606763,0.00257573087978664,0.374632082934405,0.362885501124377,0.00578648600057943,0.142670042800132
"GOBP_PIGMENT_GRANULE_ORGANIZATION",0.290843573495392,0.169740214187554,0.0907431792766664,-0.00667982242910065,-0.0763434421186574,0.269167716439001,-0.479679840164551,-0.48048951779588,-0.468756947923777,0.428506828460486,0.45734821240426,0.293307284493909,0.00748463300891908,0.0696460445986518,0.384266208485396,0.00322247846156452,0.0543927607257673
"GOBP_BRANCHING_MORPHOGENESIS_OF_AN_EPITHELIAL_TUBE",0.0617516839346971,0.182994521448015,0.0679529445250315,0.19433402824744,0.0454041984760703,0.181910085375106,-0.23153704683168,-0.213352690023033,-0.140656006489684,0.109125687024689,0.0859358598940351,0.0921216138659625,0.00485050976480775,0.4472232862809,0.589906051907781,0.00633986354148978,0.850390088345654
"GOBP_TISSUE_REMODELING",0.181934056039473,0.108088666321119,0.190323883248123,0.17953026084232,-0.0339603256342645,0.122203420378007,-0.273075363632025,-0.311506564998642,-0.251189511400372,0.268244736656598,0.1684684866024,0.181058164108987,0.000340001742161223,0.201980762783284,0.388462673829399,0.000689136137129138,0.326546233812052
"GOBP_MAINTENANCE_OF_PRESYNAPTIC_ACTIVE_ZONE_STRUCTURE",0.216265938888267,0.404622496541049,0.102240456093453,-0.211396481687052,-0.487227635082329,-0.086759584216247,-0.231420602114748,-0.564878848779825,-0.0633737901366505,0.261778310653358,0.572143736233305,0.175492176986866,0.0486334930761222,0.0239507079528482,0.0306122030202322,0.0324913908732844,0.560356462839796
"GOBP_GENITALIA_DEVELOPMENT",0.206533694574906,0.13419330326863,-0.0220270938563941,0.0638495282451753,0.00819369370251108,0.0660895145692941,-0.257347628032918,-0.304948348083771,-0.170986845578839,0.215126313228225,0.192981096081113,0.287110532494647,0.0177313941376585,0.00818566102845631,0.46998136330034,0.000937170466266631,0.195362512502553
"GOBP_POSITIVE_REGULATION_OF_AXON_EXTENSION_INVOLVED_IN_AXON_GUIDANCE",-0.0279290215277229,0.408535047042834,0.522890272617358,0.488966205504691,-0.0155943921643469,-0.19983698180113,-0.488334897552329,-0.545965138765661,-0.209279959647007,0.218287187878452,0.517421101766863,0.562692410327692,0.0302452665015839,0.237399398199191,0.475112202983125,0.00485244970820771,0.551367347227483
"GOBP_ARTERY_MORPHOGENESIS",0.161230933730369,0.135605779519311,0.115636847301877,0.197037152699119,0.164367929991697,0.203371324517871,-0.318536596944221,-0.329140848840548,-0.104165966206355,0.0508372630582656,0.315841297776739,0.0935561255371658,0.0305158801112344,0.713993962526523,0.0474176958707512,0.0218733789226117,0.865142446146805
"GOBP_VENOUS_BLOOD_VESSEL_MORPHOGENESIS",0.0586731701546872,0.279934305143738,0.407840896944635,0.112739502454079,0.491382202517615,0.429664126439562,-0.4238644141635,-0.582136881915869,-0.523833654593699,0.11216465767807,0.379091474416796,0.146821360069895,0.00825456148759304,0.416972340718438,0.571695471360306,0.00422815641997536,0.798377252793708
"GOBP_STEM_CELL_DIFFERENTIATION",0.121323295972965,0.0559701459404702,-0.0289347046501365,0.303170534782959,0.10046312040968,0.136532921517886,-0.320674420129028,-0.30349055346393,-0.291704348476263,0.194377563327557,0.198208947414545,0.144565181062013,0.012311814218421,0.988862989638926,0.169754167302146,0.000173939555860283,0.0812488431050633
"GOBP_STEM_CELL_DEVELOPMENT",0.0988730850584054,0.240616232975904,0.113484369484243,0.333844315310144,0.10291124771516,0.0608466051093098,-0.371346456901915,-0.257578159354448,-0.249466689389886,0.232569431293561,0.272425296583233,0.141283054499641,0.00188401879583862,0.634564200286032,0.886632609864501,0.000777574869513027,0.340512694356776
"GOBP_CHEMICAL_HOMEOSTASIS",0.0525535335384478,0.100257548470141,0.0638679853928934,0.0208648417819769,0.0225936044245476,0.124341162749821,-0.227642182536274,-0.204711506914978,-0.261358153940293,0.234359713048446,0.184057350977301,0.10775890176063,0.000174038245524112,0.0765392244180388,0.693515876298909,0.0029026330494158,0.0923794080644921
"GOBP_SENSORY_SYSTEM_DEVELOPMENT",0.152624836930612,0.0683725902892529,0.0376554613611194,0.0710582830608076,0.0725111085802792,0.0578746354827247,-0.199486328841225,-0.226529909649034,-0.110033323055698,0.0287987737589222,0.116994588523719,0.0676548699348128,0.00576040272821439,0.890783562720929,0.635896676592607,0.00600162491242952,0.743996551158004
"GOBP_CHROMOSOME_LOCALIZATION",0.174766991777319,0.0995353182172436,-0.0745786892027398,-0.17367527249364,0.0833679253965076,0.349211151366772,-0.454984547360855,-0.469521417220443,-0.493320148089504,0.255055837094463,0.171159890911204,0.130485783560227,0.0164973657594558,0.582126064493788,0.914193565042605,0.00153557183164791,0.246720889932869
"GOBP_AMYLOID_BETA_METABOLIC_PROCESS",-0.0287491025390775,0.292626175500749,0.140770941982177,0.0753420852229984,0.0553404355359483,0.167146224465514,-0.265467188531845,-0.309449401292992,-0.244848794907889,0.322482782652077,0.304719149002362,0.19375540263394,0.0431363025985647,0.0312709066910482,0.746867077661233,0.00148159125245264,0.272148009394443
"GOBP_CHONDROITIN_SULFATE_PROTEOGLYCAN_BIOSYNTHETIC_PROCESS",0.307711768016878,0.268247961702659,0.00273212278593155,0.185750051087308,-0.00198689648190177,0.335889757703355,-0.439006234575856,-0.366598256796168,-0.357604568751398,0.578349593510443,0.501285340200768,0.239152148218167,0.020250638235527,0.133567192621967,0.89259790811258,0.0112657287596668,0.154060980754426
"GOBP_HOMOCYSTEINE_METABOLIC_PROCESS",0.29356771265846,0.515241835086855,0.379344064989423,-0.344172749313303,0.343037077466165,0.193093146367595,-0.525158202963978,-0.350137145190174,-0.29034248453367,0.440640292965539,0.34467645396944,0.472107522762193,0.00123820269607353,0.228137836539217,0.24817382296719,0.00183971900985929,0.777007697326408
"GOBP_EPITHELIAL_CELL_PROLIFERATION",0.0753853493545595,0.0810846724650884,0.0189606753356315,0.0707106969187811,-0.00986285986888542,0.0233451474904364,-0.222275662743908,-0.19426756071962,-0.077277850976576,0.109453498625338,0.134831381645081,0.100413177079204,0.0231539007283649,0.0484713511191765,0.378685938569429,0.0198978243021642,0.0855963342727301
"GOBP_POSITIVE_REGULATION_OF_EPITHELIAL_CELL_PROLIFERATION",-0.00238537654896004,0.0654889121969699,-0.0471127413564809,0.0944739839438451,0.0497962014267169,0.0305083740350321,-0.161876787643958,-0.142127141613893,-0.0687348018940169,0.104701809035572,0.170482481527903,0.0408261555051502,0.0412742388346842,0.344446730609021,0.250655466975651,0.00969032002191891,0.115887039693889
"GOBP_REGULATION_OF_DEFENSE_RESPONSE_TO_VIRUS",-0.13592425757092,-0.0922729107410601,-0.20543320304024,0.139328176888031,0.252457444533397,0.295482943756087,-0.3860552574769,-0.423617034640272,-0.428463094419072,0.417538513010449,0.0789052989727791,0.197819757665289,0.0073901340209304,0.984428554275201,0.00402335183261775,0.0212943686108263,0.0513613909089829
"GOBP_REGULATION_OF_PROTEIN_SECRETION",-0.00184526269005228,0.0554819241727088,0.00388490550905429,-0.0343198602524036,0.0441510361176776,0.00564158280434818,-0.101335786613186,-0.183645207423766,-0.204593600359799,0.268660583658226,0.166996109422358,0.00115834857789274,0.013065211301376,0.207449222071372,0.656061555030527,0.0432486993184096,0.242931088791908
"GOBP_POSITIVE_REGULATION_OF_PROTEIN_SECRETION",0.00791731138165799,0.0456526850176279,-0.0254869186699765,0.142988478422644,0.0722777593089939,0.0676394784703387,-0.155590355083606,-0.269616809995407,-0.296929102625356,0.266183090046139,0.166999393131347,-0.00570505634615093,0.0154220060953538,0.612314546555738,0.0578388356602257,0.0226803269275272,0.231483823283692
"GOBP_REGULATION_OF_INFLAMMATORY_RESPONSE",0.000305282872717971,0.0944017253293003,0.0526789173879404,-0.0361645849860726,0.0222044213403549,0.0632076161258746,-0.201293500414452,-0.15749315029352,-0.23283343375074,0.245822514061486,0.110040665508465,0.112233441528147,0.00252014916049179,0.0694440292482216,0.455872211802905,0.00651190952374747,0.126345864343592
"GOBP_POSITIVE_REGULATION_OF_INFLAMMATORY_RESPONSE",0.0566217209496735,0.199519361781039,0.0872695502270983,0.00390908884899224,0.0760858914230549,0.1792323699685,-0.314546243409162,-0.225958103487695,-0.298329300804602,0.262334885954899,0.0877862867261063,0.242337464839452,0.00302848362382188,0.213330245348323,0.696911290799973,0.00489930767442236,0.305809039836943
"GOBP_REGULATION_OF_PEPTIDYL_TYROSINE_PHOSPHORYLATION",0.0603029192415915,0.0392375488794436,0.0597632526270149,0.142293061486658,0.126546838944043,0.204653822672358,-0.300220449551205,-0.283876612423885,-0.29645826374998,0.277401989560146,0.157771309054179,0.12759970224694,6.04463214727627e-06,0.604297157038548,0.0393133700849535,0.00833282422177959,0.0956343595397943
"GOBP_POSITIVE_REGULATION_OF_PEPTIDYL_TYROSINE_PHOSPHORYLATION",0.0108116152373971,0.0656965620570329,0.0453537782242938,0.213582670684005,0.129352420339184,0.155391853043788,-0.270194334348848,-0.229057512980974,-0.19509630887529,0.222675872664711,0.136846356593892,0.0488712649252523,0.000821214619620842,0.63047618024605,0.0185096406830043,0.00904638441271395,0.189765274617956
"GOBP_NEGATIVE_REGULATION_OF_PEPTIDYL_TYROSINE_PHOSPHORYLATION",0.169885745638657,-0.0701574715781187,0.0244540926261073,-0.0258939923033319,0.171555713151361,0.315409620757456,-0.327707020454316,-0.396317883400914,-0.404229764571836,0.35263204048149,0.179512543716137,0.322431589742439,0.0180333688317367,0.325775768294366,0.411640956537134,0.00206334491136434,0.054197691230322
"GOBP_REGULATION_OF_PHAGOCYTOSIS",-0.0325332686337472,0.10280850507287,0.181044593285634,-0.134576358918641,0.00308505586786002,0.0138608063713628,-0.29344154595583,-0.26341520052791,-0.286302739606622,0.389183265048019,0.217753640104337,0.140016058431337,0.0259725205936926,0.0380652916339613,0.197384563602014,0.017541918818096,0.163924167332894
"GOBP_NEGATIVE_REGULATION_OF_PHAGOCYTOSIS",0.290927429407087,-0.0340972192497323,0.106307702627442,-0.152837834251614,-0.139328050340257,0.326179344772633,-0.580059152412366,-0.439890725368285,-0.398856286893967,0.406160872293722,0.422352203104705,0.442663315529268,0.0100669602620558,0.11945675924234,0.58876090466334,0.00282564342562137,0.0828040844697808
"GOBP_POSITIVE_REGULATION_OF_PHAGOCYTOSIS",-0.0477091592198332,0.130738944084063,0.157505069633215,-0.162681465251733,-0.0214366738335881,-0.16287579733197,-0.191817284581919,-0.172844484226065,-0.252481916592316,0.410560771859602,0.176794316581853,0.113942445460063,0.0345672287819355,0.0411464597311131,0.0759385235466797,0.0325782671200871,0.245228643063899
"GOBP_REGULATION_OF_NEUROGENESIS",0.0621399751562851,0.109074976740148,0.00484553132013299,0.192220104956644,0.0924884478229442,0.154180546162623,-0.29259360708961,-0.225998452577231,-0.261536930885978,0.18346475875454,0.0642572050152823,0.187816501910299,0.00179400579482124,0.98329553869348,0.10460913102114,0.0034476198375099,0.167570807937738
"GOBP_REGULATION_OF_AXONOGENESIS",-0.0342858541866431,0.156027506175087,0.114549365459125,0.289066834213264,0.0505048141047626,0.0750608195124157,-0.303302739461272,-0.306633567481068,-0.286478646488476,0.245431960967173,0.174025801312882,0.236801009796994,0.0215875914234277,0.40139419668667,0.568714717945161,0.000974065228553614,0.12299845262982
"GOBP_CIRCADIAN_SLEEP_WAKE_CYCLE_SLEEP",-0.00565870772961014,0.257873619431844,0.278142559443669,-0.537676844454433,-0.372098200518171,0.342059734392798,-0.327222673670689,-0.0670016230956416,-0.333084641350688,0.346410475578477,0.506746796609899,0.0154326821054362,0.0297631268108726,0.21410873277862,0.306884841584869,0.0452834171139885,0.552144952479356
"GOBP_SYNAPSE_ORGANIZATION",0.0309961866041895,0.0767986750488671,0.0469682757699503,0.0561838658796723,0.110220500652584,0.0928667881093183,-0.273039516095566,-0.184403516582221,-0.253630893303209,0.226123712415989,0.177914765861412,0.102617011823447,0.00261464767796376,0.134810877154485,0.171801675662528,0.00117344106425102,0.0681087458124878
"GOBP_REGULATION_OF_STEROID_BIOSYNTHETIC_PROCESS",0.0610121175175094,0.105810713661963,0.0913917628472131,0.0770317806504653,0.198873131715651,0.0977401342395723,-0.0723801595132117,-0.240723255603121,-0.189793165283914,0.048307541781645,0.132795300169515,0.0586807357381215,0.0297144672275041,0.393465695014674,0.418980808340758,0.0212088152349159,0.849658618910404
"GOBP_REGULATION_OF_ACYL_COA_BIOSYNTHETIC_PROCESS",0.617713832924529,0.386582461824259,0.0756117533683536,0.211741059451904,-0.171083648661089,0.383107149049508,-0.775334085641887,-0.726043707031946,-0.561729089336666,0.503423500937755,0.414889841567799,0.505212667152014,0.0121061319576288,0.175338841395663,0.389839113634417,0.000709649236651601,0.54367028028349
"GOBP_PROGESTERONE_RECEPTOR_SIGNALING_PATHWAY",0.317917063466415,0.473623148250395,0.205590938229997,0.0124447858652032,0.171145130359594,0.230870387752994,-0.764415603633824,-0.441490255358894,-0.665403487758954,0.534662523630582,0.619396965623128,0.466029465109505,0.00174731947987318,0.00974433456220457,0.130169205639937,0.00207764038461352,0.098104347590414
"GOBP_NEGATIVE_REGULATION_OF_CALCIUM_MEDIATED_SIGNALING",0.172338397005517,0.385295961408673,-0.0020929862506254,-0.202545758168911,0.0748564814680276,0.0536590083411556,-0.450876108885015,-0.268638296241871,-0.378582900126781,0.371282862611124,0.175711508117784,0.2442896417145,0.0234862162809757,0.0628993361903823,0.220003343038318,0.00131342238777391,0.576807179051856
"GOBP_B_CELL_RECEPTOR_SIGNALING_PATHWAY",-0.0620946780668662,0.011525397208578,-0.186239012773392,0.232972143205824,0.292789186839688,0.228407136765305,-0.453056057609151,-0.335086942893231,-0.265481144245871,0.246874854856372,0.0758367580801967,0.0440576282790972,0.0268245689296913,0.167867446935502,0.0195531197129707,0.00504377682939958,0.0785567984370329
"GOBP_POSITIVE_REGULATION_OF_B_CELL_ACTIVATION",0.0335702061919236,0.103203096209071,-0.067660838246833,0.143935702345175,0.135633480938581,0.344183078251892,-0.443744540416819,-0.451325982506092,-0.4480177273846,0.253631864272865,0.21253675716689,0.0489154884194934,0.0108064800854953,0.715478969438044,0.099826761719869,0.00996761454644033,0.139682518840451
"GOBP_WHITE_FAT_CELL_DIFFERENTIATION",0.329114478533286,0.00375520377955732,0.0845452888002933,0.0627066110800067,-0.140859641046532,0.31907092067119,-0.205529387563902,-0.22394212243961,-0.360361656522033,0.413394597929941,0.296671477832856,0.238413965702354,0.0359542617151541,0.211208441858535,0.741162294789255,0.00123672421685215,0.206686239479438
"GOBP_BROWN_FAT_CELL_DIFFERENTIATION",0.165802627343391,0.299806715709125,0.171192935988598,-0.00269048072027825,-0.0276188821407473,0.0362146233279478,-0.393828066391269,-0.280166544250813,-0.40964558160257,0.425697696557731,0.252115177308528,0.333870159191641,0.000679071887808733,0.0131922584186991,0.026757776715275,0.000514635826003785,0.13502523060475
"GOBP_REGULATION_OF_BODY_FLUID_LEVELS",0.0571718017532561,0.163750638201153,0.12823181938466,0.0985655132839855,0.147425861519422,0.0494066315484465,-0.300477532008516,-0.303355843352258,-0.224309685358751,0.28069971209859,0.177444786294252,0.140022428922521,0.000762153910658082,0.1273382481713,0.693293172111924,0.00153455005516768,0.194464822823611
"GOBP_VOLUNTARY_MUSCULOSKELETAL_MOVEMENT",0.462199325479541,0.403901578264545,0.360196325248986,0.257348651694428,0.0962494920747365,-0.0422988444649402,-0.676881871495477,-0.446534418252088,-0.484788243282006,0.540206378996728,0.301280423694787,0.581690085241452,0.00202678442568402,0.0394405584903879,0.0594910094965673,0.00102790466406321,0.538439691612057
"GOBP_COGNITION",0.0799115964596877,0.105841846955893,0.0204806398091682,0.0845823575685495,0.032124922532281,0.170292818449348,-0.28550602754322,-0.229992074841738,-0.241727598615589,0.183518205409546,0.100296823293041,0.0735684727446673,0.000900109251576986,0.676817224484544,0.606792775639304,0.00220701564489567,0.297243168290544
"GOBP_INTESTINAL_ABSORPTION",0.121907160808942,0.168343063198736,0.343873442634311,0.236261866843553,0.000524811238587247,-0.0166425406175622,-0.255755852811156,-0.253488650941315,-0.233785997489777,0.145522215715133,-0.0458229480782822,0.0578401710107716,0.0200861355319867,0.844016764407465,0.264938480794493,0.0306229275002293,0.145838173114605
"GOBP_LEUKOCYTE_MIGRATION",0.00586060999585694,0.128570422665393,0.159751049981287,0.0140202755391445,0.194036150256845,0.13797539850923,-0.330007791965345,-0.310703161774808,-0.291444865370236,0.302660030099848,0.212948809293336,0.145816949189784,0.00982356293411518,0.208957165912398,0.81971458547258,0.00503965851246236,0.13440142833514
"GOBP_LEUKOCYTE_TETHERING_OR_ROLLING",0.109369831107814,0.104822920479895,0.184057839134994,-0.231927899631039,0.193236333382532,0.0963643161653751,-0.272639089351444,-0.390440530388156,-0.182844340816515,0.388721250719285,0.417694798726164,0.0759901950025536,0.0107034707823999,0.180706651572689,0.472206231315873,0.0177170319854573,0.275729775658821
"GOBP_DIAPEDESIS",0.664106011138647,0.306879444463536,0.306906417513215,0.188294411859829,0.400526625631447,0.375839646835184,-0.819373861197142,-0.624804026328092,-0.684543319564238,0.33684604072883,0.264781698582935,0.441967272848236,0.00384542133567617,0.771997267982089,0.497915895182945,0.000177544757671658,0.593534511083092
"GOBP_POSITIVE_CHEMOTAXIS",-0.101123668869721,-0.00739200928049194,0.0452824664308867,0.21106962788199,0.0628254834490961,-0.03376447818099,0.208355840922468,0.107653749689609,0.154071839007897,-0.173247522622909,-0.0548383477110495,-0.128164911695144,0.0322857289011693,0.0899339585154715,0.303834857833358,0.00399602870167473,0.153564412712494
"GOBP_NEGATIVE_CHEMOTAXIS",-0.0567854428588974,0.0847861536792863,0.282470657340315,0.163130306170734,0.154112923840344,-0.16527475934762,-0.354418033177906,-0.204640028010467,-0.209502688095194,0.16650633912644,0.198600354368639,0.285668604429045,0.0481405980613659,0.259820663777,0.736052491631345,0.00211702438303239,0.371149526125777
"GOBP_REGULATION_OF_CHEMOTAXIS",-0.100104064477391,0.0603233081029177,0.0871759517613203,0.120439121870595,0.19649377047548,0.0646923311973983,-0.282339843830987,-0.250717045629894,-0.142461033903199,0.174186230308031,0.107160565425056,0.110424345793359,0.0332381668221387,0.943303653176432,0.197179841272758,0.00501984028090429,0.17927722729843
"GOBP_NEGATIVE_REGULATION_OF_CHEMOTAXIS",0.0264900297641044,0.134738949682929,0.23138040522289,0.168079226781402,0.0904233150094468,-0.265411026809192,-0.284842644632009,-0.214373632793629,-0.169330509843172,0.229303957503385,0.10160149443224,0.254455708203257,0.0120627686322345,0.274408591540914,0.434230283954745,0.00289535495325754,0.446375328429963
"GOBP_REGULATION_OF_POSITIVE_CHEMOTAXIS",-0.356905509428508,-0.056006589867972,-0.0897203953950487,0.230024414943851,-0.0266201438189362,-0.431357251162594,0.288934609862963,0.335486695925155,0.391430726684586,-0.203615323624509,-0.112748115608695,-0.0698251407051967,0.0251695393108227,0.811797184790096,0.699304267892868,0.000985053441733571,0.734307735671832
"GOBP_INDUCTION_OF_POSITIVE_CHEMOTAXIS",-0.395771530035578,-0.127146815444591,-0.269494546943577,0.00932222738157906,0.226948705411086,-0.441009220508099,0.162897591672253,0.362201769611879,0.475922595250155,-0.146343438996261,-0.345560372489221,-0.439768712089418,0.00811309454768012,0.34825606131628,0.431717929942243,0.00695813026741717,0.710167327237574
"GOBP_REGULATION_OF_NITRIC_OXIDE_SYNTHASE_ACTIVITY",0.0829302818697454,0.0637781618200812,0.167440706996787,-0.170595415004421,0.030260807362499,0.121087521483894,-0.184422211661525,-0.199512383821845,-0.273869306731307,0.262681195027829,0.29344458276652,0.134570514594695,0.00167050996152961,0.0923183564078738,0.327022116460584,0.00328698830237625,0.107968407418877
"GOBP_POSITIVE_REGULATION_OF_NITRIC_OXIDE_SYNTHASE_ACTIVITY",0.186629260717146,0.235797677953482,0.110234518985995,0.0383520583176519,0.182886220101466,0.0936229628762323,-0.3065896706446,-0.299859158848442,-0.436263947454775,0.355175389292483,0.30769245385151,0.106771415867791,0.000943329863058938,0.176286986666411,0.263999092929669,0.00505147450891936,0.421276037460745
"GOBP_ACTIN_FILAMENT_SEVERING",-0.101209737279041,0.240217927415706,-0.121345836639054,-0.131307079998729,-0.0635258057734295,0.300515569760088,-0.379252062697349,-0.295937406645466,-0.608864538241695,0.668190920936727,0.397117406914967,0.22486149229844,0.0471465654700444,0.101239719624923,0.877309575666289,0.00745304284892015,0.0723732591512707
"GOBP_SNRNA_TRANSPORT",0.497273006606181,0.0552640546849986,0.224745132890911,0.030325770481017,0.146566292825363,0.475582628274974,-0.639729605162422,-0.630857274543394,-0.699608234752374,0.47168208384205,0.481261342752633,0.663282662398069,0.0170196376595784,0.122294964864363,0.833416478949597,0.0010810515860869,0.14908731779363
"GOBP_POSITIVE_REGULATION_OF_MEMBRANE_PROTEIN_ECTODOMAIN_PROTEOLYSIS",0.103827851449935,0.287928459787213,0.145305445460905,-0.148611806673593,0.163686442426379,-0.0845467115550694,-0.211802652202263,-0.327425099007585,-0.360470057649195,0.314835316119284,0.278299862024494,0.193187412173796,0.00303868929955945,0.0812167928672072,0.157828122723254,0.000782985783070925,0.289444361395054
"GOBP_REGULATION_OF_SECRETION",0.0360338613369435,0.12001461798504,0.0494121523007624,-0.0179173739929764,0.0308907833345295,0.0489019924677102,-0.181846151839448,-0.21721936847807,-0.219692781581659,0.218250401174966,0.147341482315262,0.0773041424069748,0.00304514640616346,0.0701287133120881,0.223125793827315,0.00843134024367463,0.189045591281772
"GOBP_POSITIVE_REGULATION_OF_SECRETION",0.062994916126342,0.0768179060376144,0.0355563764043845,0.0791197411132623,0.021935526166007,0.106014169410425,-0.230763269693842,-0.254530284038413,-0.257584785629534,0.241534744974921,0.164427003197314,0.0458380803975589,7.45601475308073e-05,0.288244450329518,0.728091096066085,0.0180407137428756,0.243930041581048
"GOBP_NEGATIVE_REGULATION_OF_SECRETION",0.0409935606717593,0.136505967200522,0.123947481153231,-0.00129003886345999,0.159145582145712,-0.00048160430793831,-0.148935910637816,-0.225084087192092,-0.132808172252281,0.161740098104502,0.0801939779095799,0.0172105002296433,0.00288364890638702,0.644482220327278,0.487311853192403,0.0100705025357096,0.798971387413838
"GOBP_REGULATION_OF_TRANSPORT",0.0402613819680542,0.0701528636893385,0.0187684965632703,0.062773357274741,0.0751208869357535,0.098887762473854,-0.217528024710151,-0.225136518381634,-0.255540387433787,0.217897986227383,0.157867368975723,0.105900238243967,0.000184805993637109,0.116523358741086,0.128920895661548,0.00315572056199671,0.0503010791405946
"GOBP_NEGATIVE_REGULATION_OF_DNA_METABOLIC_PROCESS",0.134162171273341,-0.0245100688119242,-0.0461539746921831,0.153036921446063,0.135669311544717,0.29652617934391,-0.374855069416465,-0.335863729449391,-0.386843764587376,0.194637760688049,0.176194339882086,0.192774784801777,0.0156596183964746,0.900846067163,0.0857723155070549,0.000181886659607227,0.0977307440164565
"GOBP_POSITIVE_REGULATION_OF_SMALL_GTPASE_MEDIATED_SIGNAL_TRANSDUCTION",0.0889552808565381,0.100793345239969,0.00842528902561679,0.442174372290852,0.173011440375382,0.283384542768507,-0.418680417335061,-0.263856173442815,-0.376369384847059,0.246849495890765,0.171672739330635,0.0111553595433688,0.00302455890649921,0.210237589563392,0.0819293460393493,0.00618057560696262,0.389133078180556
"GOBP_CHAPERONE_COFACTOR_DEPENDENT_PROTEIN_REFOLDING",0.167977563605572,0.0349990594315793,0.26690497626083,-0.094771955225355,-0.15907588836341,0.317189085508623,-0.500590010848445,-0.357461467375141,-0.513315309836252,0.498642482464239,0.317314333246071,0.2346594068836,0.00249732690629273,0.145069050485234,0.472665504035847,0.00191078562334235,0.134691302679808
"GOBP_NEGATIVE_REGULATION_OF_DEVELOPMENTAL_PROCESS",0.0781481261291748,0.0853231546128702,0.0141135409835836,0.15702266488585,0.0376690938008837,0.103606813651771,-0.251117189637556,-0.19740691081459,-0.180293482409652,0.134804126635662,0.141218234928861,0.127954021620814,0.00100174831357091,0.414986699326293,0.392913726509937,0.0030081813713008,0.075517613985648
"GOBP_REGULATION_OF_ACTIN_NUCLEATION",-0.0195657425621574,-0.0124543578212786,-0.074532065267762,-0.113272130900155,-0.219164092398153,0.130738126152753,-0.315319795330736,-0.315841189416619,-0.373029244137286,0.510881848376463,0.238309528648811,0.240249239609245,0.000401310047048642,0.0457122102118556,0.790266773428127,0.0148804154182012,0.0506144809590012
"GOBP_POSITIVE_REGULATION_OF_ACTIN_NUCLEATION",0.355972264332406,0.136570714009842,0.0115511892743965,-0.0612055066348969,-0.14292240638579,0.393416104185441,-0.630262475921921,-0.471040629823928,-0.497137490582739,0.578902474758613,0.466164047054937,0.577947041464885,0.00905126590677452,0.0968408859295644,0.6245715905252,0.000105373777655613,0.0518974227226272
"GOBP_REGULATION_OF_NK_T_CELL_DIFFERENTIATION",0.652609028307374,0.438920391643744,0.574559704341103,0.269564024526658,0.167692003517945,0.0590309349056026,-0.598081088224834,-0.553115848615923,-0.595554180243131,0.501673502355269,0.643043874263002,0.514151686510147,0.00196038587069961,0.00853157616215483,0.0110491473256068,0.000632377705436377,0.97672144084507
"GOBP_REGULATION_OF_MUSCLE_CELL_DIFFERENTIATION",0.167089747239433,0.0856736237237933,0.0617426749619351,0.0481067427302786,-0.0170825848092545,0.155799467241553,-0.282141609376591,-0.273277117860783,-0.25644051918015,0.158153023045571,0.296435092569555,0.191149170871261,0.00508199734631044,0.0818197366397215,0.521635952743185,0.00596212888817429,0.108004275595412
"GOBP_POSITIVE_REGULATION_OF_MUSCLE_CELL_DIFFERENTIATION",0.128972280291371,0.236117141789827,0.210777303626592,-0.0195931321039198,0.0455806795230701,0.146252735732431,-0.24294620796244,-0.252600449261069,-0.199124729072686,0.176044349359486,0.263913117538365,0.218171117786466,0.00141320881020753,0.0583164168080674,0.0909397710528294,0.000306955118102092,0.543093260331386
"GOBP_NEGATIVE_REGULATION_OF_SMOOTH_MUSCLE_CELL_DIFFERENTIATION",0.217985965618178,0.034268474082893,-0.134819042313625,0.354312798077636,0.182189101435664,0.293596952990078,-0.482768042510262,-0.320448205444308,-0.411331591695611,0.152956835308189,0.598422859998913,0.0928119004358842,0.0323683641930163,0.979760297492186,0.130139447319946,0.0408510324484867,0.280833995280317
"GOBP_REGULATION_OF_STRIATED_MUSCLE_CELL_DIFFERENTIATION",0.130337237419658,0.192610065363509,0.0338833063100506,0.0154250507205126,-0.0693251995602931,0.0960197733484194,-0.234478823829979,-0.270645765350616,-0.186141081918374,0.140631659792587,0.0857311154957614,0.1653882851961,0.00653523003134901,0.118794716142904,0.189433120449759,0.000446903086182468,0.836838228888048
"GOBP_NEGATIVE_REGULATION_OF_STRIATED_MUSCLE_CELL_DIFFERENTIATION",0.159806101063362,-0.0503847716764312,-0.0558503522328676,0.0528187887746854,-0.242668493485093,-0.0262828942726936,-0.268406411318689,-0.299427148892596,-0.226884603286264,0.0962558214423558,-0.014703349519848,0.25169225307959,0.0480178792872044,0.194866758255527,0.473868893327412,0.0323706083661485,0.424803034704046
"GOBP_POSITIVE_REGULATION_OF_STRIATED_MUSCLE_CELL_DIFFERENTIATION",0.00747162948389404,0.288062164698982,0.148637104493586,-0.0459736644828594,0.0749627716171708,0.186265053786998,-0.248956481090643,-0.233996850674225,-0.110675909892492,0.113813496975388,0.121378731763103,0.0816398292794724,0.0315401378844752,0.665877728295764,0.509557209937958,0.014855639576277,0.653971829519579
"GOBP_GLUCOSE_6_PHOSPHATE_METABOLIC_PROCESS",0.216359082518359,0.327772296740644,0.446536568789662,0.151012761465907,-0.242822756892289,0.200635561457669,-0.500091757359732,-0.489526110803445,-0.647398421324321,0.554623264297598,0.232584077369976,0.0270623167887591,0.000657982305023384,0.321854411360188,0.159261189206863,0.0242877148755304,0.75063555936106
"GOBP_IMPORT_INTO_NUCLEUS",0.176020922822643,-0.0780134720381247,-0.139422775847196,0.130557223151278,0.0721012177455431,0.356183487644052,-0.407794365201018,-0.397872723083665,-0.449681409716674,0.317165695125983,0.241655495356168,0.241922578496195,0.0491337763597073,0.453730482032635,0.19861936286338,7.79436709964012e-05,0.0923962760889608
"GOBP_PROSTHETIC_GROUP_METABOLIC_PROCESS",0.241833251592122,0.226965012535465,-0.113261254251633,-0.0926237707040314,0.162032538373699,0.0166464823440458,-0.346581146996192,-0.62274792177821,-0.499852893545709,0.451626382096543,0.298181400601136,0.387478216275971,0.0161135808126749,0.0225108118612785,0.555010055544441,0.0020663090584483,0.141595283528244
"GOBP_PROTEIN_INSERTION_INTO_MEMBRANE",-0.130479922842805,-0.207710198307024,-0.112043200731345,-0.181088885069694,0.151439404930206,0.335701841019604,-0.303685231068115,-0.339025366516812,-0.401824453383118,0.429442279022859,0.197981872823969,-0.00676602759776468,0.00847103997217358,0.623275364836738,0.234674449465661,0.04199482371024,0.0983976456722905
"GOBP_SEQUESTERING_OF_CALCIUM_ION",0.034656173167868,0.0635619533676549,0.0685490755077736,0.0211586930490703,-0.0984752842287718,-0.0922955889065255,-0.0963896335157629,-0.126524152318679,-0.0727673822732424,0.21470719963791,0.112768631556812,0.228650715281382,0.00204795726457372,0.010639474566129,0.0932473699009979,0.00789291086787531,0.0611637782027549
"GOBP_CARTILAGE_DEVELOPMENT",0.184951125394698,0.172571909746001,0.0204130407784556,0.0746557923823018,0.00441154554668313,0.0566150680013657,-0.245812607988042,-0.240706981019445,-0.0371277882386299,0.032288976318082,0.107983943776676,0.125349839455843,0.0284396952860199,0.294760285255142,0.263506500303203,0.0462400036835929,0.576631860254537
"GOBP_MAINTENANCE_OF_LOCATION",0.0826987676963869,0.134645906440336,0.0514643051031029,-0.00950819052581028,0.0396180822489295,0.13296602641719,-0.28687721998605,-0.263472317141732,-0.307377184182768,0.31031930094581,0.186967761881753,0.192389860558907,0.000813610452616648,0.0390125159417969,0.515320556957295,0.00325991309801633,0.0520339949499824
"GOBP_SEQUESTERING_OF_METAL_ION",0.0723496358064523,0.3288293859994,0.185580845592594,0.00485364124599816,0.273471366699016,0.0712768586705478,-0.147229229887634,-0.339097727716296,-0.230470147954388,0.376189728618622,0.258405017952282,0.21627581440655,0.011282856029308,0.166069704816132,0.511236761450175,0.00222339350023271,0.383999606947095
"GOBP_NEGATIVE_REGULATION_OF_MULTICELLULAR_ORGANISMAL_PROCESS",0.0233257127646345,0.0635128366020853,0.0600345609701301,0.116977895900871,0.085967966863302,0.103514567284101,-0.260096166489158,-0.238241681560176,-0.214157907098158,0.240609235429735,0.128183774145377,0.148489810354672,0.00010162696919876,0.1728667362688,0.0326587087761916,0.00306411099812124,0.0563069826440377
"GOBP_POSITIVE_REGULATION_OF_LYMPHOCYTE_ACTIVATION",-0.131055088368242,-0.0569051980031839,-0.0570943836377055,0.179545620275191,0.211981153169995,0.322998855037719,-0.329097720945271,-0.329653073209694,-0.357787870237936,0.264471740709304,0.192808180645708,0.0172230767949206,0.00424172147853587,0.412794996688642,0.00652027215020435,0.0197398636746597,0.0699445967904544
"GOBP_PROTEIN_HOMOOLIGOMERIZATION",0.0435479413269193,0.0876078330225243,-0.0168865625752351,0.0685444559318132,-0.0156266491935481,0.1700798049193,-0.280445899619462,-0.205704657279705,-0.315956028256948,0.321988373915993,0.218806959653173,0.0967697310775164,0.00238531524093725,0.179374804233133,0.595993687859871,0.00756015762271561,0.0985904654675646
"GOBP_PROTEIN_DEPOLYMERIZATION",0.267034267174639,0.296541612451456,0.126620301394472,0.101847133741423,0.146104910896015,0.174664549446018,-0.404724064834875,-0.421546040109971,-0.410216847716683,0.296823995165229,0.32921762938367,0.313253463351129,0.00622844089065735,0.00672510649014174,0.22496384072768,5.99342998865662e-06,0.251958018696613
"GOBP_PROTEIN_HOMOTETRAMERIZATION",0.0340042023584457,-0.0658357004514837,-0.0174409129609877,-0.207654759599251,-0.27506450501813,0.189088880558568,-0.241548710787031,-0.20161745834238,-0.231845262924489,0.39785502254656,0.238630779852624,0.0926283944209569,0.0097095967158822,0.129389768538851,0.632957700887238,0.0316941768608397,0.0867255888905654
"GOBP_ESTABLISHMENT_OF_SPINDLE_ORIENTATION",0.250389362260711,0.151038511839708,0.118594397275181,0.0753237652860004,0.27077551320942,0.497873945004108,-0.596636033410891,-0.482561744620503,-0.353958932536318,0.382875083326372,0.249025676864117,0.157030039691527,0.00325843588794962,0.902890349293551,0.475252614070278,0.00154553540098349,0.319779016329475
"GOBP_CELL_DIVISION",0.146742186429854,-0.0627910847137499,-0.131119354777284,0.0222753280249026,0.096629850235806,0.339279102690656,-0.3646753438488,-0.360152721373545,-0.42409283569687,0.214812353144787,0.138784769846291,0.18877384155511,0.0413739349129038,0.799735064618021,0.256804821890024,5.18832507156103e-05,0.135224579000923
"GOBP_REGULATION_OF_CELL_DIVISION",0.124158607790969,0.0177077914477684,-0.0359210401023624,0.104471406023276,0.129671130545511,0.177943023405841,-0.26386773943074,-0.240461688376939,-0.274047522830898,0.0849859939993119,0.138525490984984,0.0427511971368413,0.0207483299155172,0.242466923654863,0.149521914522506,0.0029071740030016,0.395013210948265
"GOBP_CHROMOSOME_MOVEMENT_TOWARDS_SPINDLE_POLE",0.335187299720416,-0.0407954410135346,-0.13308442377224,-0.111926253120753,0.0374495870943206,0.636112636637837,-0.594928165752484,-0.458270867256478,-0.584261895308758,-0.0305120214360675,-0.0884164045896746,0.289106086150008,0.0427130040302729,0.646688230149734,0.651335115984522,0.0246388993477342,0.988052887288402
"GOBP_METAPHASE_PLATE_CONGRESSION",0.153315194717739,0.106230326071795,-0.0932743188371055,-0.152956181531743,0.1619190724731,0.354376971853191,-0.467019699138258,-0.502173238674778,-0.542198835832599,0.220879823989264,0.130039108902671,0.0338014977493524,0.012569996707615,0.967226716689585,0.71905615894041,0.00295013636673271,0.481226188777333
"GOBP_ATTACHMENT_OF_MITOTIC_SPINDLE_MICROTUBULES_TO_KINETOCHORE",-0.0409528300734255,-0.0498271583855302,0.192449282591021,0.145769921137968,0.180491035893602,0.434989070128832,-0.538730734553564,-0.436713039376707,-0.549855461512178,-0.127096046803716,-0.152060875525583,-0.120075762253132,0.010307546819705,0.0498565881654311,0.144360733542931,0.00607276928035006,0.168150131029648
"GOBP_REGULATION_OF_OXIDOREDUCTASE_ACTIVITY",-0.0219699426060906,0.00942706597664358,0.0620176452121452,-0.0192987023505831,-0.0420009171549959,0.219654822244179,-0.186717199272772,-0.170130327877505,-0.285485985875385,0.317878905929412,0.107895747109713,0.0393342195338636,0.00863454682914236,0.436616254012409,0.712393802888162,0.0327185965286919,0.23536409532683
"GOBP_REGULATION_OF_CYCLIC_NUCLEOTIDE_PHOSPHODIESTERASE_ACTIVITY",0.222394940871027,0.290597888106955,-0.0278369254955095,0.207358106086385,0.0779668779910803,0.394117172864094,-0.344268359234411,-0.275178577191854,-0.664939518696628,0.479176519587245,-0.0655456128096289,0.0868247256148682,0.0202913557099613,0.768919518290141,0.65276209297039,0.0465844785366345,0.98003252428984
"GOBP_POSITIVE_REGULATION_OF_CYCLIC_NUCLEOTIDE_PHOSPHODIESTERASE_ACTIVITY",0.316622067185943,0.519381858640143,-0.0966241807758872,-0.353533547507457,0.372072355824413,0.607328033183663,-0.589463812868958,-0.549799868442062,-0.779099531229306,0.382233763907859,0.200616805072749,0.135157998768187,0.0269478381593331,0.926453250624316,0.918013684709671,0.00101803035898415,0.973535135203308
"GOBP_POSITIVE_REGULATION_OF_OXIDOREDUCTASE_ACTIVITY",-0.0562830545731518,0.0431929334526294,0.0254746361472206,0.08509834130808,0.0984234356152552,0.217693693995265,-0.242484790803252,-0.215392003263259,-0.364992075908272,0.331669391212697,0.158937331377749,0.108367570138732,0.0104526420573019,0.462806257144268,0.0736551333221629,0.00644651968624002,0.0842260934450396
"GOBP_NEURON_APOPTOTIC_PROCESS",0.0198546482374621,0.167502749347917,0.0593436282654166,-0.05274638858181,0.0215651807531404,0.22828485641957,-0.316971962842933,-0.300428031599138,-0.339632275086484,0.313430631964276,0.265975158118421,0.126615293046963,0.0085091086346044,0.178959894645767,0.872781511188205,0.00804783686963798,0.102217028675739
"GOBP_POSITIVE_REGULATION_OF_UBIQUITIN_PROTEIN_TRANSFERASE_ACTIVITY",0.0340217127013139,-0.00471688267965201,-0.0932025070499608,-0.0258395382016683,0.282305478185348,0.417629230282722,-0.438129869950954,-0.274276059301156,-0.524801278351171,0.436991055113399,0.259465198784038,-0.0997031903731136,0.0180543256173628,0.906307612693314,0.195266425849099,0.0429923912395175,0.295950879726892
"GOBP_INTRACELLULAR_PH_REDUCTION",0.267637428170637,0.228297846487295,0.115847423711175,-0.166895231628966,-0.217636537978612,0.282872411957107,-0.254733846669852,-0.334565380710321,-0.368848770885655,0.52112368099334,0.351642235383816,0.256032210173083,0.00110519287214026,0.106311206388803,0.270470423191077,0.00525709236590157,0.144367362813258
"GOBP_REGULATION_OF_CYTOSKELETON_ORGANIZATION",0.132763271390258,0.104324371596766,-0.0143512989037151,0.025432270338984,0.0666043863606372,0.130269739263575,-0.337207250052391,-0.282281012462908,-0.326169972231799,0.283066376548899,0.222041279397993,0.169622060032333,0.00700583416893262,0.0283101108664096,0.998040694459803,0.000711959327277153,0.0593640816513118
"GOBP_POSITIVE_REGULATION_OF_CYTOSKELETON_ORGANIZATION",0.108802820820538,0.0819489874658377,-0.115238057677816,0.0220804534619476,0.00928438069836726,0.0607711606555778,-0.363724279026507,-0.218965804258773,-0.276406875024872,0.276323800194718,0.156198906187322,0.116282429408673,0.0278484506516903,0.0753237974057844,0.945348736474134,0.00195926446162402,0.148134698437058
"GOBP_POSITIVE_REGULATION_OF_STRESS_FIBER_ASSEMBLY",0.0831554232021711,0.16641430689855,0.00393418172821289,-0.0557541505137238,-0.23926329013425,-0.163702725897679,-0.192967859922704,-0.160100618079732,-0.264720500780762,0.256321158308894,0.187199623807767,0.0370484661827518,0.00977636438077589,0.0215556607343077,0.0293846469378353,0.0162347084510726,0.402119566339303
"GOBP_KERATINOCYTE_MIGRATION",0.319244927144459,0.324575217266136,0.308552390894132,0.366758993775877,0.123976325629508,0.214594352838252,-0.570246798705806,-0.469216015002143,-0.348079775771179,0.267236836899116,0.394510407670241,0.489214851160838,0.00648402400301155,0.196109843089248,0.364909550476047,0.00074064587821851,0.41156694791766
"GOBP_REGULATION_OF_KERATINOCYTE_MIGRATION",0.510217127705741,0.3934684758288,0.490583483595659,0.363732830207037,0.0483691267432313,0.177602925012722,-0.657927133723722,-0.554438358216865,-0.668427188372675,0.252977688202617,0.364115740306295,0.529304058018928,2.87123514176605e-05,0.203325818100677,0.0842464994283346,0.00199458413168551,0.422123995794179
"GOBP_HISTONE_H3_K9_METHYLATION",0.368173581433363,0.240399905641376,0.047175109344372,0.164561529344141,0.0108593612331076,0.333285789412979,-0.460781378043744,-0.44426706163827,-0.4745293601477,0.0481106357791417,0.325137312192417,0.361988175285409,0.0176900931993277,0.608303654196397,0.728872530460707,0.0185380853864063,0.855144005811947
"GOBP_REGULATION_OF_HISTONE_H3_K9_METHYLATION",0.298762057792752,0.352341278087556,0.190860636267387,0.309861913239087,0.0676150631908481,0.24092110196647,-0.463441026287253,-0.516337386151277,-0.450877667372602,0.218596843435626,0.293284195295525,0.268379516555626,0.0011990642226888,0.537913181900014,0.443560552481661,1.68575755045214e-05,0.722054754167329
"GOBP_REGULATION_OF_NEUROTRANSMITTER_TRANSPORT",0.15191572026799,-0.0268334434639106,0.0532061248710532,0.0610418579356673,0.169137035685157,-0.0327611268620538,-0.301727490897245,-0.320162865829048,-0.326447040523416,0.15666621651281,0.178064944053018,0.1197611729294,0.0168349502018579,0.276803211595252,0.938781261144342,0.000257498315385268,0.2102753698737
"GOBP_NEGATIVE_REGULATION_OF_NEUROTRANSMITTER_TRANSPORT",0.559152956776253,0.328261027953139,0.456949346351117,0.0325309473998038,0.154604613151174,0.331813380604958,-0.731647052676756,-0.597839570601215,-0.528103066838231,0.182613758946961,0.482289707595925,0.397389911013978,0.000305130430681853,0.219485697508695,0.0701201741172571,0.00150500318578725,0.449749124589193
"GOBP_RESPONSE_TO_METHYLMERCURY",0.229751792545402,0.43898508936105,0.232297007088858,-0.050160561888882,0.086492299420006,0.255393486654091,-0.588047778161494,-0.203560918939651,-0.62743568129548,0.381340928004462,0.460234588142944,0.558151909474389,0.0148547047278051,0.0325687541454963,0.148880918867643,0.0118003678202025,0.132039052466546
"GOBP_PROTEIN_MATURATION",0.137447869954019,0.122152151245364,0.0952699024223096,-0.0463033798826629,-0.0317148287552801,0.134244724677104,-0.264478363851064,-0.337925308450555,-0.27018538517102,0.365056128242468,0.25852049612792,0.20208946858145,0.00057994651037777,0.0284007821313001,0.224277149318894,0.00200615420504733,0.0733005050592474
"GOBP_ACTIN_FILAMENT_NETWORK_FORMATION",0.233373082621839,0.130648015074366,0.51882760074565,-0.132355332246331,0.0462029408341008,-0.229779555778019,-0.436909724355433,-0.336590592538304,-0.0422818592961099,0.386256021981126,0.134958066670525,0.272644495057469,0.0269463698059509,0.0276486281387424,0.0543267963387841,0.0255862081965234,0.841057306096224
"GOBP_NUCLEUS_LOCALIZATION",0.0284300460650376,0.172452106872181,0.256141569285869,-0.00155199517218271,0.349915522821338,0.100449667912437,-0.41268114830739,-0.296287150021557,-0.493723151670751,0.452492823519635,0.30116217578634,0.198657956342057,0.00348294443795211,0.266597064344127,0.983596354833349,0.0019459812807751,0.172432647086968
"GOBP_MAINTENANCE_OF_LOCATION_IN_CELL",0.0629814526309498,0.0884591854756863,0.0406492550402596,-0.00776138372282767,-0.0619523031892209,0.0672415372372163,-0.177570017133041,-0.190107222421579,-0.20082308475347,0.242380832662248,0.14103180098212,0.14622341389659,0.000589946334669476,0.0243273124940701,0.219053817029892,0.00626241415224773,0.0597133080804739
"GOBP_SPINDLE_LOCALIZATION",0.229073420537297,0.0447046892275254,0.125902624510413,0.0744287298789997,0.140325672176217,0.456214970540882,-0.570156408356405,-0.441346323824871,-0.370356498489268,0.349938257463727,0.130186214759656,0.154181497384707,0.00174566566009657,0.934069937962029,0.538287419572291,0.00200029510815278,0.426030800198185
"GOBP_MEMBRANE_RAFT_LOCALIZATION",0.206285755880526,0.14895085071973,0.257973097952633,0.203416576866279,0.436658334640897,0.254875646425702,-0.353496402635319,-0.6094597774076,-0.473413172917514,0.351009218928574,0.127060593106607,0.107082895424007,0.00502738069414961,0.383389599444011,0.318668546666781,0.003353333146553,0.919563340521683
"GOBP_BIOLOGICAL_PROCESS_INVOLVED_IN_INTERACTION_WITH_HOST",0.0476303708662813,0.0999935660029028,0.0373436093179223,0.042104795234678,0.209936524291495,0.296827561317213,-0.40003104546298,-0.387104243127483,-0.425672155050862,0.309147797081998,0.211680585782722,0.0732575384974767,0.000153262745424214,0.889031235209591,0.242284700599052,0.011019743098619,0.177444592191861
"GOBP_REGULATION_OF_CELL_CYCLE",0.0679124677868683,-0.0763572358308125,-0.17648881575816,0.0331185505008482,0.0164708288157744,0.29133988824634,-0.307488211452001,-0.334979854520785,-0.382201014530319,0.251529589993346,0.163347341963571,0.183908801010029,0.0483729516972225,0.439487683145511,0.201775061185261,0.000123356558063751,0.0524054349393066
"GOBP_POSITIVE_REGULATION_OF_NITRIC_OXIDE_SYNTHASE_BIOSYNTHETIC_PROCESS",0.123887339289751,0.00882185253531245,0.068755547676363,0.265611370032799,0.411916942341939,0.240724950919861,-0.355741604308443,-0.454437635732237,-0.415682606939642,-0.0360526228296418,0.0918271442937345,0.27235610951605,0.000459605798815027,0.147956264293451,0.0264052052902805,0.0204455399285863,0.693064293516828
"GOBP_RESPONSE_TO_REDOX_STATE",0.0574333098182318,0.0560080590552527,-0.172080865300309,-0.474394396136204,0.0644430034464777,0.222033058722606,-0.382053160409255,-0.202246431144938,-0.478500350406611,0.3894843134532,0.161896195958056,-0.0461261396952743,0.0397468234830015,0.410950456633343,0.862031378432106,0.0323060057591911,0.283920266711802
"GOBP_POSITIVE_REGULATION_OF_CELL_DIVISION",0.099138795749487,0.0747056024992289,0.0171553547700934,-0.0302570631700908,0.198573953243544,0.121878492649809,-0.251592815555119,-0.2148766408119,-0.198943879446493,0.106336301165753,-0.00820267693177465,-0.0670962943180201,0.0012587658578168,0.367577531845632,0.680783843576026,0.0355702223222453,0.417277711660292
"GOBP_NEGATIVE_REGULATION_OF_NUCLEAR_DIVISION",0.207375351621917,-0.0926271592831891,-0.00262096456782865,-0.000189290661771035,-0.0664697513268083,0.288622004446939,-0.358982968105139,-0.273480544928974,-0.444851524693086,-0.051065530931307,-0.149865928259079,-0.234817792875892,0.0277408449755835,0.171522747171431,0.807976319574304,0.0423598587341518,0.168408970551239
"GOBP_RESPONSE_TO_MISFOLDED_PROTEIN",0.232841429201752,-0.0403022392449959,-0.152972796848441,0.0994218907876074,-0.0577060141483175,0.327067230185638,-0.359751392091909,-0.304273404912982,-0.561223718368952,0.401384369242377,0.380577341347016,0.300203902113578,0.0451740264084321,0.159539665269332,0.530470613281385,0.00470131416596171,0.0847595485292421
"GOBP_MEDIUM_CHAIN_FATTY_ACID_METABOLIC_PROCESS",0.24384150899482,-0.0213870738795635,0.0309297323491169,-0.179877159509417,-0.148980317957432,0.0991614628617837,-0.173585173575592,-0.483485033525583,-0.41395916286145,0.181119232901876,0.0225036413692778,0.113467534937303,0.0244568511464844,0.164268213722598,0.250915163702886,0.0228764494284544,0.833739373171275
"GOBP_GENERAL_ADAPTATION_SYNDROME",-0.700487099396841,-0.719433572480052,-0.547151172858854,0.616263767436506,0.698752538856473,0.132765184267029,0.522522483359366,0.473671812089007,0.354581836388678,-0.357508897579546,-0.518646843591321,-0.096479461700785,0.000122379569156431,0.0244235291622387,0.0163834664317515,0.0141653366724812,0.0980646549514152
"GOBP_PIGMENT_GRANULE_LOCALIZATION",0.0113720181332344,0.129728482545665,0.132282927707724,-0.238160012785849,-0.0230488271007909,0.143607247445853,-0.346464146004261,-0.159667361110566,-0.39480732365377,0.347673088483754,0.528173453276326,0.172762377797342,0.0158768321533735,0.0617899118471563,0.362074137883767,0.00884683622304337,0.114258407229673
"GOBP_REGULATION_OF_MITOCHONDRIAL_MEMBRANE_POTENTIAL",-0.0656379293531548,0.0535000588168224,0.145443845156895,0.0334697653641928,0.125206892445554,0.187386011195342,-0.373881261481532,-0.250722619370549,-0.395029487429863,0.40941254337164,0.25017942736502,0.0689304564320624,0.00893101856558041,0.328693462005582,0.406431591291024,0.0149015689311808,0.175661245998653
"GOBP_MITOCHONDRIAL_DEPOLARIZATION",8.99989240583376e-05,-0.0735537060545295,0.0565286086596729,0.0149785252995916,-0.221192579133587,0.247419108915645,-0.283386070181796,-0.308859182674144,-0.396159327888154,0.363884059952964,0.125780058921604,0.138527751027078,0.00321676385590062,0.29354643311062,0.901350476545123,0.0100892362361423,0.0906630633190584
"GOBP_REGULATION_OF_CARDIOBLAST_DIFFERENTIATION",0.54461943456567,0.435139203295975,0.206307407687446,0.340777054438038,0.0777709501497648,-0.139255199367666,-0.479744156385166,-0.664579890199223,-0.608971053137643,0.275640611750873,0.686724680271793,0.141204012471248,0.00287286782369144,0.271982378094871,0.15889337289023,0.0198676205733002,0.894414698013001
"GOBP_POSITIVE_REGULATION_OF_PROTEIN_KINASE_B_SIGNALING",0.0614992382622181,-0.00296126629438187,0.0288295360548222,0.0580258286641846,0.0439680247161883,0.231142775004314,-0.253613858615258,-0.120571706025785,-0.117581233278864,0.0486460557877097,0.17272510910329,0.147024767016055,0.0352232766286448,0.878105664163246,0.305115648832148,0.0087192874969054,0.115335980953321
"GOBP_MEMBRANE_DEPOLARIZATION",0.0133605019555025,0.00713683239840274,0.238620564174273,0.0158354195207999,-0.0390188697281491,0.216827552562485,-0.238392008607863,-0.212270080679398,-0.254594402489779,0.17747450675291,0.147883771779287,0.347674809099551,0.0485379247101276,0.18734180990147,0.850860456046874,0.0150554227062808,0.235986064743835
"GOBP_POSITIVE_REGULATION_OF_MITOCHONDRIAL_DEPOLARIZATION",0.0863052912521537,-0.00795494126160756,0.134774587003834,-0.301786691706792,-0.126051216284751,0.0577417062238906,-0.157683206564915,-0.065893544173757,-0.248992855896473,0.325428115405995,0.163395159838482,0.0535532417817289,0.0298159730746249,0.0847297950775212,0.193349519219963,0.0295221994792605,0.305964779126996
"GOBP_ESTABLISHMENT_OF_PIGMENT_GRANULE_LOCALIZATION",0.0941410166170425,0.165407771998126,0.208973419255297,-0.179169232556541,-5.79198296495886e-05,0.190250618299477,-0.42645991668973,-0.265078919235754,-0.430874656429352,0.349483139684407,0.529782708859925,0.25478587655208,0.0025000625603497,0.0529906415340941,0.28673479539775,0.00252460484216924,0.0950182686658026
"GOBP_REGULATION_OF_FIBRINOLYSIS",-0.0370199881874836,0.0513663991044863,-0.0243086984995654,-0.132640872690327,-0.148069947063263,-0.634304798207559,0.244869567301989,0.22169062152153,0.327652411151362,0.11844668799643,-0.0227773325415329,0.111557438394845,0.00345083791949024,0.142940640048819,0.205852359270318,0.0301114518618379,0.262639150130429
"GOBP_SYNAPTIC_TRANSMISSION_GABAERGIC",0.158241569735831,0.272567479679744,0.351958925418144,0.00887961066357335,-0.0239745736105114,-0.194945575776917,-0.20015195610018,-0.272461527995244,0.0427668821604861,0.303545065190346,0.204024874834286,0.0831658695345678,0.0311447456521311,0.0409571377909587,0.0178009584053149,0.048996535143549,0.493802375500466
"GOBP_GAMMA_AMINOBUTYRIC_ACID_IMPORT",0.228586081910369,0.544126592564018,0.042715926659871,0.379799183307753,0.0370126613057989,-0.0147738847678763,-0.455313834704894,-0.635071250789741,-0.402500469883651,0.719883909856443,0.263418933461863,0.104232275904422,0.0195588925051658,0.369550012628201,0.51300774665475,0.0305036351665972,0.720689065167196
"GOBP_POSITIVE_REGULATION_OF_AMINE_TRANSPORT",0.000781638288248926,0.141071761476916,0.0846067811884041,0.0622391690935251,0.0970420418245981,0.060359054334499,-0.293038370384276,-0.283567040996964,-0.230699648903323,0.293121519991195,0.216820566029749,0.0285891575678085,0.00549205956664718,0.30806872307419,0.961533209494,0.0239314629540733,0.324767005453385
"GOBP_REGULATION_OF_NERVOUS_SYSTEM_DEVELOPMENT",0.0688543277800263,0.089939648980162,0.0239584614380376,0.168363507147565,0.0873946844205227,0.137969850251147,-0.248703362439496,-0.18806381911228,-0.255085580494677,0.173324664201358,0.0629497639672029,0.162784111247225,0.000566612699588455,0.968823487433533,0.0855044521476728,0.00208673470517728,0.167168004648405
"GOBP_NEGATIVE_REGULATION_OF_NERVOUS_SYSTEM_DEVELOPMENT",0.0862244212592191,0.278136637503296,0.14606069710266,0.192299239516064,0.0580543406410975,0.0687861195581702,-0.335686082126646,-0.228790976731343,-0.299974984058493,0.245372063110318,0.109879831910093,0.278676079539055,0.00509232525861689,0.195840302315447,0.424502336220609,0.00256899824510282,0.620014233450039
"GOBP_REGULATION_OF_SYNAPSE_ASSEMBLY",0.166329334581074,-0.00174191155475242,0.109075270581236,0.0203921128089633,0.112712037262166,-0.058996260007115,-0.247063371762276,-0.108661262279425,-0.112355171905801,0.157767564671582,0.161423280387915,0.129183446832675,0.0213863636062678,0.123070248372908,0.395586214210952,0.0176155514627791,0.359015055461042
"GOBP_POSITIVE_REGULATION_OF_SYNAPSE_ASSEMBLY",0.15839738831212,0.0169974684457296,0.14432631035439,0.0647817614396266,0.140202968930493,-0.136103353514153,-0.0607514521322021,-0.00438814352076256,-0.100090165023232,0.0447990090059173,0.112636454638021,0.142996501046479,0.0479912955522288,0.454210408990721,0.43713104760255,0.018154862238802,0.91110285339291
"GOBP_REGULATION_OF_CHROMOSOME_SEGREGATION",0.101703760625474,-0.178669423674687,-0.135436418386753,-0.0587299464781201,0.0969354721330923,0.3828920639563,-0.416571779751612,-0.373707648155447,-0.521787375667283,0.138869721254487,0.0307959377657019,0.0265242893645124,0.0338361487645986,0.626244516025077,0.256389269976829,0.00107190123527992,0.255364140099628
"GOBP_REGULATION_OF_ATTACHMENT_OF_SPINDLE_MICROTUBULES_TO_KINETOCHORE",0.245989434031128,-0.0438461054018102,0.163850459072283,-0.275301487890952,-0.0198528394564679,0.397419493430805,-0.601739393870954,-0.514832734499549,-0.600205525999829,0.404691918129255,-0.0569309650187419,0.0562499280391774,0.0092737465824228,0.699235959644462,0.711391964459576,0.0320721122516559,0.942632846102105
"GOBP_MUSCLE_CELL_DEVELOPMENT",0.138662224329985,0.15521216805915,0.138460242536961,0.0496133871272376,0.120211367525423,-0.0546187109861664,-0.283591054004946,-0.202478483326374,-0.138688839357834,0.102997988079237,0.198317188259678,0.167488099409311,0.0127151925216832,0.131702965960125,0.171394208157351,0.0032224644868574,0.709740919102277
"GOBP_CARDIAC_CELL_DEVELOPMENT",0.0115079483416808,0.0996119236077592,0.0182443607355251,0.103571726383234,-0.0820292685074253,0.174597854232768,-0.214074091669926,-0.255607559609608,-0.3038120255475,0.116486991068223,0.167971302827161,0.282793492771789,0.00147598366040344,0.256651204082659,0.805614357274239,0.00385842474738702,0.0772136377751083
"GOBP_CARDIAC_MUSCLE_CELL_DIFFERENTIATION",0.0273970001296855,0.142847920999149,-0.0507648813665469,0.0924479388684206,-0.0492132439485084,0.0984793893428225,-0.23600861110147,-0.24002486390024,-0.169489820633914,0.157937180813266,0.116088863060656,0.216082276870341,0.031451863155474,0.123397987226063,0.925250279864248,0.000665938679112813,0.146109891698551
"GOBP_NEUROBLAST_DIVISION",0.195290002207923,0.549810126742512,0.270075268603983,0.361163442782196,-0.234469221377479,-0.286335480539246,-0.124339318269174,-0.184824293874213,-0.16858332641509,0.120266765436755,-0.0207858262230389,-0.0211521297710757,0.040662421248728,0.742371105820802,0.192747421146149,0.0447956888575485,0.084690070040711
"GOBP_ASYMMETRIC_NEUROBLAST_DIVISION",0.345860201455927,0.590183933616293,0.282212663279617,0.297221011127055,-0.323264895418896,-0.389179502201413,-0.230956982874802,-0.606916411927299,-0.212732979971878,0.464373902596077,0.491469531396026,0.248851224736499,0.0110942558105272,0.12013454537556,0.11541527735189,0.0123515922397099,0.972112362170318
"GOBP_IRON_ION_HOMEOSTASIS",0.00212531022121704,0.0020849647129027,0.0262512195997387,0.00709759599584067,-0.061235719025301,0.270828416923915,-0.308642880776076,-0.328406027868071,-0.273576140439168,0.37617709864773,0.258897599676958,0.0940066779169089,0.000451562922484611,0.262601580702428,0.602581867651957,0.0186020098399887,0.103116288346923
"GOBP_TRANSMEMBRANE_TRANSPORT",0.00733471130753732,0.108361958263723,0.0642518861752787,-0.0118350207036269,-0.0186096714541941,0.0359455699806504,-0.105656051549901,-0.117153962256646,-0.169210727476071,0.207885624948161,0.164346309806622,0.097821165841084,0.00823148778450403,0.0226960424408287,0.178269476309307,0.00323970346051205,0.0900888353973267
"GOBP_LIPID_HOMEOSTASIS",0.0436515193477638,0.217757637992734,0.22972484776217,0.0274635374821001,0.0601971461301302,0.0277007527953512,-0.261544094421362,-0.155348934322264,-0.25841459418582,0.197158576396679,0.197754062459677,0.0688239252462532,0.00940501484794526,0.105710818967977,0.169006297211269,0.002725839456755,0.908147851941883
"GOBP_STEROL_HOMEOSTASIS",-0.0226601388483001,0.240969326875115,0.21539907074448,0.080872741896225,0.130641358094465,-0.0213773330294875,-0.240700530386615,-0.125000941318708,-0.223745809579475,0.0434070880715676,0.0894731279393206,0.0717212742395242,0.0396819256274161,0.925923145498547,0.455122411577885,0.0104943385077581,0.459795117656374
"GOBP_REGULATION_OF_CARDIAC_MUSCLE_CONTRACTION",-0.105834171645254,-0.0801225463213858,-0.0611370155644544,0.197153185571172,0.122609785493511,0.0488093587152859,-0.161817676495006,-0.176975342168221,-0.143515972508711,0.0434943191337034,0.225253018390218,0.108172814658693,0.0101174323305047,0.969533545075508,0.0320819735395012,0.0294491753249851,0.0525577423112356
"GOBP_REFLEX",-0.180411872720704,0.0784313507866574,-0.19158340359109,0.276264778666825,-0.0157729987682496,0.0597847923619958,0.297185168073694,0.0981823786772163,0.375947616079978,-0.0952190448865818,-0.124856949827835,-0.247854410022982,0.0427541327656304,0.0756520398574789,0.174954907570659,0.0201427437670737,0.600736494721587
"GOBP_PARATHYROID_GLAND_DEVELOPMENT",0.525066258618883,0.350538320194036,0.22804015306778,0.592550232922025,-0.0698648025808032,-0.0346244829272305,-0.491658905602083,-0.239589458354554,-0.0546797299635087,0.143709313625581,0.358874626592855,0.108353325004068,0.0189893327496139,0.871414451616344,0.449548216805323,0.0452238700145758,0.231799650878008
"GOBP_BERGMANN_GLIAL_CELL_DIFFERENTIATION",0.096735937991144,0.275476427041435,0.279354325111346,0.0831934243960787,0.124020977220926,0.0346196248840497,-0.544372894154807,-0.315034197703914,-0.583482976309702,0.571556859277316,0.359669656040716,0.126263581486446,0.00349335320309532,0.164349728604174,0.138138276120316,0.00852594132673599,0.414595022166315
"GOBP_CARDIAC_MUSCLE_CELL_PROLIFERATION",0.418591064218785,0.161502312988926,4.41625525068878e-05,0.230187724239213,-0.0663553391157292,0.176679003396871,-0.397361514053576,-0.286778432622657,-0.246999475344686,0.0976183694326122,0.229180314893124,0.378688815167649,0.040818301481231,0.376304400768472,0.629628074894549,0.00878184279884937,0.791539139455385
"GOBP_RETINA_DEVELOPMENT_IN_CAMERA_TYPE_EYE",0.184717307466325,0.0766351028537832,0.0946699426232997,0.033414020808254,0.112628544200325,-0.0206904754368423,-0.153061018173261,-0.128802286122513,-0.0980298960367998,0.011593172947363,0.0281128330949623,0.0235552444425527,0.00808894266876607,0.647396823999701,0.208673393424938,0.00708951117084849,0.0970194515425064
"GOBP_EMBRYONIC_RETINA_MORPHOGENESIS_IN_CAMERA_TYPE_EYE",0.601257650408944,0.199509670107173,0.0477214317392239,0.622142059768325,0.133854778097903,0.144956368096551,-0.656825154676368,-0.517870413678683,-0.501541613222227,0.215273785028983,0.417334980646834,0.317151642297266,0.0282177100208066,0.931332306317405,0.943189849650925,0.000384401096137681,0.861761456119392
"GOBP_OVIDUCT_DEVELOPMENT",0.282356667293056,0.411180045121248,0.35993547891539,0.30155925954364,0.330447181411924,0.533840630626381,-0.531479660893957,-0.589797858104912,-0.491783651031463,0.270310141066909,0.0666333819801839,0.371744815050935,7.64527022722457e-05,0.260907013446181,0.679468786603941,0.00821611576356876,0.331436255768114
"GOBP_CANONICAL_WNT_SIGNALING_PATHWAY",0.0592460723921752,0.0414318512913872,-0.0884670453373456,0.232624611609371,0.224646759162064,0.232480995328684,-0.3134901720239,-0.273417460230915,-0.226856460593767,0.101023793752141,0.180514643177628,0.161064004205937,0.0130119189175073,0.0732616028379074,0.0395756055791911,0.000271226202347562,0.0716135197973962
"GOBP_REGULATION_OF_RESTING_MEMBRANE_POTENTIAL",0.509057020506922,0.232587232859054,0.249477402620357,0.035925846848587,0.499716514209797,0.21346669771454,-0.323898998625428,-0.322302684465755,-0.348994494740091,0.450569149208093,0.241490513824614,0.558488815181725,0.0170455123186198,0.3726082887495,0.648465348691682,0.0144872881174776,0.539666089621086
"GOBP_AUDITORY_RECEPTOR_CELL_DEVELOPMENT",-0.0623582208178348,0.0508755624542963,-0.00793330764114747,-0.211779421925526,-0.130821613747097,8.25368320608866e-06,-0.317450728987605,-0.278514401942523,-0.289608024875334,0.0482346738195695,0.331953910448688,0.0941382348635485,0.00700910415785031,0.071456518028641,0.21936878367525,0.0337201464668768,0.193860887847912
"GOBP_PREPULSE_INHIBITION",0.0679705641662784,0.234148451629523,0.363307930244533,-0.128842080136084,0.122134073692141,0.0527723781677175,-0.163401076276524,-0.14415058428372,-0.292747078501603,0.213149394143256,0.503914756436088,0.362537845673663,0.021283129323703,0.0381800018837854,0.144576410107039,0.00894099382871127,0.313385868264319
"GOBP_REGULATION_OF_SYNCYTIUM_FORMATION_BY_PLASMA_MEMBRANE_FUSION",-0.0414140317833502,0.280968283727273,0.282595533998886,-0.178283390210582,-0.0430414514942396,-0.124238992021085,-0.352746293185461,-0.242161047608033,-0.294656318976487,0.246284144965527,0.0320697800631028,0.210694924010854,0.0394893810163076,0.0319457936404732,0.101877654591131,0.00931649407246517,0.935480904399522
"GOBP_POSITIVE_REGULATION_OF_SYNCYTIUM_FORMATION_BY_PLASMA_MEMBRANE_FUSION",0.000455156850075994,0.390638092533476,0.404342519664875,-0.362526411372776,-0.118360126645797,-0.220282591097752,-0.399789364117977,-0.251061178218797,-0.295284330990882,0.435267639151142,0.319391451241823,0.325176603766432,0.0374157987994318,0.00482362927984068,0.0437345999167964,0.000355339888493155,0.55343947321526
"GOBP_NEGATIVE_REGULATION_OF_POST_TRANSCRIPTIONAL_GENE_SILENCING",0.201561796285527,-0.121533915811146,-0.0849661184494043,-0.0444155533654622,0.315784830910732,0.227059171922261,-0.286505315542574,-0.468153820528308,-0.476311577962393,0.373045146369576,0.298097736048395,0.393110195722804,0.0361938940245794,0.218939407245917,0.323061197194782,0.00198318755792278,0.0637998561693093
"GOBP_PLATELET_DENSE_GRANULE_ORGANIZATION",0.178660437890964,-0.0884832151668794,-0.185574444478444,0.130185448800183,0.0153943978519287,0.418281046705267,-0.414089163231357,-0.542492547613586,-0.528672072920327,0.51013912305868,0.42134974809756,0.146002023004608,0.0380393315639471,0.351701227867547,0.2468720195906,0.00907055223605957,0.0646511165612942
"GOBP_REGULATION_OF_DOPAMINE_RECEPTOR_SIGNALING_PATHWAY",0.24322223467043,0.273121017222312,0.0220873506702834,0.336514266669484,0.331022704598073,0.202933102848724,-0.542999984467389,-0.499964164749025,-0.403138767340097,0.446268879823791,0.435824350837671,0.461119319388981,0.00500029829471563,0.0651089432594425,0.305334611945915,0.00149918338178672,0.0759231004067469
"GOBP_POSITIVE_REGULATION_OF_DOPAMINE_RECEPTOR_SIGNALING_PATHWAY",0.423213259517535,0.398896658929453,0.267954527997309,0.2863831070697,0.0930563023273687,0.460327214071688,-0.706433148364295,-0.582407266692374,-0.385267239493325,0.548198786389055,-0.0518092992555551,0.508630792172264,0.00316297484158841,0.818677814217686,0.529150963228558,0.0274224332224664,0.898818798473327
"GOBP_MALE_MATING_BEHAVIOR",0.090076843205545,0.178906129974007,0.436458054655816,0.206140502377971,-0.0425564602856201,0.151426292296683,-0.347649516970174,-0.404557481079939,-0.720942001280434,0.0603347809905692,0.410958510786666,0.330810162561925,0.00986603094263529,0.287041026325199,0.373109389285299,0.00868239648892077,0.838806001409374
"GOBP_HEMATOPOIETIC_STEM_CELL_DIFFERENTIATION",0.12148113443026,0.0254162467467455,0.0284212617506794,0.050402970671999,0.0695306225120838,0.279612020889393,-0.38166674199714,-0.446690133156975,-0.497271328887878,0.345693100781552,0.267681173606719,0.107036466671836,0.000412423658306403,0.35206393946488,0.425142187595451,0.00374329962719929,0.106515865429711
"GOBP_REGULATION_OF_GLIAL_CELL_PROLIFERATION",0.183811634368132,0.0618628666772722,-0.155854801077318,0.185467445559693,-0.0176082187809783,0.286258408346609,-0.484710142052994,-0.225381689668781,-0.294036983911854,0.247759487476865,0.213319124902536,0.233271905691337,0.0475879903681801,0.465145732929051,0.415399258506573,0.0169727151246652,0.178513538253855
"GOBP_NEGATIVE_REGULATION_OF_GLIAL_CELL_PROLIFERATION",0.483101030695678,0.551647781926325,0.284857614026295,0.0538234080488779,0.0464151233382579,0.0864812378036255,-0.653374646999615,-0.277873983881658,-0.443424833503272,0.34900867944797,0.594803746686058,0.274185717479309,0.00355257517873943,0.0687854576214278,0.0393178753873148,0.00420288385561768,0.80122202348415
"GOBP_REGULATION_OF_FEEDING_BEHAVIOR",-0.146647967512334,-0.136750698256762,-0.131143353619005,0.184847468613428,-0.0682861382115495,0.164790762848719,0.168991964785908,0.304372303847632,0.11829726864915,0.05817617639934,-0.0560271441740897,-0.0362171993844139,0.0256886476300326,0.328178846716053,0.103440783005936,0.0426713078791818,0.0669881717755252
"GOBP_REGULATION_OF_MEMBRANE_REPOLARIZATION",0.0393658481541409,0.153078643815362,0.258324948350444,0.281153049712284,0.0625636855517723,0.246467800582412,-0.255695260462233,-0.19439630745883,-0.259875602414392,0.102432256403782,0.0283939679625616,0.136776886199807,0.0175426350469337,0.251652510003729,0.642686389032169,0.0019267728057327,0.452973735462848
"GOBP_POSITIVE_REGULATION_OF_RYANODINE_SENSITIVE_CALCIUM_RELEASE_CHANNEL_ACTIVITY",0.30109936527118,0.411536613303105,0.230203987877028,-0.133959174243688,-0.419373785843731,0.0328295975803511,-0.142657372550785,-0.271234947481359,-0.327712543356487,0.374448817421241,0.269109154140646,0.0327293582077615,0.00180280511059397,0.0787848246146213,0.0508855810586659,0.0247236351526503,0.492251102042824
"GOBP_CARDIAC_EPITHELIAL_TO_MESENCHYMAL_TRANSITION",0.0859833061348366,0.274388642293041,0.16173260172597,0.184550108727544,0.0437648683980667,0.274330884937385,-0.252779542891793,-0.263183200241007,-0.328040910690171,0.272640506188948,0.346404414659546,0.0524475669195623,0.00653459547960637,0.640309515506871,0.944024244727613,0.0230627357908306,0.661366948975925
"GOBP_PRIMITIVE_ERYTHROCYTE_DIFFERENTIATION",-0.792614544902596,-0.366749526324787,-0.585091251535635,0.555196347998842,0.445705210670729,-0.0846118031856473,0.207666013749595,0.667460431949787,0.651718620219342,-0.308251851608772,-0.39750124549882,-0.632754344563697,0.00558830413881601,0.0439945299974533,0.0261543047526276,0.00922855052434327,0.438440094475245
"GOBP_FACE_DEVELOPMENT",0.168157722288231,0.170109929356461,-0.0430652961061841,-0.0669334867398472,0.185590241443151,0.054296888697981,-0.281834495624531,-0.227831161738015,-0.268541283229401,0.195675595619434,0.20879503283285,0.149821006050399,0.0315692588659552,0.219009111012764,0.708852420454088,5.50062018761376e-05,0.346274186154327
"GOBP_FACE_MORPHOGENESIS",0.292832975546019,0.230389196250207,0.098067888911079,0.00901992011456193,0.112290347025171,-0.11970287671256,-0.111814358161138,-0.0591854553676372,-0.00468834847822525,0.0856545051800549,0.0605146100859527,0.0389753883345382,0.0255475322386624,0.459614694935039,0.0810412637874509,0.043705438612936,0.120215247426329
"GOBP_CELL_CHEMOTAXIS",-0.049396193303496,0.111294461143201,0.115563751753474,0.0294502546844713,0.158309325363594,0.00798959000014268,-0.268151060069121,-0.206209261840243,-0.187843842205597,0.219591363719983,0.0719142354484726,0.0911718404185052,0.0216577541593324,0.398384689479569,0.936474525140945,0.0067590673079607,0.393433010675922
"GOBP_BONE_DEVELOPMENT",0.142036502313158,0.0779138324650535,0.143558261299181,0.0614854688342486,0.0603720845871531,0.144977219708106,-0.272363212386998,-0.228219640612636,-0.129593634450785,0.205058724308393,0.181092908607644,0.0943981517382433,0.00613613288334179,0.181155414824026,0.417185373980569,0.00281755815589416,0.393025691710077
"GOBP_NEGATIVE_REGULATION_OF_CELL_ADHESION_MOLECULE_PRODUCTION",-0.328694979175302,-0.161597827675857,-0.258338131673105,0.41568029162755,0.154326349011017,0.475037518660806,0.156699423247343,0.350149323740209,0.144178684168092,-0.396383141926197,-0.0968493440829886,-0.180689553002607,0.00628584652153551,0.0128018482577341,0.0131100953628881,0.0192771144379941,0.821636653943272
"GOBP_PATHWAY_RESTRICTED_SMAD_PROTEIN_PHOSPHORYLATION",0.119932988770729,0.0837392874586261,0.189469017605214,0.0214417257411057,0.151700962167801,0.0966885248583652,-0.183133419793163,-0.220607591284289,-0.221426414831744,0.0978968909264023,0.270287524733657,0.035618407861064,0.00344587687254337,0.6135596374797,0.449262197774873,0.0358429307970242,0.966212808066427
"GOBP_POSITIVE_REGULATION_OF_SMAD_PROTEIN_SIGNAL_TRANSDUCTION",0.228047949225336,0.0823307534890733,-0.0615215539833119,-0.0629293738997951,0.149895572318671,0.233674988438988,-0.157724346523568,-0.326829085491663,-0.252947442803505,-0.0301683587006114,0.184554939517824,0.202554076988762,0.0381735005295609,0.921860788655034,0.85359819475422,0.0202600825747536,0.764282510786498
"GOBP_NEGATIVE_REGULATION_OF_PATHWAY_RESTRICTED_SMAD_PROTEIN_PHOSPHORYLATION",0.218390334159095,-0.0816080746388394,0.320305020576326,0.1602841094102,0.149601106648758,0.226345970011203,-0.482233028813609,-0.336143303827158,-0.263551553364438,0.29020487904012,0.230690547278781,0.238241274935318,0.0320913664444617,0.074855891473394,0.848741484655781,0.0069926930454894,0.492742492564297
"GOBP_GROWTH_HORMONE_RECEPTOR_SIGNALING_PATHWAY_VIA_JAK_STAT",-0.273768516796983,-0.207616772208633,-0.354837221075168,0.583067059416321,0.48899209228366,0.706807230077894,-0.413015767071874,-0.638404568116697,-0.583416574854847,0.418049839079554,0.0591185525251731,-0.0276605207519851,0.0379514950199714,0.0649595962339287,0.000664831817667979,0.020770951969362,0.0769853258446922
"GOBP_CARDIAC_SEPTUM_MORPHOGENESIS",0.188863226153682,0.255446553534645,0.0191018390790597,0.255260032966589,0.0775440870490351,0.24328505669468,-0.321322869977723,-0.347677368417389,-0.11383849795125,0.17986842032052,0.287301579738013,0.23212372043921,0.015300697897233,0.572422644751098,0.701075174125236,0.0118340046731734,0.387936603059997
"GOBP_VENTRICULAR_SEPTUM_MORPHOGENESIS",0.194546921318187,0.179184167056094,-0.0417512332179003,0.320058101478007,0.143614799593621,0.330168989894986,-0.38208719364538,-0.4621636920606,-0.273566011961661,0.185833650701932,0.410888619468001,0.184000444320484,0.0087909383754673,0.96617715521052,0.192914446545635,0.00338658746852615,0.23555786072034
"GOBP_HEART_GROWTH",0.151999749536896,0.0845784026234183,-0.0470793548465019,0.232469113487434,-0.0239606445341068,0.237750649717643,-0.365194568822908,-0.311681221010592,-0.237433286541692,0.0810212795846761,0.138188911112969,0.237218314354588,0.00951219684354891,0.974472938552797,0.463845622344857,0.00174508215662151,0.300002189565166
"GOBP_LUNG_MORPHOGENESIS",0.265457603744999,0.151941914750088,0.0764896251157397,-0.0304542447668021,-0.0370314186363886,0.275944309738328,-0.309067658696071,-0.138727037358596,-0.29938497897437,0.292089508422961,0.215330159045686,0.0089469601610288,0.00604236639679528,0.486276338879536,0.474602176283996,0.0190671973509001,0.944879923088246
"GOBP_TRACHEA_DEVELOPMENT",0.381587419033942,0.389615184624864,0.257523791107127,0.16815211456659,-0.00498271394859542,0.318365064562157,-0.472305666712444,-0.302409313481724,-0.464069790539341,0.317068759858794,0.36614060941968,-0.120764444677945,0.000572218566807119,0.890098212217175,0.180357893023978,0.0476061539882637,0.423415486627193
"GOBP_TRACHEA_MORPHOGENESIS",0.468603879335894,0.29591236242925,0.230640329209842,0.347244038832731,0.184712879691352,0.455533430236705,-0.506225122731744,-0.344129345604111,-0.546284158488721,0.370568599618117,0.264504818848371,-0.0642484608990313,0.00115594934110915,0.424977483559615,0.981930755633618,0.0224512340386052,0.41052981727278
"GOBP_TRACHEA_FORMATION",0.518128304934846,0.632285033334296,0.316532438794733,0.265986753555255,0.18775064528005,0.559450944512744,-0.616784267742358,-0.563625888228049,-0.707034241924118,0.70055461345325,0.514170110143787,-0.0448810517633358,0.00220446415228979,0.84865072287084,0.360963933447845,0.0410274542439897,0.713323427773447
"GOBP_BRANCHING_INVOLVED_IN_MAMMARY_GLAND_DUCT_MORPHOGENESIS",0.0147304212027949,0.0681582295629085,-0.19559350834424,0.403690018792494,0.117597976148838,0.467265648580224,-0.292910092160602,-0.374587520038031,-0.414505341339498,0.356612571824302,0.0778483249545675,0.061039354719057,0.0402406842291722,0.318345980651558,0.0568554927739776,0.0210738667715724,0.182725714047809
"GOBP_ACROSOMAL_VESICLE_EXOCYTOSIS",0.0762636036736715,0.686897200990207,0.210103715087907,-0.267670364959496,0.273601062980791,-0.174000862933293,-0.324806226616684,-0.258424259319588,-0.543921465316188,0.530847225074272,-0.0329305550944605,0.165445309715726,0.0456026598367075,0.303365412063936,0.202689877556722,0.0488217121464984,0.698889766401166
"GOBP_MESENCHYME_DEVELOPMENT",0.002493564129955,0.110082766582606,0.063879563918767,0.213970626539557,0.0940905722522995,0.0813422275180684,-0.237100982439984,-0.247606335501939,-0.162629366471151,0.102009888110505,0.201013933031206,0.118774614245833,0.00281958349048381,0.84703148825634,0.253445783329614,0.00100933626189554,0.134423541631277
"GOBP_POSITIVE_REGULATION_OF_EPITHELIAL_CELL_PROLIFERATION_INVOLVED_IN_LUNG_MORPHOGENESIS",-0.452191399349943,-0.530693127722194,-0.146817332325612,0.153888583450539,-0.300818629494753,-0.543404348974054,0.246929037946273,0.61951762808199,0.449712854796665,-0.526974899181866,-0.0282279744990352,-0.106843843613224,0.00699240621745403,0.972547716254453,0.57575766135071,0.0300398122899552,0.470046480537705
"GOBP_SKELETAL_MUSCLE_ORGAN_DEVELOPMENT",0.0289408441682033,-0.0650396772525837,0.0101833663586561,0.0352998758866553,0.0564616973449012,0.182042875542225,-0.147609763759423,-0.0935873503464204,-0.202103165108083,0.171817789240455,0.224533564705971,7.68697644436267e-05,0.0310156477096752,0.646908709109334,0.15171455679683,0.0368758260524795,0.161983696826103
"GOBP_DEVELOPMENTAL_GROWTH_INVOLVED_IN_MORPHOGENESIS",0.0520928314863966,0.161413483704133,0.0819632560960086,0.197937847185497,0.0541141339758155,0.139053417577068,-0.314554034905228,-0.307384940718289,-0.298072109338804,0.279350271314859,0.266340657900407,0.161825812351146,0.00559575130295197,0.133248689421403,0.581586712503556,0.00415507585260931,0.0509720444459625
"GOBP_EPITHELIAL_TUBE_MORPHOGENESIS",0.0794616852069094,0.104049340715883,0.0253305336255971,0.123175325558769,0.089286172895155,0.188809827915734,-0.254938694284733,-0.240253546322551,-0.204972500458115,0.1507671197659,0.134394740763415,0.102833116706447,0.000901716713738265,0.900412899942643,0.164526182646288,6.04125882919955e-05,0.107503434002089
"GOBP_INTESTINAL_EPITHELIAL_CELL_DEVELOPMENT",0.400075816443442,-0.106052261140189,0.39185131960518,0.147102628996163,0.202526137398223,0.284635248412826,-0.558845477856436,-0.17459546638425,-0.464624114367393,0.226320506480093,0.282223022621194,0.359017541509662,0.0429405205156214,0.233574585935046,0.928639046479949,0.018758966765035,0.755151757953574
"GOBP_DICHOTOMOUS_SUBDIVISION_OF_AN_EPITHELIAL_TERMINAL_UNIT",0.0947725295799516,0.261876400158291,0.0863896185587787,0.167652344738404,0.103027646780755,-0.0169140042286094,-0.28571290425399,-0.485224515307948,-0.219761978493958,0.405001551591773,0.23914192565951,0.225858492740147,0.0105261574434563,0.0603304847688843,0.467666413991854,0.00442673984581704,0.154376694022444
"GOBP_MAMMARY_GLAND_DUCT_MORPHOGENESIS",0.0911153024895426,0.14807447697436,-0.110294683779882,0.417988207052352,0.152011932156746,0.420836849125995,-0.34613461252757,-0.470205816406845,-0.428270812929568,0.401049304693381,0.166461334282175,-0.0135064878335023,0.0152469066731467,0.389469595656682,0.0737566901207691,0.0292504695540478,0.387150350327224
"GOBP_REGULATION_OF_CHROMOSOME_CONDENSATION",0.569625672550151,0.224818864078114,0.062426155997945,-0.130735004951288,0.392765640007526,0.519059927917391,-0.559887246462721,-0.597535203744948,-0.593592219329022,0.0537248705927715,0.123556034986018,0.191593378653213,0.0276910335501578,0.56348369725867,0.924392412718382,0.00160544577453169,0.391596801779922
"GOBP_REGULATION_OF_PHOSPHOLIPID_CATABOLIC_PROCESS",0.19320732624605,0.23197148785153,0.521539961696297,-0.162210905179307,-0.217426269877869,-0.40110072241958,-0.391661281874481,-0.213408390909146,-0.353550109301402,0.68991495687538,0.576147493758267,0.207700690868943,0.0120486595049493,0.0200552584534558,0.0134191792787697,0.0203541037191449,0.386564850349315
"GOBP_LABYRINTHINE_LAYER_DEVELOPMENT",0.281497532030251,0.0610799815409286,0.113295898887842,0.309402219552802,0.203914778419678,0.123913303131063,-0.424223470153702,-0.399108027105917,-0.397204666683737,0.127471175368574,0.0912831760565993,0.0628776500572455,0.0127415680685371,0.147426895112826,0.520099545821176,0.000227026408299355,0.478384575901673
"GOBP_CHORION_DEVELOPMENT",0.627149679542519,0.153952523622958,-0.0124789357017665,0.506092594413803,0.159103386515021,0.589924386536198,-0.621994315127168,-0.755473611432084,-0.725403131150501,0.503106239300336,0.362565498534932,0.621452021163329,0.0331376898484345,0.643457305599628,0.52863382671553,0.000681364705923954,0.340037546545243
"GOBP_INTESTINAL_EPITHELIAL_STRUCTURE_MAINTENANCE",0.30471301385702,0.66334309113382,0.562971754087531,-0.0971576876930793,-0.499999009330265,0.576293005878318,-0.7351388703263,-0.634102283240032,-0.187196147607886,0.178946768701574,0.344190261081252,0.759862464090522,0.0103976947030256,0.309235316085552,0.236005083323828,0.0172260167380583,0.708785223078314
"GOBP_PROSTATE_GLAND_GROWTH",0.469959404201673,0.277491274285352,0.0690467929033567,0.130045835931793,0.162503118330743,0.00740046171530553,-0.320761694901076,-0.346606802238143,-0.0724070565333378,0.159597235157126,0.188356218692956,0.350962082723482,0.0262360822085252,0.15887201288447,0.273325975059961,0.0140558359306061,0.783103372114014
"GOBP_EPITHELIAL_CELL_DIFFERENTIATION_INVOLVED_IN_PROSTATE_GLAND_DEVELOPMENT",0.144558411125211,0.276182411755079,0.353930892194049,0.22611442339804,0.366070781512448,-0.034078631597508,-0.394150333279555,-0.184205329037404,-0.326613817274641,0.300596172305332,0.539852339749725,0.0957973150441316,0.00299588503899743,0.508789473470282,0.622894282578425,0.0249566536914638,0.731069838588662
"GOBP_MAMMARY_GLAND_BRANCHING_INVOLVED_IN_PREGNANCY",0.462155955250967,0.416695778870414,0.308510874560676,0.451565234269747,-0.0470475681231243,0.226193376479882,-0.440173872353867,-0.664334311119586,-0.237850616040938,0.472104605483346,0.255988036191021,0.251878225745278,0.0124752162428058,0.523715395804634,0.326581481014298,0.010081071207623,0.47365929192935
"GOBP_EPITHELIAL_CELL_PROLIFERATION_INVOLVED_IN_PROSTATE_GLAND_DEVELOPMENT",0.254075165694037,0.288023706099774,0.0972808102257149,-0.172770348919192,-0.0362010536778233,0.00910990966121852,-0.557583356247902,-0.521928925828423,-0.528616282494047,0.690112544110074,0.420395340695641,0.344066968005073,0.00486720975219806,0.0185054625574218,0.0254208674547229,0.00980011816541524,0.105041793542672
"GOBP_NEGATIVE_REGULATION_OF_EPITHELIAL_CELL_PROLIFERATION_INVOLVED_IN_PROSTATE_GLAND_DEVELOPMENT",0.256253671811669,0.0141363372522438,0.327059109514201,-0.436847598350236,-0.186003652430381,0.215748006652352,-0.582035371550176,-0.557823812112051,-0.653286215082221,0.623071854276756,0.369002146572166,0.320092197560543,0.00905872721394209,0.0757277710977432,0.214886952187464,0.0048064341940715,0.148652364078123
"GOBP_HAIR_FOLLICLE_PLACODE_FORMATION",0.0111171086673025,0.38645378909777,0.507291283309716,0.52280712480162,0.192356878840536,-0.119720722432976,-0.57922228874668,-0.61546876050483,-0.783420618200706,0.765389616612834,0.342285851434242,0.553352340951947,0.012980609916304,0.195957129285601,0.688274232248283,0.0030971027763062,0.264065555234983
"GOBP_BLOOD_VESSEL_ENDOTHELIAL_CELL_DIFFERENTIATION",0.320998405041896,0.297776068516108,0.269872572053291,0.0996988250357961,0.175603488567946,0.163391695716972,-0.24604541204283,-0.585596507384088,-0.575994099001795,0.367897073915961,0.0704550656408374,0.18103102687179,0.0191513524334982,0.564192058211864,0.00920784862749687,0.0101534989448457,0.410210087190981
"GOBP_ARTERY_DEVELOPMENT",0.194249131308109,0.116066952319771,0.0886016763727077,0.228477909456393,0.132736800741936,0.214987958847973,-0.348982094098304,-0.327641323856965,-0.144553908615345,0.113892607187615,0.264065936133961,0.142568438272649,0.012101278710255,0.754957216247092,0.246547064147454,0.00666859350115474,0.513009365916729
"GOBP_VENOUS_BLOOD_VESSEL_DEVELOPMENT",0.235251575860991,0.357239662310065,0.413448560413186,0.316060751325153,0.335609407476765,0.256380970528111,-0.567302630862139,-0.609318541306587,-0.482662944189009,0.324001498888386,0.382780823360068,0.25849177794196,0.000301615208371948,0.684108013028703,0.614269873705143,7.23477340913734e-05,0.843141581201031
"GOBP_ESTABLISHMENT_OF_BLOOD_BRAIN_BARRIER",-0.324038116657503,-0.465911100895655,-0.209482044556092,-0.102497512887843,-0.27472850754556,-0.483344256686676,0.241794085121544,0.471832408957553,0.470257333304693,-0.0661472573686854,0.00622076634510688,-0.491315395449952,0.00240570637975157,0.619638422009858,0.747259974789153,0.0461722111765999,0.451658844484569
"GOBP_EMBRYONIC_HEART_TUBE_LEFT_RIGHT_PATTERN_FORMATION",0.475133453665667,0.428429519951095,0.715580475440652,-0.0729284266869214,0.347542749867575,0.0334486758865807,-0.582446741018761,-0.657244901878492,-0.634273921675522,0.79077537539836,0.329401699565837,0.326740658243381,0.00388251985101583,0.132310389172376,0.053611466234824,0.0172543980302616,0.767070988994996
"GOBP_CORONARY_VASCULATURE_DEVELOPMENT",0.210436220072717,0.354908053038613,0.259157363282538,0.320177607137155,0.034580608237989,0.189703940511994,-0.295940885874669,-0.340066710231883,-0.308487895448904,0.212887126012072,0.451768396869962,0.173574043617788,0.00275231767420249,0.459968925796765,0.388912174325057,0.0188596704551932,0.965334455491406
"GOBP_CORONARY_ARTERY_MORPHOGENESIS",0.236553324255499,0.225601965135949,0.339935597967721,0.522305422768688,0.194495165447895,0.0991338620004535,-0.375495410586176,-0.5178811358679,-0.394612366659424,0.356253984718288,0.669980878380319,0.349262416182018,0.000334777250476252,0.326546050448724,0.975123799470112,0.00653661578149544,0.205342281056595
"GOBP_REGULATION_OF_DENDRITIC_SPINE_DEVELOPMENT",0.285037944575842,0.052535562168924,0.0709281740363502,0.145242333820466,0.0870520328872181,0.208400328803986,-0.31638812996841,-0.354254269922583,-0.289939125055372,0.16156948347441,0.255337566909317,0.273986869448325,0.0205343179469777,0.166456902601906,0.90510025751576,0.000715195323108874,0.340349154416741
"GOBP_REGULATION_OF_DENDRITIC_SPINE_MORPHOGENESIS",0.253869396739412,0.0462559761597781,0.0395095242504831,0.0900171094740682,0.0132076135955736,0.116872976624361,-0.219207450039115,-0.182367497170398,-0.165543612099517,0.133147582653483,0.170121827935984,0.209308535002201,0.0442950982580257,0.0692785224665308,0.643144763392402,0.000326756587044719,0.504284740807409
"GOBP_NEGATIVE_REGULATION_OF_DENDRITIC_SPINE_MORPHOGENESIS",0.234497353022952,0.42636283538662,-0.00329612563535209,0.382640671742825,-0.0154320322265741,-0.0650296962143289,-0.311269826889996,-0.282132644621883,-0.154613599332502,0.333788461817853,0.305917982439722,0.279623373309302,0.0492033536594404,0.282970425638514,0.564275551616165,0.00402682600577297,0.556160417336943
"GOBP_CELL_DIFFERENTIATION_INVOLVED_IN_KIDNEY_DEVELOPMENT",0.296377956268884,0.245342922112763,0.013189782416748,0.0856639018008221,0.293287931826628,0.109261117736179,-0.242611176944365,-0.274051785241842,0.00759782707141807,0.0900821887964062,0.172189460058694,0.314148398483544,0.0466319212531966,0.766938867352595,0.849181618812695,0.0348209678771721,0.950936029202496
"GOBP_HEPATICOBILIARY_SYSTEM_DEVELOPMENT",0.0545382686553483,0.131125683678723,-0.0502027273967821,-0.0127320385806463,-0.082042387153683,0.126205884898843,-0.248470050086041,-0.327868912748819,-0.319589591536173,0.220069591804615,0.264446017427384,0.168771198571562,0.0109660888773814,0.0595106800775615,0.689991439104276,0.00016819269857402,0.0614632096552008
"GOBP_ESTABLISHMENT_OF_ENDOTHELIAL_BARRIER",0.00337811946730665,-0.017005582170869,-0.0693602833662015,0.164718137211626,0.167353765676136,0.291988316333603,-0.431406056697779,-0.257749811652374,-0.354662366068333,0.0805442795705784,0.182464460876928,0.311458561682895,0.0130021220485454,0.846116033415287,0.0155655869256704,0.00381908839622558,0.0699408959969206
"GOBP_UTERUS_MORPHOGENESIS",0.369579426721523,0.214617659484502,0.209087068402596,0.529515689211582,0.512801848256749,0.0939437177330166,-0.410067272507325,-0.532645024450523,-0.536865825525041,-0.0296325019319582,0.484363194466512,0.651278335339522,0.00046256016188993,0.969927660240086,0.5153202721543,0.0472120143707247,0.665898742264384
"GOBP_SOMITE_DEVELOPMENT",0.0784572611880781,0.109961705968549,-0.0214555112773997,0.202728652564026,-0.203810235818134,0.0985566949382799,-0.149185593861408,-0.188518714993583,-0.0805088802244911,0.132973943983034,0.235615845082268,0.13764674257084,0.0200198111696897,0.381097579915961,0.870658215203213,0.00261480318739209,0.0965513344599555
"GOBP_CHAPERONE_MEDIATED_PROTEIN_FOLDING",0.183808696454701,0.0206649136377556,0.258357859825604,-0.111342766621626,-0.132599511680386,0.346735108456102,-0.477474938902407,-0.389278997419943,-0.520011210884485,0.49303780063434,0.330265829421541,0.298256451105444,0.0040325424978695,0.150447259545547,0.537923315764329,0.00073209406363061,0.0780485081007292
"GOBP_POSITIVE_REGULATION_OF_MYELOID_LEUKOCYTE_CYTOKINE_PRODUCTION_INVOLVED_IN_IMMUNE_RESPONSE",-0.0426058965607614,-0.0469060828918351,-0.244926192436572,0.254809096003359,0.290751273856707,0.432982212510405,-0.389613970056655,-0.351481598058546,-0.456774060412249,0.182862014704651,0.044409487043439,0.0986810451894547,0.0332117740046968,0.0364840742802185,0.00785133586846031,0.000774824462406957,0.059821716196802
"GOBP_MYELOID_LEUKOCYTE_CYTOKINE_PRODUCTION",-0.0296158177049701,0.0538391160135274,-0.115639953156569,0.091796765919735,0.34119704574105,0.367824664714505,-0.336379729046559,-0.37613311744569,-0.467479570254591,0.280281115974937,0.144616368706772,0.022106149963878,0.0050971766230803,0.36550598878342,0.0566404198185949,0.00747860483509953,0.125564987214722
"GOBP_POSITIVE_REGULATION_OF_PHOSPHOLIPID_TRANSLOCATION",0.406408515437746,0.0210085647347772,-0.0104247410314032,0.0458194108383459,0.436773910537214,0.445185260733859,-0.626427422059315,-0.55952702975476,-0.462516595018148,0.613588341097571,0.653277872877919,0.600425082078229,0.0253494393040562,0.138659179458636,0.416183059370099,0.000625320324224335,0.0670513229752814
"GOBP_REGULATION_OF_PROTEIN_TYROSINE_KINASE_ACTIVITY",0.103205691005037,-0.0260916132169374,-0.0701498109833539,0.19312106096885,0.117281873980802,0.142896851670739,-0.322775602572963,-0.259265646046718,-0.293837523198228,0.250257361831667,0.0729042524009625,0.323359274373595,0.0203454591813519,0.482304995017681,0.087162184136028,0.0163068614040137,0.08626044160674
"GOBP_NEGATIVE_REGULATION_OF_PROTEIN_TYROSINE_KINASE_ACTIVITY",0.281530444915229,-0.040601069528873,0.0837354045985936,0.00322050112772818,0.224890461890569,0.257999445411879,-0.350206233785464,-0.37467299906569,-0.397938868052325,0.279034767230912,0.0756384824240691,0.425082675794347,0.0334245754242347,0.492654281449894,0.685479855071203,0.0229003604993546,0.33394287841999
"GOBP_PULMONARY_ARTERY_MORPHOGENESIS",0.645813895536101,0.402596404977752,0.175110939345691,0.129427096317063,0.223596001098152,0.254200164949024,-0.0659114740291049,-0.519522535189826,-0.403209324004457,0.282308305326729,0.370852433645815,0.104070810871436,0.0185408657730805,0.607293622303359,0.266642808789963,0.0306146856384694,0.39080559323832
"GOBP_MAMMARY_GLAND_EPITHELIUM_DEVELOPMENT",-0.0487510396841689,0.132127733445,-0.108196897657004,0.302603153010935,0.064245868896045,0.409798833915773,-0.303327538974995,-0.347796678946176,-0.33866268457423,0.38810554274725,0.232651213772367,0.0516401220554904,0.0428261105146617,0.817486507278599,0.107194816957365,0.0274944888542564,0.133385060033266
"GOBP_FUNGIFORM_PAPILLA_DEVELOPMENT",0.0293055768936104,0.111569926248581,-0.138500537716823,-0.350123261541,0.555566597695602,0.302122144687245,-0.316465974933882,-0.48298303237393,-0.347352734682371,0.327646897166202,0.0253952669295897,0.180903856609563,0.0164666796878572,0.977637074594381,0.601171955148187,0.00952310031927148,0.197544481976284
"GOBP_FUNGIFORM_PAPILLA_MORPHOGENESIS",0.0708222913545154,-0.000806544532842152,0.00457041901908994,0.302229216989973,0.460358598969143,0.469814612985344,-0.589657445228571,-0.687590549015379,-0.391054164525177,0.0809285489075625,0.0311591398411958,0.209082091649339,0.0166509190111428,0.0161356446063959,0.010027606210094,0.00549794593437898,0.258496812346476
"GOBP_CELL_ADHESION_INVOLVED_IN_HEART_MORPHOGENESIS",0.406862806519839,0.477125274222088,0.634643453593378,0.419100494489278,-0.0646003763875404,0.000375232641030787,-0.744408759796418,-0.507238383157751,-0.657159368494765,0.159269732945357,0.721747948073144,0.531204288817344,0.000293890895038695,0.191515341783058,0.108904328828435,0.0117417341845284,0.856644981373576
"GOBP_NEURAL_PRECURSOR_CELL_PROLIFERATION",0.11859084546192,0.117653338681692,0.0295790291618194,0.119784014421853,0.23320636809097,0.024349387755266,-0.146996491486506,-0.187517826806459,-0.197412365929192,0.0451682695441811,0.0138325296535609,0.128050399970794,0.00401854651243697,0.424582081992673,0.619851401350283,0.00959052717959703,0.592101635301501
"GOBP_BEHAVIORAL_RESPONSE_TO_CHEMICAL_PAIN",-0.612837252913204,-0.449435278278788,-0.619865132917919,0.47325209240898,0.104190603311479,-0.328552869937494,0.370322045523127,0.69659758002402,0.305423139510554,-0.584924884252905,-0.371457006021236,-0.73834287955146,0.00582659852753391,0.0903343403563666,0.101585356326866,0.00334042665461226,0.974306864934801
"GOBP_TRABECULA_MORPHOGENESIS",0.256457207277426,0.259397815221041,0.0430127151252325,0.0945568923495381,0.172753859366876,0.0891981201836745,-0.396276426444779,-0.249618474001732,-0.217286695224884,0.326847836394497,0.0140195782136389,0.0747573418167552,0.00752618042561253,0.859071917399694,0.453228858927345,0.0275236939732715,0.711666369942287
"GOBP_HEART_TRABECULA_MORPHOGENESIS",0.240291008094051,0.300812213878719,0.136040252764974,0.190831890338395,-0.0438028266706825,0.0315534261759323,-0.456380979379129,-0.183540051093597,-0.332984432775875,0.290568635431762,0.13920403257002,0.101623824712507,0.00715302770881197,0.263882475692672,0.12835074039227,0.00863178212462698,0.554365137154815
"GOBP_CONNECTIVE_TISSUE_DEVELOPMENT",0.149771406850198,0.133675597957351,0.0651515750891674,0.096117329002705,0.0748889071627608,0.15353708041625,-0.299708644238082,-0.282195095861623,-0.136850396829926,0.115710227434197,0.178637065914634,0.201119248135685,0.00904682251576607,0.176609706072005,0.830128301416725,0.00642672785567273,0.250067601916528
"GOBP_REPRODUCTIVE_SYSTEM_DEVELOPMENT",0.113897240334506,0.089815251767633,-0.0140537374642878,0.0544528793971127,-0.0217452947789099,0.237590534553657,-0.19704555173696,-0.243945955996356,-0.151596861125214,0.129319069754185,0.121713430194629,0.0821932784691303,0.00768907604439847,0.812447357509695,0.776219656465651,0.00176257505258094,0.349322777468047
"GOBP_CILIUM_DISASSEMBLY",0.0504479271073992,-0.00883324372071478,-0.241178236963761,0.115971392094499,0.00798185387857231,0.414058277992841,-0.381909687385389,-0.700463632113227,-0.871341884937219,0.60054535678617,0.332011022233081,0.0419775507051143,0.0342310858252723,0.513791321265786,0.184196949038902,0.010976441162392,0.120312824738892
"GOBP_GLUTAMATE_SECRETION_NEUROTRANSMISSION",0.494549630244458,0.0863505196276693,-0.0879276177676195,0.476672314974588,0.524872490160565,0.560206476182612,-0.724919342449417,-0.686050084498658,-0.776693808573248,0.433134352273777,0.522089085413097,0.668737889156259,0.0328546916109947,0.797849883690326,0.172801838040158,0.000991744734922985,0.148636444144422
"GOBP_AXON_DEVELOPMENT",0.0813060891332732,0.18453594686012,0.0721823828835522,0.1554986977443,0.0658734217692038,0.122852592014423,-0.285061453345267,-0.228402043572753,-0.19138650772239,0.194114533539367,0.151330781227161,0.168444862025785,0.00204055324532299,0.150698594738039,0.965413894033189,0.00122768345906087,0.240298592988582
"GOBP_ACTIN_FILAMENT_BUNDLE_ORGANIZATION",0.0429421703873239,0.0509602325355772,0.0558596913317713,0.0504092233080585,0.063264062522025,-0.0351878307546941,-0.26665499397443,-0.267757998537792,-0.259290998746712,0.297192922359712,0.220389338006831,0.131477342904755,9.92951470850542e-07,0.0365997634251014,0.523035397187591,0.00959776840986645,0.0728474732212223
"GOBP_GLYCOLYTIC_PROCESS_THROUGH_FRUCTOSE_6_PHOSPHATE",0.048338604108345,0.30107021187476,0.340921081000586,0.205463829581135,0.332891123071789,0.37745881992665,-0.486808395071347,-0.55246575263363,-0.470613559712036,0.617698162010027,0.154204571948375,0.0837280753232341,0.0108780054475991,0.917818994007758,0.523922769003618,0.03967609046101,0.791101518911215
"GOBP_CYTOSKELETON_DEPENDENT_CYTOKINESIS",0.203104737436886,0.0676653016705678,0.0222200186609417,-0.0814750194590528,0.195584042861183,0.438367692844153,-0.432013429551177,-0.461299833735106,-0.479641135791658,0.389183154172242,0.212766710239449,0.18206551152991,0.00659951726404517,0.672131974583496,0.632317510061277,0.00606124170138024,0.126402391437517
"GOBP_HISTONE_H3_K9_MODIFICATION",0.295958959442085,0.0849657611743943,0.0825430492023471,0.232170593906913,-0.124714286265355,0.357069343031144,-0.420338561305911,-0.348103039840276,-0.408350433303361,0.134937933811691,0.238759104678812,0.252089089355991,0.0106446668178725,0.7492698050365,0.998391521656424,0.00049503609462392,0.546288346707639
"GOBP_DETOXIFICATION_OF_INORGANIC_COMPOUND",0.528902883895947,0.00738108207205238,0.346251650613292,0.302061275269556,-0.339201484315198,0.508728266204589,-0.499550205365888,-0.576287744359099,-0.486748481324171,0.347912470314453,0.259452922079573,0.548714491277717,0.0299697249500677,0.471607000483219,0.674107105482251,0.00492843322187661,0.637061998777267
"GOBP_PARKIN_MEDIATED_STIMULATION_OF_MITOPHAGY_IN_RESPONSE_TO_MITOCHONDRIAL_DEPOLARIZATION",0.496692656983332,0.2294943621354,-0.0961696179006181,-0.258222781293609,-0.274854287548061,0.444882911979195,-0.541766166423748,-0.522188044117189,-0.602681522668523,0.66956133546919,0.538708234354936,0.359279808754217,0.0442277442910405,0.132993967951533,0.463460542388612,0.00443415462383903,0.204155489989186
"GOBP_LEUKOCYTE_ADHESION_TO_VASCULAR_ENDOTHELIAL_CELL",0.162237792921064,0.213697756686655,0.0818762166964044,-0.150567210080391,0.119776812794527,0.171993178806932,-0.399629861328936,-0.357078985915257,-0.298020235456351,0.2942821875264,0.304154751328663,0.203777532265916,0.000663407478397146,0.148768886101373,0.407587802840268,0.000146982743992786,0.0851131625670817
"GOBP_CAMKK_AMPK_SIGNALING_CASCADE",0.613568683414652,0.331170845172419,0.475484244332017,-0.476777971640901,0.0506919160492217,0.307174249036428,-0.594062616853317,-0.531726428949494,-0.670816770476826,0.406810691090166,0.64423427211003,0.521287499563303,0.00148894620881874,0.125014034515544,0.14532470279934,0.0005149338197909,0.65959904765761
"GOBP_ENDOPLASMIC_RETICULUM_PLASMA_MEMBRANE_TETHERING",0.51730354268567,0.115787643825238,0.527194391505541,0.350005576120533,0.270123724655528,0.0585208329367694,-0.183286268274993,-0.747507226218149,-0.716492426652203,0.350557910673966,0.406400869054048,0.171749414113139,0.0174241374440467,0.500111097713985,0.38415732339988,0.0298856149773551,0.648213190412857
"GOBP_NEGATIVE_REGULATION_OF_ASTROCYTE_ACTIVATION",0.584622710750613,0.725894126156575,0.773369690452487,-0.425394273683888,0.288305856447871,-0.471752357030869,-0.389442621527152,-0.436463611764559,-0.435280945299438,0.639411930775513,0.450314624852776,0.207753556440815,0.00141906609209086,0.105649634735278,0.0609811878506102,0.019496754199399,0.158886373237264
"GOBP_AUTOPHAGOSOME_LYSOSOME_FUSION",0.297523817069008,0.519470655370027,0.279220586709536,-0.146040244224535,-0.395371501265898,0.10734289423392,-0.553058651916743,-0.510567043839672,-0.699937107537493,0.59497948483553,0.526785699735423,0.457276576875889,0.000859613205778468,0.035989406413576,0.0520468982251344,0.000192795304364988,0.161201977058416
"GOBP_MEIOSIS_II_CELL_CYCLE_PROCESS",0.144900733362014,0.0305990894286111,-0.169910234639559,0.301192215153399,-0.0531061324491414,0.166074279767042,-0.511210169284964,-0.419754312438481,-0.56987641356374,-0.224401618319271,-0.16376846139743,-0.0301710106618729,0.0179118992855946,0.0967751675321406,0.381128017518568,0.00891889744169364,0.27480824127056
"GOBP_REGULATION_OF_SMALL_MOLECULE_METABOLIC_PROCESS",0.0651469171821025,0.057094372377265,-0.0299848483440139,-0.00757135059230596,-0.0487554206584053,0.120774834944098,-0.16530823504109,-0.18007338591092,-0.211334490910086,0.308773922702052,0.273638500667932,0.0966723432353883,0.00950835413372003,0.0732110332326417,0.885238771500754,0.0208227661140124,0.0785950101340455
"GOBP_NEGATIVE_REGULATION_OF_SMALL_MOLECULE_METABOLIC_PROCESS",0.0507641431684346,0.144327144607704,0.000421261351749858,-0.0123244629962475,-0.0897091619816846,-0.0344073486690044,-0.0867718690549415,-0.13863297086507,-0.0884259254031169,0.303632147980472,0.234146705572251,0.145413144870069,0.0416671535556166,0.0134594249463508,0.101953201451602,0.0107783117074855,0.059715144845372
"GOBP_REGULATION_OF_CARDIAC_EPITHELIAL_TO_MESENCHYMAL_TRANSITION",0.393298735590326,0.518263339810627,0.511335215299059,-0.0144221154010188,0.407643872739849,0.0421861083670877,-0.400487028469816,-0.487596873102401,-0.603833367516647,0.43784857347726,0.585132447139701,0.102630836862665,0.000346747382773056,0.302972146523809,0.120455303700596,0.0150359340127589,0.564606288559935
"GOBP_POSITIVE_REGULATION_OF_CARDIAC_EPITHELIAL_TO_MESENCHYMAL_TRANSITION",0.39722385336,0.63481422671525,0.586234008220158,0.0578873224401768,0.314030281550432,-0.00270967490220542,-0.595946604978283,-0.598576227982453,-0.636716826917376,0.438980692034621,0.777834585324517,0.461308630315245,0.00309879608309026,0.0413554826010099,0.0298047984005887,0.00793126898159666,0.887592134026577
"GOBP_REGULATION_OF_PATTERN_RECOGNITION_RECEPTOR_SIGNALING_PATHWAY",0.0557507760257542,0.241744458761303,0.0842553181531899,0.16266436604088,0.232982064166621,0.227207489132529,-0.459651399381648,-0.399482974346361,-0.430045227865199,0.333905787595093,0.286436898200115,0.20257202879798,0.00666946593436043,0.224732142404394,0.298621978287599,0.000707264561613507,0.111910481719498
"GOBP_POSITIVE_REGULATION_OF_PATTERN_RECOGNITION_RECEPTOR_SIGNALING_PATHWAY",0.161119562232755,0.270237727491001,0.00144045789166108,0.241538327525827,0.0680357096674416,0.27544102043471,-0.478022685570472,-0.378455384957181,-0.432575659354756,0.154272438738121,0.2620838784923,0.0190037457454121,0.0105188000422234,0.628330086135624,0.642997922676646,0.00725721959091023,0.993906634193912
"GOBP_NEURON_CELLULAR_HOMEOSTASIS",0.331358101788072,0.339075009573486,-0.00427175515992562,0.00795248044226846,-0.0104749370859241,0.19174288819559,-0.40511637541643,-0.418382465342966,-0.386470418435702,0.332335636596095,0.283405218907482,0.239102395842375,0.0305176294071666,0.0589374147599157,0.305195696547848,0.000540777746090083,0.638052199758072
"GOBP_REGULATION_OF_CHEMOKINE_MEDIATED_SIGNALING_PATHWAY",0.149989586779133,0.0308655503993913,0.203402466887046,0.389081866121901,-0.096872715091591,0.333592570559612,-0.518769751359876,-0.620436449734576,-0.479683598187051,0.145858102755349,0.388271464918066,0.36933804524892,0.000646300299414083,0.628612516929819,0.660159039237329,0.00223797246476158,0.147747891875051
"GOBP_SYNAPTONEMAL_COMPLEX_ORGANIZATION",-0.130442032611697,-0.118023847654764,0.0441379305068187,-0.112749793307571,-0.123876840369869,-0.220157420092234,0.22748258486151,0.220654415325261,0.192779280122805,-0.145571942044796,-0.212289212291799,-0.166417665035706,0.0337912315073461,0.60548234661128,0.283362673334582,0.00036367615527755,0.190190572708427
"GOBP_ESTABLISHMENT_OF_PROTEIN_LOCALIZATION_TO_CHROMOSOME",0.146444394946488,0.203629346690163,-0.0853773366036694,-0.178249584036717,0.103501718826103,0.412398463648703,-0.46745115704241,-0.360663326434642,-0.536946566842337,0.433798797688222,0.182822688943444,0.230024489278909,0.0109178410732418,0.436150442777376,0.907266145939479,0.00235458858396037,0.174588526992402
"GOBP_ESTABLISHMENT_OF_PROTEIN_LOCALIZATION_TO_TELOMERE",0.481622988059558,0.0350885373252066,0.0891320421006242,-0.255485275904584,0.0416433678993543,0.504730952066548,-0.66888592655823,-0.451235028629054,-0.588516625184392,0.394166264500422,0.215116446700952,0.496232197274404,0.0183939763435325,0.346507823234346,0.712727671361802,0.00110136122268117,0.377198723251996
"GOBP_REGULATION_OF_ESTABLISHMENT_OF_PROTEIN_LOCALIZATION_TO_CHROMOSOME",0.429508564032972,0.0913790683220748,-0.0282650531659657,-0.464664927332371,0.0875269576600445,0.591425538374561,-0.554561779008146,-0.566711766731974,-0.62030681618608,0.574681490137155,0.37539366933307,0.598973559552303,0.0299949176440801,0.279755475119568,0.800775149015233,0.00234184036185013,0.106797433798167
"GOBP_REGULATION_OF_T_CELL_APOPTOTIC_PROCESS",-0.1424163488619,-0.0822620278938881,0.0781926231839553,0.435585716569401,-0.0256269795837833,0.430481646691198,-0.349276846620438,-0.380080307641408,-0.384041058020702,0.388776647860172,0.310200806261758,-0.0110042601492392,0.0361862025944618,0.808582081088989,0.15206066213634,0.0381158560409259,0.136874046233466
"GOBP_NECROTIC_CELL_DEATH",0.0614786059573202,0.0555414514912908,-0.100507779074264,0.0185415402502966,-0.211566552195052,0.19381886320193,-0.328612935441991,-0.260908806837068,-0.275183594434907,0.345720072377352,0.348419870895641,0.108162746672309,0.0200481321011871,0.142431986331794,0.970292210009368,0.0151951968070088,0.0606072155751669
"GOBP_PYROPTOSIS",0.0479114252374093,0.0897467979746072,0.195010857979529,-0.00050385694125224,0.0898916261342345,0.123200894597505,-0.1000893771637,-0.128850705009919,-0.0417405090482062,0.222788081352457,0.0298232569153765,0.132906620695183,0.0250096628438313,0.444195729432195,0.524174416226307,0.0418699167369599,0.816590001718232
"GOBP_NEGATIVE_REGULATION_OF_STRESS_ACTIVATED_PROTEIN_KINASE_SIGNALING_CASCADE",0.0730870785040446,0.21263355427775,-0.0398856639657577,0.0313764393914714,-0.0520656328763763,0.33709239117699,-0.421512336751718,-0.405334191869798,-0.423848038518541,0.182103962598815,0.161708558441026,0.193761623776327,0.0202188670442222,0.597093239876325,0.875397022224552,4.88338575431374e-06,0.313891436543462
"GOBP_POSITIVE_REGULATION_OF_ERK1_AND_ERK2_CASCADE",-0.0534317042595638,0.0459152317475978,0.0439700046657507,0.00198427104693005,0.0410189385975735,0.117920962844934,-0.148204638836772,-0.177968446836971,-0.162782186445057,0.153633701587764,0.137614405521292,0.0680113999643282,0.0269380784348638,0.203633466861116,0.42981814108425,0.00474276773065192,0.0655151535022675
"GOBP_RESPONSE_TO_LIPOTEICHOIC_ACID",0.507771687854111,0.424362271997229,0.200975821038178,-0.0656554757379868,-0.0455308435228244,0.167737003740126,-0.578633105929404,-0.601071088758857,-0.629035301318357,0.547057467732005,0.268806917241382,0.586462326766287,0.0074266964463429,0.0260442039677516,0.0405701983483595,0.00760254105503593,0.544481154380209
"GOBP_REGULATION_OF_NUCLEOTIDE_BINDING_OLIGOMERIZATION_DOMAIN_CONTAINING_SIGNALING_PATHWAY",0.401925249165726,0.042351250697251,0.112727854233502,0.101690728826236,-0.122449465013546,0.251713159390266,-0.493026572077074,-0.501078844408461,-0.361137314039744,0.247008673897902,0.606768450011872,0.653831294156882,0.0171847682143352,0.066461275640243,0.521008460092227,0.0106732790730185,0.136013379379971
"GOBP_POSITIVE_REGULATION_OF_NUCLEOTIDE_BINDING_OLIGOMERIZATION_DOMAIN_CONTAINING_SIGNALING_PATHWAY",0.621515223340955,0.712655692572334,0.555757034686801,0.3982303142855,-0.168032316606365,0.433103310221992,-0.701042382987918,-0.651674604394194,-0.474186683276444,0.152468008559652,0.559935158800777,0.211740150990906,0.00028194874065233,0.730435560786107,0.165039273545943,0.00730923115232128,0.114276641612372
"GOBP_NUCLEOTIDE_BINDING_OLIGOMERIZATION_DOMAIN_CONTAINING_2_SIGNALING_PATHWAY",0.427642347491411,0.260305073371803,0.222017021921525,0.158372293805282,0.0502818356042074,0.388184271042565,-0.596141758691191,-0.489538320355423,-0.494110902543758,0.30400804031088,0.596345272575477,0.422899428119457,0.00118302752057141,0.139791927403273,0.434593579346346,0.00306425014063382,0.268066668137089
"GOBP_REGULATION_OF_NUCLEOTIDE_BINDING_OLIGOMERIZATION_DOMAIN_CONTAINING_2_SIGNALING_PATHWAY",0.549891481437388,0.296008411826703,0.259659739417612,0.0107435395207928,0.0687732593368353,0.447271075610445,-0.649781611420726,-0.537641647314166,-0.548628716294798,0.170989130923943,0.460512334245465,0.516519707065244,0.00418046902143735,0.302780770174279,0.314798410060815,0.00715155588011832,0.9248295034492
"GOBP_PROLACTIN_SECRETION",0.364715461551916,-0.119626855187674,0.355208524519403,-0.270083729514346,0.313814195295108,0.729612710616253,-0.258545561387602,-0.585452031646429,-0.670028141503174,0.545890312005631,-0.00776077223858868,0.128317240035822,0.0279958736343497,0.921488577675597,0.872416440696002,0.0283979790687909,0.928517593651687
"GOBP_RESPONSE_TO_OXYGEN_LEVELS",-0.00110867958981001,0.0297687450719265,0.00967766364526873,0.116376085449579,-0.0177929946440581,0.134518207389675,-0.285294683693314,-0.213802653961547,-0.247140441415789,0.273493928447297,0.166346186319618,0.112897356097075,0.00207866661094423,0.188860664061013,0.307932905467781,0.00494543801048039,0.0633980356419109
"GOBP_LEUKOCYTE_AGGREGATION",0.101179976664317,0.307703300233871,0.353562537751007,-0.100422711370413,-0.002201063649233,0.178038497313968,-0.475799459668185,-0.483746633917067,-0.568044019161049,0.253055107384506,0.269040643974908,0.437874933348096,0.00496112596465229,0.04806789198378,0.111841509133227,0.00120720864272212,0.539249986708854
"GOBP_REGULATION_OF_MICROTUBULE_CYTOSKELETON_ORGANIZATION",0.267704465871823,0.151662376099633,-0.0593829793771177,0.0173984354255352,0.0365824983452107,0.258697322913088,-0.458212773066851,-0.37131424000621,-0.363039471066718,0.262348399347552,0.2883635952349,0.286625192632267,0.0240041695595204,0.150929839378405,0.904538943275852,0.00105982891377752,0.237761884874327
"GOBP_CHOLESTEROL_IMPORT",0.0225876364550871,0.321273414237225,0.267465172503598,-0.0676167158633322,0.207807326628141,0.0838029717060285,-0.469837109771858,-0.50988248663417,-0.515560361403057,0.439905029772822,0.201274056621452,0.353548116475396,0.0149405467376483,0.073345872489079,0.34938257162062,0.0053757910814159,0.334312908980159
"GOBP_PLATELET_AGGREGATION",-0.165383173820301,-0.0230606154052946,0.0444272872098535,0.184360532791309,0.22663373635418,0.206553779407127,-0.341880331021269,-0.293420854639589,-0.185835248874956,0.275944690476056,0.149131830021156,0.049406480487755,0.0473153044603752,0.5444851631615,0.0497755191810717,0.00776392970263948,0.0842872333292173
"GOBP_RESPONSE_TO_FATTY_ACID",-0.0650035059883166,0.19363704628277,0.0854057584964057,0.170003374953307,0.106331456273137,0.0175595700107191,-0.284057856068549,-0.324188454383368,-0.16687201521037,0.236834610692565,0.0723144875125697,0.161541718853976,0.0276648141599474,0.415622507830397,0.778381891049478,0.00344536470377561,0.399001888098828
"GOBP_RESPONSE_TO_INTERLEUKIN_1",-0.0418355636727966,0.051688084490852,-0.0755487230322299,-0.0780903390181314,0.0931008774324699,0.104827526355078,-0.223263747969958,-0.174213980731561,-0.229924439622921,0.312340560697342,0.120464367841046,0.125004239633695,0.0238801232699698,0.167241694037782,0.436578340264356,0.018656081763342,0.0603200956039474
"GOBP_REGULATION_OF_VITAMIN_D_RECEPTOR_SIGNALING_PATHWAY",0.406020910827926,-0.151498419133996,0.177382029831506,0.428209159284256,-0.273650112347226,0.0174974006064174,-0.31968960448549,-0.616176855231167,-0.511302974586874,0.292164136682652,0.309883013359921,0.0560115341668011,0.0408012883425855,0.520639439362908,0.756616904002707,0.00421932388582854,0.705889420759672
"GOBP_CELL_CELL_ADHESION_INVOLVED_IN_GASTRULATION",0.456977160040265,0.0684475703945169,0.00482580538717747,0.211713296597938,0.174006484841333,0.0630129549867549,-0.483889753669498,-0.584065751710852,-0.512861753615516,0.271203755586115,0.0649186728901145,0.0699895259201665,0.0333717810247355,0.870998687510398,0.868897071087473,0.00419184630043922,0.809611530734191
"GOBP_CALCIUM_ION_TRANSMEMBRANE_TRANSPORT",-0.020872227966629,0.058886420072733,-0.0274615279790781,0.105394741947922,0.00744577049672937,0.0296505165215654,-0.120882208358581,-0.0704131027898016,-0.134349590811909,0.095572241393302,0.103350992260805,0.0734444719009769,0.0350329717169114,0.27900152521923,0.339986444021024,0.00340262205052889,0.0762390266558148
"GOBP_POSITIVE_REGULATION_OF_LEUKOCYTE_PROLIFERATION",-0.142813482977644,-0.125037084817016,-0.0462023382830182,0.182583168648998,0.175325772186535,0.34424585127714,-0.286309571623845,-0.248371292952505,-0.304704311217176,0.137137660420673,0.00198091139019146,-0.0737674488386627,0.0127027896622974,0.0630212629209484,0.011671879610337,0.0321905320744497,0.165675065874851
"GOBP_RESPONSE_TO_INTERLEUKIN_12",0.413896466432235,0.321101853223462,0.221744131784175,0.0212406376032648,0.0395948717111876,0.589803768464027,-0.63571948632089,-0.523603648040949,-0.657668771616714,0.0844070705998184,0.449422676785578,0.366318004309477,0.000288013922283853,0.724986112625716,0.645378451648607,0.00790364982725815,0.88854241182552
"GOBP_RESPONSE_TO_INTERLEUKIN_6",0.174690704271817,-0.073436001956353,-0.0183194617706237,0.192287601499597,0.232171973232923,0.128733160436811,-0.361681680591882,-0.34766377853141,-0.311607373069588,0.161569703236597,-0.0856672402863487,0.0440355005477053,0.0350908533377681,0.169763924336135,0.161493365197988,0.0291444458505331,0.911083010717501
"GOBP_BASEMENT_MEMBRANE_ASSEMBLY",0.379785891471215,0.42667662161544,0.416286627272894,0.0100026821985379,0.429110979357682,-0.0651344416037869,-0.526757681705757,-0.563810893330049,-0.252909089550369,0.32382450738919,0.27240650139075,-0.106302437302388,0.0115803341990931,0.859790058282847,0.206259484121157,0.0255464711829511,0.212402373510597
"GOBP_INCLUSION_BODY_ASSEMBLY",0.248160727864166,0.124866617841915,0.000890293781990459,-0.185876868187884,-0.246706332565337,0.249680032009995,-0.481146338331298,-0.282814949939778,-0.480270366761897,0.61126020515753,0.281623945040114,0.0537615919553704,0.00525288580676569,0.169637705963897,0.364259606704764,0.0317735634446397,0.365891830926914
"GOBP_AGGRESOME_ASSEMBLY",0.230086112728416,-0.295654415329295,0.00768137650260797,-0.0617186239079861,0.0814262705734233,0.576283080349866,-0.581113841208011,-0.616447099166998,-0.813841840457396,0.715921708294132,0.336759775923265,-0.00394594175894497,0.0334577531083093,0.623273650251138,0.428397259925334,0.0284727475454702,0.231795058747463
"GOBP_RESPONSE_TO_GROWTH_FACTOR",0.101248156245251,-0.0340792115133511,-0.0165048412071562,0.146585445468509,0.128445881986484,0.154536264849206,-0.294563819923512,-0.252759114359692,-0.20412646355064,0.151789257778546,0.178724958693856,0.136241249375911,0.00972073232422847,0.452738210091245,0.092494528004902,0.00100456641483823,0.0723410715970793
"GOBP_RESPONSE_TO_EPIDERMAL_GROWTH_FACTOR",0.156965196648644,0.0451974603659753,-0.00658172371774143,0.301661083210001,0.00641452504022322,0.228387809700008,-0.39226097826545,-0.468256316797756,-0.431169898821195,0.313026790118322,0.064154278456047,0.237098341750652,0.00344323462708656,0.833431626325461,0.34049584545357,0.00864580731054534,0.199234903078062
"GOBP_POSITIVE_REGULATION_OF_PROTEIN_EXIT_FROM_ENDOPLASMIC_RETICULUM",0.291902747079792,0.153739538536528,-0.170207089448313,0.135907818228084,-0.19191062471731,0.209678667061761,-0.564954664520706,-0.589562512057434,-0.396619560241302,0.332551015533121,0.512218040677913,0.331186518988271,0.0314945077206233,0.0920632071864037,0.836640369218951,0.000440920497992418,0.146891734027761
"GOBP_REGULATION_OF_GLYCOGEN_METABOLIC_PROCESS",0.087276561340533,0.0588257747462846,-0.0195736852401858,-0.110215639071917,-0.0171735014662385,0.246733261980739,-0.335223034026721,-0.331757802681847,-0.276175344959878,0.168849531791461,0.440599561987108,0.069978188818637,0.00167569713870531,0.292090605054553,0.984559611895054,0.0361859955697598,0.23342347761489
"GOBP_UV_DAMAGE_EXCISION_REPAIR",0.215075849378739,0.200239652807313,-0.240219903856617,0.220846021829948,0.155615739089346,0.45414915389525,-0.297763174638143,-0.592437658759622,-0.560520709592811,0.427383650174216,0.311058911076478,0.276199490509829,0.0467869048146535,0.588802446003934,0.292425277755001,0.00472228318113271,0.194901050981451
"GOBP_REGULATORY_NCRNA_PROCESSING",0.370176726823949,0.0872061870207111,0.166292374173215,-0.00132700616739204,-0.00780851607953721,0.264854971846438,-0.343792005341663,-0.3694346423367,-0.458711328684377,0.109733608168906,0.197819086474643,0.292944793366038,0.0102866442697765,0.345389568261522,0.375969511847225,0.00142836109462873,0.942511496002577
"GOBP_REGULATION_OF_PRODUCTION_OF_SMALL_RNA_INVOLVED_IN_GENE_SILENCING_BY_RNA",0.575836485588506,0.402662854024289,0.279287171657999,0.0579140912797077,0.309257010661794,0.212393153964211,-0.500371008661717,-0.55338343776617,-0.565775296000825,0.352169988026255,0.32867322842756,0.357994881659371,0.0057749416267244,0.169792974598551,0.117676719984519,6.44186493426985e-05,0.485897476624247
"GOBP_RISC_COMPLEX_ASSEMBLY",0.527906887412094,0.31609139970509,0.217204839466361,0.276226609093263,0.454300810132504,0.356104010404863,-0.764472142832667,-0.709599354665627,-0.626213046819613,0.535435793031872,0.537356432220615,0.294400764555022,0.002689298710998,0.392804551909688,0.940589876657568,0.00113917213542011,0.451184778100139
"GOBP_HISTONE_H4_DEACETYLATION",0.34163409711638,0.15761357993308,-0.11210661233622,-0.215117768935567,-0.138707759741213,0.612939848537655,-0.559736808395465,-0.713616285769906,-0.668700044214549,0.634703860312732,0.396857877261705,0.568538513180972,0.0187130967923117,0.228166640599366,0.894416625116725,0.000387522738856486,0.0718621794035957
"GOBP_PROTEIN_LOCALIZATION_TO_ENDOPLASMIC_RETICULUM",0.239531919148871,-0.00472055410335878,-0.049131953398801,0.0625180840593698,-0.0750998036866578,0.21724369836129,-0.389954000144321,-0.411911312535602,-0.398321271550845,0.369706910756127,0.350228750595358,0.321374555303932,0.0351492779598243,0.0769613031532368,0.961516573819882,3.56691316857595e-05,0.0829849928980836
"GOBP_PROTEIN_LOCALIZATION_TO_ENDOPLASMIC_RETICULUM_EXIT_SITE",0.62523710426582,0.220477523085534,0.0236985350451199,0.364346163618813,-0.462528276151235,-0.0941970123923853,-0.536961366237905,-0.419767637285169,-0.525472844162405,0.383113268045842,0.616655143273946,0.320758721445396,0.0423316498425171,0.158729326616855,0.305237816084666,0.00386013042998801,0.504626368828592
"GOBP_NADPH_OXIDATION",0.630922596086009,0.524203162493069,0.414829671163565,-0.858761604983947,-0.301275512791183,-0.419259736775326,-0.5721618095556,-0.585147040929928,0.0161692975380517,0.201784488940082,0.746860237354589,0.251254680800605,0.0352158021910693,0.018930062969763,0.0159839527400271,0.0425319661767327,0.560869376905957
"GOBP_CELLULAR_RESPONSE_TO_ABIOTIC_STIMULUS",0.141356990005774,0.109771383567827,-0.038510134812396,0.0580141131313495,0.0985115911932632,0.313279132752981,-0.365429081362738,-0.368034008195428,-0.4014040943313,0.287846938318144,0.202728046566361,0.12818302337189,0.0121369561974285,0.623313127830414,0.430774303393699,0.00414051353982363,0.136097442214682
"GOBP_CELLULAR_RESPONSE_TO_BIOTIC_STIMULUS",0.0170623678486813,0.140539964302422,0.0849094036378726,0.0422570363717022,0.10211453688429,0.221286463202961,-0.335811379598284,-0.3087253418703,-0.314740596170323,0.29307592688464,0.180212049759532,0.186090776894994,0.00574580017853033,0.209899935728033,0.558223177140862,0.00323793045911625,0.0533236382683754
"GOBP_CELLULAR_RESPONSE_TO_MOLECULE_OF_BACTERIAL_ORIGIN",-0.0295642301292238,0.12212567139934,0.0761793750134745,0.0549256303879019,0.123404710943912,0.218790641788274,-0.336818850472222,-0.285902675611712,-0.275770326692319,0.288791859214942,0.12621701408232,0.105537543991127,0.00762482141893026,0.613257370254842,0.309176046161322,0.00913862320887856,0.189327544663848
"GOBP_CELLULAR_RESPONSE_TO_PEPTIDOGLYCAN",0.59714748448123,0.288178207244793,0.48330963190486,0.0500207578362589,0.187841381491025,0.204998365415311,-0.38465033962986,-0.553980873372252,-0.450087598368614,0.550214652400945,0.048570874041617,0.471403847233009,0.00260279441997892,0.310382110777451,0.0553666518172736,0.0255478032745165,0.61668028511735
"GOBP_CELLULAR_RESPONSE_TO_LEUCINE",0.576072839543712,0.359232648908695,0.443161292553913,0.0261850335046444,0.16587316379818,0.302312679300575,-0.738564995641091,-0.695721169569396,-0.669523052810714,0.541507910682844,0.715926551935992,0.597115131474872,0.00136235502571698,0.0128452808865543,0.0470112733332156,0.00040714363882837,0.126013506605302
"GOBP_CELLULAR_RESPONSE_TO_ANTIBIOTIC",0.357829667155163,0.274051387642374,0.242968707492506,0.240245249884846,0.198598624269833,0.0984377297313814,-0.624811819304561,-0.521888387030677,-0.536263226024006,0.351354994146965,0.559126034538953,0.369040206858341,5.60864206691752e-05,0.0437697589935979,0.109744127476875,0.00109656449093836,0.169428369928003
"GOBP_CELLULAR_RESPONSE_TO_INORGANIC_SUBSTANCE",0.0703723339965647,-0.0496356489812695,0.0631149737734978,-0.00530511948065102,0.0914545774624673,0.109113035588487,-0.227726339025031,-0.313569878148845,-0.26068953288941,0.18148916761784,0.0968529192761637,0.165220015399288,0.00519092456589877,0.139850726105122,0.519926798568499,0.000325896690362062,0.0711721683828612
"GOBP_CELLULAR_RESPONSE_TO_MECHANICAL_STIMULUS",0.104477717536544,0.178571822864483,0.0570357272970956,0.111994778574538,0.110381091657501,0.184286894437514,-0.419128153634141,-0.364737545983663,-0.40287971444066,0.325010926591235,0.340573936627444,0.170234235549616,0.00135865590620477,0.102872276932237,0.635849848185013,0.00376040906660132,0.0735884588718663
"GOBP_CELLULAR_RESPONSE_TO_LITHIUM_ION",0.166714519130888,0.514555702194909,0.119903083905527,0.284588597954276,-0.0990741807844542,-0.0855267293613053,-0.593041554500409,-0.289038214969433,-0.203416191722342,0.287550215864272,0.0878005548558087,0.0618559773368828,0.0216176807576954,0.490621189695424,0.256940501258813,0.0298865669005792,0.456538181867318
"GOBP_CELLULAR_RESPONSE_TO_MANGANESE_ION",0.345520534754747,0.0251771460950546,0.341522042850614,0.412793399056613,0.0230207388090104,-0.0171489030482772,-0.448777966427163,-0.524490698307926,-0.29418505859508,0.329347787366846,0.0651990148304598,0.269503360172866,0.00982384349332176,0.63963894085127,0.604428395152753,0.00388418787317611,0.910064977613248
"GOBP_CELLULAR_RESPONSE_TO_RETINOIC_ACID",0.135449936274667,0.166023621412288,0.289175036463903,0.145674650221062,0.142638452046581,-0.102483999915158,-0.258405780207035,-0.223592165591438,-0.123121413419952,0.115657042612953,0.0051054166603002,0.119105757315795,0.00324802258360201,0.85557063216555,0.244470280743026,0.00708759666825243,0.127004641492595
"GOBP_CELLULAR_RESPONSE_TO_CAMP",-0.0613927230159118,0.0979212043102822,0.0613391618014715,0.0764441573230798,-0.101520783550684,-0.0198865283396684,-0.196122527411515,-0.156330776761402,-0.133031365907948,0.143565963940623,0.145192295057293,0.264552378507595,0.042433719057309,0.0407023103020532,0.536500835698057,0.00541700017241342,0.0746604320455265
"GOBP_CELLULAR_RESPONSE_TO_CGMP",-0.507080760061727,-0.436797414508763,-0.106636547217047,-0.137022468260221,0.0730643391092329,-0.528646930005045,0.653983914406015,0.334561092830386,0.471969312274869,0.0474917876481604,-0.0729726830971243,0.0338395205633885,0.00693864177099281,0.37389543265772,0.521643759660698,0.0221132078013293,0.092789611649153
"GOBP_CELLULAR_RESPONSE_TO_ETHANOL",0.278607775218954,0.156765873778132,0.114967645576401,0.372625256158158,-0.0270679647848146,0.30944025859795,-0.374886467196804,-0.492131626200491,-0.530505013982699,0.300431910122984,0.315338442070777,0.418757087661347,0.000672644305267192,0.417989740497329,0.812948253908406,0.000231601331290675,0.0631477505721002
"GOBP_CELLULAR_RESPONSE_TO_ETHER",-0.0980907490473947,0.427209594231916,0.345175093529019,0.220297765069329,0.181709335151593,0.473078585345456,-0.701171996695238,-0.596200574347568,-0.577392840682531,0.208765098886455,0.565764345984721,0.226397327707147,0.0294684179500648,0.791383081556163,0.743106209739859,0.0087817886330448,0.618497301924277
"GOBP_CELLULAR_RESPONSE_TO_PROSTAGLANDIN_STIMULUS",0.0675937620384583,0.235550196713134,0.153162237223237,0.211930961772625,0.410308850600411,0.394025672455888,-0.476395990480911,-0.506374473273951,-0.28852212578138,0.385273186684792,0.25548272080798,0.326045557287594,0.00336796268772595,0.836620583369824,0.084472701581684,0.00207257862539011,0.0535951955967717
"GOBP_CELLULAR_RESPONSE_TO_PROGESTERONE_STIMULUS",0.557329388187692,0.603993979486962,0.637392839638746,-0.431739088236654,0.372396222179116,-0.390892072034618,-0.695912223208486,-0.196810836481681,-0.334437285038719,0.1157453119186,0.562461259912931,0.55438818456251,0.0190771844738094,0.153966586242268,0.102052726093037,0.0173678459220729,0.32871243853435
"GOBP_CELLULAR_RESPONSE_TO_LIPOPROTEIN_PARTICLE_STIMULUS",0.10919595943832,0.236971623002581,0.4743968220973,0.145940802553531,0.282359815877628,0.180353866257888,-0.542616144397406,-0.487004405237199,-0.586087732613047,0.45633595150695,0.455671826027896,0.367500209341633,0.0123894308018711,0.0141400382984536,0.58771804243056,1.97099254499928e-05,0.286739304529406
"GOBP_CELLULAR_RESPONSE_TO_PURINE_CONTAINING_COMPOUND",0.166578062834787,0.0459486732754363,0.094661017012039,-0.250900475926721,0.167730446703655,0.1004763034556,-0.251871615157787,-0.0361998283084435,-0.280990536440346,0.180686104889632,0.422601284094904,0.408524515055647,0.045901762889384,0.108794446280304,0.538562768471932,0.008721450434927,0.0782904048121709
"GOBP_CELLULAR_RESPONSE_TO_HYDROPEROXIDE",-0.0749185109468845,0.184194697821456,0.294321411859786,0.214430498424425,-0.0415701539000913,0.616160230521638,-0.449447189979301,-0.466340922599197,-0.609881504116946,0.122313977311971,0.0749422406728956,0.626585502521232,0.0150114301175188,0.966594349148693,0.598864807411167,0.0385778203386166,0.543781070961227
"GOBP_CELLULAR_RESPONSE_TO_OXYGEN_RADICAL",0.248022799142329,0.263652191384712,0.106878210073324,-0.0507174296876806,-0.0671776182046058,0.194709790201155,-0.361545726318617,-0.194239482411198,-0.35068629375026,-0.0453399662430964,0.203665367577764,0.347037599093498,0.00235243602805956,0.377430056208701,0.15664362566714,0.0370902508368073,0.784285931024225
"GOBP_CELLULAR_RESPONSE_TO_WATER_STIMULUS",0.0499692733140038,0.341248022382299,0.0450484934364254,0.513479040169668,0.0613099292796705,0.288558852301874,-0.288756648033952,-0.312547472226515,-0.547691041751748,0.528424398069279,0.407729606792095,0.173099880921764,0.0154194774592897,0.650612644126197,0.435797172845121,0.00560523949656651,0.192258387008125
"GOBP_CELLULAR_RESPONSE_TO_OSMOTIC_STRESS",0.153699531999932,0.0468949248437153,-0.176661371064694,0.145188203440224,0.153879778157311,0.267153067703292,-0.416136008816834,-0.481555603235036,-0.471009244405444,0.348255706007543,0.208856918346955,0.189930104065776,0.0365211576699037,0.399197146579862,0.196033962974915,0.00177808806343543,0.115269765902879
"GOBP_CELLULAR_HYPEROSMOTIC_RESPONSE",0.207746620459912,0.202627171252266,-0.180504431111107,0.520118148882102,0.352854529481103,0.0367750945864128,-0.509448715173217,-0.508339764112683,-0.580421556439414,0.255791444834357,0.252015199191152,0.155331614639668,0.0378886457257378,0.624063200343282,0.302407593685552,9.59132002516145e-05,0.378784107186751
"GOBP_CELLULAR_HYPEROSMOTIC_SALINITY_RESPONSE",-0.0465015439992244,0.267915428594975,0.128135202611915,0.282985206973294,0.307795713021326,0.157173417914711,-0.628530833118012,-0.663085085597147,-0.57066043407322,0.241639247519267,0.456377318545964,0.231712718016757,0.0100065461961681,0.530292859076857,0.285115317182006,0.00273445134758158,0.176336410281543
"GOBP_CELLULAR_HYPOTONIC_RESPONSE",0.188982135934642,0.0495277259866343,0.222295392384104,-0.132284790392857,0.132889020964293,-0.309184755710365,-0.293668673808294,-0.348436183036856,-0.316184813391971,-0.0562860700865368,0.0580221201242975,0.237452593208322,0.0079190905396134,0.31115653821839,0.173726420355104,0.0390123912444592,0.510750771398585
"GOBP_CELLULAR_RESPONSE_TO_RADIATION",0.103891268973703,0.0496427086025617,-0.0932849895954243,0.0410452406947084,0.127664590791584,0.367901241870058,-0.328778582497988,-0.355334961309547,-0.400482026330253,0.201818404067274,0.127206923306961,0.10663673858775,0.0146368878892847,0.768542661907804,0.250910367979844,0.000253752393186199,0.154908904075042
"GOBP_CELLULAR_RESPONSE_TO_IONIZING_RADIATION",0.120633587369852,-0.0223319439308111,-0.199322527227835,0.198779408974428,0.185020704572919,0.488697608171593,-0.434081951136736,-0.386313493727439,-0.44438585139912,0.0521018894576677,0.11368871251908,0.153307232067347,0.0479433833041411,0.196871709328935,0.0750972548556176,0.000351820466822555,0.266000890898339
"GOBP_CELLULAR_RESPONSE_TO_GAMMA_RADIATION",-0.0410889269275947,0.0718645392546656,0.0156169742087511,0.147768876126036,0.204341570469234,0.381658844599563,-0.464754630424377,-0.280191558690384,-0.413080729074233,0.191800466984405,0.107765935737409,-0.0506721020161646,0.00638143652543488,0.181642284615204,0.0647559320277477,0.00760225243185345,0.455533049779618
"GOBP_CELLULAR_RESPONSE_TO_LIGHT_STIMULUS",0.101512337916405,0.0716379283204007,-0.022573718219582,-0.0534627043415504,0.0950728413686591,0.289264862655139,-0.284435560878234,-0.367106968077035,-0.380558701626357,0.281655546410947,0.138980162120547,0.126305482994114,0.00144806565061072,0.563523796392467,0.616753910966487,0.00196750114708628,0.106546635676891
"GOBP_ZINC_ION_IMPORT_ACROSS_PLASMA_MEMBRANE",0.401207848167076,0.356504227374365,0.310585609171853,0.460407884534797,-0.159791042483026,0.0876258803003356,-0.344316154563425,-0.596548573623984,-0.379014246817582,0.24151132848902,0.303561180648221,0.351186485103604,0.0054533344081136,0.447589556151671,0.335000718836792,0.00523992631980125,0.238250713010043
"GOBP_LYMPHOCYTE_AGGREGATION",0.103490415456017,0.317959253180638,0.547892376407066,-0.444557187228554,-0.100264975166518,-0.0986034576830003,-0.486295219005587,-0.411366523192476,-0.576747534903915,0.335294956116689,0.514346272375622,0.0939816415101873,0.0148851300874175,0.034415473864896,0.0361182988715273,0.0128758292069289,0.963679047380417
"GOBP_OTIC_VESICLE_DEVELOPMENT",-0.0897136248404213,-0.0780177169775761,-0.237227804033959,0.144458834306619,-0.311852199061729,0.502006111912603,0.459927447482854,0.328613749379902,0.421718010601283,-0.289843425949889,-0.654699637712961,-0.254475568666905,0.00149967740605592,0.149961020321748,0.405933064692928,0.017549073572114,0.163491370937602
"GOBP_OTIC_VESICLE_MORPHOGENESIS",-0.0469386187293497,-0.24881620442933,-0.250971945584655,0.403854618387332,-0.224430247162396,0.345120706486459,0.380462773193474,0.257292835463975,0.25239060718782,-0.287429811621481,-0.692947334136736,-0.141853268156046,0.00673022993838441,0.104415643205492,0.20991239459739,0.0480180754406347,0.369729556836503
"GOBP_MACROPHAGE_INFLAMMATORY_PROTEIN_1_ALPHA_PRODUCTION",0.0855903421524383,0.442970433959205,0.241520850684226,-0.370149900182374,0.297180421797314,0.0493489714890691,-0.452771161051124,-0.731278884103048,-0.385199296465253,0.640521603781967,0.0945312253433267,0.497424192483246,0.00623395585612851,0.177091035161511,0.315198393286177,0.0126436471497165,0.477744296036975
"GOBP_CHEMOKINE_C_C_MOTIF_LIGAND_5_PRODUCTION",0.220414189263754,0.176852612612801,0.0923556588687127,0.127780489672649,0.34678601408065,0.273755989183282,-0.64838163443805,-0.735087495789137,-0.666912147957858,0.522536866304151,-0.0327860761822432,0.220490978871731,0.000110919394844116,0.946712390025253,0.325908004659503,0.0264802457903651,0.695337652803802
"GOBP_IP_10_PRODUCTION",0.0877777054000307,-0.106841630774803,-0.0375988939243124,0.205008065135497,0.454087693462536,0.144074566076411,-0.458713040484037,-0.635711578109818,-0.27611752616264,0.361098936163486,0.0236961364160084,0.102892385005288,0.0323827295919499,0.492138674701869,0.0740574595548228,0.0130759806176205,0.2138766599726
"GOBP_GRANULOCYTE_CHEMOTAXIS",0.0358374936747578,0.132241093213516,0.117752834917621,-0.0381736011341452,0.099529413370977,0.0244756777697996,-0.257277720354012,-0.1730516269605,-0.30175907875416,0.290749953277017,0.0226437312709743,0.128327332730796,0.00258155163551794,0.269066603454461,0.257058532716864,0.0219904261581306,0.584545830222413
"GOBP_REGULATION_OF_GRANULOCYTE_CHEMOTAXIS",-0.0143205109416974,-0.0946639612299534,-0.0190542067362862,0.157189977416911,0.209702216289297,0.27730599958689,-0.303570406602117,-0.296557554819072,-0.306877387808283,0.187631888681642,-0.051890023926317,0.0495943202891568,0.00916862761680428,0.14515237210104,0.00514992944607224,0.0342556658064721,0.268345799127784
"GOBP_NEGATIVE_REGULATION_OF_CHEMOKINE_C_C_MOTIF_LIGAND_5_PRODUCTION",0.527144933448347,0.109533903613869,0.563029890088856,0.160002286604287,0.134438696502036,0.308799751359197,-0.758804777815799,-0.786975999685571,-0.710143257671376,0.652833583424012,0.185298637744229,-0.0525790221608746,0.0139490021516732,0.800427626614454,0.304787653910451,0.0379576308796907,0.61772412686362
"GOBP_MONONUCLEAR_CELL_MIGRATION",-0.00175076800709772,0.134900212975991,0.131823799183586,0.0349285183285096,0.171402805362449,0.0686064015904458,-0.300281013825489,-0.272336357197234,-0.23692284679821,0.243666082052565,0.269877679043939,0.203605811252005,0.00783768334391315,0.0512817714844229,0.959170033118264,4.4789275456678e-05,0.0620865055964024
"GOBP_REGULATION_OF_MONONUCLEAR_CELL_MIGRATION",-0.100254572490435,0.105300451140268,0.111618889481763,0.00669571450219592,0.030380420701448,0.137642405683894,-0.295877809219534,-0.303745785431716,-0.257650543677551,0.207279317838382,0.294921527642848,0.205015442901384,0.0383485608673642,0.02740280963226,0.824411687936498,0.00068262175115475,0.0893103320857355
"GOBP_RESPONSE_TO_INDOLE_3_METHANOL",0.280039710892322,0.54661599403437,0.373074350259201,0.671569374709706,0.227487652440706,0.267014902442907,-0.7091787427473,-0.778537409740837,-0.662851436472892,0.46455463453824,-0.100369393629806,0.123352731503831,0.00154976301511412,0.357387261960203,0.948993547616358,0.0289917855980257,0.286869493161529
"GOBP_PROTEIN_LOCALIZATION_TO_EXTRACELLULAR_REGION",0.108458225929306,0.104549829862748,0.0446592543623562,-0.023128588157651,0.0651271453170188,0.00754017495575252,-0.19045720432988,-0.246597807499656,-0.227659921116138,0.247197473902835,0.213573214877951,0.0823425762993594,0.000405447786819855,0.0623205245303214,0.10752051194947,0.00951993571502017,0.190156318758484
"GOBP_ECTODERMAL_PLACODE_DEVELOPMENT",0.0663306666465507,0.322263428318922,0.266171880084738,0.470968677862392,0.164985603069814,0.107242276833853,-0.475278817308305,-0.689174461888718,-0.135893484497205,0.25263488739046,0.256110546966854,0.288074820057515,0.0380693574445833,0.888994836836281,0.841435379165739,0.0485789112681061,0.605415272801489
"GOBP_TUMOR_NECROSIS_FACTOR_SUPERFAMILY_CYTOKINE_PRODUCTION",0.0620444983423507,0.123283241763786,0.0339917975710279,0.0548447959464926,0.223096650778039,0.292264297256311,-0.349247083135569,-0.336675255495193,-0.370695697536151,0.247079044091222,0.138027990624677,0.178573265907113,0.00144207865876678,0.979458971926498,0.233540894829521,0.00169730577129742,0.0518818605048534
"GOBP_BASEMENT_MEMBRANE_ORGANIZATION",0.30868948464966,0.216233341116371,0.283430884180971,0.0700737741381803,0.373273774631707,-0.0222529735045053,-0.366145015897858,-0.454284512299366,-0.104842367358055,0.301330363861986,0.232863001986347,0.191683073272782,0.0251784119726971,0.488231401498912,0.393656331775679,0.0262192571831566,0.551300909825463
"GOBP_RESPONSE_TO_DIACYL_BACTERIAL_LIPOPEPTIDE",0.608418465319838,0.548483107116634,0.489002463740187,0.097434518780174,0.0283931610659693,0.398854805267211,-0.542207542822032,-0.639642061602276,-0.799523772947087,0.550544383315838,0.407366157154872,0.625015879523895,0.000974974234079823,0.0697927037862927,0.0708237366562008,0.000312582389885225,0.790801299058987
"GOBP_PODOSOME_ASSEMBLY",-0.114678349670599,0.0326885393992268,0.00681045625699028,0.181690294459894,0.353461965440994,0.460540140894392,-0.404040098575625,-0.550364249617622,-0.61133276392135,0.486095699628799,0.163852657633007,-0.0967642347350748,0.00383959678136225,0.490233447426763,0.0288075695989985,0.0397907593631551,0.339641343179401
"GOBP_POSITIVE_REGULATION_OF_PODOSOME_ASSEMBLY",0.0332960684541251,0.317833380987138,0.339207029764342,0.0276700072669528,0.334263349071178,0.234150429094041,-0.39595867160669,-0.495686577603095,-0.601460074578643,0.546077549456182,0.0753980048930913,0.0852123802933646,0.00608443645836315,0.849689342022567,0.825816334680815,0.0295822554451613,0.978022335249217
"GOBP_REGULATION_OF_APOPTOTIC_PROCESS_IN_BONE_MARROW_CELL",-0.413951697503606,0.00982989011919028,-0.403074548438334,-0.0879793163563016,-0.111333000499371,0.116813893356764,0.134007363341449,0.154818990318942,0.498824630645005,-0.52608169317562,-0.447789853681459,-0.380952286086426,0.0452399044503041,0.0126417486510594,0.221740059953866,0.0174114026585934,0.319992418289171
"GOBP_RESPONSE_TO_EPINEPHRINE",0.0494462640984263,0.134806088670445,0.348337410028991,0.203912668964885,0.205687394844128,0.160683417758334,-0.468861397257168,-0.515633184786361,-0.61467401336611,0.482194650616006,0.492607682801052,0.504879615290011,0.00627788302954742,0.000532502396351866,0.90127431180877,0.00141936049869496,0.0701721050776352
"GOBP_ADRENERGIC_RECEPTOR_SIGNALING_PATHWAY",0.00598216779610128,0.17558878416065,0.330430000813327,0.0598572242390343,0.0511852979353968,0.189871134037299,-0.1373006239452,-0.452220165864229,-0.22253344044391,0.299478290199026,0.33384749355938,0.234442475382394,0.0292506029095053,0.0310476913184348,0.548724109567871,0.0195854450972614,0.332994642655774
"GOBP_NEGATIVE_REGULATION_OF_ADENYLATE_CYCLASE_ACTIVATING_ADRENERGIC_RECEPTOR_SIGNALING_PATHWAY",0.1373581736262,-0.214126800791041,0.196664466493552,0.153013019933082,0.359301729450672,0.583054883435131,-0.515346805448488,-0.702930394892505,-0.696547221261646,0.641081401000505,0.575450320697516,0.278012695052023,0.0192782141276056,0.470734555356087,0.142641268897701,0.00258168779040793,0.0554683364233827
"GOBP_ADENYLATE_CYCLASE_ACTIVATING_ADRENERGIC_RECEPTOR_SIGNALING_PATHWAY",0.0990456423578899,0.181340887078279,0.509391614039191,-0.0548837041372335,0.000362028274999954,0.113070284054133,-0.0483230003783675,-0.437137718188013,-0.178400013416998,0.339741416654777,0.404895754105057,0.17891872181457,0.0465379083875606,0.0295981073922048,0.181813374357561,0.0244558474589735,0.773983579342662
"GOBP_LEUKOCYTE_APOPTOTIC_PROCESS",-0.0833269572043524,-0.0640275098892989,0.0471383365954575,0.219488479923509,0.192282367033456,0.342590900895711,-0.383108445845623,-0.365321050948192,-0.40850131466605,0.35762171273947,0.25723668242977,0.0500799184511515,0.00833457795695868,0.78863111102435,0.010220429305073,0.019891661769923,0.0892486090882475
"GOBP_PROTEIN_LOCALIZATION_TO_ADHERENS_JUNCTION",0.26290368864714,0.580410490473001,0.175599537372277,0.517166914115403,-0.0383426454081187,-0.147427983765008,-0.387671049641246,-0.518046393700018,-0.618721809062389,0.61131050383954,0.238934441443451,0.0587606765784776,0.00831333514574556,0.505693615184121,0.404345799627227,0.024895301783987,0.866790384583435
"GOBP_EXTRACELLULAR_EXOSOME_ASSEMBLY",0.402498585409652,0.0326867678126061,-0.115678046513988,-0.00376038264527953,-0.178206508749379,0.383798868820328,-0.623172801982981,-0.55115747727143,-0.573880257210968,0.0733734229443854,0.527722699919237,0.728596120606724,0.0441927917106867,0.216363562804257,0.870987895657736,0.0325700536706557,0.248786533122548
"GOBP_RENAL_SYSTEM_DEVELOPMENT",0.251260231473312,0.0456698332727025,0.129925517654423,0.0854468845021567,0.0389874957594293,0.137161483783445,-0.267812268290873,-0.257950775972177,-0.159501262912762,0.100621511357672,0.0924065996525006,0.20475751936184,0.0105982627851031,0.382050576911513,0.468282155921399,0.00197084882769605,0.897604760939565
"GOBP_NEPHRON_EPITHELIUM_DEVELOPMENT",0.204791257594022,0.0874113230180238,0.0483264422424843,0.0711497613865404,0.10483974810633,0.088791075050668,-0.170403312094946,-0.202236744104353,-0.0334030889549309,0.0737980798388666,0.0844440866093847,0.128675740276327,0.0240038245966081,0.727692227094967,0.647771283865272,0.0364448306805504,0.748396771362857
"GOBP_GLOMERULAR_EPITHELIUM_DEVELOPMENT",0.360438633476213,0.183095321985605,0.208856707223166,-0.0783091149662244,0.149880554245827,-0.187769644261695,-0.348996353596017,-0.307141395899698,-0.0297128429302721,0.0759485656819489,0.203013132696633,0.490494573041781,0.0230123053613144,0.137894018908508,0.080938418469707,0.0395089473561537,0.96911949482295
"GOBP_KIDNEY_EPITHELIUM_DEVELOPMENT",0.237068521547489,0.0631741085817868,0.121721512935153,0.113832582180388,0.0510301215053869,0.0842417733406561,-0.233202713054965,-0.250068688326202,-0.0844278603796329,0.0626890531706731,0.031781912550955,0.150632628546609,0.0108626144816954,0.975488360975369,0.379690723069964,0.0171228779381419,0.403282661072548
"GOBP_MESONEPHRIC_TUBULE_MORPHOGENESIS",0.137963416274708,0.145660177096395,0.0176827651361376,0.226600257368141,-0.000322467431920354,0.0795868973361178,-0.0780370390009454,-0.163942610119826,-0.041437951339003,0.129660982918248,0.128949685820799,0.120892653031479,0.0247490205930468,0.747395003822849,0.985619156998674,0.0253647551530131,0.593848043418151
"GOBP_GLOMERULAR_EPITHELIAL_CELL_DEVELOPMENT",0.508458986782529,0.284103557149051,0.029378582709907,-0.200477630676333,0.272573184467307,-0.130429349321344,-0.201932524772073,-0.437567972960037,-0.196186606232472,0.28109488503318,0.340864482144408,0.405643334311802,0.0368701688514208,0.12638034626322,0.220607805668157,0.00726649058402527,0.673916315269843
"GOBP_GLOMERULAR_EPITHELIAL_CELL_DIFFERENTIATION",0.308722247490744,0.174132818098305,0.153098425371643,-0.082984411119672,0.230998753109486,-0.224810882171697,-0.332846162500664,-0.318929779466702,0.0159040157429212,0.072469098198719,0.202771779223379,0.446154803964003,0.0488854898192569,0.202989461432805,0.212922831047633,0.0459223295739397,0.828706473620322
"GOBP_VESICLE_UNCOATING",0.0078680601740137,0.52416036058495,0.303189487998251,-0.249759620841478,-0.373016795660126,0.531723814839108,-0.51077073311084,-0.399240593275411,-0.734155590523418,0.589670281907788,-0.0123869035297923,0.504169425584178,0.0139060266898676,0.323267132987365,0.405486240052994,0.0231206699476948,0.750672069914335
"GOBP_MONOCARBOXYLIC_ACID_CATABOLIC_PROCESS",0.0900463340147323,0.198251799596247,0.217423843113326,-0.214460121183628,-0.0646549730943932,0.184204094573898,-0.306874974798735,-0.371181281669383,-0.397215624731134,0.466268858991774,0.393026859771427,0.155439158126355,0.000756198736705449,0.0713138175151565,0.221100796040234,0.0124999717208555,0.204606331912415
"GOBP_MODIFIED_AMINO_ACID_TRANSPORT",0.112020457134203,0.280401256297816,-0.0332206302201086,-0.0217563737549232,-0.0819565392823529,-0.0607472321233749,-0.115361790905876,-0.294717693583683,-0.23686151958215,0.306661257799883,0.0849486127092065,0.23478206831337,0.0448011804806672,0.0480063231666083,0.190202486562831,0.00807661777669486,0.474053476430331
"GOBP_SULFUR_COMPOUND_TRANSPORT",0.0978409332336763,0.132779260484333,0.0596042889007858,-0.055157087262296,-0.0835612585590632,-0.0909568952857858,-0.135739104742581,-0.170992510560495,-0.344617290809934,0.468327571458355,0.238218594071354,0.280319287565724,0.0299891085910963,0.0267718045025247,0.00536027319369136,0.00479444326187333,0.0711965815913941
"GOBP_TRICARBOXYLIC_ACID_METABOLIC_PROCESS",-0.0647868866465468,0.564679968093047,0.392894680353199,-0.280011367858696,-0.0927147751047187,0.3062417465366,-0.582748647272624,-0.538413981414078,-0.617959859027519,0.551747938360557,0.462038487677663,0.311602020780475,0.0411281402577799,0.100240592371365,0.279050693848564,0.00227886109787294,0.53232245592317
"GOBP_PROTEIN_ACTIVATION_CASCADE",0.408887911774991,0.415790252290556,0.375069283412799,-0.175917845084776,0.10827546204654,-0.114653298679466,-0.41939378232934,-0.292312465258551,-0.304606350318777,0.257870464747009,0.0198078435570359,0.11679269807825,0.00143557962361338,0.160590446875669,0.0311436783807061,0.00801102334439251,0.0561344293532391
"GOBP_PLUS_END_DIRECTED_ORGANELLE_TRANSPORT_ALONG_MICROTUBULE",0.39166765254291,0.265264883224789,0.164423629517111,0.190229159420067,0.368439767470334,0.548962266841696,-0.643787209526347,-0.48174394165476,-0.327340845877136,0.318457703165485,0.514754150645989,0.532291718945853,0.00355138583583222,0.53233172013137,0.487329235610172,0.0016361785954693,0.128889476337625
"GOBP_MICROTUBULE_ANCHORING_AT_MICROTUBULE_ORGANIZING_CENTER",0.169099523370522,0.198585820244428,0.23002982599421,-0.0949397137196619,-0.0316634934482679,0.323884293007054,-0.513798864497878,-0.639220256986644,-0.462005030896916,0.601364652753716,0.269234013010632,0.618532463789919,0.0024462797561788,0.0686561418712389,0.413768105963118,0.00466402239628168,0.117242112311152
"GOBP_CLATHRIN_DEPENDENT_ENDOCYTOSIS",0.317796022544412,0.398145244579562,0.172053309066675,0.000274200483266457,-0.0774124564666755,0.0618983413665906,-0.450004240937759,-0.497195335461199,-0.51679639557275,0.467505856333609,0.358176573120334,0.406632593992346,0.00413633699934933,0.00157762923930219,0.0253445776333129,6.98829266184858e-05,0.219644624928844
"GOBP_CAVEOLIN_MEDIATED_ENDOCYTOSIS",0.240289845692202,0.357955028793186,0.0337092446063142,0.192235820313357,0.225016134462246,-0.183140300131526,-0.137649071603237,-0.230941696614122,-0.557803013979716,0.339966548500015,0.213359825062875,0.285340336182687,0.0345290748929686,0.260218719981831,0.462200821443026,0.0354333374595815,0.553374350544207
"GOBP_ESTABLISHMENT_OF_PROTEIN_LOCALIZATION_TO_ENDOPLASMIC_RETICULUM",0.280899955825655,-0.033108739339754,-0.0112947748038812,-0.0048159579365139,0.0866395635589215,0.188666507901631,-0.394178820331906,-0.448907549812043,-0.402367270495254,0.344398624040008,0.284830660102946,0.381694231177609,0.0363598492388042,0.0298568249154731,0.927902585590957,9.78064470530637e-05,0.116573665569285
"GOBP_MAINTENANCE_OF_PROTEIN_LOCATION_IN_MITOCHONDRION",0.14885881495424,0.652687586292856,0.668325937128186,-0.116530924603531,0.261529398757423,0.601160623207544,-0.746630788551799,-0.74673732666611,-0.659407765871268,0.797173253447061,0.511103263091745,0.161390234894847,0.0171267154514969,0.433824701474545,0.421419934896119,0.0202697163893008,0.999795145061712
"GOBP_NEUTROPHIL_EXTRAVASATION",0.12049831344514,0.173105241143024,0.427325008567736,0.0390399576397178,0.251367314864071,0.301293775518814,-0.489944516675774,-0.334246922545078,-0.167113086163617,0.251930358731933,0.397282781764384,0.157979468217103,0.0127082704238551,0.537144392940903,0.746736926427293,0.00828278882393119,0.819817358883927
"GOBP_LAMELLIPODIUM_MORPHOGENESIS",-0.00187067943435401,0.290192359900068,0.210071470777313,0.270523543577172,0.233291164975354,0.11226000830036,-0.602516925711753,-0.547963216847884,-0.546974701367233,0.635914363877189,0.31995852043549,0.43917884064935,0.0111976722584167,0.0874415998955656,0.718585039379376,0.00623280255931449,0.0780988469938829
"GOBP_MULTINUCLEAR_OSTEOCLAST_DIFFERENTIATION",0.0698891402190757,0.470607450710361,0.495642164012016,-0.476674401032625,0.335698208764979,-0.249833770756573,-0.486208801048208,-0.536625425564029,-0.453515167889416,0.74426958306398,0.430226730716459,0.330386857383641,0.0232740469540629,0.103220308182757,0.181190791236176,0.0129110873982529,0.448483914711221
"GOBP_OSTEOCLAST_FUSION",-0.00393378065377809,0.619795667537074,0.517845864015956,-0.372156032350815,0.266694275928584,-0.222094441159459,-0.476874650796187,-0.493438914667683,-0.51790331579517,0.720294909236229,0.425257335996234,0.242984256096017,0.04506350733355,0.0803030284117192,0.148921294239046,0.0197643378699312,0.740933414779903
"GOBP_PROTEIN_LOCALIZATION_TO_CELL_CORTEX",0.248339894045564,0.461831313353643,0.202323710713157,0.387796014432135,0.230061494726681,0.620326716702439,-0.737853310596632,-0.675173643105124,-0.710667454741401,0.536446247701832,0.167669715624734,0.163949234271363,0.00445194809479542,0.502940849476731,0.482131301414109,0.0135356422476332,0.925445835523688
"GOBP_ENDOCYTOSIS_INVOLVED_IN_VIRAL_ENTRY_INTO_HOST_CELL",0.00192522308579746,0.143231256107326,0.266567101159443,-0.0332402074559982,-0.0128844094367606,-0.0601284155702644,-0.282563541004423,-0.131270881877867,-0.0743296275612688,0.0702260909201661,0.11693033679085,0.270545109490797,0.0403293591966499,0.0832597756616388,0.14859132856003,0.0220835388300202,0.883094681499239
"GOBP_LYTIC_VACUOLE_ORGANIZATION",0.138046971234792,0.331774889824444,0.193691089928763,-0.208994751899678,-0.0969464107941169,0.228306508784793,-0.39096761297728,-0.305911136157748,-0.526216677806739,0.496154399353104,0.360029479096812,0.291443955733686,0.00196191918405894,0.0715111042644656,0.191499137691169,0.000865050587031872,0.124835335736458
"GOBP_CARDIAC_MUSCLE_CELL_ACTION_POTENTIAL",0.00391710186779201,0.0680297636086105,0.159912367680702,0.281406156985991,0.115886892398999,0.110996124030738,-0.240123102402893,-0.116537005265576,-0.238200115799232,0.107568419207103,0.0251832930817596,0.235301242030846,0.0109312947983308,0.603181065700094,0.272697315638427,0.0161669530109071,0.585315184464231
"GOBP_ADENYLATE_CYCLASE_ACTIVATING_ADRENERGIC_RECEPTOR_SIGNALING_PATHWAY_INVOLVED_IN_HEART_PROCESS",0.0372766731735694,0.197733322108554,0.601132494136862,-0.3337895720165,0.0823430835799847,0.307669548753791,-0.368030481631212,-0.554908083896777,-0.326662777838068,0.492430783176064,0.343415943698915,0.364246438594765,0.0383212667696108,0.173593152371989,0.360986840685226,0.00123122633746342,0.549462865311526
"GOBP_REGULATION_OF_CARDIAC_MUSCLE_CELL_MEMBRANE_POTENTIAL",0.229147798929407,0.348665604354925,0.195368597594533,-0.211365167331013,-0.000218677908644438,-0.529030369330101,-0.159332783603234,-0.357668506667881,-0.412147130718357,0.565528705603521,0.410598726121281,0.130148719832798,0.00603284647335292,0.0384909953349814,0.0709608900588681,0.0162090435510548,0.483121088789783
"GOBP_CELL_COMMUNICATION_INVOLVED_IN_CARDIAC_CONDUCTION",0.0211467835695095,0.0309325132554198,0.226964380455804,0.180992031173018,0.0822263601984125,0.0121582460756364,-0.181663039835602,-0.215182983416548,-0.0719806770725283,0.112461421473845,0.150679138940849,0.344331478222959,0.0437891971974974,0.280056034777632,0.989019206328178,0.019476065546162,0.327693508877277
"GOBP_G_PROTEIN_COUPLED_RECEPTOR_SIGNALING_PATHWAY_INVOLVED_IN_HEART_PROCESS",-0.125140853092055,-0.0242943407751713,0.116953123688193,0.0753973797318373,-0.149390160417367,0.270280539511353,-0.389301541997526,-0.326270475178103,-0.21942164844381,0.21325242967834,0.223876661290928,0.257794548367128,0.0295598715753575,0.303466054370765,0.6218559941332,0.00540741101881909,0.0697593765516908
"GOBP_AMINO_ACID_IMPORT_ACROSS_PLASMA_MEMBRANE",0.143592098498369,0.0708998112951911,-0.0656234443860701,0.32321086634658,0.113233190082792,0.12270793657248,-0.40052403516893,-0.33648604981078,-0.339951191485212,0.161666164224055,0.0495317834061091,0.210486920030492,0.0142626408806429,0.615317778823403,0.211832477931126,0.0034728551158928,0.310260195858673
"GOBP_REGULATION_OF_NEUTROPHIL_CHEMOTAXIS",0.0591925628521305,-0.11215830810744,0.082174517383902,-0.0031537099047042,0.137642704992255,0.293279856931769,-0.381223872051514,-0.326080544093249,-0.405058476797387,0.231355828581814,0.0162422439772043,0.0892947152129184,0.0154294565114978,0.79113748760859,0.282147871016799,0.0095148346627991,0.308723239931375
"GOBP_POSITIVE_REGULATION_OF_MONOCYTE_CHEMOTAXIS",0.0263374235987756,0.114103277594182,0.108579888452622,0.200476434112145,0.147058207554836,0.360144591370747,-0.310151275974938,-0.341772078993453,-0.185914931854232,0.0718657539534368,0.164695644268352,0.36293060095701,0.00557600455160771,0.754511262006245,0.124844468715769,0.014961442035364,0.305402684410947
"GOBP_REGULATION_OF_STEROID_HORMONE_BIOSYNTHETIC_PROCESS",0.00983527211124988,0.256441985822583,0.272556428198079,-0.215975879771554,0.243555598764017,0.0922152547157009,-0.167246270215719,-0.593835578029559,-0.248044497547406,0.257429951793955,0.20287221123391,0.405055274474971,0.0373097300342909,0.199477341735264,0.43972185479955,0.0257360358847745,0.361420845900552
"GOBP_POSITIVE_REGULATION_OF_MICROTUBULE_NUCLEATION",0.52256812537301,0.524375819833395,0.441096335632586,0.0949317335576714,-0.196636079873622,0.4396391979326,-0.787009295537511,-0.593956833207504,-0.701073647894268,0.733514723214163,0.566105861565475,0.463988336053088,0.000372675975298937,0.107308691705837,0.169866067937993,0.000338655275612323,0.365144154559509
"GOBP_FOAM_CELL_DIFFERENTIATION",0.175464773071411,0.209373636350094,0.177824802231971,0.029960932447607,0.03894432236417,0.264254039052085,-0.330678702296081,-0.270783802449055,-0.290173340623732,0.0896118236908639,-0.0301852639695203,0.0875584109955602,8.13789974869931e-05,0.523943699920447,0.423741561161191,0.00547585522302413,0.063785154161637
"GOBP_REGULATION_OF_INCLUSION_BODY_ASSEMBLY",0.226197916381447,0.196879585562563,-0.0158167153087966,-0.15762601186522,-0.384159711965779,0.159368222102604,-0.422078693387044,-0.243580058786046,-0.377448343022871,0.594818460460594,0.277171109088812,0.107554913098526,0.00879827754839408,0.100376298280559,0.233219134824904,0.0298760579158691,0.32224952170284
"GOBP_NEGATIVE_REGULATION_OF_INCLUSION_BODY_ASSEMBLY",0.415955044142027,0.302216341838461,0.224083828948924,-0.13259715194452,-0.183363435954418,0.0576217301154207,-0.48015712251194,-0.329543515175111,-0.489441482545223,0.599812365300031,0.252264773056615,0.138601113890938,0.000618582178055707,0.075799983681476,0.0142045293840685,0.0209252244632309,0.92172105781092
"GOBP_NEGATIVE_REGULATION_OF_CANONICAL_WNT_SIGNALING_PATHWAY",0.0188402656526597,0.0831669817222069,-0.0834563935597922,0.181347572390133,0.222575628482389,0.15625276552712,-0.266825069838931,-0.23263464435756,-0.18398483336494,0.168497718645889,0.136189321673093,0.135974893906772,0.0240160181269705,0.165835082969815,0.0501148801308223,0.00112176802926461,0.094750720676345
"GOBP_POSITIVE_REGULATION_OF_TRANSMEMBRANE_RECEPTOR_PROTEIN_SERINE_THREONINE_KINASE_SIGNALING_PATHWAY",0.0309169201909187,0.0927983750793746,0.0613120646467563,0.157374088580716,0.169220934509388,0.0973419574778861,-0.217626382198362,-0.262759708227869,-0.153996404560625,0.12084332007098,0.171158013925646,0.0725014025994531,0.00402635755098809,0.614349852402401,0.0518770571192487,0.00149599615393223,0.163222757039824
"GOBP_EPITHELIAL_CELL_CELL_ADHESION",0.228701858259943,0.415434064375536,0.441714591487253,0.464262563298777,0.352781835812264,0.136451968127962,-0.510991572310295,-0.590618059968364,-0.468759851289142,0.431384793571436,0.138667989302021,0.32232772131226,0.00125407054395091,0.881970824060049,0.728065974971163,0.00464567367846036,0.586230721296756
"GOBP_POSITIVE_REGULATION_OF_MITOCHONDRIAL_FISSION",0.512032084604657,0.126494751302636,-0.0721867787956869,0.31434598876681,0.0485146559248203,0.219826369752091,-0.592989298370212,-0.596328230599956,-0.52371597573035,0.428690637952179,0.450226200376581,0.394204162412001,0.0450256634834709,0.0920123310121325,0.978860761234428,1.27554569821984e-05,0.302830782351368
"GOBP_REGULATION_OF_PANCREATIC_JUICE_SECRETION",0.181119796758735,0.58751097423791,0.543635561281038,-0.481363495440942,0.404525818812141,0.0569733332613781,-0.434905367877589,-0.305522703288689,-0.218062748020352,0.0631358195071083,0.138805439930112,-0.122450216869903,0.0143591665023535,0.911764525394652,0.222695100377591,0.0275479267620732,0.0649386444573182
"GOBP_REGULATION_OF_RELEASE_OF_CYTOCHROME_C_FROM_MITOCHONDRIA",-0.0899879840691928,0.109343463700376,0.0141958870412218,-0.0825716179433469,-0.336564779820988,-0.0393706353143381,-0.226136912211785,-0.180328068138185,-0.356585896597457,0.440994887576233,0.383856645770721,0.00725144903518032,0.0276063954753969,0.0672937405419663,0.220723716772391,0.0453568486407663,0.179735976244749
"GOBP_NEGATIVE_REGULATION_OF_RELEASE_OF_CYTOCHROME_C_FROM_MITOCHONDRIA",0.0458075087707417,0.211664067706863,0.24356646872629,0.188167145521965,-0.249589840306819,0.0188457319074232,-0.392700875462672,-0.371268594749334,-0.37162209050341,0.427755943828695,0.334241720667019,0.00576322334421875,0.0115628770514068,0.209070674409767,0.29355469129145,0.0379903033517415,0.577163240785535
"GOBP_POSITIVE_REGULATION_OF_CHOLESTEROL_METABOLIC_PROCESS",-0.00826845600582396,0.130169612277446,-0.0585580153679046,0.392440129899766,0.420639057146223,0.0864570009946376,-0.328927569970768,-0.41547026971015,-0.423006083942545,0.11933837719225,0.29724912633294,0.144525191549588,0.00725634357089407,0.418394662746514,0.103650944523557,0.00249799736881492,0.104274540560946
"GOBP_REGULATION_OF_METAPHASE_PLATE_CONGRESSION",0.0171106130393472,0.134497414606696,0.319744761541978,-0.252949379285663,-0.187899994463394,0.223692048472889,-0.507183919658851,-0.577520055460228,-0.552736250697083,0.377253512846413,-0.0312864185108198,-0.0573821701185314,0.0119351248665347,0.457462810548456,0.270971320797807,0.042285333457744,0.735582708926342
"GOBP_POSITIVE_REGULATION_OF_CANONICAL_WNT_SIGNALING_PATHWAY",0.108117725586904,-0.0163963442767835,-0.0314531651707293,0.288771242948384,0.238352640824894,0.35310420142927,-0.373821143910706,-0.330066698469124,-0.265360033379277,0.078508070022717,0.27833552048756,0.167627961739177,0.00448557159010419,0.167772459718043,0.0094526178302248,0.00431126689868289,0.105353237393479
"GOBP_REGULATION_OF_CELLULAR_RESPONSE_TO_GROWTH_FACTOR_STIMULUS",0.218753639901899,0.0203817756833692,-0.0407713609215816,0.110974275045426,0.182223946248321,0.124981387439859,-0.296298423708237,-0.227772839034732,-0.182901385057516,0.178961701436839,0.251389374106453,0.162882928931651,0.0453358581443118,0.172973911797049,0.451475061745277,0.000636289534257852,0.229264610551122
"GOBP_MITOTIC_SPINDLE_ASSEMBLY",0.23106259396503,0.0146382264781947,-0.0299103521805913,0.0610177679179149,0.0160563073528828,0.362798832187097,-0.493428633049777,-0.436432936470813,-0.487126414344207,0.189734561226848,0.175320551383605,0.0988128892499489,0.0173778154985304,0.949086076258665,0.613038781421704,0.00014976369832108,0.417481592394807
"GOBP_REGULATION_OF_BROWN_FAT_CELL_DIFFERENTIATION",0.0571729833066141,0.336287405546228,0.0780575478891737,-0.0932941878796153,0.180835506927752,-0.025485472515929,-0.498731785586131,-0.34961629319528,-0.42328745683575,0.414823112866035,0.273342397617589,0.374336141349989,0.011278994665201,0.0371667302053366,0.325855700634555,0.000207234467838757,0.146264058899386
"GOBP_POSITIVE_REGULATION_OF_BROWN_FAT_CELL_DIFFERENTIATION",0.107818771237787,0.398657688862879,-0.124047047656663,-0.358041491411462,-0.0390159753022161,0.126716018013948,-0.521662188647169,-0.373724783458269,-0.583827962364032,0.538816791476183,0.304682190939261,0.440848381784789,0.0395115115058288,0.0492928708325584,0.353950939302312,0.00058363384030477,0.174768545416417
"GOBP_PHAGOSOME_MATURATION",0.114659543680542,0.214435652480567,0.188176593672216,-0.29689640017013,0.0128731327804313,0.299966814457291,-0.268536579725438,-0.253230478996629,-0.457235794264522,0.495610199966715,0.317193550087916,0.299795414059607,0.00774885639608594,0.157466716463865,0.435267002937704,0.00155174174253637,0.0680502743670378
"GOBP_NEGATIVE_REGULATION_OF_EXCITATORY_POSTSYNAPTIC_POTENTIAL",0.168648502609343,-0.116045019782674,-0.060692244162138,0.631570129538271,0.450738904047337,0.0752028458765866,-0.578134803736617,-0.483176030882172,-0.450421601430984,0.462127074014424,-0.0239935731100088,0.344950291340621,0.0166368474399301,0.600825972354168,0.125928666244699,0.0282706255398329,0.212401120947044
"GOBP_PROTEIN_LOCALIZATION_TO_NUCLEAR_ENVELOPE",0.32041859356256,0.0671855367924394,0.0471594240875129,0.0769029583722482,0.0724103011793931,0.483039811816888,-0.498921566453361,-0.397586764272088,-0.481692455147829,0.21197677462552,0.00837593055982394,0.309350999344717,0.0127660265759457,0.845070979589554,0.708559168893179,0.0116048397838666,0.812441848637493
"GOBP_EPIBOLY",0.117029334954414,0.168339552169424,0.114236385315575,0.271993457866727,0.364404137149398,0.28376448559231,-0.498201178045786,-0.440869136615533,-0.254413701679363,0.379918033553147,0.13900822594258,0.305411953247659,0.0146756191311407,0.709226006164416,0.01150001204782,0.00279086871655148,0.179374387383393
"GOBP_VESICLE_TETHERING_INVOLVED_IN_EXOCYTOSIS",0.575807628778835,0.282815995145291,0.288095191793567,0.0534281829264241,-0.0976596569758673,0.541697076787124,-0.784049863995015,-0.736273788662674,-0.721660968770723,0.646584738063383,0.535858333653293,0.548688203434039,0.00576151288019358,0.16298534742375,0.391123624152229,4.93460791151313e-05,0.172275900971318
"GOBP_ESTABLISHMENT_OF_ENDOTHELIAL_INTESTINAL_BARRIER",0.0126981546756674,-0.0356940106633926,-0.0742111044859761,0.0548597701682644,0.470007743345789,0.341275751428127,-0.538377956705044,-0.442440502954909,-0.651589374917521,0.102100167115848,0.435109948756005,0.446795061938262,0.00650519126196337,0.825434946678,0.114816610239827,0.00610322979193333,0.0794275059362853
"GOBP_REGULATION_OF_MEMBRANE_PERMEABILITY",-0.0649771932540555,0.142679895664826,-0.00220108365324059,-0.0617616645527703,-0.00984789360545119,0.0445426944513402,-0.362873582523325,-0.279640359626511,-0.390882256149199,0.450836908039062,0.323921860974197,0.087589773962747,0.0123160361907801,0.0985986806766417,0.653671502999418,0.0195687910630088,0.116880063292981
"GOBP_ACTIVATION_OF_GTPASE_ACTIVITY",0.0432771111205039,0.0765569577010025,0.10452308511882,0.225118139156815,0.0472147043521052,0.0606601395077526,-0.232047804208395,-0.2840107298616,-0.308717740694528,0.26908153914958,0.248787763373108,0.107460189404962,0.000357047735057859,0.272680089191636,0.597977419326987,0.0043886350263329,0.106832590327945
"GOBP_WALKING_BEHAVIOR",0.0947703725833764,-0.0897607761147086,0.135286997949195,0.0895829307615493,0.0576177903936707,0.111251236272588,-0.295331703716898,-0.32854599355064,-0.299360232058093,0.325806706198456,0.176979716220548,0.223083886316659,0.0336251479949677,0.0581368499839441,0.630242957377642,0.00444041494352123,0.08778453374618
"GOBP_SCARNA_LOCALIZATION_TO_CAJAL_BODY",0.378005785884956,-0.0670477928601428,-0.167409583762218,-0.483509731588511,0.596789232940204,0.587980214786923,-0.495345510730811,-0.684830512686937,-0.610170647477896,0.603582068409328,-0.0181167256960726,0.660437589811298,0.0499556688887977,0.691866604468166,0.672390733971216,0.03637271983876,0.255870180615969
"GOBP_TELOMERASE_RNA_LOCALIZATION",0.26466323959855,0.0961842621612279,-0.106384940816237,-0.349126662608169,0.505798488686638,0.545910975230083,-0.61877666128585,-0.642973706440102,-0.655136491198215,0.528984284718114,0.0867012158622084,0.355480024607575,0.0204053152126601,0.798749464085305,0.669388775347436,0.0168592952547252,0.229153643782979
"GOBP_REGULATION_OF_PLASMA_LIPOPROTEIN_PARTICLE_LEVELS",0.0406453089672607,0.227681241888467,0.172160269867489,-0.158682372060486,0.0595485998027816,0.0155585585093365,-0.154478829206808,-0.181036344288264,-0.135958880094684,0.21214983096719,0.0823323685882884,0.127809837057274,0.0264807377747146,0.110383561289867,0.116459625835423,0.00961476561896548,0.933002768021126
"GOBP_REGULATION_OF_MEMBRANE_LIPID_DISTRIBUTION",0.035236408015941,0.232204225807424,0.0777614772718788,-0.101021305970416,-0.190769441589429,0.0861276709050069,-0.276673936329561,-0.130419580018984,-0.293766784861158,0.39303206859324,0.377136868626993,0.0657603669021181,0.0121883690585228,0.0649571160738676,0.150113963491901,0.0244860510286075,0.269164456463164
"GOBP_MOTOR_NEURON_APOPTOTIC_PROCESS",-0.0210911936452002,0.0287628131463264,0.186976821513917,0.346135191447039,0.0293939755902597,-0.0352212132824553,-0.240363698133785,-0.275367577793671,-0.237052099723005,0.354850429392332,0.381957805193646,0.104927213612671,0.0332043207549448,0.324166943150967,0.739822928082004,0.0246050406998188,0.124561455786149
"GOBP_DENDRITIC_SPINE_MAINTENANCE",0.15070698873839,0.25818670227593,0.152473627033059,-0.349812935501535,-0.0780051399760724,-0.0175616542181378,-0.48376280365926,-0.428581232438498,-0.294761145706495,0.109315241427097,0.454292090256622,0.441915373165978,0.00185602572262094,0.0341770284642149,0.068520957972811,0.0106475695627524,0.319671193547983
"GOBP_RESPONSE_TO_THYROID_HORMONE",0.275184061863317,0.353198720899247,0.0983794872258688,-0.0687542993217482,-0.184671785688512,-0.0882784202931903,-0.408684104014205,-0.201031172409152,-0.390775666547339,0.179376217299871,0.21744705911732,0.243786413901805,0.00481685599603712,0.00386417267394972,0.025979046893568,0.0100168127489487,0.743566173235224
"GOBP_CELLULAR_RESPONSE_TO_THYROID_HORMONE_STIMULUS",0.177791179104345,0.232154490883932,0.067592154196859,-0.129124010169748,-0.176262350721362,0.173188743944203,-0.500224327327959,-0.260040590320426,-0.434074061288745,0.266533467767617,0.224528912691316,0.395783693886719,0.00461054146253073,0.0716949856371569,0.196195406697098,0.00208685217334369,0.126131399400119
"GOBP_CRANIOFACIAL_SUTURE_MORPHOGENESIS",0.0193230914385353,0.0585734063688099,0.0350924188180399,0.115566687287853,0.415544719864772,0.46660991318138,-0.31386788559752,-0.258138542402446,-0.165629666940097,0.261020248626351,0.127264390607579,-0.0540418764371378,0.0172245983185768,0.198046086081317,0.113101704800406,0.0416134726477993,0.504676135914795
"GOBP_RECEPTOR_LOCALIZATION_TO_SYNAPSE",0.0381541038810906,0.0694429252456659,0.240425381505876,0.0874604056755816,-0.106648068716207,-0.185021388463948,-0.233129293337986,-0.239113316642677,-0.217755293957018,0.254713221688337,0.23439595605559,0.124122690121448,0.0303737216795275,0.0586851248137113,0.151405508714369,0.00745822432293771,0.312963147242102
"GOBP_AMMONIUM_ION_METABOLIC_PROCESS",0.171197929768334,-0.0158866564036843,0.165042288528022,0.0238850810428076,-0.0188316045223499,-0.0682752927944032,-0.204527741793442,-0.29861417804541,-0.296292886250696,0.0754913127104082,0.168364514340607,0.275701863139277,0.0127181442721381,0.0602840927277251,0.161024617926606,0.00637073118879419,0.475221898269648
"GOBP_ACTIVATION_OF_CYSTEINE_TYPE_ENDOPEPTIDASE_ACTIVITY",0.0795639436693682,0.159148600699193,0.1462615853666,0.0809293081493135,0.18998429944057,0.157911481746338,-0.454052740120388,-0.355265528070433,-0.436054836667347,0.627857237335886,0.228382221759844,0.525932977657315,0.000201185722873486,0.109001223111336,0.738767698783181,0.0138757740372673,0.103573735595892
"GOBP_CELLULAR_RESPONSE_TO_TOXIC_SUBSTANCE",-0.0831735013003298,0.0719940034853848,0.0123543884543236,0.0975832991778059,0.131879980308894,0.170044761245906,-0.219621004691505,-0.158204240231797,-0.135746416372146,0.227936788897374,0.0779725982442835,0.0961377925456876,0.0424364400760637,0.988045768507745,0.0811061125896037,0.0102691940131077,0.110616876260865
"GOBP_CHROMOSOME_ATTACHMENT_TO_THE_NUCLEAR_ENVELOPE",-0.321108742686629,0.150281410106129,-0.133257507586024,-0.54874838215036,-0.398812111930921,-0.365595114644352,0.428791074936446,0.559603989282021,0.63134973564726,0.119024257174625,0.0603372124283787,-0.0797326880976285,0.0281356557594396,0.00449287497616545,0.119224692404873,0.00374442803972351,0.439690914441783
"GOBP_AMYLOID_BETA_CLEARANCE",0.277491297660551,0.411418291347395,0.210404910666628,0.113302745707251,-0.057149835097636,0.136671904445273,-0.460646697888616,-0.391732864826179,-0.410722024100119,0.437883086769293,0.475611380535937,0.167384709673875,0.0032582656445114,0.0726755551909702,0.050343181922023,0.0122363934395914,0.628086451530192
"GOBP_HEPATOCYTE_APOPTOTIC_PROCESS",0.41882784477947,-0.0529751788232251,-0.0712367052102119,0.198503670637446,0.15597225241638,0.502299818828063,-0.665444161065452,-0.588806412236249,-0.632042185205899,0.53320220838832,0.511195668705116,0.552664974787532,0.0430843955853213,0.150428563674386,0.395509186492179,1.81184725479709e-05,0.112884499603841
"GOBP_RESPONSE_TO_ALCOHOL",-0.10918598611284,0.0682121513229257,0.046052773359562,0.063259882038695,0.00294434553558617,0.198045242419213,-0.166204871216675,-0.248217902254366,-0.275134516476831,0.172954672346625,0.143614789328899,0.07710645325086,0.0330710846326546,0.55139569810202,0.342371232504587,0.00123694976407093,0.131308705718617
"GOBP_PLASMA_MEMBRANE_TUBULATION",0.217155694724502,0.117656686521623,-0.0891717950058361,0.132002426269269,0.343840100769244,0.346058312972496,-0.423724372711135,-0.533731441909214,-0.385784704846269,0.406394972987902,0.424297164010388,0.124282121251363,0.0143413733876732,0.732706737073528,0.173529521103088,0.0070030144915953,0.149500942377385
"GOBP_NEUTROPHIL_CLEARANCE",0.573119851226188,0.254188348633582,-0.0975023267613405,-0.121944576038818,-0.240150954024748,0.40820131693462,-0.323662676463603,-0.406903228705474,-0.668655239995234,0.25868483024759,0.344375989014307,0.637798355334814,0.0468467087341444,0.176234424587889,0.458324195498596,0.00487398128985585,0.500332403529891
"GOBP_RESPONSE_TO_INTERLEUKIN_17",0.0487455315158977,-0.0208341855920836,-0.144413286808291,0.544086788693194,0.256528700221089,0.43299387196166,-0.400871624625293,-0.580944670186242,-0.622500821116867,0.560502616384369,0.0102211617470773,0.243278610815341,0.00547440110478092,0.493598727916838,0.0150138223961133,0.0235044401094639,0.182468166724734
"GOBP_INTERLEUKIN_17_MEDIATED_SIGNALING_PATHWAY",0.296913262405052,0.382155488142898,0.171139370813409,0.308369195855784,0.295787903028234,0.37654882766221,-0.496316120971375,-0.686486901744683,-0.730717485069215,0.738956748866736,0.495694837862592,0.439263194731689,0.000699482701134083,0.119965531459061,0.563762325003535,0.000679673453070627,0.0771618602044717
"GOBP_SYNAPTIC_VESICLE_LUMEN_ACIDIFICATION",0.478378744234734,0.357790049763308,0.341076134681032,-0.482550214072672,-0.176084244897606,0.0846508308902453,-0.560351518337833,-0.705990177159947,-0.500858583867374,0.589601687852857,0.485824248634432,0.50167613057165,0.000355360640673899,0.0439349186247283,0.0622257586462747,0.000477084033669362,0.0740664316569939
"GOBP_HYPOXIA_INDUCIBLE_FACTOR_1ALPHA_SIGNALING_PATHWAY",0.58417252650058,0.25051281576706,-0.09424697732844,0.720979931965631,-0.126901213703954,0.116523680862898,-0.718653544195739,-0.417009258566874,-0.527287058039017,-0.0422107850666658,0.103380087965313,0.560387593371982,0.0382382151563037,0.928904530359849,0.976723149731655,0.0346906900396826,0.889252660116437
"GOBP_SUPRAMOLECULAR_FIBER_ORGANIZATION",0.0543715581116279,0.0368974667622578,-0.0202399728411553,0.0525925837924859,0.0678779227675698,0.117113657014571,-0.259341993458039,-0.243682214854388,-0.159299137147502,0.270113199943413,0.156212315247432,0.116447560765172,0.00423746321080428,0.145057824116793,0.137178911633279,0.00316257911945247,0.05701228543746
"GOBP_UBIQUITIN_DEPENDENT_GLYCOPROTEIN_ERAD_PATHWAY",0.617879205480768,0.637707877251672,0.465544559052898,0.142737631760905,0.350001920344145,0.366176825572775,-0.631255520989019,-0.695471828551289,-0.696278373084052,0.618253712589093,0.674561300080168,0.67018813088966,0.000528108009291104,0.029953227399849,0.0368460513144144,1.66072949637254e-06,0.273493024839067
"GOBP_SYNAPTIC_VESICLE_LOCALIZATION",0.126646579263444,0.223627867338902,0.105954398875502,0.0357768420697037,-0.201972966888596,0.139621289424182,-0.371711902290425,-0.332711288868792,-0.37516412784151,0.449501388231363,0.141911086093825,0.0973944439730726,0.00203505801965214,0.187488553203213,0.247982346199519,0.0318787537631084,0.563469913399637
"GOBP_NEURON_PROJECTION_GUIDANCE",-0.00667597957562224,0.205210990404514,0.155668695264521,0.220596608730793,0.152471966485225,0.0475689095112301,-0.221018447265429,-0.139033521669886,-0.0411501237975924,0.155485039398525,0.0992929600275355,0.0833280285999392,0.039980097596707,0.65374102272991,0.799779006653367,0.0277378588759947,0.942754172640582
"GOBP_STRESS_RESPONSE_TO_METAL_ION",0.460761200522563,0.147697531034642,0.439980166457255,0.170117149990433,-0.29327756529616,0.526797387415071,-0.496450824235655,-0.345585967594585,-0.413346632224554,0.3896565067017,0.334659168034954,0.692468035694117,0.00824967824117956,0.292678364070054,0.472034745929641,0.00801749052482238,0.460229413601854
"GOBP_MYELOID_LEUKOCYTE_MIGRATION",0.0196101230797086,0.135824000196967,0.162328574608872,0.0184741016142109,0.170094995161529,0.175471021229571,-0.329830383520713,-0.291664068166039,-0.260006150125325,0.245046939013975,0.1200121689545,0.129052907724981,0.00466963242287746,0.545203605971517,0.830943211454435,0.00218232138316483,0.379553898340749
"GOBP_GRANULOCYTE_MIGRATION",0.0437599275477408,0.152613898826764,0.113313029875404,-0.0441738786078791,0.107443370030885,0.0827216989690841,-0.294076373112301,-0.251209651381575,-0.311040524647224,0.329377593820579,0.123484254432592,0.148528142673207,0.00143759450369731,0.137814699031514,0.397504549523711,0.0125754100596606,0.273595159456766
"GOBP_VACUOLE_FUSION",-0.287760440923154,-0.199439071939172,-0.3356115242814,-0.261233433260296,0.197764152957011,0.462985351028047,-0.55587203015141,-0.380856044857609,-0.563269333300175,0.681326378468941,0.439602368989159,-0.0513171038099558,0.0417340145597449,0.500604631236499,0.190432869247605,0.0492354853775842,0.0949896647031213
"GOBP_CALCINEURIN_MEDIATED_SIGNALING",0.211662472560478,0.0824218031538198,0.0238952823295037,0.145936852375966,0.0150873222059648,0.148617065176524,-0.388217525419795,-0.347585337299283,-0.199973486190442,0.340688895547602,0.201956270676566,0.30680219930971,0.00633326967121158,0.0415497659724052,0.970676370688742,0.00160396268112735,0.0678895296998278
"GOBP_DETECTION_OF_OTHER_ORGANISM",-0.107176956747168,-0.197412688225231,-0.0790317594385086,0.351507230332032,0.347689405009236,0.392844644906033,-0.367669440378502,-0.336304757749786,-0.363083363229083,0.215351498104253,-0.0998840223279055,0.0169851735742398,0.0179570772148268,0.070359214537907,0.00190960616552763,0.0476563022785852,0.194028309587753
"GOBP_CELL_CELL_ADHESION",-0.00970781365605783,0.0990076685556487,0.0899671076764526,0.160850578444858,0.1873775990347,0.145429202071242,-0.294381838661921,-0.255461812471544,-0.225491364591119,0.186446093328303,0.211660790571119,0.125893331190733,0.0033646526132192,0.744903399931148,0.081782854649125,0.000251016954785067,0.0616072415917088
"GOBP_MONOATOMIC_CATION_TRANSMEMBRANE_TRANSPORT",-0.0196965457399535,0.0916375106598546,0.0617434884960991,-0.0171350111365227,0.013770187620625,0.0345464228428829,-0.0785044979203314,-0.0743244276960368,-0.13237511547146,0.171383742303213,0.12024202454084,0.0515941464984244,0.0325309243283505,0.0787537552488013,0.423128531607124,0.0122650540492702,0.220033711467473
"GOBP_IMPORT_INTO_CELL",-0.0346176147086382,0.0450364319834654,0.0466678282682582,0.110238842520546,0.159154820588815,0.045029277654464,-0.144911194671969,-0.174888929051884,-0.192778439204394,0.113015876925448,0.13881447188041,0.0965509881081834,0.00808069233830992,0.772780510483294,0.117141028555133,0.000114563153317889,0.0507561447812148
"GOBP_REGULATION_OF_SYNAPTIC_VESICLE_CYCLE",-0.0917978493621088,0.401185427437148,0.306624406757124,0.19564667735328,0.0555313984952925,0.17035649402976,-0.588539850235052,-0.501840683251329,-0.433157047451975,0.398448828739513,0.290472214020996,0.422193570654494,0.0333595677092162,0.0179022994868872,0.71486189487715,0.000140441503885679,0.389914137878334
"GOBP_LEUCINE_IMPORT_ACROSS_PLASMA_MEMBRANE",0.683436879118612,0.658381742128758,0.823797023501801,0.385653327289711,0.56822173342507,-0.173830415762671,-0.691170257709807,-0.76410531480592,-0.621897184619385,0.662403502707745,0.438683412067565,0.0552652206640542,4.05413123722304e-05,0.683748023062698,0.168974525004714,0.021424288596097,0.191491129944219
"GOBP_IMPORT_ACROSS_PLASMA_MEMBRANE",0.0044346510040687,0.108821787875205,0.0916313831374126,0.152078159317649,0.21229324003737,0.108503462150405,-0.128531414686135,-0.212955461748664,-0.214925660719359,0.0669830103093951,0.11178549789945,0.0946742140951168,0.00435861426889967,0.144847948120569,0.113450745592236,0.00395963751869041,0.564686956097748
"GOBP_BONE_CELL_DEVELOPMENT",0.0108494677697342,0.263761186929437,0.262273505003135,-0.0336408595414647,0.161166834709787,0.177500464990177,-0.401464044346813,-0.359698515731345,-0.457813716581124,0.456129287125605,0.322298868290431,0.176478417751616,0.0128872012020487,0.111253583770934,0.515464132830949,0.00678445449268081,0.298044345140898
"GOBP_DETOXIFICATION",-0.0151479106053747,0.113587909509528,0.0589178482258107,0.0212833591368981,0.0654780414722687,0.11918778390403,-0.167625988299534,-0.189011551376698,-0.176250403261579,0.194914771622181,0.068808295977917,0.19521037401485,0.0227879828072645,0.181760577948617,0.748046483646113,0.0142894468250803,0.149411966226879
"GOBP_POSITIVE_REGULATION_OF_MITOPHAGY_IN_RESPONSE_TO_MITOCHONDRIAL_DEPOLARIZATION",0.0439881027223805,0.309505827449135,0.192470757989125,-0.208263795103501,-0.0338951127029876,0.449471578263274,-0.393116478794095,-0.489738382023291,-0.587534831690503,0.679924998414693,0.359880422984272,0.110251417298865,0.00293394067495066,0.289921804461959,0.635336075824509,0.0241941469844972,0.353418598929983
"GOBP_POSTSYNAPTIC_NEUROTRANSMITTER_RECEPTOR_INTERNALIZATION",0.252672759983793,0.136889171697126,0.383454153474118,0.0925620673336274,0.302381669986833,0.109366295758848,-0.469687537693986,-0.318054644189048,-0.576674630151727,0.467668180247339,0.242295706562172,0.29097932756233,0.00235265469674193,0.159796094009996,0.412587927254784,0.00153551520601304,0.484831031062314
"GOBP_REGULATION_OF_ACTION_POTENTIAL",0.126328703363932,0.205234614416526,0.00508294021801101,0.116742743118292,-0.0346898207613154,-0.0491684113661178,-0.0898511690137581,-0.0853141125467451,-0.236766040595296,0.0934801606208762,0.307705195578089,0.116059018081463,0.0322219865042327,0.13861194361977,0.26850996984098,0.024741721110146,0.538775990568007
"GOBP_REGULATION_OF_CARDIAC_MUSCLE_CELL_ACTION_POTENTIAL",0.0758251819796192,0.00605455695773613,-0.0635376639794781,0.339856641703083,0.143510213663454,-0.102889012674831,-0.186632485505682,-0.136499606346005,-0.284129779054217,0.0390726257193396,0.212782037198731,0.0943908058829304,0.0245314095942296,0.939972388316123,0.449791416021194,0.00968363510569927,0.172679727513159
"GOBP_REGULATION_OF_VENTRICULAR_CARDIAC_MUSCLE_CELL_ACTION_POTENTIAL",0.0401646353860727,-0.0883841282117766,0.115254755869153,0.507701293530495,0.452163821072836,0.104243380698245,-0.294368083826068,-0.455230287646326,-0.246571297815109,-0.123478285895096,0.167006205660587,-0.0426783704357245,0.0151171881530818,0.0901206935833652,0.102171767582364,0.0407726471149667,0.845119117721031
"GOBP_AXONAL_TRANSPORT",0.222186379188192,0.13240055161144,0.0718187722862701,0.153149216308428,0.0795663681762642,0.182006498672282,-0.326223408754844,-0.389631131153096,-0.415271845520329,0.376168511212501,0.142244044501491,0.300653374233329,0.0013412377794025,0.179835725698486,0.945625152640131,0.00544462543411652,0.196738412606499
"GOBP_DENDRITIC_TRANSPORT",0.380994707901971,0.397733761560964,0.264155207217739,-0.347550448852815,-0.104485529246553,0.197314606246583,-0.652709286659118,-0.645489554986306,-0.604906523081059,0.37520015698474,0.457420576561234,0.596273408294418,0.000637338119003199,0.0547867127846835,0.102496758982835,0.00224486673732387,0.181527093246101
"GOBP_ANTEROGRADE_DENDRITIC_TRANSPORT",0.550241405391417,0.558909204041956,0.463253869889387,0.118910013783501,-0.260866687098734,-0.0216911387963425,-0.632455113274172,-0.753267565120508,-0.645656605360786,0.317850435499071,0.508287966992977,0.53405333575901,2.44195118861525e-05,0.0247680456266676,0.0277194003695103,0.00055452634553698,0.418746211025592
"GOBP_ANTEROGRADE_DENDRITIC_TRANSPORT_OF_NEUROTRANSMITTER_RECEPTOR_COMPLEX",0.541118555872815,0.65594749057655,0.409831867166104,-0.150077725015511,-0.349568322532118,-0.201268478016525,-0.418476590826374,-0.729763038789349,-0.551528574126332,0.0108683100295833,0.339865375006906,0.45599652451805,0.000848960927964406,0.0464906643586417,0.00131478458280461,0.00927652114892862,0.174086221404283
"GOBP_VESICLE_MEDIATED_TRANSPORT_IN_SYNAPSE",0.251927437228879,0.198655326788201,0.0917983807673803,0.0605120691461767,-0.0230749846122838,0.132823519657066,-0.326538886479279,-0.36109275276015,-0.376385296765236,0.33098383308939,0.272901349752076,0.13249400665896,0.00435098248585131,0.0679036724476362,0.129821506624343,0.00674003120345986,0.441735445944077
"GOBP_CALMODULIN_DEPENDENT_KINASE_SIGNALING_PATHWAY",0.619995284630359,0.396983737622149,0.44452643161862,-0.410406143629496,0.182256272915789,0.258921319012254,-0.61429056455751,-0.539960992247571,-0.673405063276925,0.444844309264256,0.598162472600774,0.521043295800792,0.000578909994854248,0.131548990460452,0.142953623176566,4.92146059904459e-05,0.697961112963139
"GOBP_MODIFICATION_OF_POSTSYNAPTIC_STRUCTURE",0.0277951274100428,-0.12313303481518,-0.0380522288350341,0.186719108664933,-0.103282953682951,0.242954603320424,-0.339740844730072,-0.32816048182885,-0.295755342030673,0.37146227469028,0.334922599722227,0.00794483264013116,0.0173143323377488,0.458456797604197,0.288515312189386,0.0386197237589381,0.121301312028045
"GOBP_VESICLE_TETHERING_TO_GOLGI",0.15260054345911,-0.241214604956877,-0.155449053804619,0.133156661673625,-0.135614702154688,0.499636733184018,-0.581643539671348,-0.48999604019169,-0.696596544024159,0.180089872105105,0.00398387500317149,0.678027072181488,0.0331224406946705,0.679348513176786,0.332854448265691,0.0399710302912227,0.207117286621902
"GOBP_REGULATION_OF_MODIFICATION_OF_POSTSYNAPTIC_STRUCTURE",0.0800071329809673,0.411743637095595,0.263773782846195,0.40352535723572,0.0874591895525728,0.643082950506411,-0.500009424513431,-0.595934241095587,-0.720333087538141,0.542757632378643,0.542636381081104,-0.0319093989482147,0.00296733289568648,0.91980442624725,0.545251765519365,0.0279937684628874,0.675034808572077
"GOBP_PRESYNAPTIC_MODULATION_OF_CHEMICAL_SYNAPTIC_TRANSMISSION",0.309601068784431,0.275583873445451,0.258446663840288,-0.0913036841612813,0.248169103119811,0.0552843284638764,-0.386156879702854,-0.446901915731813,-0.236953479850232,0.253511972616644,0.451619786187217,0.388934143093889,0.00684111107553913,0.0759330745699981,0.162789576637166,0.00110028771712322,0.287291764378563
"GOBP_REGULATION_OF_PRESYNAPSE_ORGANIZATION",0.197469206795922,0.227219697998895,0.393192426843388,0.152811838423443,0.342594018026926,0.10489980280029,-0.381251211295652,-0.229083683626371,-0.336277276855861,0.185254928147409,0.0318339898238736,-0.00235159965088536,0.00205809685847714,0.241331421253502,0.487828967893252,0.00718362573008328,0.0747956687081483
"GOBP_REGULATION_OF_TRANS_SYNAPTIC_SIGNALING",0.0324581830680356,0.0901670546978296,0.0335646938193705,0.0793388029496189,0.0849544905529108,0.0248552823703509,-0.193243389614013,-0.159115955381624,-0.132001402388819,0.162295137065017,0.0315801565336487,0.0286427370702777,0.00122900832541111,0.83320215496183,0.7051813777189,0.0213228215965738,0.679420975074268
"GOBP_SYNAPTIC_VESICLE_CYTOSKELETAL_TRANSPORT",0.0520270432577967,-0.015918140180144,0.0328247699937752,0.0073821196583018,-0.284656920274075,0.138507107322091,-0.329860794161206,-0.415623651468286,-0.482853587442978,0.598519307113812,0.132524052083252,0.289716482500997,0.0039223775644706,0.10603009120913,0.637148741504452,0.0230835725700391,0.1435495063736
"GOBP_ACTIN_FILAMENT_BASED_TRANSPORT",0.233381595639098,0.40053703543195,0.335108338752449,-0.239468465684781,0.0250742810567236,0.406416795525201,-0.483639649007048,-0.368577182787031,-0.369537660424447,0.461227382855668,0.357489102972353,0.426360672891828,0.000398544088416836,0.199434666555794,0.299421061351608,0.000101843513360384,0.197424522972636
"GOBP_VESICLE_CYTOSKELETAL_TRAFFICKING",0.165178864993416,0.286788123370117,0.249005617766855,0.0361107214713701,0.0607838083103774,0.321065414704251,-0.460715245081742,-0.46767881443278,-0.384760349688164,0.44442212435032,0.290744419893635,0.323281266092609,0.000193953119929688,0.128983768643833,0.416208563026834,0.000506076593021729,0.118056046504255
"GOBP_SYNAPTIC_SIGNALING",0.0448039709714539,0.0939394722612897,0.0457016752864285,0.0726211821134318,0.0844886430876792,0.00421390707332886,-0.152469817659606,-0.129474620373039,-0.126497609397451,0.1617699140493,0.102977172308157,0.0582974649384512,0.00177165455339627,0.241525989497043,0.810805179093023,0.0104700411958482,0.265995912139984
"GOBP_TRANS_SYNAPTIC_SIGNALING_BY_TRANS_SYNAPTIC_COMPLEX",0.48229809453874,0.150004340656742,0.235472679124805,0.156635298636393,0.339310905369762,-0.0595736508545984,-0.73146908847355,-0.73041169025812,-0.385500371329796,0.44016524510594,0.560795868294649,0.544581906462214,0.00428630866742525,0.0730229493627994,0.399760468569938,0.00586492767350264,0.139390951855242
"GOBP_MAINTENANCE_OF_SYNAPSE_STRUCTURE",0.100777326626152,0.222971799804451,0.151696581131742,0.273748361538948,-0.35499985889653,0.0179812501552038,-0.138648211843612,-0.272382266006195,-0.0851012374714289,0.239327482353485,0.229578997986358,0.093285132944048,0.0120937651869529,0.372318002377138,0.42992723779333,0.00901876425354941,0.651467202516892
"GOBP_NEUROTRANSMITTER_RECEPTOR_INTERNALIZATION",0.212189534410191,0.235799536105218,0.424529471193434,0.14407220237889,0.2522235450329,-0.0172838520075498,-0.389909395222665,-0.225894149573956,-0.50537303639016,0.426439481464708,0.155722683363866,0.132928171227641,0.00361153225152404,0.413979276820358,0.187719905115466,0.00837557985728643,0.676187404454383
"GOBP_NEURON_PROJECTION_ORGANIZATION",0.225899946697735,0.165724130175062,0.0324206693764049,-0.0226214623942501,0.0138249424520327,0.0668913147024212,-0.31516075356656,-0.179935089542245,-0.321919571421308,0.249592677115452,0.296816976056915,0.340567982130941,0.0055719638732667,0.00171123341086123,0.154128427685622,0.00136979375188587,0.0972658446977613
"GOBP_REGULATION_OF_CALCINEURIN_MEDIATED_SIGNALING",0.211917892673426,0.110535054937707,-0.0278162539354906,0.165768139834965,-0.0229455157003544,0.184668628840008,-0.395379917909587,-0.322378675276053,-0.307621864032602,0.39273562325195,0.284426056567027,0.300198620861273,0.0144159222461088,0.0625739942062516,0.914703907148973,0.000139637091236437,0.062928877112729
"GOBP_NEGATIVE_REGULATION_OF_CALCINEURIN_MEDIATED_SIGNALING",0.356634453254577,0.26150229765154,0.0475827854379799,-0.239073862362968,0.010112071993266,0.0248084070303951,-0.468439185070403,-0.404515660868047,-0.395659403001846,0.521587766232992,0.251676243869504,0.324850166002796,0.015058580315019,0.0211199634402133,0.0818197956733498,0.00671773334434614,0.303301851407273
"GOBP_POSITIVE_REGULATION_OF_CALCINEURIN_MEDIATED_SIGNALING",0.00218370108117646,0.0656211388947628,0.0230337622367144,0.448692943720272,-0.0806884965751131,0.150274224680213,-0.344909990820446,-0.161365236357721,-0.190357663533391,0.416124039718895,0.364597879411611,0.175521687231837,0.0337676540923338,0.455792745459842,0.451022996670375,0.00482587037533676,0.0510859682067533
"GOBP_REGULATION_OF_ADENYLATE_CYCLASE_ACTIVATING_G_PROTEIN_COUPLED_RECEPTOR_SIGNALING_PATHWAY",-0.254782377196888,-0.173966704173777,0.00192284427677145,0.359241405121706,0.572750456881709,0.339534825142884,-0.423296274320553,-0.524720419310982,-0.449642750037263,0.500215606213812,0.401686182685775,-0.0770943700347944,0.0364804056221191,0.503251777102827,0.00600407523744777,0.0497244915538374,0.130274036032402
"GOBP_REGULATION_OF_BASEMENT_MEMBRANE_ORGANIZATION",0.603050209365492,0.281213334711733,0.552138019080695,-0.125662291257398,0.000355363494590644,0.0716732165543859,-0.513740302099054,-0.61443147559406,-0.453310174616262,0.345383316061838,0.607700350346125,0.449375476788531,0.00344422412688477,0.00857242097056447,0.0201912689669567,0.000961676543236562,0.932874201597386
"GOBP_REGULATION_OF_ACTIN_FILAMENT_ORGANIZATION",0.0755121802008092,0.0801931051516656,-0.0181353549281464,0.0386061154355372,0.0850434213844469,0.0507414319912131,-0.278794197760713,-0.297665474831925,-0.305853145243036,0.315891320759377,0.186361947925986,0.12089036287897,0.00615188408087994,0.113501904564335,0.750549459950799,0.0115750352993819,0.0866412391977204
"GOBP_CELLULAR_RESPONSE_TO_ALDEHYDE",0.0973319938643929,0.259790434673405,0.106287503012973,-0.248883693522293,-0.369975249366063,0.0217716627552991,-0.245016938171833,-0.210478516753937,0.00374326693284885,0.399117527895109,0.15184469452224,0.136636659829777,0.0379450289092695,0.0453873913834157,0.074863173082006,0.0304494054745432,0.504376287247339
"GOBP_INTERMEMBRANE_LIPID_TRANSFER",0.0748486968786058,0.225039970828963,0.165806768527405,0.0677906859691164,0.158624208883193,0.39641491954819,-0.389310009065692,-0.317795537131108,-0.382461532957497,0.258716147681165,0.112396184121898,-0.0761803516309978,0.00179708190620316,0.472145363538118,0.661432849740631,0.035537450732539,0.632226910081384
"GOBP_POSITIVE_REGULATION_OF_COLD_INDUCED_THERMOGENESIS",0.146218367413243,0.146403362096089,0.0648540287072489,-0.0277499789368728,0.0222593547972584,0.0231869904798443,-0.362110163747244,-0.325856207907722,-0.312721815154622,0.371342629821963,0.226793210568539,0.232033094760822,0.000590077481022255,0.019718122363305,0.0321537462174186,0.00325123427188508,0.0587014139395991
"GOBP_NEGATIVE_REGULATION_OF_COLD_INDUCED_THERMOGENESIS",0.348486978861721,0.185897030635583,0.194222998653541,0.0586094197466624,0.164889913416937,0.0626889193871663,-0.415827726478176,-0.386334144221148,-0.326543540434264,0.364887746041488,0.211130514647038,0.279083207879941,0.00204946309512555,0.0308986358404644,0.0904859925760517,0.000691694422240351,0.575552897045434
"GOBP_STEROID_HORMONE_BIOSYNTHETIC_PROCESS",0.169983050539468,0.107439710782247,0.230903373413312,-0.0948817492697836,0.014496880658534,-0.0119317108693083,-0.14468317325226,-0.26874248357164,-0.182399854718763,0.299710986886772,0.13371094725849,0.0896022734683381,0.00198667832125068,0.0652888841208506,0.0147395882331006,0.0128567569380232,0.950697586899226
"GOBP_CELL_SUBSTRATE_JUNCTION_DISASSEMBLY",0.528309191237423,0.198718488581875,0.16540500844875,0.0933938856320713,0.25851091316508,0.143265043803541,-0.612056533974581,-0.587325331271375,-0.61221891924129,0.318912664622814,0.427055098732853,0.608247599211348,0.0157304382133471,0.0559455174238001,0.377447832653403,0.00595341656045307,0.348482687537879
"GOBP_REGULATION_OF_FOCAL_ADHESION_DISASSEMBLY",0.599431180274798,0.376079266864023,0.300268380557163,0.0320742339067509,0.329766783747743,0.586545512480267,-0.695114456906331,-0.717156440445844,-0.76463358426844,0.448803436969814,0.420917191580912,0.591834342480858,0.00431595627930712,0.400733270170639,0.592428389218466,0.0005571379261914,0.59139946381458
"GOBP_REGULATION_OF_BILE_ACID_SECRETION",-0.295852043024378,-0.112983508516333,-0.630808383855982,0.0750220125904417,-0.441828779223682,-0.303202702184136,0.543649074282584,0.389702617239839,0.206314411763556,-0.480668231042456,-0.337204790038718,-0.43703305976211,0.0214879057947853,0.333610061462987,0.599620286616763,0.00671638616510615,0.687874020646995
"GOBP_TIGHT_JUNCTION_ORGANIZATION",0.075975470568186,0.181323035223153,0.189964432976344,0.041190922765613,0.0965578900704111,0.150897907548798,-0.157453992751302,-0.0727683005586005,-0.147585025076061,0.10812523097474,0.0591110079601304,0.124925902902949,0.00495836328455972,0.976730057900234,0.33750459503247,0.00342157702546161,0.300593186402769
"GOBP_SPERM_FLAGELLUM_ASSEMBLY",-0.0297768078747263,0.0307276979413189,-0.278223160854099,-0.091465589166522,-0.223925396389209,0.196320938608115,0.393086954888181,0.355347273332353,0.290695794139129,-0.358855224968432,-0.0333277460302149,-0.0178522195331246,0.0337420558295163,0.591994321571127,0.753398407085689,0.0412645471394995,0.777185355223143
"GOBP_EXOCYTIC_PROCESS",0.227494882728999,0.175219277472867,-0.00558331559850618,0.119072092511446,-0.0802819628522931,0.18952835516098,-0.348910381386534,-0.382729047343836,-0.386702572920579,0.276969593273023,0.288948542645598,0.194111580181571,0.0167720763162699,0.148284750544558,0.628181449503672,0.000643593810551004,0.222800428643243
"GOBP_LIPID_DROPLET_FORMATION",0.206746692153327,0.149627521222837,0.137988083501969,-0.0369879502150018,-0.145475300723333,-0.0736159599811574,-0.278740654717196,-0.291863306707272,-0.484749254926611,0.622025471249559,0.249907317667825,0.285706665392226,0.0104747900308309,0.0495774768884115,0.00452721681177421,0.0108277061625739,0.200065708875732
"GOBP_CELLULAR_RESPONSE_TO_OXIDISED_LOW_DENSITY_LIPOPROTEIN_PARTICLE_STIMULUS",0.234491874818588,0.365613474965365,0.586582404288778,-0.0840543874537609,0.386917561633024,0.0997669086090253,-0.434883819955874,-0.588874803120087,-0.54506968837445,0.481160896683089,0.529679169882713,0.474965467274044,0.00515566669870207,0.116701986909446,0.207195476537103,0.000635895365885255,0.434871090784834
"GOBP_EXPORT_ACROSS_PLASMA_MEMBRANE",0.197282254908513,0.3474575529224,0.170256088322874,-0.0615509378508531,0.0430360925204479,-0.169340119677332,-0.14941969869037,-0.221067010759901,-0.224952325720933,0.0654285454565712,0.141487005235978,0.291754706725261,0.00711782592500254,0.0650585630463709,0.0221892486842674,0.0212413670400266,0.452250124170229
"GOBP_POSITIVE_REGULATION_OF_LYMPHOCYTE_CHEMOTAXIS",0.12546673096616,0.132459241614477,0.25779016563301,0.0549902664774343,0.25259948301193,-0.135975684342725,-0.297687356564422,-0.393229915822757,-0.360589287421238,0.0968358059508473,0.327028025550002,0.214678201292725,0.00109288430667908,0.312390331806621,0.420483626946927,0.00637291200661064,0.636550489882981
"GOBP_OLIGOPEPTIDE_IMPORT_ACROSS_PLASMA_MEMBRANE",-0.067032736158253,0.203875367641659,0.180094583408771,-0.0184364622067476,0.626040807890581,0.19112706754461,-0.360132404176081,-0.167634595612301,-0.611803248124145,-0.0100554876146188,0.0893037362961587,0.368886619910935,0.0421017338004043,0.63095140300767,0.501152832653328,0.0374748611354952,0.775581951773101
"GOBP_REGULATION_OF_LONG_CHAIN_FATTY_ACID_IMPORT_INTO_CELL",-0.0812869491453253,0.127730066901766,0.204728621442417,0.611719846682854,0.0553791684238353,0.487996064616679,-0.599074103459976,-0.634628671423281,-0.576818860342151,0.250712341494658,0.370824958774705,0.192979052237892,0.0125941297544755,0.576737906978196,0.210371130198638,0.0016940791810796,0.148829818978187
"GOBP_PRESYNAPTIC_ENDOCYTOSIS",0.345949204903091,0.237944735011747,0.124747496282512,-0.0272154402085569,-0.240479797858359,0.148508010508905,-0.282708905990621,-0.36073842884667,-0.411645105030711,0.401598931332222,0.243552518764064,0.0295329126939955,0.00316776570756766,0.16476070892107,0.117784577874187,0.0233847763849571,0.933307468535121
"GOBP_EXPORT_FROM_CELL",0.108859859223711,0.166379881585845,0.0550300492427812,-0.006932809608029,0.0563816980457449,0.0483832658227802,-0.225286346351823,-0.271107801962609,-0.252266675201977,0.271275253602649,0.206514343571852,0.149795874032661,0.00317670867507323,0.0197292111834415,0.123637913533264,0.00243373581031925,0.106277261844962
"GOBP_LIPID_IMPORT_INTO_CELL",0.0610008777593647,0.274774451791228,0.265304395765659,0.411064894810329,0.0340458819277952,0.160296309567828,-0.533322188822271,-0.449789513273973,-0.487533084001663,0.414812703298593,0.413896304001987,0.274470239386245,0.00543687525771097,0.271115439097495,0.991829427563781,0.000497980225323949,0.127005883245787
"GOBP_CYCLIC_GMP_AMP_TRANSMEMBRANE_IMPORT_ACROSS_PLASMA_MEMBRANE",0.0713911757203685,0.331140237379716,0.0519261051579472,0.221089343513174,0.244776585617818,0.515478834777923,-0.490388639133768,-0.609062856410652,-0.79594611751416,0.457618005146647,0.365863962822172,0.499502699919139,0.0034630194799673,0.355653597353462,0.249584767652934,0.0023169215876835,0.0673019011077451
"GOBP_SIGNALING_RECEPTOR_LIGAND_PRECURSOR_PROCESSING",0.211786663175636,0.267366208903646,0.344579459014953,-0.0357757245255534,0.100024168387819,-0.16110438968812,-0.398168970373844,-0.360983551205542,-0.075203089817833,0.371785873967846,0.273058934975731,0.273404258835211,0.0215622307689692,0.0310586989367391,0.0366006291710603,0.0209272115900313,0.568144970007219
"GOBP_INFLAMMASOME_COMPLEX_ASSEMBLY",0.0297980689261919,-0.0592510370782453,0.0173999951349144,0.0363479771919331,0.147089002086756,0.382790860494978,-0.352556552523298,-0.311995100492874,-0.29295505245221,0.143761859316053,0.18758949038598,0.398965826175587,0.00146294752980725,0.694717581712041,0.193732070934532,0.0154536751637513,0.0748390524689261
"GOBP_RADIAL_GLIA_GUIDED_PYRAMIDAL_NEURON_MIGRATION",0.39469042086623,0.310365863584535,0.545552600123884,0.499417170630892,0.578643277935364,0.300005645253525,-0.518020021674375,-0.77432125776223,-0.613883291112205,0.471150394581274,0.468017086800695,0.449176889337132,0.000508180605253974,0.970841083885316,0.714050714135339,0.00433452799942425,0.573775822567673
"GOBP_CELL_SURFACE_TOLL_LIKE_RECEPTOR_SIGNALING_PATHWAY",0.0448768034754611,0.278124450686743,-0.0433787384413981,0.0536517150940127,0.235792055213373,0.205190803048966,-0.421840735656708,-0.365407276176398,-0.396800227007268,0.330501932061911,0.0995988659854515,0.223943496632952,0.0334148892837394,0.576524363205574,0.562119553957379,0.00858514232030612,0.352270275450713
"GOBP_POSITIVE_REGULATION_OF_NEURON_PROJECTION_ARBORIZATION",-0.581037752567498,-0.710521141516885,-0.739976978925811,0.0165684541529804,-0.173999188132921,0.206781387163505,0.402506558300807,0.557172636151841,0.398419829454376,0.00727116537830805,-0.163742848103344,-0.580827071290965,9.66855299118868e-05,0.284490413679754,0.0129883164413039,0.0474520330652497,0.123389090037526
"GOBP_REGULATION_OF_NEUROINFLAMMATORY_RESPONSE",0.246679141634041,0.17522313584209,0.282471033051113,0.015763489014619,0.0957114952522567,0.0282439692317643,-0.374908769776252,-0.161233639881323,-0.0694471461996293,0.286940549782538,0.102963809227957,0.305746417926088,0.0295634641665346,0.0887151820560398,0.0106625256195473,0.0211785037335031,0.970391398805109
"GOBP_NEGATIVE_REGULATION_OF_NEUROINFLAMMATORY_RESPONSE",0.234736010529837,0.390866852990017,0.550115307602687,0.0186117507401048,0.0453217801511479,0.0612177644588987,-0.555633169328557,-0.41648840718452,-0.247448096423158,0.432914737814157,0.342690807900891,0.318273032809288,0.0033121396253775,0.00619825794989134,0.0589539141019131,0.00661040334053011,0.800556809329698
"GOBP_AMYLOID_BETA_CLEARANCE_BY_TRANSCYTOSIS",0.382340717676507,0.429836570928085,0.0267033932297426,0.140464758978342,0.286948282499268,0.535398322136717,-0.599961590167717,-0.578934713200668,-0.681006337623179,0.621627490439274,0.526790858459705,0.269940272868076,0.0151629297439258,0.385798255820805,0.821764679860672,0.00565043834695332,0.308799397889523
"GOBP_AMYLOID_BETA_CLEARANCE_BY_CELLULAR_CATABOLIC_PROCESS",0.380045407479041,0.666543393674126,0.57018101030078,0.0494945111833259,-0.128633106056742,-0.441250486431041,-0.38771099410041,-0.496031896076865,-0.209675568991753,0.418362292649176,0.470567690359262,0.209436115373661,0.00159219914494528,0.0434163837560196,0.020091804648136,0.00321541600870098,0.210658656597925
"GOBP_PROTEIN_LOCALIZATION_TO_CELL_CELL_JUNCTION",0.100794442834488,0.467847317078763,0.21493633636737,0.466277913514392,0.299090417007693,0.226047419118158,-0.366530307858334,-0.438060669325329,-0.555736974316935,0.338321470656683,0.403541800175753,0.158766253571303,0.0101280572774946,0.781560459921771,0.6257164431217,0.00162277507263469,0.782350334068575
"GOBP_CELL_SUBSTRATE_JUNCTION_ORGANIZATION",0.322469002674458,0.178308212446052,0.159462814644252,0.278272708474244,0.190123449275185,0.173396395203331,-0.471615821379858,-0.450648933934278,-0.344534653367204,0.387475369693361,0.334485913202509,0.326368795705952,0.000805587368987829,0.0326843877547411,0.925274243651256,0.000485722444185609,0.115416241323494
"GOBP_REGULATION_OF_CELL_SUBSTRATE_JUNCTION_ORGANIZATION",0.413975503036237,0.239172619501399,0.230060728199208,0.245419173991678,0.211984689135655,0.169512749223328,-0.535325099666575,-0.483574436573208,-0.41089840646749,0.440712798958972,0.354236366072904,0.334892321064456,0.00104486476422699,0.0170798300680296,0.287865381668017,6.66275337167388e-05,0.311737346308763
"GOBP_POSITIVE_REGULATION_OF_CELL_SUBSTRATE_JUNCTION_ORGANIZATION",0.235186523985739,0.0562554884205955,0.0577909682453252,0.310800590305839,0.080558240265066,0.21063971322179,-0.471853420134496,-0.488453293007626,-0.282572822860901,0.176413644245757,0.268787167086659,0.366234463874861,0.00408264303536123,0.465446729350058,0.399369513778344,0.00153565243744153,0.129723561224455
"GOBP_NEGATIVE_REGULATION_OF_CELL_SUBSTRATE_JUNCTION_ORGANIZATION",0.555489331280789,0.360168373108052,0.479609897730213,0.082054322497247,0.315967933478676,-0.249407400353754,-0.714695900118455,-0.512132382918376,-0.293032456705713,0.526904543618958,0.410768502888127,0.349559506647804,0.00659322484337491,0.136743443052517,0.114712556992912,0.00810397513010274,0.664733128066108
"GOBP_CELL_JUNCTION_DISASSEMBLY",0.317592667912245,0.341405997759977,0.242194941650891,-0.0670898789622502,0.168544696239499,0.131214308865687,-0.357979999417,-0.356406002685727,-0.421238127682182,0.384080948970403,0.0887637066784323,0.0185850091903242,0.000103068036156859,0.559401770333622,0.0769691810377072,0.036091511663788,0.346784873520003
"GOBP_REGULATION_OF_PHOSPHATIDYLCHOLINE_METABOLIC_PROCESS",0.288590636581858,0.0726325765236498,0.393421636266201,-0.242988521768216,-0.382428972957241,-0.300511763843197,-0.374673006548099,-0.291012386837984,-0.574634548644754,0.664352418806059,0.319520909211144,0.63965905129516,0.00649664105779176,0.00965541850959072,0.0157052886362502,0.00306274579967267,0.119712072803514
"GOBP_CELL_CELL_SIGNALING_BY_WNT",0.0862702516783297,0.0528902723327652,-0.0477546349327306,0.188945902279313,0.213006748336274,0.208588834785112,-0.322457439540062,-0.289213789175582,-0.218283302020839,0.167330727616566,0.162507223568962,0.110935840049384,0.00463854510785839,0.07240564068967,0.046088252958518,0.00088869428937442,0.0844828322947529
"GOBP_POSITIVE_REGULATION_OF_CYTOKINE_PRODUCTION_INVOLVED_IN_INFLAMMATORY_RESPONSE",0.0689077578767237,0.0387144457927882,-0.0529963471378224,0.220877361236132,0.115668009329355,0.0640951295026189,-0.144220932212471,-0.259119947738895,-0.252408391891386,0.334366322941693,0.121416065457796,0.0143066434830819,0.0105655768609659,0.839714623492194,0.125522976885348,0.0429225833134668,0.276713643393567
"GOBP_REGULATION_OF_SUBSTRATE_ADHESION_DEPENDENT_CELL_SPREADING",0.176938154525197,0.196301574164512,0.259364965955272,0.122598298277049,0.159817697436562,0.183997598714129,-0.421726494061239,-0.342162644197725,-0.430052739844532,0.335459393047976,0.299151185681576,0.166789055359387,9.22344312934602e-05,0.150767211618136,0.152074877327275,0.00125254470736276,0.39862132547076
"GOBP_NEGATIVE_REGULATION_OF_SUBSTRATE_ADHESION_DEPENDENT_CELL_SPREADING",0.0302383786956448,0.414768677834781,0.343436238035987,0.0874403979242503,0.176066749595981,0.215863287982791,-0.489072309671352,-0.387652315453317,-0.522005556055974,0.282910140711078,0.364455440590938,0.117809028657806,0.0169325814946938,0.328280192762733,0.480464893437709,0.00271248575385099,0.958572498515595
"GOBP_POSITIVE_REGULATION_OF_SUBSTRATE_ADHESION_DEPENDENT_CELL_SPREADING",0.197870764621822,0.202256278412118,0.267380941307772,0.13029815110055,0.217036605631146,0.19491255849518,-0.446846186011513,-0.270122924468847,-0.379723335130675,0.335731857682721,0.318267979355009,0.178793154967875,0.00276401556018329,0.181886043168167,0.292709927260844,0.000852815482270924,0.391693777662114
"GOBP_REGULATION_OF_CELLULAR_RESPONSE_TO_HYPOXIA",0.333891847598493,0.323770650070749,0.216662315689033,0.426146601526249,0.00541040712536867,0.493184940545059,-0.2539538979671,-0.30710541265608,-0.29255071846759,0.21299384606542,0.266421406761009,0.161837629268675,0.00132388978289903,0.601473750631081,0.92367453601698,0.000664538420359389,0.185133438153984
"GOBP_REGULATION_OF_CELLULAR_RESPONSE_TO_INSULIN_STIMULUS",0.0975256815019422,0.167606428364335,0.0928532453457556,0.308177388959336,-0.0782482927609305,0.274350092526187,-0.325766020883149,-0.3861520746731,-0.420153733242126,0.273598015152385,0.297147805234946,0.142444467919505,0.000191519579330886,0.641002571159064,0.733481808746449,0.00118732811109478,0.116884171934148
"GOBP_NEGATIVE_REGULATION_OF_CELLULAR_RESPONSE_TO_INSULIN_STIMULUS",-0.0797103397779578,0.198190071940018,0.0773631394738002,0.35427556943168,-0.153519429861804,0.24648535747316,-0.314000001742516,-0.376434949401652,-0.471315500162253,0.337038415970569,0.261250749809562,0.121466492713413,0.0143627597451581,0.628611439863245,0.663208052149452,0.00189981962750535,0.166914810714383
"GOBP_POSITIVE_REGULATION_OF_CELLULAR_RESPONSE_TO_INSULIN_STIMULUS",0.114065229095145,0.138105900101541,0.248014803786577,0.0744026512333835,-0.137337367021179,0.275365574462185,-0.318336498405508,-0.324959106888443,-0.28768498184366,0.276318682793483,0.400908607260833,0.0938857293523894,0.00467328882634962,0.283968737497528,0.51272072573246,0.022315227586334,0.429633313789064
"GOBP_POSITIVE_REGULATION_OF_G1_S_TRANSITION_OF_MITOTIC_CELL_CYCLE",0.185887795271858,-0.12553905002732,0.0805704322754699,0.0883095294910907,-0.0996349870872064,0.38118779627591,-0.43003975845067,-0.344168089011575,-0.376253457089776,-0.0234520656949996,0.229246479362741,0.182497036892997,0.0346630400470668,0.971694115168455,0.675241537151324,0.0150592661977408,0.530558138409726
"GOBP_REGULATION_OF_EXECUTION_PHASE_OF_APOPTOSIS",0.152825707554599,0.235616305571435,0.144436398559916,-0.26330598680668,0.308837961063449,0.350670688262248,-0.552219766043886,-0.648241642409225,-0.474701771861839,0.435079132263898,0.220095635395179,0.308638311659967,0.000753293570237594,0.444467905166419,0.840337344785543,0.00049451429655372,0.133567626590695
"GOBP_NEGATIVE_REGULATION_OF_EXECUTION_PHASE_OF_APOPTOSIS",0.44187827842773,0.32749671844286,0.0758712760288333,-0.341882552660808,0.371132804020379,0.60182149701685,-0.59193574833823,-0.675086083461729,-0.605982332817342,0.545078423699968,0.311522774914455,0.567692652215776,0.0106433829803705,0.453708772095975,0.831736568102725,0.00293675046092575,0.232707873366088
"GOBP_POSITIVE_REGULATION_OF_EXECUTION_PHASE_OF_APOPTOSIS",-0.14394800489596,0.178531637775219,0.226594139983682,-0.111921372492908,0.255845174110967,0.172874137851218,-0.494998119204898,-0.624585096563526,-0.322849355404062,0.251973767254642,0.129863431312193,0.138251494497349,0.0201583438016215,0.61379291795319,0.913906004675537,0.00817221910052705,0.54302121612403
"GOBP_REGULATION_OF_RECEPTOR_BINDING",0.177710189977935,0.325777798041594,0.366442336464347,-0.0623108659829305,0.228433038235644,0.287492186422624,-0.482977297378814,-0.394071612546057,-0.44281380984945,0.238534694432502,0.365003391374411,0.0411109689857534,0.00196620017115062,0.680414456698982,0.338183388974645,0.0149139233224083,0.540759427287983
"GOBP_NEGATIVE_REGULATION_OF_RECEPTOR_BINDING",0.110177434040018,0.0189766441302565,0.262677113367803,-0.286320372804926,0.192086821410096,0.439429789532669,-0.41073547237802,-0.283674764288262,-0.587744373252384,0.374312607964673,0.32913043668468,0.0692304655646602,0.00883037063649169,0.5877972686492,0.950080458140897,0.00625610370417244,0.349549224603868
"GOBP_POSITIVE_REGULATION_OF_RECEPTOR_BINDING",0.438004008422282,0.512301182102071,0.621874737746764,-0.174796519480252,0.0976799569793383,0.190628306055423,-0.70177460244379,-0.6547587054675,-0.529453479663422,0.216783546790089,0.646107900856878,0.253268822279035,0.000100857330549353,0.133602512307127,0.0301120752518995,0.0106290985437692,0.389054099392393
"GOBP_REGULATION_OF_HYALURONAN_BIOSYNTHETIC_PROCESS",0.149496811861415,0.559093250304864,0.221014684824663,0.230936237415536,0.459394136106504,0.471318254438117,-0.499791752234751,-0.660766636874453,-0.686275902087455,0.377421118338022,0.54982274912601,0.586378713513557,0.00840704674775494,0.313558828070422,0.635221236692849,0.000221631990240285,0.264118075425147
"GOBP_REGULATION_OF_PROTEIN_LOCALIZATION_TO_NUCLEUS",0.17090852013157,0.0892403483733745,-0.104922678264152,0.136226300050954,0.210639936565528,0.396452960877654,-0.461118234169592,-0.442556170954478,-0.435560752170718,0.305508452192424,0.200223007386515,0.199453795115957,0.0250826254305027,0.891282633574283,0.156895819052564,0.0018243730273528,0.141143233563231
"GOBP_NEGATIVE_REGULATION_OF_PROTEIN_LOCALIZATION_TO_NUCLEUS",0.425030094561767,0.286227507861239,0.242206032980881,0.213117512404902,0.0687967429234098,0.274398637018372,-0.448451445987318,-0.48319547546403,-0.242841347304313,0.25489146219976,0.188382996697097,0.366687036580224,0.00223010044604172,0.352219886173167,0.183096953300219,0.00296924957714065,0.562228978142765
"GOBP_REGULATION_OF_AMYLOID_BETA_CLEARANCE",0.206745409276953,0.294712351109955,0.248256351827927,-0.0619552810260636,-0.371942826404194,-0.0397565039914785,-0.252922634614693,-0.268984948047389,-0.305743907388401,0.444595452752147,0.593375191459202,0.0902481738369038,0.000212339795515,0.0493335441706976,0.0558861278772476,0.0472168254005979,0.488078887190112
"GOBP_REGULATION_OF_SYNAPTIC_VESICLE_ENDOCYTOSIS",0.494073706575429,0.276138741189876,-0.0800361896253243,0.261123052222712,0.303160087637915,0.354928780053659,-0.561191925946809,-0.476808913543818,-0.424063814043554,0.340636754407489,0.300509754967139,0.141078387839249,0.0438552063785866,0.54663712705457,0.694590635109432,0.0010479169014056,0.876074945360826
"GOBP_REGULATION_OF_LONG_TERM_SYNAPTIC_POTENTIATION",0.126022712109295,0.269729139025212,0.0974060540627861,0.230342151571259,0.0554766260147183,0.134323541562696,-0.263908144289026,-0.355323700829231,-0.266351556074885,0.184745993994184,0.0581931762578813,-0.000964824668065162,0.00410208238523794,0.470494033182076,0.757134595026132,0.00833743161767695,0.334922602838927
"GOBP_POSITIVE_REGULATION_OF_LONG_TERM_SYNAPTIC_POTENTIATION",0.0190525357857921,0.32460081201792,0.160596232100507,0.0729946593276919,0.116729914777132,0.11455566749931,-0.3699006570476,-0.352749130356274,-0.298917079640813,0.169924290256252,0.106598312868974,0.231678864463387,0.0236193503924406,0.19182921941977,0.530369694782345,0.000809083060410749,0.989953201501288
"GOBP_POSITIVE_REGULATION_OF_SECONDARY_METABOLITE_BIOSYNTHETIC_PROCESS",0.557498463062811,0.250871712221054,0.397159274441587,-0.271811278177074,-0.0226626875082646,0.434017609152778,-0.364066942226115,-0.407785671586647,-0.013295635404604,0.104234586877962,0.252611820258182,0.318021546480032,0.0154029163074173,0.483808688889348,0.221640980931939,0.0409147227960071,0.186783458026042
"GOBP_NEGATIVE_REGULATION_OF_DEFENSE_RESPONSE_TO_BACTERIUM",0.180536588029784,0.13378841617826,0.571872281258545,-0.275580507024551,-0.568735336070482,-0.352635914276916,-0.485451639009704,-0.306448361402692,-0.318089214159237,0.652529287446046,0.271518104108723,0.280714663882658,0.0272085034595061,0.00864283679143658,0.0190802886389175,0.0134386718781266,0.601148160657343
"GOBP_REGULATION_OF_P38MAPK_CASCADE",0.0225064810775158,0.0590839568485355,0.177801545631012,-0.00478524301010522,0.0320987305454321,-0.149760552823844,-0.126489090002081,-0.172518252509223,-0.251557608797407,0.122240873964849,0.208464344822989,0.183951179856326,0.0119731332872326,0.0443711423109697,0.156658880160286,0.00210596432504431,0.206644479061182
"GOBP_REGULATION_OF_POTASSIUM_ION_TRANSMEMBRANE_TRANSPORTER_ACTIVITY",0.251610021645301,0.206422347303613,0.143777256470646,0.186589841104746,-0.167251717356821,-0.0158588691405328,-0.188207917639676,-0.13256049421442,-0.14863311864432,0.0735422579438641,0.225111757437514,0.271332575512165,0.00196162611270566,0.203551460391624,0.183634641016202,0.0220147460643242,0.884917619447648
"GOBP_NEGATIVE_REGULATION_OF_MITOCHONDRIAL_OUTER_MEMBRANE_PERMEABILIZATION_INVOLVED_IN_APOPTOTIC_SIGNALING_PATHWAY",-0.172532917604888,-0.0359252647166587,0.0146916039948011,-0.0713321212902214,0.028326838771642,0.224105282586486,-0.428521571242943,-0.412639120294804,-0.54416023183834,0.336593545564598,0.234728966909817,0.0350609556271931,0.00594355345728462,0.316695058045789,0.303139612738976,0.00778973031218729,0.0749324558197143
"GOBP_GLUCOSAMINE_CONTAINING_COMPOUND_METABOLIC_PROCESS",0.1042365995321,0.264490681212671,-0.0331858804656691,0.205738492684338,0.156804669152676,0.310509010980143,-0.412022299271544,-0.449603306312167,-0.532856337870905,0.505788348500554,0.192928259144565,0.261340879197756,0.011847795785137,0.433114517133118,0.330224246763355,0.00774772428582105,0.18023258594673
"GOBP_NEGATIVE_REGULATION_OF_AUTOPHAGOSOME_MATURATION",-0.24965930130264,0.0867949268698588,0.48452994611116,-0.0904484674358698,0.497100615472555,0.361918397761607,-0.553901010759017,-0.755271344624576,-0.844274703048481,0.698177833655149,0.267433857270301,0.434985712251087,0.0450998539300827,0.393146086590728,0.619764204791091,0.00238030926472533,0.233976619263548
"GOBP_POSITIVE_REGULATION_OF_AUTOPHAGOSOME_MATURATION",0.304748590189901,0.28964835203982,0.546900744554923,0.0759455462216994,0.107876320778125,0.14376355839924,-0.645281884600106,-0.601701117199227,-0.698986316904408,0.492344387799955,0.634640031380962,0.401488850704737,0.00328584643674021,0.0207723199922286,0.075827330840541,0.00103988068923161,0.298573790921295
"GOBP_NEGATIVE_REGULATION_OF_SIGNAL_TRANSDUCTION_IN_ABSENCE_OF_LIGAND",0.12760127919784,0.0387228484789893,-0.151235808829822,0.315806308072924,0.113048272601644,0.157005088947856,-0.293413956106856,-0.368877379780976,-0.289490960925617,0.263774312124043,0.15665704695907,0.0468305226946342,0.0487414524424033,0.675966023142289,0.143337841673463,0.00880542176059145,0.223385784952252
"GOBP_INSULIN_METABOLIC_PROCESS",0.503657952708669,0.449339075909168,0.335020614596599,0.529428761385879,0.216458924171343,-0.177818808556912,-0.518391443868535,-0.368686318244111,-0.491028003213123,0.347404530412087,0.313109846784136,0.240712230628823,0.000201880223115802,0.643196019152495,0.361759948631142,0.000351206202435442,0.105893130251367
"GOBP_NEGATIVE_REGULATION_OF_TROPHOBLAST_CELL_MIGRATION",0.171178436608182,0.111172076192386,0.210024966391435,0.028230578145202,0.364334195535541,-0.178769422895874,-0.192972704087358,-0.259345455812934,-0.265319410959683,0.00414999835359253,0.167880690702135,0.283632956438173,0.000503698583762989,0.681203549128211,0.618849294353127,0.0323622296960294,0.89756224562057
"GOBP_NEGATIVE_REGULATION_OF_NEURON_DEATH",0.00277664341654274,0.0936369489615849,0.0542073379803954,0.0734172113579827,0.168332160563438,0.294626748512958,-0.3453858042602,-0.359299540786234,-0.323661439109706,0.306724695556634,0.223330059392261,0.0840517974941421,0.0016214975867936,0.790512286989537,0.172191648837866,0.0121588326223794,0.126836031252522
"GOBP_POSITIVE_REGULATION_OF_NEURON_DEATH",-0.0127769174795649,0.0564370179133603,-0.0446393680198999,-0.0260820653904649,0.0470145312370218,0.2014560389814,-0.34686578192634,-0.231724462459072,-0.25391597332824,0.33200520497246,0.138381875547168,0.0213855161511242,0.00423226507035202,0.473750611636637,0.390903446139547,0.0271715215563549,0.204518444526637
"GOBP_POSITIVE_REGULATION_OF_NIK_NF_KAPPAB_SIGNALING",0.143079890809037,0.0932935997760113,0.0931966547113615,0.0975604284228854,-0.0135063680870823,0.285668130999048,-0.431512136980002,-0.348952806266877,-0.427118025752182,0.427530895265638,0.317190714103808,0.196319378204357,0.000271246103498988,0.163101129851491,0.893285955055204,0.00369847359384443,0.0848609357416646
"GOBP_CARBOHYDRATE_DERIVATIVE_TRANSPORT",-0.0284132663535843,0.19753290161296,0.147478929401804,-0.153389699978977,0.144392896020567,0.0258960313777652,-0.268384614671945,-0.329542796774857,-0.462885846818743,0.334482852036152,0.238012352411253,0.183683151247253,0.00738348171403855,0.0856905457928212,0.419174160880582,0.00147232297977006,0.158695551262848
"GOBP_SUCCINYL_COA_CATABOLIC_PROCESS",0.312842742511946,0.00176119157837912,0.315340234002026,-0.376311604310107,-0.494968259040036,0.47518820095252,-0.48442052968998,-0.67005563930752,-0.598708090406034,0.395791580486891,0.51111775162881,0.41180069178399,0.00654355596441663,0.200845637949925,0.382213713223062,0.000230342242328939,0.147660202264649
"GOBP_REGULATION_OF_STORE_OPERATED_CALCIUM_CHANNEL_ACTIVITY",0.0345098141640026,-0.0781677247532904,0.182388230008513,0.250347672163724,-0.104288591007157,-0.214280748163187,-0.509257865756969,-0.553803642046184,-0.463273677904109,0.357616671710985,0.396050908918354,0.114803712568571,0.0110989715541202,0.145685783369769,0.693439811254018,0.0077376586875178,0.105526354039868
"GOBP_POSITIVE_REGULATION_OF_STORE_OPERATED_CALCIUM_CHANNEL_ACTIVITY",-0.0891985599200603,-0.181798771363633,0.327875794793405,0.293964757809516,-0.125804057047515,-0.0634327720754536,-0.551797828769968,-0.703398716907547,-0.520506426099729,0.391908511129701,0.379905192604697,-0.0234010776499436,0.046990559357442,0.319833733621944,0.941590324929894,0.0146759592580832,0.330679338466467
"GOBP_REGULATION_OF_VASCULATURE_DEVELOPMENT",0.0552852001569248,0.089968562628204,0.125212750657734,0.201569783540453,0.0445774659461096,0.0635530046634989,-0.228952715453042,-0.224323047795513,-0.154658033949383,0.107812030755345,0.167477814026451,0.0596087840166386,0.000843929628697432,0.893966065243791,0.824360320425442,0.00173342685448124,0.599114091305988
"GOBP_REGULATION_OF_ENDOTHELIAL_TUBE_MORPHOGENESIS",-0.0626763479364884,-0.704457950773179,-0.194167464051744,-0.0400748097024278,0.1774323459802,-0.0300622296985585,0.58242317523781,0.426267396528501,0.614817375273694,-0.409723421866858,0.0207134708803582,0.0173599108960067,0.0387938498733221,0.392356700992138,0.202866202397101,0.0295553377528865,0.466785467490814
"GOBP_REGULATION_OF_MITOPHAGY",0.0543647925692199,0.324708702908589,0.0108549941627558,0.171765871987488,-0.139186296774316,0.428687900106671,-0.49048833697651,-0.558656993247099,-0.487414028073912,0.468806291952858,0.425519783711905,0.484633724818877,0.0181849169718056,0.202269752962196,0.908326733515406,9.3631283633984e-06,0.0740428478318123
"GOBP_POSITIVE_REGULATION_OF_MITOPHAGY",0.082058194244547,0.251818659405919,-0.0841892173146344,0.14298258055107,-0.0281533261636469,0.158465516724809,-0.249012684139497,-0.397440024957095,-0.213059913551219,0.369916323454764,0.583198694380753,0.315078407342866,0.0415190206756429,0.0349131374423681,0.948886619236864,0.00315724716703847,0.0571326876488845
"GOBP_REGULATION_OF_DNA_DEMETHYLATION",0.328620952721912,0.0726529873041959,-0.107534277258022,0.135578833291402,-0.0957053029435608,0.221375527758835,-0.399259152885813,-0.579474293630633,-0.33204944666227,-0.0462948510519575,0.158404460909984,0.39303182886589,0.0315072607720106,0.6367958131475,0.948903734637949,0.0226187925324844,0.714241431704541
"GOBP_FATTY_ACID_DERIVATIVE_METABOLIC_PROCESS",0.0705385605675394,0.0951659944959512,0.168717443833252,-0.120179514356898,-0.104221458089671,0.0754834343619985,-0.300116621637935,-0.333069950348169,-0.226319673859112,0.302712308324413,0.264270607777307,0.166189936245975,0.00078775510928004,0.0228676135974395,0.10751485983793,0.000672634212125575,0.0628791883568078
"GOBP_FATTY_ACID_DERIVATIVE_BIOSYNTHETIC_PROCESS",0.126644375757264,-0.026992064014666,0.197614809608287,-0.0636387640484479,-0.069040508580616,0.063500230169701,-0.302657238247857,-0.311527392616656,-0.369816582171196,0.32243838859103,0.230920784147211,0.232517245792628,0.0161226293189743,0.00781465782550759,0.208957322364298,0.000187616974086416,0.117840886609604
"GOBP_ALPHA_AMINO_ACID_METABOLIC_PROCESS",0.151340897967333,0.169171811040744,0.0947487852087661,-0.0795282839891735,-0.0701198331019271,0.0717142497761283,-0.278699052471458,-0.29369547183263,-0.348179963419679,0.30986743087696,0.135081551282595,0.172168646396564,0.000136337601176001,0.0330155142998849,0.0602577843349069,0.00494018470186387,0.336534636998068
"GOBP_ALPHA_AMINO_ACID_CATABOLIC_PROCESS",0.175601840087332,0.10600779538556,0.168311863292675,-0.0821483833666376,-0.112527263884067,-0.157533888833067,-0.122465057155772,-0.244707097777774,-0.316948498553572,0.240560345515761,0.128571272760451,0.22208148927615,0.0127750287283794,0.00299932208613123,0.00100610056275499,0.00572651093170958,0.326148767001118
"GOBP_ORGANIC_HYDROXY_COMPOUND_METABOLIC_PROCESS",0.106288505770832,0.120248180278388,0.135631421144323,-0.0412428461649614,0.0311677369493881,0.0714387179150103,-0.245652895299469,-0.303189396491969,-0.261070623256864,0.261933941396264,0.176094090786922,0.116334809956434,0.000307741702614858,0.0403873010887731,0.0850178494833488,0.00359876570130857,0.266575458948606
"GOBP_ORGANIC_HYDROXY_COMPOUND_CATABOLIC_PROCESS",0.250101021564995,0.00403219242092323,0.170277523627602,0.156359061900187,0.198870488956714,0.103596162322702,-0.232833968073491,-0.285107517265562,-0.15363878609336,0.173795840705063,0.174142574897353,-0.0208634138831735,0.0205353450405914,0.582227188436349,0.893226276847761,0.0183416852521647,0.755773711923941
"GOBP_NEGATIVE_REGULATION_OF_SMOOTHENED_SIGNALING_PATHWAY_INVOLVED_IN_DORSAL_VENTRAL_NEURAL_TUBE_PATTERNING",0.326639542398154,0.0575762743404068,0.385931955795321,0.32207141322177,0.0953546266093844,-0.11107924035704,-0.235410657744823,-0.502557787617632,-0.423749852246557,0.707161523024768,0.599247196189986,0.0861615896183851,0.00855620293503394,0.199973048986748,0.392984782383735,0.0326840679465367,0.408051047939493
"GOBP_REGULATION_OF_LYMPHOCYTE_CHEMOTAXIS",0.0902035328392529,0.0745129911301647,0.233684248761661,-0.145197413839338,0.117512243123877,-0.110247967236979,-0.188153961480577,-0.268356687457156,-0.27653932580454,0.123387020244527,0.173700519559426,0.208345696904892,0.00645844059462634,0.111211322988279,0.152572992449392,0.000423418952260225,0.572942042372128
"GOBP_REGULATION_OF_MITOTIC_SPINDLE_ASSEMBLY",0.33958101950548,0.123771660742647,-0.0945208900097157,0.0475305682865072,0.225365142488729,0.426828737061089,-0.576386033359047,-0.499934439540122,-0.562171726020554,0.400717180279868,0.351649268515887,-0.0580454202222899,0.0297658942030141,0.992615557115452,0.544416352011178,0.0305354064062101,0.602783034147187
"GOBP_REGULATION_OF_HISTONE_DEACETYLASE_ACTIVITY",0.118848064159566,0.223805672226525,-0.0457026453307031,0.409633302007864,0.149238812031995,0.575472395864855,-0.726499480611969,-0.448228014131657,-0.571062944725015,0.546537303973047,0.336277466995229,0.0468794660764043,0.00375646515243837,0.739037691504037,0.142951030403516,0.0112739048420951,0.288284877795626
"GOBP_REGULATION_OF_MYOBLAST_FUSION",-0.118855640188083,0.162273063556544,0.121929441265609,0.0786324700231611,0.0364459822271146,-0.110044487392091,-0.35845670928826,-0.264489334363767,-0.241118592542434,0.102871639593982,-0.12159034437813,0.116026701628688,0.0443594846400793,0.765965431524801,0.640897725606805,0.0362262920685586,0.855678367519538
"GOBP_POSITIVE_REGULATION_OF_MYOBLAST_FUSION",-0.0528205109261441,0.302296947218739,0.305413591663756,-0.108880857117565,-0.116701019979559,-0.312847362251199,-0.419937333960051,-0.249336055885848,-0.244717799217079,0.351802149001521,0.27772501306823,0.226160198610318,0.0363422429921598,0.00802443672136768,0.0717550710924669,0.00202704248472302,0.492955146269011
"GOBP_REGULATION_OF_CELL_COMMUNICATION_BY_ELECTRICAL_COUPLING_INVOLVED_IN_CARDIAC_CONDUCTION",0.308533212421226,0.243760268825744,0.121480774881737,0.282056979863359,-0.111386184553522,0.198825902908251,-0.592090165559961,-0.51594938261585,-0.137236318485809,0.00177670692384979,0.560789818050366,0.364004615938889,0.03194745524201,0.416097978432135,0.500798690571711,0.0294491131110282,0.665867451191321
"GOBP_REGULATION_OF_PROTEIN_DEPOLYMERIZATION",0.324966577147037,0.268317727254344,0.0847464360083804,0.160209676304881,0.218906679448945,0.034381186518181,-0.43912262761354,-0.411567462235706,-0.376512083987931,0.265435392907877,0.35702674180563,0.396321068463064,0.00940578310364186,0.0446836123284484,0.389778464509915,0.000566091969823574,0.259434733750028
"GOBP_POSITIVE_REGULATION_OF_PROTEIN_DEPOLYMERIZATION",0.134423877524596,0.251291437567102,-0.0987899333040707,0.212507235367428,0.450100926804825,0.030644087110618,-0.486967780314386,-0.146311171541726,-0.476275246451015,0.0842871336123596,0.184347976892396,0.306230075756241,0.0378779226807628,0.792376360917185,0.443974251200873,0.019711394281989,0.480902848884834
"GOBP_REGULATION_OF_CELL_JUNCTION_ASSEMBLY",0.198800163725764,0.0275158092171162,0.101048518979543,0.16014452241002,0.150174119808904,0.0585534010275565,-0.360325198996069,-0.246883842213293,-0.241797086337016,0.278808648339049,0.244589310120065,0.206171616679502,0.00408051662168776,0.0437879833272161,0.828485663744442,0.00110448892302462,0.0981926827904407
"GOBP_NEGATIVE_REGULATION_OF_CELL_JUNCTION_ASSEMBLY",0.311706567271989,0.0737731421068369,0.237892319441858,0.114415529169842,0.229414430293856,-0.0826283605023624,-0.485436532665234,-0.32704346910506,-0.284778938448648,0.438962655985857,0.31566570070464,0.315358117568513,0.00376013560631401,0.0802524067778788,0.356905723602162,0.00113538561671054,0.158632196132163
"GOBP_REGULATION_OF_INWARD_RECTIFIER_POTASSIUM_CHANNEL_ACTIVITY",0.268005536077165,0.279579484720168,0.290216036101961,0.15202974300868,0.165659832968743,0.0788907666308727,-0.0858162795777317,-0.55277926443181,-0.342984827952944,0.22725359754273,0.215721245555361,0.38076160242892,0.0458828691983099,0.0980183031247012,0.0266231035798878,0.0333177764745017,0.938047701740123
"GOBP_NEGATIVE_REGULATION_OF_PROTEIN_ACETYLATION",-0.13973738402391,-0.237838000996934,-0.0382154050175043,0.00983624198664809,0.229325073130115,0.185801416912772,-0.311968849754292,-0.356539649817099,-0.49857701057973,0.470158666929549,0.325114515301013,0.051590342835938,0.0359217362940381,0.38659575315984,0.0349865441599507,0.0182866231652515,0.0570942241211121
"GOBP_POSITIVE_REGULATION_OF_MITOTIC_CELL_CYCLE_PHASE_TRANSITION",0.161736408547491,-0.0985147708768749,-0.0566283497793116,-0.0272275492391542,-0.0606598090880709,0.417356625693817,-0.368203956040804,-0.381006489104673,-0.429467496283962,0.197453217924391,0.147455738768102,0.146780581786132,0.0336890749301888,0.759784701153641,0.579567854736791,2.67053437840483e-05,0.17852346405266
"GOBP_TOXIN_TRANSPORT",0.421923152970433,0.278265110859386,0.0247338649571869,-0.159371330206149,0.0723222734376292,0.10684506558842,-0.451477426189081,-0.542495451112843,-0.456917917856857,0.473908357613352,0.346950305282212,0.396072327524393,0.0194952895075119,0.0264497664901585,0.182871865669587,6.70008227995617e-05,0.2912903686072
"GOBP_FATTY_ACID_TRANSMEMBRANE_TRANSPORT",-0.0304230320542599,0.284622319001146,0.276138255573721,0.197957401077008,-0.0692879925332635,0.268280949696326,-0.525135647224078,-0.412270000428104,-0.346792892114052,0.422467510098529,0.482424325029226,0.257692332182801,0.0142958347652301,0.117474868495302,0.775888308848368,0.000879966471152982,0.174916928974108
"GOBP_REGULATION_OF_NADP_METABOLIC_PROCESS",0.345906053419739,0.338764834895035,0.407173884207631,0.0446163054888871,-0.531267450113896,0.343826063130271,-0.61819002049233,-0.620518458667146,-0.757978850129094,0.621533379426763,0.685299694046018,0.262869948011563,0.000372738277677155,0.142815998288002,0.249628585013725,0.00667122190313928,0.349050082771283
"GOBP_REGULATION_OF_HEMATOPOIETIC_STEM_CELL_DIFFERENTIATION",0.0259524317151605,-0.0558712047438693,-0.239286642587946,0.0915449962580943,0.073628766133397,0.324932886857476,-0.371270443089936,-0.454982132745092,-0.55238733566296,0.283806800523155,0.0740008091816163,-0.0703540729554317,0.0223312256889293,0.634344331202372,0.0881240333665689,0.017456996093313,0.22936904973175
"GOBP_NEGATIVE_REGULATION_OF_EXTRINSIC_APOPTOTIC_SIGNALING_PATHWAY_VIA_DEATH_DOMAIN_RECEPTORS",-0.0341933804169869,0.128647874886615,0.084403891439666,0.200691901040731,-0.020007609438609,0.258855878392481,-0.298505291220508,-0.406555422560226,-0.35022098842093,0.0832528960618755,0.0650946600857417,0.137134955860556,0.00368525509827139,0.611213320842808,0.436555033066231,0.000560051821305642,0.555712166400474
"GOBP_REGULATION_OF_FAS_SIGNALING_PATHWAY",0.295433900340336,-0.00935791584499396,0.0679493621291617,0.138784125237061,0.0362952226543464,0.540682244715578,-0.645888933765267,-0.700302801529438,-0.7424940179329,0.741590037667127,0.306793617913754,0.542092326599386,0.00788290906224501,0.218915055387307,0.54539684518362,0.00791925597380928,0.0624691481872867
"GOBP_REGULATION_OF_LEUKOCYTE_DIFFERENTIATION",-0.0513228558446451,0.0102744271480718,-0.0576946870937017,0.0938326435241941,0.0597794446250606,0.248373244446071,-0.320233171101206,-0.301441635955817,-0.337691171972481,0.368332394115278,0.268808579493794,0.0974990042312268,0.00152675419682292,0.326748823293958,0.0884636986777795,0.0176673884631033,0.0634297283352999
"GOBP_KETONE_BODY_METABOLIC_PROCESS",0.235084632573882,0.515423953384117,0.443529254076328,-0.286997137199502,-0.02822700575993,-0.347098753762333,-0.494963136407097,-0.446554270746973,-0.075501942949437,0.311521488512139,0.328094867054414,0.418548122187872,0.0138576366544172,0.0191807127192731,0.00915944390351588,0.0287135539394003,0.655523459620322
"GOBP_REGULATION_OF_DELAYED_RECTIFIER_POTASSIUM_CHANNEL_ACTIVITY",-0.264072902990986,-0.0450188507248221,-0.180614004127055,0.297400386576406,-0.21327990758003,0.32543427638338,0.0966675997548475,0.153787602710456,0.220626184581133,-0.147723527012443,-0.156638107382704,-0.214963556072941,0.0200107262106277,0.217670849643368,0.222855317734027,0.00314489489198639,0.894534056688676
"GOBP_SEMAPHORIN_PLEXIN_SIGNALING_PATHWAY_INVOLVED_IN_NEURON_PROJECTION_GUIDANCE",0.151653129181283,0.408100900335433,0.133532118077269,0.265454651948934,0.287562765325087,-0.0751705008500282,-0.433250284387963,-0.2830392538758,-0.154267882256651,0.0978710253536703,0.113292877541399,0.00325083430707476,0.0123965992780156,0.537769402312976,0.652803219439799,0.0314359088702808,0.206084156929906
"GOBP_CELL_CYCLE_DNA_REPLICATION_INITIATION",0.248397933467938,0.499316348030117,0.144721205010684,0.567930951013817,0.272740161468289,0.729715438909556,-0.764988285900434,-0.739447709029052,-0.773553020700891,0.287878080646734,0.0864213624421759,-0.232325335609384,0.00926629945766675,0.0789607829668004,0.258635023594848,0.0329779178244947,0.254466393586927
"GOBP_REGULATION_OF_SODIUM_ION_TRANSMEMBRANE_TRANSPORT",0.294928404755263,0.11760577996567,0.0358223353411435,-0.0279473415586506,0.27153869873247,0.119252960593141,-0.389806984702053,-0.257270239622467,-0.330031010515999,0.325079523663149,0.203450347438799,0.320395233436749,0.0120850596732705,0.193337875228283,0.81727875550878,0.00038850509057327,0.218904652759409
"GOBP_NEGATIVE_REGULATION_OF_SODIUM_ION_TRANSMEMBRANE_TRANSPORT",0.17112019911946,0.320517005859379,0.137085569882659,0.249799350363255,0.0619634093226248,0.00993218989016695,-0.615280281818304,-0.437542188361888,-0.501293663539623,0.463750181184351,0.302049065367094,0.535835048707795,0.000709028848890712,0.0314207842995256,0.33235807234547,0.000572074311004934,0.0681944680126954
"GOBP_MITOTIC_CYTOKINETIC_PROCESS",-0.0368987773855164,-0.101193974536257,-0.304989717459602,-0.0922378516637343,0.171825832368612,0.481137163504307,-0.426362001726219,-0.409088564289438,-0.51275486260519,0.370690251210305,0.243627630303838,-0.0969593319453526,0.0498257676980219,0.950095529411795,0.170286021858527,0.0409781670976957,0.135534560565886
"GOBP_PROTEIN_LOCALIZATION_TO_CELL_JUNCTION",0.0290574894894796,0.136938665925615,0.20079225043382,0.172384364352708,-0.00237493028867455,-0.0531473871282978,-0.203288733983308,-0.222095100412379,-0.21486880932455,0.228962833415515,0.272331403056986,0.084372382721317,0.0205346513700423,0.155805857322347,0.385741483729207,0.018040018766416,0.390882420864715
"GOBP_REGULATION_OF_MRNA_BINDING",0.0405870617834485,-0.0304971946937797,-0.0052799250845717,-0.0897337036267512,0.138498930320785,0.513213044104462,-0.463979703989821,-0.637253316187969,-0.539479733874789,0.45831248315852,0.629279374251981,0.113565201775588,0.00335543353083748,0.411708181534325,0.401544392433037,0.0168690672137302,0.116717682943256
"GOBP_POSITIVE_REGULATION_OF_PROTEIN_LOCALIZATION_TO_SYNAPSE",-0.56855014761249,-0.233153893617348,-0.485189772487903,-0.415571230453801,0.118105208016151,0.194765113054155,0.116977922053995,0.673523373866575,0.227427164391407,-0.242441223719208,-0.0993989245349952,-0.648759621670639,0.0261347490639481,0.308128032695314,0.16544863024085,0.047464673447903,0.640948298069083
"GOBP_REGULATION_OF_PROTEIN_MONOUBIQUITINATION",-0.0564081235825802,0.301207108084455,0.061154196234319,-0.0445793927280877,0.128386383711196,0.70034949717959,-0.742391546938612,-0.650803416650891,-0.617260715931987,0.68060600387761,0.263396269799506,0.542409936231602,0.0109284677678096,0.426687244524938,0.569273964136157,0.00679768981537008,0.0731306261297332
"GOBP_POSITIVE_REGULATION_OF_PROTEIN_MONOUBIQUITINATION",-0.0484186439742572,0.240544487049232,0.0499546573889922,-0.265747582996553,0.0529914196294382,0.69718712313568,-0.733518200997157,-0.633382541936246,-0.617237008871648,0.76099565065058,0.028619966272968,0.664587089193069,0.00575039536139001,0.427463964786964,0.806800466576833,0.0351425985950374,0.213894958127647
"GOBP_REGULATION_OF_NEUTROPHIL_MIGRATION",0.113338057773082,-0.0242275056263007,0.0813721357927716,0.0436443163679052,0.118579178521125,0.330678370124749,-0.391978747857653,-0.377388399346692,-0.362513419289551,0.306088183860334,0.155138044318382,0.141931835431407,0.00713140511999606,0.737441935111891,0.345122790991672,0.00701364407860028,0.101688377834489
"GOBP_NEGATIVE_REGULATION_OF_NEUTROPHIL_MIGRATION",0.464642963785777,0.10741451890978,-0.010698407373955,-0.113507967197982,0.242756631846001,-0.132438622643085,-0.230219956845153,-0.759356614953489,-0.328583910808179,0.266927790915951,-0.00322617813113191,0.697732751356152,0.0451930680133912,0.262321076672609,0.374560057260373,0.0462445247553147,0.623977685912344
"GOBP_POSITIVE_REGULATION_OF_NEUTROPHIL_MIGRATION",-0.0266267860175253,-0.101041281083319,0.0488848969869664,0.0712157054231079,0.0757533776781553,0.383411579759396,-0.408005179344112,-0.355650630068153,-0.379750347182527,0.312861034659495,0.157740676534746,0.0238115171568423,0.00849362718840427,0.932611739729142,0.178367520644322,0.019861490875843,0.135125265528372
"GOBP_SECONDARY_ALCOHOL_METABOLIC_PROCESS",-0.0220217378533833,0.164398668802484,0.169894393809854,0.0355430106995824,-0.0656163466068691,0.049698759658374,-0.338291400463942,-0.329419770934819,-0.377121016913604,0.344969638296378,0.318843919795933,0.197479593163861,0.0150598865135196,0.00956953799444328,0.267505360720558,0.00258067190323281,0.0847016875607805
"GOBP_NEGATIVE_REGULATION_OF_LENS_FIBER_CELL_DIFFERENTIATION",0.562788072910134,-0.0447457366722271,0.236470628574527,-0.205151748125414,0.664911968464348,0.120173213597954,-0.590934940194262,-0.195566643053843,-0.626155685626902,-0.0778228347614447,0.313046733773348,0.323855899922647,0.0344082765021957,0.982140127920692,0.860690499801184,0.0263819496778097,0.782673750434795
"GOBP_POSITIVE_REGULATION_OF_CELL_CYCLE_G2_M_PHASE_TRANSITION",0.175282413768081,-0.10210560009749,-0.102121704328599,-0.190395606818594,-0.0877928434462447,0.473164774253701,-0.386218290786317,-0.429935306457779,-0.460609036059922,0.268968880406848,0.174807956874855,0.304747171752087,0.0399985445239928,0.466650595780562,0.764563261538271,0.000484968063865169,0.0912595379554457
"GOBP_POSITIVE_REGULATION_OF_CELL_CYCLE_G1_S_PHASE_TRANSITION",0.176875537519366,-0.0596179128582939,0.0794732062248019,0.0904728734094689,-0.0921328425140246,0.348278324172417,-0.433589547629163,-0.37357961358967,-0.375497866343354,0.0784607662314871,0.203239237183284,0.174527896772061,0.0157103822654175,0.806172737134549,0.752733365222892,0.000996407301896164,0.347449479942284
"GOBP_MICROTUBULE_CYTOSKELETON_ORGANIZATION_INVOLVED_IN_MITOSIS",0.220899483319271,-0.0145528889967631,-0.0724217305407827,-0.0423700517813324,0.0915314744695267,0.376716069796143,-0.47364258351642,-0.423945218993255,-0.436842380383944,0.224207307235666,0.100425542800705,0.147947582534366,0.0291802812757846,0.913356568168983,0.561693502797609,0.0011095768998995,0.337826249850052
"GOBP_REGULATION_OF_MIRNA_TRANSCRIPTION",0.0509061015455685,-0.0995586806641629,-0.099226718433329,0.251884336225457,0.131487031405138,0.0711932957802402,-0.363093123833072,-0.30716806759636,-0.214891906012666,0.174858445765402,0.261326056637301,-0.03210421240736,0.0213635902617789,0.878508336571767,0.0515491147322024,0.0225750448872188,0.158766820056695
"GOBP_NEGATIVE_REGULATION_OF_AUTOPHAGOSOME_ASSEMBLY",0.109666038961466,0.0519433753787776,0.0714719259408306,-0.212991682743763,0.0629334755030335,0.452712952530351,-0.552393381680804,-0.364782407688175,-0.453728204158055,0.372370736127441,0.176933692840613,0.124670419892377,0.00607694787462929,0.598470478616586,0.915559283984159,0.00264743960152883,0.185722409633874
"GOBP_REGULATION_OF_SUPRAMOLECULAR_FIBER_ORGANIZATION",0.0893446248596572,0.140848103401143,-0.0058741064598388,0.0274962846007419,0.091326571338768,0.0684673970785753,-0.321026003077927,-0.293633487615014,-0.297357901752091,0.328012732093999,0.224733592004247,0.150654635727742,0.0103363051156707,0.065169407784775,0.81085287957283,0.00767132653366319,0.0778056175631698
"GOBP_NEGATIVE_REGULATION_OF_SUPRAMOLECULAR_FIBER_ORGANIZATION",0.184382958757119,0.176718941478434,0.111879035218819,-0.0522140521460067,0.0695057247577918,-0.0142916843423012,-0.275669269688972,-0.329325341150189,-0.245456155431358,0.292255701339457,0.227030201363362,0.221524981921829,0.000199699735629001,0.00736639897453325,0.0282985760514221,9.59007638201748e-05,0.0507581364234393
"GOBP_POSITIVE_REGULATION_OF_SUPRAMOLECULAR_FIBER_ORGANIZATION",0.109571120468345,0.18015265621799,-0.0302934665183889,0.0386075989145116,0.0468116086561616,0.0489506584051659,-0.378551226283151,-0.253469573904215,-0.30397979450979,0.330400216831886,0.202151022678953,0.116642638984037,0.00939845960122291,0.109473957526115,0.569848336575215,0.00406587788615178,0.212401831396827
"GOBP_REGULATION_OF_ALCOHOL_BIOSYNTHETIC_PROCESS",0.0450400392731285,0.212698546534461,0.157249595666046,0.202174751622233,0.126650200047226,0.103355286116108,-0.182950154431598,-0.393714714165442,-0.288585272979574,0.239254244969135,0.11236846852531,0.227805998322064,0.00621493353476494,0.389055527428562,0.926546145362111,0.00441287088280572,0.440579549549001
"GOBP_POSITIVE_REGULATION_OF_ALCOHOL_BIOSYNTHETIC_PROCESS",0.156451487615748,0.0494774486606518,-0.0749552796288147,0.380368726734493,0.223238162423807,0.302472427865857,-0.175594424428841,-0.521455399206632,-0.391372099291163,0.219711052229013,0.153752157846601,0.211914953652752,0.0351206724760643,0.127830065859349,0.0395154130953934,0.0270527469495624,0.14220320292545
"GOBP_PROTEIN_LOCALIZATION_TO_EARLY_ENDOSOME",0.558657570181864,0.431706750481474,0.578171672660559,-0.167692734310514,0.0558409774001196,0.0485566797164917,-0.464322974841193,-0.611965273119794,-0.602516048006866,0.448001742401856,0.484221593606738,0.297881076018996,8.28274236048035e-05,0.0111842853828148,0.00575522981441128,0.000239904697810234,0.201461297617281
"GOBP_POSITIVE_REGULATION_OF_PROTEIN_LOCALIZATION_TO_EARLY_ENDOSOME",0.479706183070131,0.376686689714539,0.520449512426087,0.00868128913299521,0.220571313091705,0.331120951792953,-0.543451938345858,-0.662390341990773,-0.659408046544197,0.359356272899325,0.519161982109948,0.49649497804482,5.16975964594507e-05,0.0838496630693646,0.0852336349550291,0.000102320888050808,0.993054375791755
"GOBP_NEGATIVE_REGULATION_OF_AMYLOID_PRECURSOR_PROTEIN_CATABOLIC_PROCESS",-0.0331885637008349,0.327472413842785,0.191419323688965,-0.0744392650983672,0.0355840896498472,0.0737256951927904,-0.31547306181745,-0.290507791434177,-0.325247193538431,0.390690570131125,0.413747780372114,0.22152224003752,0.0449589034287336,0.0141975560437742,0.288887044106677,0.00718508041905563,0.229080616495795
"GOBP_REGULATION_OF_BONE_DEVELOPMENT",0.101687465565504,-0.471772773699402,-0.250964118020793,-0.142533481329392,-0.316119509517253,0.293299159004738,0.425223383272021,0.548579836767061,0.244105671403919,-0.0660679613342743,-0.360642957826513,-0.0731949653741926,0.0468237841103507,0.62457764236271,0.571253158777941,0.0122724685703435,0.846950052160632
"GOBP_REGULATION_OF_GLYCOPROTEIN_METABOLIC_PROCESS",-0.0484270970316916,0.0685642035537405,0.114278567267884,-0.0986097522108827,-0.252283419283814,0.148776772335667,-0.262082957301201,-0.145195329966409,-0.171189317057994,0.196071596993143,0.382512643355321,0.131482047502122,0.0197736242274626,0.105509261705999,0.447721059597879,0.0160366864829336,0.110403668329551
"GOBP_REGULATION_OF_EXTRACELLULAR_MATRIX_ORGANIZATION",-0.0219876323349774,0.0280851950004029,-0.0133962969941899,-0.0626124156387155,0.108765615215339,-0.0313173803852981,-0.185856703412188,-0.204084675066241,-0.132791737605312,-0.0172714334571743,0.0886620900290907,0.0605460932000194,0.00395262445792582,0.567059241793763,0.903794340719787,0.00686401616765233,0.282334520489394
"GOBP_NEGATIVE_REGULATION_OF_AUTOPHAGY_OF_MITOCHONDRION",-0.0531559216833281,0.433810873537638,0.11037364061144,-0.0220416831718463,-0.350831305608126,0.573682772200982,-0.711970606562796,-0.579930216025018,-0.615607942489348,0.583097739581196,0.452060645173551,0.501755010940745,0.0239203096305776,0.239954442651316,0.772425172074273,3.11409886385493e-05,0.127019883361782
"GOBP_MELANOSOME_ASSEMBLY",0.237704480101236,-0.0828389708176993,-0.0703083356326167,0.190868108779352,-0.163982440565058,0.477213815097736,-0.414435438268459,-0.521290140238748,-0.610575004138448,0.520569176562633,0.353598730388619,0.28549750512311,0.0186831216713757,0.363040175283264,0.556186570483732,0.000682736065666037,0.0548319570354497
"GOBP_POSITIVE_REGULATION_OF_TUMOR_NECROSIS_FACTOR_MEDIATED_SIGNALING_PATHWAY",0.429799688530248,0.118697105572834,-0.0832626778439239,0.0286633524978782,-0.0757158802274499,0.588388942244957,-0.609276371967768,-0.567403241445146,-0.599182675730577,0.572567846940884,0.451524935437489,0.477555163432541,0.036834460713964,0.258776596404047,0.925845997342386,0.000375675080581755,0.139758201318946
"GOBP_REGULATION_OF_GLUTAMATE_SECRETION_NEUROTRANSMISSION",0.405081663916275,-0.0675815951863781,-0.225226464513326,0.467479287744751,0.602373545339391,0.644923263097035,-0.724891500556488,-0.546069055574434,-0.841840457809577,0.419642174861532,0.616854051128417,0.65636395351774,0.0422680147657875,0.939993572223003,0.096604686708686,0.000410117485391765,0.0939975202224578
"GOBP_NEGATIVE_REGULATION_OF_HYPOXIA_INDUCED_INTRINSIC_APOPTOTIC_SIGNALING_PATHWAY",0.335359750360193,0.663086135581878,0.571262706436994,0.339237011258037,0.251760328516165,0.17736278513879,-0.684625541546722,-0.787876974510423,-0.374713783212922,0.663606353829258,0.426423668548816,0.448417575664517,0.00240518507749016,0.0556980185075157,0.0939979918415118,0.00312572386711871,0.937050199146831
"GOBP_REGULATION_OF_REGULATED_SECRETORY_PATHWAY",0.0108082704101883,0.192699942863419,0.0260134193904082,0.0313451478901707,0.0541394632376843,0.173669921169142,-0.296663692311782,-0.19325189558836,-0.325967397723008,0.25654569459503,0.234207701338148,0.148313470655064,0.0106724434364435,0.0884093540346642,0.89948213508006,0.000882015117576482,0.129468306315782
"GOBP_REGULATION_OF_PROTEIN_MATURATION",0.217011327471834,0.32053782937985,0.149566772233158,-0.0481170189262722,-0.126715376508026,-0.005969915393501,-0.175611645754401,-0.271568459300026,-0.26109776454498,0.362723549684171,0.19644409694644,0.172288298497243,0.00284259108115267,0.0187733590799252,0.0115615806725579,0.00584798768381288,0.858904484672758
"GOBP_POSITIVE_REGULATION_OF_PROTEIN_MATURATION",0.36348223672268,0.514860847548936,0.254258241233077,-0.234746237942053,-0.177411720667744,0.207740670087066,-0.158924373032476,-0.345628159709347,-0.513865803393245,0.225045875771248,0.307094381539768,0.151265099798283,0.00626984318698785,0.157581827767971,0.0646420318465807,0.0183606585037191,0.179853592711489
"GOBP_POSITIVE_REGULATION_OF_BICELLULAR_TIGHT_JUNCTION_ASSEMBLY",-0.298049400738183,-0.115067295294826,-0.216738604382689,-0.0922419948067151,-0.111170731903205,0.0985887241154214,0.443046315016453,0.197926690421175,0.464721665850775,-0.286520649849174,-0.235322686275226,-0.567988889435514,0.00776222646491884,0.0660179003029963,0.113442919454127,0.00606947761838495,0.279124041258599
"GOBP_RESPONSE_TO_DOPAMINE",-0.0446175688448671,-0.00658485086332637,-0.0161436810313785,0.165461094928616,0.199107124252629,-0.0113408005644323,-0.288344672260471,-0.324723439688653,-0.191241205336072,0.31993445165657,0.17905338331964,0.0201547083564008,0.0189080858874435,0.638801340981539,0.16122936595999,0.0218944005150441,0.150329478641131
"GOBP_REGULATION_OF_GOLGI_ORGANIZATION",0.231145910160685,0.360275088570405,0.098924781666987,0.248393418580492,0.363011900459447,0.197596791118974,-0.669741224612924,-0.488660894808798,-0.600425270116143,0.526440864503395,0.416768952083498,0.273320203168884,0.00146469861153285,0.208214693051365,0.686311492662251,0.000644470690301094,0.170792738186263
"GOBP_NEGATIVE_REGULATION_OF_OXIDATIVE_STRESS_INDUCED_NEURON_INTRINSIC_APOPTOTIC_SIGNALING_PATHWAY",0.396319515672239,0.156380406421553,-0.0435643240647058,0.415763723981452,-0.0574951031225407,0.588355033222011,-0.813200990820474,-0.586741944156045,-0.675730690939445,0.645733694820223,0.416636271638479,0.324617732925019,0.00919012635826582,0.545603906639226,0.567387097239019,0.00101678725393563,0.145108451339313
"GOBP_PROTEIN_LOCALIZATION_TO_NUCLEAR_BODY",0.389593061255156,0.0507920730187226,0.099401916985599,-0.35610448397189,0.300382250133592,0.604314066866395,-0.510693617755753,-0.57790510808493,-0.641076039376003,0.524831284565529,0.0947902489322192,0.506446078083339,0.0116028428324427,0.586762359947798,0.99296741465128,0.0158814994489681,0.332891337476812
"GOBP_REGULATION_OF_SYNAPTIC_VESICLE_RECYCLING",0.3500647628621,0.189108901578959,-0.0413696567049869,0.12477136517467,0.24102556437031,0.303462121156108,-0.529307592065286,-0.422540848322369,-0.434301460001769,0.419388868976163,0.330010767002666,0.107418856656623,0.0236198363409457,0.596567852861802,0.680673170797598,0.00850477166672022,0.461993823027062
"GOBP_POSITIVE_REGULATION_OF_REACTIVE_OXYGEN_SPECIES_BIOSYNTHETIC_PROCESS",0.0104344577702553,-0.0115790365821851,0.179581117010934,0.159399208057465,0.122921372176109,0.145176486631368,-0.184149318401469,-0.211059567759631,-0.118612710669347,0.0768379692490445,0.362257398542048,0.284536413868633,0.0447990443536101,0.366106833483618,0.301798014323037,0.0304906804324898,0.164587298825051
"GOBP_LIPOSACCHARIDE_METABOLIC_PROCESS",0.152146855022088,0.136345621644556,-0.0793142160496687,-0.0495284655801514,0.0465403590273106,0.104155613669686,-0.357486598532312,-0.306323523314626,-0.324538374990892,0.349715637911932,0.274158838663073,0.211576818532912,0.0292204313380734,0.0155426386590594,0.704873961466382,0.00168413435058371,0.0888112588890896
"GOBP_MUCOPOLYSACCHARIDE_METABOLIC_PROCESS",0.240014462756291,0.163161777175274,0.0959036308844283,0.232538561752191,0.218881751542674,0.213408277258226,-0.40148803062154,-0.368406847043646,-0.302764518756286,0.302325424310215,0.25173569738036,0.284893480957001,0.00087199777526401,0.0454748673880258,0.315067725877478,0.000304988714354588,0.0996107029404077
"GOBP_NEGATIVE_REGULATION_OF_TUMOR_NECROSIS_FACTOR_SUPERFAMILY_CYTOKINE_PRODUCTION",-0.0408754010652654,0.226964583192796,0.106986938578501,-0.0531649509117163,0.223699042661221,0.137662025613484,-0.233949683570069,-0.201696658848117,-0.321511771495186,0.314242775425428,0.146292892970944,-0.0141958724505467,0.0295382766764336,0.732110868425635,0.966468242537494,0.0383428374162908,0.698717105548233
"GOBP_POSITIVE_REGULATION_OF_TUMOR_NECROSIS_FACTOR_SUPERFAMILY_CYTOKINE_PRODUCTION",0.191148044646046,0.143677417332712,0.0576548781998112,0.133572636497791,0.262948674739534,0.287769116284273,-0.421589346964184,-0.383434918203256,-0.421045394196092,0.202275749738329,0.162919367869027,0.301905790633106,0.00264954707485318,0.93221780908712,0.193035125192619,0.00224321026172009,0.183142675138711
"GOBP_REGULATION_OF_PROTEIN_TYROSINE_PHOSPHATASE_ACTIVITY",0.492529586504601,0.629862708758326,0.603391940022329,-0.182944044487774,-0.397539999121245,0.263356886576486,-0.678525945174637,-0.564756491012752,-0.619745749743828,0.5778701438589,0.658780150560677,0.708767135843725,3.69820630175939e-05,0.0557896324146372,0.0669046588150132,1.76600896070968e-05,0.267383948776205
"GOBP_REGULATION_OF_CYTOPLASMIC_TRANSPORT",0.388340943185214,0.383642790992531,0.302390579452477,-0.0494861000778512,0.0305743968816029,0.422368825889743,-0.621242464426436,-0.503644493494976,-0.638944368130264,0.576290803135166,0.356311904628019,0.455566288703269,0.000137157012957646,0.139815907001673,0.262660901812372,0.000368310018802868,0.237356026914268
"GOBP_REGULATION_OF_SPROUTING_ANGIOGENESIS",-0.089695705953508,-0.00396402118936615,-0.058108419962879,0.30793514854104,0.134058155948121,0.235286411193708,-0.222990553920089,-0.25328383190447,-0.155903685270431,0.0989730312600658,0.0208521615689196,0.0193959013646446,0.0142642359211734,0.0508086575782774,0.0171065478747517,0.00281275187374069,0.0558194113087686
"GOBP_POSITIVE_REGULATION_OF_SPROUTING_ANGIOGENESIS",-0.00600312710652728,-0.0330668177591002,0.175364270365394,0.068868268024672,-0.0994779463473336,0.186926896302864,-0.265249227203548,-0.157783987777442,-0.284420976367094,0.162802348949744,0.0534517976319892,0.0738221663259207,0.029809593911324,0.657353230261943,0.952871272822255,0.00328898976034755,0.53619499102997
"GOBP_REGULATION_OF_HEMOPOIESIS",-0.00499975584811788,0.0227389406952544,-0.0478058407832376,0.0976729312581258,0.0421272359161969,0.241566528485691,-0.327077695191483,-0.283465736500849,-0.318033541014631,0.304472061092549,0.221677177707737,0.101519490235094,0.000598411707909301,0.382096449544694,0.136247671880745,0.00982208017315075,0.0525882456424969
"GOBP_NEGATIVE_REGULATION_OF_HEMOPOIESIS",-0.052266071614222,-0.105142162199939,-0.0541449568778358,0.108481771924336,0.0104941514102387,0.158840005530833,-0.224915250911702,-0.195297547345759,-0.268487300917622,0.228666745663704,0.157547733482769,0.0359909532929469,0.00496549119164784,0.537987952725027,0.0494352168186353,0.0134790579511225,0.0536495900452166
"GOBP_REGULATION_OF_I_KAPPAB_PHOSPHORYLATION",-0.213882380056156,0.121026712895985,0.115523736412769,-0.0509439847932015,0.453599708355238,0.50449712907307,-0.340926225410298,-0.523834029079575,-0.558871590574724,0.593699461396475,0.368349453747596,0.270639394003514,0.028658861593004,0.626674307731858,0.244030540309218,0.00247832197011136,0.0522297656479765
"GOBP_POSITIVE_REGULATION_OF_I_KAPPAB_PHOSPHORYLATION",-0.25913764346739,-0.0412364687592809,-0.0239786147884176,-0.128731457281785,0.391799194632696,0.413588509829401,-0.264277602611778,-0.464689594383363,-0.535569149977729,0.648431446852476,0.155209538360842,0.130797022017556,0.0479675206120734,0.743178483574928,0.191697296798515,0.0318454906599456,0.115083179502701
"GOBP_REGULATION_OF_PLASMA_MEMBRANE_ORGANIZATION",0.101313723914209,0.418146131361889,0.133366307076419,0.29585806113943,0.301455559420071,0.226717758281385,-0.559105019701602,-0.598674282362202,-0.619346778595988,0.666145290488327,0.48850350597271,0.296268406447291,0.0130594017928233,0.184701719010595,0.631788306289669,0.00833004188593438,0.144397277382627
"GOBP_NEGATIVE_REGULATION_OF_ESTABLISHMENT_OF_PROTEIN_LOCALIZATION_TO_MITOCHONDRION",0.315532117821269,0.200356389962792,-0.0600306979729884,-0.19781894539591,0.449913461295137,0.507575161433648,-0.691504238013241,-0.388190269065736,-0.285550012959084,0.331882114195322,0.304875675398806,0.385395696722701,0.0214981923614042,0.736738867769664,0.715392458242667,0.0195394386997013,0.22801108825019
"GOBP_NEGATIVE_REGULATION_OF_P38MAPK_CASCADE",0.287309972464371,0.0177629056556025,-0.0327676984131142,-0.463729095820219,-0.129402727098132,0.245594183095572,-0.351436316412609,-0.487565719251201,-0.465953679913692,0.24199515925782,0.291616668808213,0.507029870464721,0.0210300193038637,0.139901263910548,0.433354963965321,0.0033616773474604,0.119575868942875
"GOBP_REGULATION_OF_CARDIAC_CONDUCTION",-0.047525953510279,0.0238239100082548,0.182116320778859,0.105601755076741,-0.00619595433702302,0.170869628281117,-0.231637945993914,-0.124897807267879,-0.272533916877146,0.339291807701721,0.0786170588173487,0.395122434376359,0.0393510131866239,0.198528289156973,0.686110024856314,0.0241265568215812,0.148777226864253
"GOBP_GUANINE_NUCLEOTIDE_TRANSMEMBRANE_TRANSPORT",-0.060480249623984,0.280871474324597,-0.0110488153975256,0.233506886360584,-0.079595617347669,0.314678078239276,-0.305978063346227,-0.497132837206137,-0.452067845266662,0.438337466967105,0.464880018321895,0.288234188654866,0.0261228201497547,0.172304316505414,0.619453799336264,0.00052025388515722,0.0719860586882537
"GOBP_NEGATIVE_REGULATION_OF_MIRNA_MATURATION",0.577811088172162,0.28931156867638,0.138238492555715,-0.00390492236981013,0.412241620801486,0.205266669620089,-0.611436975049049,-0.651059684001492,-0.628724221937534,0.294951369874702,0.234405060245736,0.52234420961919,0.0167577582399079,0.386479097108231,0.500037720270071,0.00711369868981632,0.926457399671296
"GOBP_ORGANIC_ACID_TRANSMEMBRANE_TRANSPORT",0.0618048171575787,0.196602018928072,0.0769225801726529,0.052119382042756,-0.0370012791075644,0.0934167904796399,-0.255212512948787,-0.339891200916726,-0.300125415205017,0.302642534472981,0.252022923118276,0.258864556169932,0.00286307900453091,0.0150830431609657,0.259134420665654,0.000122717119832364,0.0508783120765873
"GOBP_NEGATIVE_REGULATION_OF_PROTEIN_LOCALIZATION",0.145456128962369,0.0231702221277968,-0.0150952209389894,0.0490852491174801,0.17300846699994,0.226421761003299,-0.321291045509754,-0.313952606868073,-0.293151026104565,0.299984204489589,0.199217158486111,0.175462762434208,0.0153411464924996,0.31586210633621,0.241144076182972,0.0036392624112955,0.0509658348224884
"GOBP_POSITIVE_REGULATION_OF_CELLULAR_RESPONSE_TO_TRANSFORMING_GROWTH_FACTOR_BETA_STIMULUS",0.0783773406185211,0.0473840109377342,-0.024203993349219,0.440595816460265,0.260380053423232,0.132557833955695,-0.413099492761476,-0.357286705021435,-0.259768867536441,0.392942554803119,0.358175316445623,0.12588457293289,0.00354194017465241,0.911580756965335,0.0997268233793743,0.00642836061940589,0.0772730680603595
"GOBP_EXTRAEMBRYONIC_MEMBRANE_DEVELOPMENT",0.352498926186614,0.31476879986261,0.00175660357904603,0.302945466119278,-0.00979871746301186,0.51071926098226,-0.424408682529161,-0.632560461918737,-0.642131364089529,0.348745761706559,0.227290536211272,0.45450168079853,0.00648347711549273,0.680826957923548,0.82353371489976,0.0007329519588403,0.414716678827259
"GOBP_NEGATIVE_REGULATION_OF_IRE1_MEDIATED_UNFOLDED_PROTEIN_RESPONSE",0.44643633435437,0.586200029818341,0.459319913331538,0.0256942044013397,0.20363254611844,0.56448911730319,-0.763682451894957,-0.691170257709834,-0.672619733455906,0.566464468473527,0.469332104313149,0.780312632023669,8.40354629359861e-05,0.153826824483121,0.277042036159621,0.00263560970273168,0.370211331438075
"GOBP_POSITIVE_REGULATION_OF_IRE1_MEDIATED_UNFOLDED_PROTEIN_RESPONSE",0.435875003897325,0.0684343231197251,0.289838433521293,0.234544979080543,0.222459334465033,0.303606182213455,-0.433651541992459,-0.495100583526126,-0.718494334550389,0.511183770865976,0.448588438640067,0.579767589763243,0.00465355575530515,0.00702459719404227,0.927330876213086,0.00226375147949122,0.133953997807534
"GOBP_POSITIVE_REGULATION_OF_VIRAL_LIFE_CYCLE",0.0272540612772719,0.0794945206996863,-0.156378280450592,-0.303051163584215,0.258254625583755,0.271000604302406,-0.384843204402242,-0.479624521703435,-0.336056461890835,0.482115546887617,0.159494545973968,0.041270673231887,0.0160849905307898,0.549311084931039,0.685224223528589,0.0316878227589815,0.199343921156218
"GOBP_REGULATION_OF_ESTABLISHMENT_OF_T_CELL_POLARITY",0.301269492524806,0.57514503238981,0.607047484319828,0.33985655517382,0.357359577563104,0.348683815606902,-0.763596558611548,-0.679920718534387,-0.737795980186074,0.417058315941955,0.427907512674737,0.477726844897561,0.00415480971328343,0.0314278808037588,0.271548021813002,6.06878082172818e-06,0.638665547944301
"GOBP_NEGATIVE_REGULATION_OF_ENDOPLASMIC_RETICULUM_STRESS_INDUCED_EIF2_ALPHA_PHOSPHORYLATION",0.457349156969009,0.130737028075385,0.0289635902752624,0.236580225675341,0.116641702193002,0.593770403656443,-0.810730882973781,-0.702500288051246,-0.771248607750121,0.414433922479384,0.612743403617982,0.714236534761955,0.0134081797361489,0.204680788618067,0.599483146566333,0.00179820406439937,0.0832305375762284
"GOBP_REGULATION_OF_HEPATOCYTE_APOPTOTIC_PROCESS",0.649544457736215,0.197993535982662,0.0563154454535216,0.0266034034244023,0.457936021480562,0.450554101504334,-0.707317073171481,-0.621317457269721,-0.64030678403556,0.360331606211465,0.407067409256692,0.599865558827596,0.0309263036614625,0.435304835841368,0.965972847361483,0.00184652641301275,0.489532276057751
"GOBP_NEGATIVE_REGULATION_OF_HEPATOCYTE_APOPTOTIC_PROCESS",0.628631586262214,0.0986283572445243,0.0556109378006257,-0.0749468480685743,0.449260401855753,0.52951905480319,-0.707289906284089,-0.621293593486131,-0.63044677602197,0.318841531247853,0.384390843447533,0.576947290753726,0.0358686203501804,0.588605568636028,0.886155144424778,0.00231127982045151,0.474145410003986
"GOBP_REGULATION_OF_MICROGLIAL_CELL_ACTIVATION",0.366180897186745,0.165326275027191,0.324688467135826,0.0379286047509436,0.18380795964057,0.0486172480929569,-0.483105200444336,-0.208221007490111,-0.100350228383659,0.281481375426039,0.0766996430681803,0.328338359942475,0.0229045736050744,0.214347138064958,0.0687279133271794,0.0287315080841347,0.598366390217897
"GOBP_NEGATIVE_REGULATION_OF_MICROGLIAL_CELL_ACTIVATION",0.312032432917212,0.52055990551094,0.558759226515904,0.216391567700251,0.286866475560444,-0.0831495683010699,-0.637462384049876,-0.538802089814569,-0.430415521075669,0.581094791489512,0.412907644780116,0.327890423508152,0.00067565641255006,0.101743929440241,0.0863148634639708,0.000646825554188624,0.839041812314424
"GOBP_REGULATION_OF_NON_MEMBRANE_SPANNING_PROTEIN_TYROSINE_KINASE_ACTIVITY",0.527320096223877,0.33970814934786,0.44430101352663,0.0919809509178903,-0.473756546234938,-0.387043567577256,-0.577018161684771,-0.0578334524642977,-0.520504917027295,0.696896499389299,0.360941014835777,0.667075319564751,0.028051274638462,0.0227551007985423,0.048439197292869,0.0117899801140879,0.335951715025185
"GOBP_RESPONSE_TO_THYROGLOBULIN_TRIIODOTHYRONINE",0.272370863417117,0.355760206004222,0.0709044835270098,0.436100900834062,0.668817452087497,0.0294580238221125,-0.666906335744522,-0.599472446954515,-0.743228965582186,0.402222923512777,0.49591297460637,0.331067937086566,0.00272353862304573,0.883302281190151,0.53376276702613,7.90411192883768e-05,0.161708365192707
"GOBP_POSITIVE_REGULATION_OF_VASCULATURE_DEVELOPMENT",0.0588754640423911,0.100530767846096,0.18637767691593,0.225510432147244,0.0303369156878327,0.0750316741278314,-0.271750188891308,-0.232082902707875,-0.175175695606066,0.112133023964946,0.243454447159038,0.0416009002594818,0.00252515588549426,0.804465142686257,0.947370361314527,0.013578860407654,0.820848043143639
"GOBP_EPITHELIAL_CELL_APOPTOTIC_PROCESS",0.0685807457167706,-0.0306808206836953,-0.0607789467670289,-0.0519602709350893,0.132923147348479,0.123725219533372,-0.29889710882296,-0.226136499884322,-0.179097967325221,0.13479531972775,0.0762837996728115,0.125221084280127,0.0126368758376488,0.547436738148686,0.35896321001215,0.00303033460279431,0.073991835252123
"GOBP_NEGATIVE_REGULATION_OF_CYCLIN_DEPENDENT_PROTEIN_KINASE_ACTIVITY",-0.0588650249465735,-0.0399879056474552,-0.180955693474179,0.106862268901252,-0.0668053677641288,0.215080676431796,-0.300367757229533,-0.233987376129026,-0.407701126676723,0.339170847802242,0.243504494749718,0.029900282032945,0.0311516501818696,0.387705739256461,0.149682071681412,0.0143285688243254,0.063986220231922
"GOBP_POSITIVE_REGULATION_OF_SENSORY_PERCEPTION_OF_PAIN",0.0985863502658745,0.569374080690255,0.4299341634522,0.00750232207118079,0.0876655575303175,-0.234660461716919,-0.58461565356575,-0.20254611792908,-0.733247304010274,0.491835521357342,0.546527525731641,0.358411352269313,0.0148510493781848,0.0170005545458071,0.0800291908786695,0.0166933244978498,0.561149639997084
"GOBP_MICROGLIAL_CELL_MIGRATION",-0.390185399374652,-0.581542949996703,-0.429740798892441,-0.0638155419791612,0.492610755169905,0.485203947257703,0.131893638013068,0.258074106437229,-0.0281501890484584,-0.172233880893453,-0.471328759874936,-0.364869289207865,0.00607769295729306,0.0550843347736962,0.0421665998288724,0.0193682845817304,0.290111259457013
"GOBP_REGULATION_OF_PYRUVATE_DEHYDROGENASE_ACTIVITY",0.144545711351336,0.339852785049176,0.0379473401412646,0.308340806339345,-0.0672593609668223,0.120775255212228,-0.219965957206577,-0.134328962630256,-0.421513539344024,0.237685387076176,0.200069522126303,0.208393865324264,0.024373893843346,0.474663835518801,0.72235821079334,0.028931631695752,0.687561582757914
"GOBP_POSITIVE_REGULATION_OF_BASEMENT_MEMBRANE_ASSEMBLY_INVOLVED_IN_EMBRYONIC_BODY_MORPHOGENESIS",0.608979529131703,0.454351811921708,0.615888515010745,0.0451218513105199,0.171720887196754,-0.12631759933119,-0.556766665539167,-0.619393995739644,-0.427156455974154,0.54979712061009,0.688372175782594,0.163422577830028,0.000149725397643052,0.0896815368324884,0.0105743261081474,0.015111032694151,0.623448165285459
"GOBP_POSITIVE_REGULATION_OF_DOPAMINERGIC_NEURON_DIFFERENTIATION",-0.342244964694852,-0.416472071266392,-0.344004502664412,-0.449975035526101,-0.294097001419248,-0.153442910078729,0.710400110793525,0.552940214597333,0.717420834450978,0.0548007058289482,-0.578505303061776,-0.550273390692527,0.000617879727937985,0.811490381104104,0.512853447826702,0.0320177738406104,0.967344104731178
"GOBP_REGULATION_OF_PROTEIN_CATABOLIC_PROCESS_IN_THE_VACUOLE",0.451482322659264,0.331152618110023,0.23549799087419,0.331160554469419,0.0488411296624047,-0.149906703243456,-0.521964414883683,-0.495788987410532,-0.594966897883699,0.590263893564275,0.34391745646013,0.143918915622972,0.00133901579155609,0.211670139613953,0.191842563752669,0.0161802391954509,0.898292544316718
"GOBP_NEGATIVE_REGULATION_OF_PROTEIN_CATABOLIC_PROCESS_IN_THE_VACUOLE",0.54616793253646,0.449812083040595,0.443753980919795,0.68024526615827,0.214262132222646,0.0720125346648747,-0.773439681122399,-0.802358182585932,-0.628182970387916,0.58494766586694,0.595453436019543,0.400110039668596,0.000160011964160889,0.384229835666041,0.48230927789538,0.000130827178300796,0.558669796613805
"GOBP_NEGATIVE_REGULATION_OF_TELOMERE_CAPPING",0.393191131656342,0.154116465315052,0.412303200485994,0.524078897275342,-0.00110829838437115,0.177717145676763,-0.740919463710048,-0.552478660264833,-0.554507962630443,0.544861251128097,0.248400024999897,0.590498178609641,0.00117893813057955,0.299445943054129,0.655196501157678,0.00244441963800522,0.359519264343325
"GOBP_NEGATIVE_REGULATION_OF_PROTEIN_LOCALIZATION_TO_CELL_PERIPHERY",0.0216358881012297,0.150998459358231,0.244509641446271,0.0202191232140527,0.347040489616178,0.445665259066888,-0.412750407012331,-0.532033331874712,-0.570985756009983,0.452044688342377,0.223960063799018,0.193048345193669,0.00184878947019799,0.909171060450568,0.427882116761301,0.00269400484373582,0.225188349374344
"GOBP_POSITIVE_REGULATION_OF_PROTEIN_LOCALIZATION_TO_CELL_PERIPHERY",0.125614565022204,0.131996682618417,-0.0914057383239623,0.0891842795608628,-0.159868523830887,0.264730872758011,-0.354852081891534,-0.438311397581825,-0.378778721025604,0.353254730679902,0.332383391907278,0.338361308647228,0.0177338845242478,0.153456656910314,0.952166602352419,0.000627387379373248,0.059094182376994
"GOBP_NEGATIVE_REGULATION_OF_NITRIC_OXIDE_METABOLIC_PROCESS",0.407258033952479,0.208096195041699,0.216171613358088,-0.0818114941527558,-0.0779923254822284,0.368430495759496,-0.441607416835161,-0.172597755977786,-0.266978508687922,0.352493125552339,0.200027646953222,0.144539740235163,0.00558630340323258,0.396708621355785,0.300301177473523,0.00731920357245324,0.644674219546089
"GOBP_REGULATION_OF_MICROTUBULE_BINDING",0.110026025008652,-0.066993614373597,0.0267247776983086,0.121706290873123,0.309404173182388,-0.0617809022597491,-0.426190277771638,-0.392519182753173,-0.552201578057522,0.3993411677416,0.15483882308208,0.517612404005476,0.00245572636094097,0.196627654467885,0.46468713766531,0.00769988196915427,0.0702038104893669
"GOBP_RESPONSE_TO_GLYCOPROTEIN",0.566601612002214,0.441957481350674,0.586504005510362,-0.126777581932743,-0.144175792336519,-0.142231680178694,-0.0290086144937955,-0.499059616717656,-0.477938919609781,0.224035372482288,0.38416150538364,0.512728085009936,0.0225502122169591,0.025221483632749,0.00407951800683275,0.0254213435976687,0.192274747837739
"GOBP_RESPONSE_TO_AMYLOID_BETA",0.336174372819756,0.283977626722651,0.298656660212113,0.0246224810632128,0.0173443206226702,-0.00941167941097992,-0.277700426984113,-0.252529699304988,-0.183408665862045,0.0858874015582695,0.296158104932538,0.286900688068174,0.000362982765776353,0.0874250070513996,0.00022866637948702,0.0118981539631414,0.348283090488941
"GOBP_CELLULAR_RESPONSE_TO_AMYLOID_BETA",0.285529200380969,0.195402965526764,0.245167075590407,0.0108519925767886,-0.0391683607160211,0.0992774996714953,-0.269138077079084,-0.267463006986977,-0.185668717364307,0.138759553990885,0.274205778522641,0.310673330613745,0.000223352343587775,0.0330710570487298,0.015091614930161,0.00371619300063709,0.989699953915192
"GOBP_POSITIVE_REGULATION_OF_UBIQUITIN_PROTEIN_LIGASE_ACTIVITY",0.327698477773675,0.507196491880302,0.353141007984175,-0.0880833491986531,0.276220461342449,0.145710996955296,-0.416939893260127,-0.40126519430024,-0.643494419776974,0.36681346352998,0.26967304530034,-0.141363669439667,0.00122950794717212,0.791638492579203,0.098171705262924,0.034277551309179,0.273566856836909
"GOBP_POSITIVE_REGULATION_OF_METALLOENDOPEPTIDASE_ACTIVITY",0.670775729646704,0.678225806451651,0.495468509984633,0.333026113671383,0.366901380391413,0.214285714285906,-0.676152073732842,-0.88172043010779,-0.713517665130725,0.736635944700496,0.69846390168972,0.501651305683643,9.64160634483881e-05,0.0230595440457036,0.0167286359136804,0.000147089806296842,0.760887949973722
"GOBP_NEGATIVE_REGULATION_OF_VASCULAR_ASSOCIATED_SMOOTH_MUSCLE_CELL_PROLIFERATION",0.197081501072052,0.028775491484404,0.150008205890644,0.041672220683349,0.0192844192287472,0.282913353580614,-0.208121613341704,-0.211581543045776,-0.381163742125584,0.206948317326098,0.246926946428734,0.197979415433243,0.00700004366666751,0.347477589793043,0.919836695494965,0.00979285312225806,0.20146686372272
"GOBP_REGULATION_OF_MYOFIBROBLAST_DIFFERENTIATION",0.245407441172042,0.0498745834495106,0.136234525334325,0.514244963244788,0.39112737520401,0.3640837193988,-0.677515010352136,-0.594884203248928,-0.433525406671562,0.0825756228102844,0.200769924351582,0.596843482217889,0.00179857762775788,0.496657351542163,0.0201180680296749,0.0176089788034155,0.444040499997106
"GOBP_REGULATION_OF_PROTEIN_LOCALIZATION_TO_CELL_CORTEX",0.262404899981941,0.462495424211968,0.231414335278834,0.453069419240501,0.12826028502282,0.670702589795782,-0.731908576085127,-0.663066716235675,-0.699753754716779,0.499431150205761,0.167556562824077,0.185066734112054,0.00304404801560823,0.528226971689812,0.612063351164545,0.00992373094616994,0.804046721090048
"GOBP_POSITIVE_REGULATION_OF_PROTEIN_LOCALIZATION_TO_CELL_CORTEX",0.275413351793034,0.365659526696206,-0.0657696938535927,0.503960045640789,-0.050699032109242,0.627452297330792,-0.767744661238811,-0.702066369642535,-0.749193424489662,0.533317696912043,0.440351820556194,0.712382071024978,0.0175694197747667,0.442646040979976,0.538319614166246,0.00241109531015085,0.0873316548145929
"GOBP_REGULATION_OF_PROTEIN_LOCALIZATION_TO_CENTROSOME",0.186192134635672,0.443794025426955,0.355487188942473,-0.0364040703062238,0.123337998403105,0.19681796909336,-0.669543474843387,-0.595743708629921,-0.685102785299978,0.503832067506809,0.421997914860385,0.529372499666206,0.00263766790515688,0.0163102227717965,0.0846174815380576,1.45976244857675e-05,0.162733445463147
"GOBP_POSITIVE_REGULATION_OF_PROTEIN_LOCALIZATION_TO_CENTROSOME",0.215101749523433,0.678770191675762,0.413815667092042,0.0337622431342874,0.17618584141817,-0.0432380584482457,-0.703406021197517,-0.686191665066984,-0.636489341272065,0.51095902093728,0.465896147668431,0.563372024946501,0.0128237126299542,0.00960263100848182,0.0873807089347279,1.11567201864038e-05,0.625002109506389
"GOBP_REGULATION_OF_CELL_CHEMOTAXIS_TO_FIBROBLAST_GROWTH_FACTOR",0.109152998145729,-0.257711456859882,-0.124855328355913,0.0785528900380009,0.530785656051501,-0.295139059421791,0.163834974790872,0.540435626000323,0.614771106722243,-0.616411466467827,-0.0144626522237196,-0.532907417118248,0.042726640923186,0.18436471592612,0.512602673326905,0.0276562250599739,0.259638785541221
"GOBP_POSITIVE_REGULATION_OF_ESTABLISHMENT_OF_PROTEIN_LOCALIZATION_TO_TELOMERE",0.413125526056489,0.116821888043418,0.0989276342620684,-0.46391193744437,0.38338115560052,0.614375500306485,-0.590782102002616,-0.63324904964119,-0.709041954675136,0.611368716018399,0.0758120604304066,0.597063745358166,0.00828007804283436,0.548655121411363,0.933661081206077,0.0225194024540596,0.357224260265962
"GOBP_POSITIVE_REGULATION_OF_TELOMERASE_RNA_LOCALIZATION_TO_CAJAL_BODY",0.279034036306939,0.222635206573754,0.0149140466272973,-0.280364437157084,0.501296190106715,0.528008983586727,-0.551239424877171,-0.682312904794078,-0.711735737467368,0.53790697658074,0.225109249132706,0.353317052559898,0.00212849801772711,0.697511250861142,0.802396926202057,0.00195564922570543,0.175474382254868
"GOBP_NEGATIVE_REGULATION_OF_CALCIUM_ION_TRANSMEMBRANE_TRANSPORT_VIA_HIGH_VOLTAGE_GATED_CALCIUM_CHANNEL",0.082327983933106,-0.239756500514875,-0.324634018732564,0.735693985713118,0.566210415967285,0.483377784103594,-0.702025766840748,-0.554881327290938,-0.752783562310957,0.105461248943643,0.236753983432313,-0.0448491305835212,0.0367756128280423,0.01100605641987,0.0109102700212977,0.0022451779933072,0.165835418133021
"GOBP_CRANIAL_SKELETAL_SYSTEM_DEVELOPMENT",0.298676245007835,0.141943597612005,0.149270011756641,0.217433221628031,0.205946819642305,0.268408146712572,-0.421486641541095,-0.294563482455047,-0.194337224202289,0.0181248687193155,0.225253640027419,0.102296629989148,0.00466046608836496,0.187449043270965,0.584645530979509,0.00948809100305056,0.36189309471221
"GOBP_REGULATION_OF_AUTOPHAGY_OF_MITOCHONDRION_IN_RESPONSE_TO_MITOCHONDRIAL_DEPOLARIZATION",-0.159883396339033,0.269419172185221,0.27574912616976,-0.136086328088586,-0.0377690872321858,0.332614119067553,-0.429692705418729,-0.571716029915291,-0.529657843731059,0.693382782870621,0.405990734631969,0.158113630866195,0.0385063032888516,0.157222911237897,0.728595501460485,0.0205257056291538,0.241431101873929
"GOBP_REGULATION_OF_MIDBRAIN_DOPAMINERGIC_NEURON_DIFFERENTIATION",-0.310132499500719,-0.22551245738378,-0.541569931177165,-0.255994780410805,-0.258000507887426,0.307766281417625,0.570931977385968,0.584240300328762,0.433708707743352,0.0350422704306904,-0.22833658228915,-0.50673145244664,0.00368601860584498,0.539278345768319,0.26340211643293,0.0306399877641065,0.53683541035648
"GOBP_REGULATION_OF_ENDOSOME_ORGANIZATION",0.586895571686518,0.573585663877747,0.438110332843602,0.1753229796022,-0.045904500983768,0.549198764569582,-0.732380842646653,-0.719552943887169,-0.765449168490616,0.521448982482273,0.482932949464223,0.476349678467563,0.00065322585648608,0.26308960004333,0.214203099266115,3.87773030587276e-07,0.500233641791198
"GOBP_REGULATION_OF_LEUKOCYTE_ADHESION_TO_VASCULAR_ENDOTHELIAL_CELL",-0.0551627268083792,0.270263828665014,0.0248194036522263,0.00667996071907531,0.110928796116643,0.0797234273476725,-0.378182108121051,-0.274309547152779,-0.160609048998474,0.197390889667685,0.205098267476545,0.162170842791172,0.0482722351407599,0.0421505390898474,0.900799578396741,0.0150439444108068,0.38410763986942
"GOBP_REGULATION_OF_EPITHELIAL_TO_MESENCHYMAL_TRANSITION_INVOLVED_IN_ENDOCARDIAL_CUSHION_FORMATION",0.567664252099874,0.46752892827101,0.586779888376517,-0.0686025966044361,0.355388692482505,0.261981602685178,-0.497586455907533,-0.601520943918293,-0.587535798283744,0.490125826617882,0.492029138036482,-0.0418197620472981,2.68164511866429e-05,0.586705907276649,0.0989213832600043,0.0351050347175316,0.328391055887794
"GOBP_POSITIVE_REGULATION_OF_EPITHELIAL_TO_MESENCHYMAL_TRANSITION_INVOLVED_IN_ENDOCARDIAL_CUSHION_FORMATION",0.628682259861047,0.61876336679467,0.6980505193005,0.0699005261742011,0.0713027183154163,0.327052338352245,-0.80093712793289,-0.761899276262555,-0.625054470458727,0.541929460680659,0.791719476130153,0.60083908403283,0.000248345925105961,0.0132004629542186,0.0217841312219797,0.000230690211019219,0.966664938415299
"GOBP_REGULATION_OF_METALLOPEPTIDASE_ACTIVITY",0.191172739801845,0.190448556115359,-0.0662114761635837,-0.114298230859958,0.149377464836685,0.344563276512404,-0.321141862383848,-0.332902204871303,-0.342163523631353,0.329704690271617,0.440902434313375,0.233385566415068,0.0357433528956048,0.255590881611048,0.899910061650087,0.0075079007211291,0.101134567157575
"GOBP_CELL_SURFACE_RECEPTOR_SIGNALING_PATHWAY_INVOLVED_IN_CELL_CELL_SIGNALING",0.0481465964004631,0.0620549266614307,-0.0315554027932786,0.153801380562809,0.17676781741341,0.184300155887577,-0.265689762466517,-0.217886907672068,-0.188036454711579,0.161016879746551,0.133789451908562,0.0695006385831612,0.00306666820260237,0.19811477108846,0.028897153384414,0.000716929805423491,0.0754570132712357
"GOBP_LYSOSOMAL_PROTEIN_CATABOLIC_PROCESS",0.462724004062822,0.263951789100669,0.100032204665971,-0.107947021020596,-0.265555449691382,-0.222445666555106,-0.413853667357559,-0.347544663897264,-0.464362398685097,0.533965208577235,0.440824345805012,0.240996831221962,0.0155113370238902,0.00798334100038644,0.0299923904712098,0.00533821700577354,0.395743040313784
"GOBP_REGULATION_OF_MEMBRANE_INVAGINATION",0.371817102039492,0.434721085121937,0.2265326352657,0.0467031476660928,0.192138348696463,0.185149341315195,-0.523942512073556,-0.451064437035061,-0.559427522558464,0.377941871197652,0.349513145380951,0.206398563414723,0.00115062249816339,0.0760680004999771,0.0632980700642666,0.000580303597975734,0.705592757661318
"GOBP_REGULATION_OF_LYSOSOMAL_PROTEIN_CATABOLIC_PROCESS",0.410056183838921,0.299857745683703,0.193386044879665,0.360419151949507,-0.104055204962977,-0.201336368272422,-0.495338364894651,-0.469917283073747,-0.556377289847712,0.621030341121499,0.423124653724793,0.264592064689589,0.00220764546225523,0.122743102365839,0.239376606421617,0.00856663642700883,0.337360335387056
"GOBP_POSITIVE_REGULATION_OF_RNA_BINDING",0.149809316321062,-0.0547214268829903,-0.00893223674711621,0.0234278891251026,0.0629969653900952,0.421860517890761,-0.42238633627562,-0.576436052313819,-0.526122783560198,0.343735307060436,0.628575672852424,0.26739604938544,0.00302835976847581,0.221146507854315,0.394239737430643,0.00673206190296936,0.0520051166564833
"GOBP_SEMI_LUNAR_VALVE_DEVELOPMENT",0.11793924260767,0.198082653545981,0.161994397284536,0.280586449034328,0.175370182697939,0.16256738144957,-0.328110948415565,-0.431273811422542,-0.241630615344048,-0.0124422602332758,0.300441617322069,0.148948398700274,0.00544759394276245,0.584708743267186,0.357855247997343,0.0163228012802268,0.895358831507568
"GOBP_TELOMERASE_HOLOENZYME_COMPLEX_ASSEMBLY",0.604771691895342,0.2212277281773,0.201772396811092,-0.181845019664098,0.0611913758483625,0.405323398371501,-0.633699493009993,-0.650788905123506,-0.700837302197395,0.238674535073764,0.442771547088641,0.542222129010714,0.0149431675609299,0.201468638313984,0.317331864400203,0.00504877871984132,0.704563793331937
"GOBP_NEGATIVE_REGULATION_OF_VASCULAR_ASSOCIATED_SMOOTH_MUSCLE_CELL_APOPTOTIC_PROCESS",0.24198564544565,0.471948625586688,0.496542522580926,0.339865878151103,-0.219999422157084,0.161808196028648,-0.439476817253496,-0.415453985880918,-0.578933781421845,0.263321925957526,0.159930797238818,0.673231754864272,0.00167804012940888,0.298998804533766,0.193770113730916,0.0239555642738471,0.843322623355023
"GOBP_NEGATIVE_REGULATION_OF_VASCULAR_ENDOTHELIAL_CELL_PROLIFERATION",-0.111640768551863,-0.0712989810099323,-0.286666078986082,0.00555189315434956,0.0947932958805167,-0.518384804921697,0.316562006969837,0.399049577856206,0.31046355378155,-0.122008610317246,-0.262931009860625,-0.21349138036769,0.00839747743644646,0.785443069955416,0.938706358276164,0.000763000339393775,0.616221833438648
"GOBP_REGULATION_OF_PROTEIN_LOCALIZATION_TO_ENDOSOME",0.293240895798986,0.0956463544641713,0.241050809612578,0.0470921627708217,0.0992675150980675,0.414327506711523,-0.587685518363609,-0.602961292650095,-0.579103493874882,0.427590379605189,0.497145236169253,0.122241248052145,0.00492891555119733,0.375042669047436,0.869459073030494,0.0144461185068221,0.361839105306307
"GOBP_REGULATION_OF_LYSOSOME_ORGANIZATION",0.571474023940876,0.689480354879641,0.578853999553,0.482684928771923,0.137189384337573,0.369006033445207,-0.693781925720684,-0.737047882834382,-0.653915581671864,0.545006452747243,0.564005069708549,0.727687090592813,3.67913981181755e-05,0.0898327627321168,0.0939561588881695,0.00049953012671376,0.988906808134897
"GOBP_REGULATION_OF_PLASMA_MEMBRANE_REPAIR",-0.0484713434029575,0.446377567217399,0.165208996055983,0.517214305463303,0.585058574995112,0.0707663417827067,-0.57312593691257,-0.567133537778679,-0.649877244689446,0.342884842670865,0.263468627612799,0.222752522782634,0.0283481553034251,0.553798262536096,0.400105014300336,6.63540596775766e-05,0.603134910933773
"GOBP_NEGATIVE_REGULATION_OF_MEMBRANE_PERMEABILITY",0.090191896501271,0.00510398842591239,0.138007586123175,-0.204062797630352,-0.150664868956854,-0.0349430355170529,-0.31035293716668,-0.404160788021079,-0.49002329547562,0.387578223677879,0.106858057332712,-0.0959572530937537,0.00239169820687889,0.193736805154018,0.0331571175573945,0.0488425899101559,0.737137654812852
"GOBP_POSITIVE_REGULATION_OF_MEMBRANE_PERMEABILITY",-0.151173586361604,0.0160652155561638,-0.157922308455097,-0.0954959434953039,-0.0644803843233456,0.0887054641440113,-0.288813299868938,-0.236243280745259,-0.406740642679095,0.476587561560359,0.387992219322058,0.0542809625680429,0.0495784854320309,0.108292966750948,0.410441609881227,0.0280845221973953,0.0707199194579787
"GOBP_POSITIVE_REGULATION_OF_CHROMOSOME_CONDENSATION",0.54167800989344,0.28127322610299,0.129445528753769,-0.217673106183745,0.354995862794718,0.527450390058571,-0.44013768117939,-0.575968689930993,-0.571241159609547,-0.101709052275264,-0.115256543928919,-0.109433068058203,0.0116913164226201,0.280022532422783,0.731865861169869,0.0105736146823073,0.0711620893399122
"GOBP_POSITIVE_REGULATION_OF_AMYLOID_FIBRIL_FORMATION",0.506471559703518,0.517503407670026,0.5594690344878,0.215339638651328,-0.401610920723124,0.102803851759127,-0.479208135945529,-0.514263002401783,-0.343272168386892,0.54842204780307,0.531640935370235,0.060984879412962,0.00136948795760922,0.177203235158961,0.098419487953225,0.0261664570486263,0.453694187819932
"GOBP_REGULATION_OF_CALCIUM_ION_EXPORT_ACROSS_PLASMA_MEMBRANE",0.408623940937504,0.176398095325379,-0.0846338698378458,0.0626032184967524,0.124399892460665,0.335844827979684,-0.57019882043625,-0.538789126662727,-0.656769641320824,0.519337753156445,0.405734608317746,0.615405337668604,0.0279303330373067,0.0338291034236046,0.966434838630721,0.00037664621955924,0.120849810458563
"GOBP_REGULATION_OF_LIPID_LOCALIZATION",0.148365193763614,0.134884214237998,0.136506378456379,0.0601573876875839,0.156426881045139,0.226553742693254,-0.307266026930033,-0.241037639954108,-0.256826480792266,0.281071317350061,0.142975915914762,0.00641923719976722,0.0016389388511376,0.966312832364655,0.886704531183683,0.0289851501556342,0.968200024624223
"GOBP_NEGATIVE_REGULATION_OF_LIPID_LOCALIZATION",0.128811781594415,0.100235664621254,0.230527177792925,-0.0677342531246198,0.088310264441752,0.271131295349206,-0.290652898255159,-0.195847093591623,-0.0944398626244528,0.263762615868081,0.0995503815609946,0.108470144818435,0.00987307795758048,0.626699373299187,0.637557112746929,0.0108250732763196,0.954286986095813
"GOBP_ACTIVATION_OF_PROTEIN_KINASE_C_ACTIVITY",0.628002089759991,0.524277023739484,0.773600122897204,0.351255856824547,0.320916152094571,0.125914921310773,-0.584999952335506,-0.735408551915546,-0.769679330933885,0.62718215648191,0.407182193522343,0.168384464178045,0.000183267612740513,0.434107306166705,0.0204989854341727,0.00664483610215843,0.205779741495643
"GOBP_RESPONSE_TO_NERVE_GROWTH_FACTOR",0.042108511063849,0.135795454427707,0.0416645397249788,0.0740650888003011,0.156156707870244,0.106716668626447,-0.363028803228699,-0.247432875800871,-0.340428220307511,0.160656341692759,0.0999411140854505,0.345182070909534,0.0012483696378691,0.349129289449132,0.380157356405747,0.00899559656169672,0.216386566597483
"GOBP_INTRINSIC_APOPTOTIC_SIGNALING_PATHWAY_IN_RESPONSE_TO_HYPOXIA",0.454855723026915,0.603528709089438,0.266473847023019,-0.0639140043520116,-0.195785055651525,0.0481341039333189,-0.557166119788115,-0.673547949512538,-0.367333381235116,0.674641622995114,0.559615938571315,0.448469250566641,0.00186172553090798,0.00283196012371233,0.0159780972501591,0.000897708826839522,0.374581965843285
"GOBP_PROTEIN_LOCALIZATION_TO_NUCLEOPLASM",0.209996123939382,-0.0929305418006455,-0.161075344826351,-0.311558454643461,0.270399828268675,0.597859795299162,-0.393493734755636,-0.53192221886071,-0.648541979011372,0.522990608504557,0.0761009988032655,0.438259722212985,0.0262141163614645,0.629518315293395,0.543486861896195,0.0106278248917143,0.115587016916885
"GOBP_PEPTIDYL_TYROSINE_DEPHOSPHORYLATION_INVOLVED_IN_INACTIVATION_OF_PROTEIN_KINASE_ACTIVITY",0.406763976581611,0.701248319569763,0.383786420268282,0.272647565761408,-0.025121043631195,0.0109832571377071,-0.659045354055699,-0.370123557573152,-0.245708251312507,0.188023367068149,0.00658677125693377,0.294665422202476,0.0048914578649391,0.57485899204424,0.0418047911103408,0.0210679360614821,0.0673094732697954
"GOBP_NEUTROPHIL_MIGRATION",0.0547869690858749,0.121145784854071,0.142671327706342,-0.0762849273498002,0.0565432805222085,0.0935084007609775,-0.294941186639668,-0.235702390710501,-0.338242637721728,0.348120819907135,0.170385114386669,0.207902559671476,0.000612625419733028,0.0437362746142016,0.25416768729919,0.00287077935503867,0.112057045877145
"GOBP_NEURON_PROJECTION_MAINTENANCE",0.426367178396909,0.299866715394045,0.0562058794789243,0.180811873158688,0.234277883407644,0.436044265820339,-0.672474281730141,-0.378282171979676,-0.453179074720726,0.325653618851309,0.230473514127718,0.441990004724243,0.00621324197311385,0.647642305532462,0.873021705079994,0.00235383800963132,0.602756353867081
"GOBP_UDP_N_ACETYLGLUCOSAMINE_TRANSMEMBRANE_TRANSPORT",0.46728279867222,0.184240140410918,0.00912210522271001,-0.0827885926944548,-0.0452064086057613,0.409748423745957,-0.504958981629011,-0.51046924085744,-0.362076940984881,0.176901910304097,0.258235310394589,0.188467152952778,0.0255357476301945,0.547759223055295,0.575716091925488,0.0011605919762115,0.93537759564515
"GOBP_PRESYNAPTIC_ACTIVE_ZONE_ORGANIZATION",0.19014481880493,0.316871697705492,0.0838860604687199,-0.0438812890043571,-0.461401607216918,0.0821813333460174,-0.304141844489748,-0.5741571649364,-0.296781986254722,0.251194323859515,0.546533512579019,0.250848754318139,0.00821316756620764,0.0761994657014135,0.164925770098876,0.00534874364131364,0.278561069059682
"GOBP_PROTEIN_SIALYLATION",0.0806936482213272,0.728679616785966,0.13240549064012,0.0318777124860032,0.550439153981801,0.567702190017931,-0.580182405346452,-0.710990922412191,-0.222110525180628,0.0763093933239969,0.366382074576125,-0.0811960058588744,0.037691006367146,0.301797915295341,0.811671741102209,0.0339735129832052,0.482872027096235
"GOBP_RESPONSE_TO_ANGIOTENSIN",0.088020559266153,-0.0927744031768369,0.0182728142279527,0.321746289726703,0.0933947532743238,0.279184239492911,-0.407891612936673,-0.220720603714785,-0.303600055314451,0.0716963147319571,0.220339710122604,0.250590057979854,0.0140063115415111,0.602964717977955,0.0654909781352912,0.00315048788865665,0.0821577232415137
"GOBP_RESPONSE_TO_LECTIN",0.416383820247929,0.158286355311305,0.15498191906784,-0.263604700798517,0.0465359555417105,0.183217002808672,-0.444504016858615,-0.455358701166869,-0.536269553305854,0.50786438142937,0.430335828206195,0.408231409998918,0.00850351335292628,0.0669446166681223,0.193760163245265,2.48728334679443e-05,0.129270794556475
"GOBP_ADAPTIVE_THERMOGENESIS",0.189633350423634,0.122090896259335,0.0750534793159922,0.0332470280512022,0.076886909697524,0.045331433427471,-0.37534813933613,-0.324567699836123,-0.329455071802348,0.365838458744629,0.254729831375201,0.217427736401113,0.00123261263596403,0.0283988830090748,0.133463278437366,0.00220141531247637,0.0585457999840064
"GOBP_RESPONSE_TO_CHEMOKINE",-0.026683852385249,0.151915799586262,0.118623652866306,0.207306707514052,0.048824284891106,-0.0472176224274687,-0.269229989490117,-0.154509120327657,-0.162885918773323,0.167383800071612,0.0343196887459114,0.112953786804419,0.0181857115737732,0.701793945490226,0.90613520646543,0.00495002331252899,0.744585860192712
"GOBP_VASCULAR_ASSOCIATED_SMOOTH_MUSCLE_CELL_PROLIFERATION",-0.0206670156034573,-0.013120331176302,-0.0756577204920228,0.0999177671893181,0.0170027997792839,0.327692922132776,-0.279259874356706,-0.2781876728898,-0.214359067897046,0.021762946225893,0.258303081571734,0.163156539406945,0.00167317186237208,0.997005905652575,0.180578460429177,0.0199538542994827,0.105984473605814
"GOBP_XENOBIOTIC_TRANSPORT_ACROSS_BLOOD_BRAIN_BARRIER",0.319679320255848,0.187430360449418,0.662762415082546,0.128421423902366,0.0351435854566794,-0.489930631285951,-0.0084745115172723,-0.342377647091234,-0.194407765054674,0.579845422927755,0.280176381776008,0.457976503985102,0.0349915475663179,0.087098062898892,0.111308076412053,0.00903021270078584,0.78407097072446
"GOBP_POSITIVE_REGULATION_OF_WNT_SIGNALING_PATHWAY_PLANAR_CELL_POLARITY_PATHWAY",0.116682369231674,0.505346436194519,0.582884993293867,0.190322874092747,-0.102515446836706,0.0474962023321318,-0.489146782965358,-0.399701022545606,-0.386676363061973,0.0473379230311079,0.364931486630286,0.2409708465207,0.024546667133213,0.240684439328791,0.116266402409877,0.0126124828112759,0.353136785718513
"GOBP_NEGATIVE_REGULATION_OF_DNA_TEMPLATED_DNA_REPLICATION",0.256971988314027,0.234433805369479,-0.00469757394953896,0.283707022126641,0.213337387890919,0.355441966661713,-0.62812789072515,-0.43286325952788,-0.517871176818614,0.249291958652208,0.0384101101812366,0.160259309327041,0.0038430234756998,0.151135312209328,0.284722045585628,0.00128647762807741,0.907379668143892
"GOBP_REGULATION_OF_LEUKOCYTE_APOPTOTIC_PROCESS",-0.0798288703553486,-0.0649530188625559,0.0961551183300847,0.234018155288985,0.153556346392612,0.334809239534014,-0.375013230943098,-0.382479258154213,-0.392656991150479,0.323448167633328,0.26238293068457,0.0148049357419548,0.0220054765779496,0.731031085874788,0.0290858546382623,0.0248788264345059,0.136077797501495
"GOBP_REGULATION_OF_NEURAL_PRECURSOR_CELL_PROLIFERATION",0.025919011726042,0.0401853641068775,-0.027220354832641,0.100822003793864,0.344335515212433,0.0695399200556242,-0.168870326920876,-0.0823666123839419,-0.178471384949442,-0.00212244267323207,-0.0575721850144555,0.0554676550394649,0.0175341542581273,0.175013997844965,0.204759421839378,0.0339891456674012,0.731525349961569
"GOBP_NEGATIVE_REGULATION_OF_NEURAL_PRECURSOR_CELL_PROLIFERATION",0.209329168461249,0.156655329438233,0.050543408108376,-0.206642999547681,0.197658253471174,0.0238211171880494,-0.445535658908997,-0.318983689043689,-0.169738004937459,0.188638381769007,-0.0288542557982618,0.0906241413393615,0.0138891317104705,0.59539467327809,0.376120067727682,0.0195500368198686,0.52165744594134
"GOBP_REGULATION_OF_FATTY_ACID_TRANSPORT",0.104457925855043,0.0213423455416673,0.0355352156574674,0.207289244748536,0.429692774536841,0.298147384416769,-0.315082266343784,-0.438189220612894,-0.30525786771866,0.138911413833497,0.0850741010026645,0.214832189908202,0.00277274688670274,0.107617007521015,0.0427047538603287,0.00100576977625406,0.121497218130075
"GOBP_REGULATION_OF_ACTIN_CYTOSKELETON_REORGANIZATION",0.0890670795638393,0.31879977906617,0.404673670170564,-0.166284116295094,0.0962065235262036,0.0172766788036432,-0.353225307297572,-0.101932279108803,-0.32645163096933,0.424952718879911,0.28981977391433,-0.0365954027697366,0.0133425192126145,0.214916671826762,0.0798854741769489,0.0498138136722215,0.802575386605106
"GOBP_NEGATIVE_REGULATION_OF_FEEDING_BEHAVIOR",-0.184461112426378,-0.363467330695481,-0.555212006638572,-0.666675203789929,-0.228208228379406,-0.562348601652082,0.404931176638902,0.570253503204262,0.723137492181601,0.150505011713107,-0.255449992440538,-0.215065507485525,0.0029255091571668,0.10960203731665,0.527585603347083,0.0163796588185342,0.197000101069854
"GOBP_REGULATION_OF_FIBROBLAST_APOPTOTIC_PROCESS",0.111056313446201,-0.217233622362706,-0.130510738923602,0.281102745209231,0.0621582699463454,0.381787244698556,-0.504137675583104,-0.349094303219429,-0.466183158088324,0.036117560694507,0.400730932394353,0.386595564337206,0.0483712169951143,0.840309696257179,0.0782943085826111,0.0164951031011467,0.0865408425835951
"GOBP_REGULATION_OF_SYNAPTIC_VESICLE_EXOCYTOSIS",0.175431698634621,0.132185150976435,-0.119667072332448,-0.0149151070837072,0.189222929309191,0.216509266311169,-0.412533076714814,-0.403099867064125,-0.438008472443593,0.259500468845621,0.269614383343236,0.207578546566773,0.0333498160009681,0.25153370698099,0.597160175632245,6.37905763715463e-05,0.180754733282147
"GOBP_REGULATION_OF_BINDING_OF_SPERM_TO_ZONA_PELLUCIDA",-0.474864626138149,0.02262449770423,-0.710395944545297,-0.225758489552423,-0.17329271341152,-0.722539787256954,0.638887822112837,0.589692384500143,0.547409819776791,-0.159561529936221,-0.174194394027817,-0.37573514084846,0.0435424326014417,0.52557893425426,0.963209410292433,0.00309855820717482,0.56385667905624
"GOBP_REGULATION_OF_CLATHRIN_DEPENDENT_ENDOCYTOSIS",0.269406134419169,0.369977211912419,-0.0944506137690912,-0.112528004017688,-0.268115880411742,0.00516464233352942,-0.371823818160613,-0.483638277503461,-0.586897885116312,0.49180700783024,0.359848833336269,0.447164664369054,0.0276300253638985,0.00874163438553794,0.149853111778126,0.000631066197694184,0.211392202931641
"GOBP_POSITIVE_REGULATION_OF_CLATHRIN_DEPENDENT_ENDOCYTOSIS",0.432793952990143,0.389146741229523,0.0646584487638621,-0.396589468832554,-0.167705217744733,0.134500902561806,-0.567252174454006,-0.558166903086051,-0.788109229173475,0.658962739971152,0.706417790068019,0.555874529991793,0.00431169111004364,0.0286288012446793,0.0900638868119244,0.000448716965573101,0.0824505060229902
"GOBP_REGULATION_OF_DNA_TOPOISOMERASE_ATP_HYDROLYZING_ACTIVITY",0.460920997042641,0.264084153484993,0.185082766831806,0.289325531628737,-0.287895492919788,0.462270426987505,-0.71270372962533,-0.636400238818337,-0.775458705989146,0.327469860839532,0.327457275714927,0.640906963982957,0.00181244698598682,0.352503799064369,0.588545454319932,0.00375811156138086,0.390702257610954
"GOBP_REGULATION_OF_REACTIVE_OXYGEN_SPECIES_METABOLIC_PROCESS",-0.0070783842926952,0.109167778392364,0.0185045949131768,-0.0104438579204413,0.14469415389835,0.285872987117151,-0.340680919822168,-0.271385058899205,-0.370552751090669,0.353912713481236,0.272550350842048,0.0971014687977442,0.00150524735109574,0.426864469515495,0.368677071352848,0.00953786786391611,0.100714690786887
"GOBP_NEGATIVE_REGULATION_OF_REACTIVE_OXYGEN_SPECIES_METABOLIC_PROCESS",0.263668738985531,0.138929862757118,0.00416428040156852,0.0577447403966311,0.171040888326459,0.280217729408752,-0.457257215343914,-0.406832213526287,-0.44266066114457,0.433424103301188,0.292273672196843,0.151659909668238,0.0140239461777437,0.30495511508379,0.747630486476913,0.0103014760470782,0.229514791497247
"GOBP_POSITIVE_REGULATION_OF_REACTIVE_OXYGEN_SPECIES_METABOLIC_PROCESS",-0.128973993031851,0.144352512505278,0.0550201983716077,-0.0231396037467408,0.111617437233933,0.247767845178168,-0.324375437442012,-0.25879183936508,-0.332702438556158,0.361592064108895,0.333836728391021,0.140493635121834,0.0457959620353939,0.187653015372346,0.473889007133672,0.0083198239582357,0.0757515672950645
"GOBP_REGULATION_OF_LAMELLIPODIUM_MORPHOGENESIS",-0.0606420442314178,0.30853132534073,0.40208002234109,0.38728090983321,0.167460331578957,-0.220202735933166,-0.587636807699402,-0.549706142521303,-0.427504618655763,0.627433572671852,0.241643872255298,0.553965181985501,0.0248912403881079,0.17477519202151,0.668341263966102,0.00673885154595633,0.236523830121215
"GOBP_POSITIVE_REGULATION_OF_LAMELLIPODIUM_MORPHOGENESIS",0.255209937330247,0.3882467272451,0.484158468431968,0.465662166739372,0.335984287317112,-0.190170828341211,-0.687781937570609,-0.536453525162883,-0.330373767189955,0.720470494755428,0.2185787070405,0.351621632491386,0.0034615488208428,0.420963143117984,0.487389606956663,0.00896305066785453,0.764126292616392
"GOBP_REGULATION_OF_LYMPHOCYTE_MIGRATION",-0.115550053314292,0.102675482842485,0.133850756625083,-0.0309330571513508,0.00077283384709495,0.0575511140560877,-0.329354779497789,-0.332201036586542,-0.309842401996716,0.299365389681885,0.348342870053125,0.306410254058173,0.0424429237951333,0.00138897871756061,0.736221278226204,6.70663173255237e-05,0.0664142938564081
"GOBP_POSITIVE_REGULATION_OF_LYMPHOCYTE_MIGRATION",0.0449835586170607,0.180051655070314,0.240835422936179,-0.109101895351355,-0.0910198829477127,-0.0100674443228228,-0.300517361168168,-0.430777264473518,-0.379070446285302,0.35507217852718,0.303723313473329,0.300711643327418,0.00286653014598244,0.00115602864266556,0.0404696176264148,0.000671228295979573,0.0940036661798153
"GOBP_POSITIVE_REGULATION_OF_T_CELL_MIGRATION",0.172416484117764,0.207782336902313,0.309524313394131,0.0490618542100634,0.0339166835847724,0.107908662690527,-0.417632001435162,-0.48172030901822,-0.483521814516282,0.325849388318548,0.360248701881303,0.332862271201698,0.000622681123402407,0.0020501438975152,0.036123084377117,7.97997414682921e-05,0.108356200817399
"GOBP_REGULATION_OF_CAMP_DEPENDENT_PROTEIN_KINASE_ACTIVITY",0.443876020609084,0.0794333756651724,0.0366789272326417,0.309574046162413,0.164747383617416,0.290947959383052,-0.510944546333069,-0.446459315082595,-0.603619048427368,0.173099796806032,0.519586827334057,0.502202521562288,0.0219754883509675,0.334102419897129,0.658133518304794,0.00740543678151185,0.285777115861742
"GOBP_POSITIVE_REGULATION_OF_CAMP_DEPENDENT_PROTEIN_KINASE_ACTIVITY",0.52493030198602,0.277197363323416,0.358779287466465,-0.0409935074445282,0.466541002943752,-0.0688375411669206,-0.605758819387512,-0.427567813581257,-0.551602998703649,0.544492466594453,0.344750115661582,0.663574504469355,0.000834383874325862,0.134861274718538,0.260548668793842,0.00180609523560516,0.334236865620599
"GOBP_POSITIVE_REGULATION_OF_NATURAL_KILLER_CELL_CHEMOTAXIS",-0.702799949557775,-0.779422401478897,0.0548096129631824,0.0385143547830812,-0.294501684968575,-0.584514344970354,0.63509957410749,0.698016087477157,0.220310093531409,-0.202104922897238,-0.499514736741682,-0.184860293609376,0.0441787100729957,0.945397793541154,0.579824350207302,0.0145345803363728,0.578763898258156
"GOBP_POSITIVE_REGULATION_OF_BLOOD_VESSEL_REMODELING",0.116041685491412,0.782950559650148,0.80254960647378,0.115745007680656,0.53904043931631,0.79476778880758,-0.509756074122764,-0.817853440141031,-0.705808329811852,0.226936161455574,0.567050691244214,0.585906298003156,0.0198572897485911,0.925449424750494,0.793721420021002,0.00194330196817894,0.701395097038585
"GOBP_REGULATION_OF_ENTRY_OF_BACTERIUM_INTO_HOST_CELL",0.0620985360996067,0.0248245958546651,0.154274960864603,0.267228247096105,0.313507182466434,0.471711158056325,-0.534071588387791,-0.530532948472592,-0.356416057246198,0.0595721216678231,0.330661350835599,0.620605019755171,0.00250342343675135,0.942059521073725,0.0282605165069609,0.026641093891625,0.250902785154991
"GOBP_POSITIVE_REGULATION_OF_T_HELPER_2_CELL_CYTOKINE_PRODUCTION",0.138108303849335,0.208156011843826,0.329373797568524,0.133307772305118,0.335552132211994,0.356981914179103,-0.523133037667475,-0.372049302024005,-0.184558655456721,0.0102842540265491,0.00676967673540599,0.194663764994742,0.012031555244238,0.0974773586868666,0.61132095466948,0.0276338305190134,0.138450061558275
"GOBP_REGULATION_OF_EARLY_ENDOSOME_TO_LATE_ENDOSOME_TRANSPORT",0.384286339696999,0.41831286751126,0.315991067911264,-0.116223256607956,0.00729394079623286,0.430374340656175,-0.614876421932061,-0.554616261854013,-0.706880386135297,0.638458555071904,0.545480250467137,0.464826377610923,0.000119919701118583,0.105709286044172,0.247362374270393,6.88725169306099e-05,0.0506744623750024
"GOBP_POSITIVE_REGULATION_OF_EARLY_ENDOSOME_TO_LATE_ENDOSOME_TRANSPORT",0.43614710120109,0.444389095153134,0.0123101192536377,-0.119061874223626,-0.108754853273792,0.419037699085074,-0.529952543604968,-0.527210449157723,-0.705174007129219,0.661414562566663,0.334878393037875,0.504090961472062,0.0144833718037107,0.117214852889689,0.3652341189865,0.00139991667538657,0.311114145792856
"GOBP_REGULATION_OF_RECEPTOR_CATABOLIC_PROCESS",0.288096017593471,0.57989663468272,0.364567405705389,0.000483692038090788,0.0753608273156987,0.239896909268285,-0.659714888219419,-0.492570074593909,-0.594678270627959,0.548355566552803,0.467247257143258,0.496769730337245,0.00180575746594681,0.0211466048193886,0.0555274176747472,0.000334167292262917,0.399058104661848
"GOBP_POSITIVE_REGULATION_OF_RECEPTOR_CATABOLIC_PROCESS",0.043612882571583,0.658994906699844,0.288138396406885,-0.0219472899452154,-0.385364680569576,0.0533237030383053,-0.480024325019564,-0.304484830319261,-0.542337037449308,0.542863727147053,0.491909394752333,0.363719702419162,0.0356676693566963,0.0359741772548562,0.121594504863728,0.000758201276580353,0.532163001847008
"GOBP_REGULATION_OF_GENETIC_IMPRINTING",0.285141633121465,0.399446370864044,0.209801392091822,0.364047909478806,0.378850629493916,0.49919348644292,-0.820032260542194,-0.705315308395343,-0.772524771487756,0.676448693654383,0.414048698056649,0.366315145858757,0.000281634841445968,0.549967345110863,0.176478659984317,0.00282760968605754,0.184759195190545
"GOBP_NEGATIVE_REGULATION_OF_PEPTIDYL_LYSINE_ACETYLATION",-0.176659567513263,-0.170511506243751,-0.0285449222535437,0.0813892931750984,0.344567076498138,0.178739985541496,-0.298516564847138,-0.340422717557235,-0.462060409169474,0.426762875605815,0.278978267089578,0.00236968445785909,0.0246949736939794,0.827354026720571,0.0303524031671703,0.0273064586687348,0.0860134973402123
"GOBP_REGULATION_OF_EPITHELIAL_CELL_PROLIFERATION_INVOLVED_IN_LUNG_MORPHOGENESIS",-0.215288169825411,-0.358704708636089,-0.116069071095477,-0.0554765673729509,-0.411427442917881,-0.432538145520127,0.223724678067253,0.477539560927735,0.424376728932062,-0.330437214903888,-0.170917191580641,0.140576884661111,0.00454488637754189,0.386652031341847,0.652992313416376,0.049100260987743,0.530876742693599
"GOBP_REGULATION_OF_BARBED_END_ACTIN_FILAMENT_CAPPING",0.599132429164294,0.262634176672472,0.530841034301317,-0.482464462265177,0.492223452556066,-0.0596842954258072,-0.256986356711358,-0.539551084719755,-0.243921816617146,0.332741937328611,0.177534181046289,0.668932672734995,0.00457032563383277,0.287422115665771,0.224446911535288,0.0176709493500446,0.711527307746094
"GOBP_REGULATION_OF_CORTICOSTEROID_HORMONE_SECRETION",0.308558091218447,0.0902328854353728,0.157841484269284,0.0328726386236971,-0.188631163343308,0.184847136399647,-0.229059866413759,0.0113485942908375,-0.113688894741333,0.242795781305928,0.19854589394666,0.273774777592059,0.0356742987026279,0.165006283220927,0.250919475620133,0.0284038097064032,0.505871836514963
"GOBP_POSITIVE_REGULATION_OF_CORTICOSTEROID_HORMONE_SECRETION",0.0498538368697617,-0.237755196561008,-0.17676503795472,0.0391280919632062,0.0710098735448754,0.29833991974839,0.261433695818226,0.365049931357583,0.207322474560974,-0.0364097246227165,0.0780407947771136,0.161978292500792,0.0267202749103757,0.535489082553607,0.0978802557256488,0.0490715352558924,0.155849826381259
"GOBP_REGULATION_OF_GLUCOCORTICOID_SECRETION",0.315470143619146,0.00756830765681513,0.134312096981996,-0.0973850701704405,-0.0520433246273501,0.41604107890084,-0.290058476148392,-0.0488883435684961,-0.42197162373652,0.519147071138975,0.482422272425212,0.340382885186855,0.0472389475962734,0.150658920913459,0.755482791804754,0.0111045472783615,0.0597281086367205
"GOBP_REGULATION_OF_INTEGRIN_MEDIATED_SIGNALING_PATHWAY",0.257715155663914,0.29139858402975,0.273356576536118,0.0586080134145666,-0.0492460654632381,0.372969929928631,-0.301031100907274,-0.436502922910699,-0.247316846356975,0.32244200609576,0.478960416147206,0.494491065683781,0.00724204079222854,0.123460590256432,0.366256662851715,0.000642950984259418,0.0986041885208732
"GOBP_POSITIVE_REGULATION_OF_INTEGRIN_MEDIATED_SIGNALING_PATHWAY",0.338016067856937,0.376556857132838,0.438504284128225,-0.101083729149749,-0.186599317015195,0.12652738747937,-0.353708688780302,-0.500167010410424,-0.24651405460682,0.408675534006005,0.688069895238327,0.649147300332881,0.0042417544606593,0.00774591703847241,0.0331565284678661,0.00129707752009662,0.141640184086602
"GOBP_REGULATION_OF_PHOSPHOLIPID_TRANSPORT",-0.00880519917719577,-0.00501518152299685,-0.0442026855756805,-0.236891841721578,0.0971401001749388,0.0909912015677145,-0.351400640061449,-0.249217716502465,-0.42358919667776,0.572886756213987,0.33724964210513,0.06615252416115,0.0189428266137801,0.141201541741615,0.980285913005044,0.0338155433709089,0.141725360299362
"GOBP_NEGATIVE_REGULATION_OF_CD8_POSITIVE_ALPHA_BETA_T_CELL_ACTIVATION",-0.066646869607596,0.159960254764917,0.532301740471486,0.364050124137844,0.0924021076010857,0.0148689440541053,-0.394185671758207,-0.597276882517735,-0.615149877468554,0.563190568251096,0.503077686786871,-0.0452748855371474,0.036440835976979,0.46544647572032,0.816035067652031,0.0333878986125995,0.640021918923369
"GOBP_REGULATION_OF_OSTEOCLAST_DEVELOPMENT",0.249020987928802,0.340634464552065,0.484475910932093,-0.237000669198332,0.238895214806936,-0.222076892669642,-0.375324616327158,-0.402716184767439,-0.0438774783537878,0.245919130954021,0.37032916333044,0.44597280533111,0.0150305743981433,0.097739739635141,0.0933489445252327,0.0171566163646706,0.966974309462139
"GOBP_POSITIVE_REGULATION_OF_VASCULOGENESIS",-0.0370020798769524,-0.0945692203099842,0.143153323999943,-0.0341695486129337,0.580936388792932,-0.11669621569255,-0.170763926896006,-0.313722719192049,-0.324465612204617,0.150926448523784,0.271865169525486,0.297748880555145,0.0408847931504756,0.705606602167371,0.59841364038904,0.00166262723454969,0.0597544672338778
"GOBP_NEGATIVE_REGULATION_OF_EXTRINSIC_APOPTOTIC_SIGNALING_PATHWAY",0.214760191827324,0.234412164459249,0.0944911824429994,0.280288139165827,-0.0114746199483377,0.180164973285742,-0.380430953764863,-0.371099561536663,-0.291125943518725,0.104054397537378,0.240607267771342,0.166958789402362,0.00112384690550454,0.839767950756656,0.76437693956921,0.000719579912987919,0.86501693670277
"GOBP_REGULATION_OF_EXTRINSIC_APOPTOTIC_SIGNALING_PATHWAY_IN_ABSENCE_OF_LIGAND",0.200706037195088,0.0379179770412271,0.0174006783163629,0.335714998241745,0.178938910450934,0.183103980594217,-0.378937739594023,-0.466695907408006,-0.279943957726834,0.305470072962939,0.14426701352155,0.136799179919894,0.00442385479505196,0.648867285102498,0.131607898829914,0.0017754914961554,0.240382552993627
"GOBP_POSITIVE_REGULATION_OF_EXTRINSIC_APOPTOTIC_SIGNALING_PATHWAY_IN_ABSENCE_OF_LIGAND",0.375843681841046,0.0692508108263989,0.386068504287,0.43094177831981,0.319874497221652,0.385958813125007,-0.568802560046767,-0.731564639449238,-0.547698974075216,0.504528948122785,0.0263227644820045,0.426669789808265,0.0041960576792389,0.728614654118915,0.43414740030847,0.0144772511640987,0.82863321374946
"GOBP_REGULATION_OF_BMP_SECRETION",-0.432435881447749,0.0136334253614147,-0.340734687080197,0.410605540729721,0.353386780587977,0.185896132147954,0.456038116845339,0.555709183085656,0.605875355802041,-0.333813045879106,-0.788713149025922,-0.214590932593561,0.0200552866179914,0.0354756696962938,0.0344604750010873,0.0244372583186,0.436701773452742
"GOBP_MALONYL_COA_METABOLIC_PROCESS",0.383040166883811,0.011883197020096,0.530830439388767,-0.367683207865876,-0.269639836462939,0.139024512861297,-0.360161899914892,-0.567909953913675,-0.588640475922185,0.646012228729067,0.574207492236386,0.170322316821787,0.0196487251059473,0.0426859996515469,0.0959418357680574,0.0106529948150406,0.509016635080481
"GOCC_GOLGI_TRANS_CISTERNA",0.366346175956664,0.060998000430507,0.504053289126979,-0.0500520713910705,0.570306469354755,0.450309333660267,-0.620499462774793,-0.682602638129384,-0.686143833752938,0.446257573793709,0.655614026339672,-0.0341416996158977,0.0156477542199871,0.913169073084802,0.957912543785391,0.0366304792469503,0.861989032704232
"GOCC_EXOCYST",0.401464365679738,0.421008480721054,0.293943549183428,-0.0491291626449918,-0.470560479826621,0.314937019544033,-0.623423999154271,-0.626358141309122,-0.525667105777049,0.62440282251185,0.442674518234998,0.462411746771959,6.00582124570367e-05,0.118051044572297,0.188763439383012,0.000332062233116171,0.128993489867744
"GOCC_CONDENSIN_COMPLEX",0.54167800989344,0.28127322610299,0.129445528753769,-0.217673106183745,0.354995862794718,0.527450390058571,-0.44013768117939,-0.575968689930993,-0.571241159609547,-0.101709052275264,-0.115256543928919,-0.109433068058203,0.0116913164226201,0.280022532422783,0.731865861169869,0.0105736146823073,0.0711620893399122
"GOCC_ORIGIN_RECOGNITION_COMPLEX",0.0403252508026116,0.0254427529220859,-0.0322998222606717,0.0830190098694862,0.0794075574472774,0.394475100425987,-0.573782486998912,-0.584620920607,-0.425333201349982,0.401540908651957,0.340451273517658,-0.0544356468785441,0.00353312812102924,0.818798903848866,0.233522571180257,0.0234285239173356,0.265138269565407
"GOCC_IMMUNOLOGICAL_SYNAPSE",0.167161430065719,0.018466218605607,0.0932667464253019,0.25515026670954,0.241225205219561,0.439955811261622,-0.475647455976168,-0.504361970254666,-0.532337038542183,0.407943370546768,0.420004698024971,0.195350438381747,0.00205917210792969,0.780350734100967,0.0547643374359907,0.00543944955667127,0.0555024848975235
"GOCC_PODOSOME",0.131811472137186,0.22835039346377,0.131367608292271,0.0604744158173464,0.25557668147767,0.224158993567229,-0.490515997601542,-0.536392866654987,-0.583587398653038,0.41070886193859,0.44328697453784,0.242578425624407,9.42290416752447e-05,0.0993834126097686,0.82786263862148,0.00147790760113669,0.0635003904625047
"GOCC_SEMAPHORIN_RECEPTOR_COMPLEX",0.250450167022585,0.54582921020728,0.404095544484142,0.231147610201003,0.116459284755738,-0.1706376187568,-0.403883628790224,-0.399048758319629,-0.189847056467829,0.264830796501759,0.0998404037610486,0.186220907660635,0.00307370125332705,0.413301801592806,0.0877549825349659,0.00570011818553084,0.109552880495059
"GOCC_ZONA_PELLUCIDA_RECEPTOR_COMPLEX",0.49535258872324,0.360257217467385,0.28334653715792,-0.473246337164816,-0.011292057151539,0.494538721858798,-0.554713872769079,-0.673150507584499,-0.74213648855631,0.509292076144831,0.366069526309054,0.733407589491408,0.000254599750645225,0.187959707629849,0.309104983250038,0.00222920355568751,0.289177379804854
"GOCC_COLLAGEN_TRIMER",-0.213147136879769,0.0123726036388496,-0.106089032595868,0.345786004169613,0.0771332215773131,-0.145956468461277,0.239379743095291,0.290313465449066,0.457390824975027,-0.259172603830012,-0.0549075420953597,-0.256998187182083,0.00961276760424026,0.174865448806506,0.307173804209531,0.00534573481154032,0.401746099313677
"GOCC_COLLAGEN_TYPE_IV_TRIMER",-0.181505517689813,-0.0164305415097027,-0.0548001599585367,-0.117796593305523,0.120203903997789,-0.693654939315237,0.495665365595618,0.637591220323191,0.786492455085898,0.0551690160801044,-0.408402176988018,-0.397569790081357,0.0038165444475677,0.94854011382771,0.609394206315435,0.0133207036382371,0.393491441437588
"GOCC_ANNULATE_LAMELLAE",0.309683659647602,0.0385179678794692,-0.0816590865772492,0.405461458693405,0.103264275691906,0.490568590067999,-0.577454141148856,-0.60014915490522,-0.669317735843325,0.326100124183233,0.253525731063926,0.0471967028553498,0.0211332992522397,0.442596568000967,0.212777884392669,0.00575396777448787,0.451876916792787
"GOCC_U1_SNRNP",-0.5296596335293,-0.46979277319474,-0.54280073197195,-0.334535194615897,-0.37408131444218,0.362559775523351,0.543262554692505,0.378763906667531,0.225056542900734,0.01270569948431,-0.456993227826068,-0.485174057823864,0.0075174786520981,0.542199193251887,0.236750251621466,0.0305996975014688,0.332820648323136
"GOCC_SECONDARY_LYSOSOME",0.0831312421332896,0.464844192715031,0.23205933062704,0.0123246767785017,0.218881880939106,-0.0741330056340523,-0.388006587486025,-0.352091365304309,-0.599708992039077,0.608293132931849,0.536135833225182,0.261738252649123,0.00873727610125819,0.0400762088691772,0.21889442506323,0.00302283490807449,0.245025188277713
"GOCC_MULTIVESICULAR_BODY",-0.0102877268924932,0.0511790454093186,0.13943038653678,0.104633301452724,0.00843447026298275,0.134766018937399,-0.299282964388878,-0.323077368880885,-0.381539355592056,0.389513765687699,0.198676562958151,-0.00747200919707097,0.00351378667166177,0.439937605008321,0.71711446280715,0.0389452119756376,0.367936251259395
"GOCC_VACUOLAR_LUMEN",0.102778124219887,0.258724264599844,0.227814281475537,-0.0356842353793634,0.197114433224903,0.212192320328966,-0.406217315268202,-0.3677689899964,-0.322134435877396,0.376235354145476,0.327663858699446,0.180338631141627,0.00191758194242536,0.168806485524611,0.493111628489334,0.00317211859798702,0.267061176821905
"GOCC_ENDOPLASMIC_RETICULUM_LUMEN",-0.0372878004491871,0.1464558320494,0.0929716184248968,0.0456222887131061,0.134028896274988,0.118111345130311,-0.283901484159025,-0.197570855183624,-0.0972080679114691,0.145438644111837,0.106643043032729,0.110414385101223,0.0274810658760385,0.525953242382354,0.637999712819007,0.0236226120299301,0.432053217985271
"GOCC_SMOOTH_ENDOPLASMIC_RETICULUM",0.282397235578558,-0.0217471524580268,0.290508910277824,-0.00306243826305727,0.0539780206007784,-0.0445234573494194,-0.38986024707057,-0.320314163669128,-0.418516967184442,0.26935825839844,0.174961094096777,0.422433882722677,0.0249387055119396,0.0432197099551629,0.213865361715537,0.00540168884206947,0.454244172105653
"GOCC_ROUGH_ENDOPLASMIC_RETICULUM",-0.0355593481997343,0.0503686607442803,0.0564135606529142,0.00454322681056993,0.118098047902968,0.191074360282372,-0.24650467752315,-0.27965419907441,-0.405166912840578,0.304300432215266,0.221776152760739,0.065184510289842,0.0072839999977335,0.3591075655861,0.279861521197157,0.00576619016393445,0.117256803975543
"GOCC_GOLGI_MEDIAL_CISTERNA",0.138137301614432,-0.175167713916922,0.269976215927539,0.0172703641597658,0.567213650106933,0.422251755976485,-0.51419305212933,-0.590257821649594,-0.615347423968243,0.526963037761878,0.436007355622628,-0.0222523010455681,0.033251846466246,0.930364321222904,0.291508552414203,0.0314712848566736,0.337999455101589
"GOCC_LIPID_DROPLET",0.111350092050395,0.275035069188254,0.153710676746084,-0.0582828318968006,0.045205360376819,0.274621173252502,-0.451706333911873,-0.384985419719758,-0.435957544235432,0.427128348824537,0.24983707150035,0.217435134204899,0.00249824144545662,0.15913763946443,0.461517520818301,0.00468625309030157,0.226430373667023
"GOCC_KINETOCHORE_MICROTUBULE",0.0278546195897686,-0.0992539733077744,-0.268248280174381,-0.289655647849886,0.275773536389312,0.446995198930673,-0.477942054122927,-0.32535150993134,-0.507419747944533,0.348558856841583,0.360603492127684,-0.0752454449287187,0.0420811395737838,0.814856445706307,0.370637223096109,0.0321972252946684,0.13966050850857
"GOCC_CHAPERONIN_CONTAINING_T_COMPLEX",0.309255350484827,0.104739312340707,-0.0317722770045298,-0.180378330802185,0.163441934688299,0.506490776449129,-0.601383864995032,-0.601398241488939,-0.604179328481768,0.304086727129424,0.0149898474994165,0.534953425825617,0.0179393628234875,0.652737973560552,0.882227120669369,0.0275685518738299,0.43896976830601
"GOCC_NASCENT_POLYPEPTIDE_ASSOCIATED_COMPLEX",-0.609993087026823,-0.466740917121453,-0.423516577528946,-0.0457331240232884,-0.407137493367198,0.659290302463023,0.278619924847926,0.736019300951877,0.236752175468326,-0.687604352082736,-0.626751520697787,-0.399806043847528,0.0197130387762095,0.170370352255895,0.207958856713901,0.0112929912654216,0.537145703679939
"GOCC_AXONEMAL_DYNEIN_COMPLEX",-0.213006197256946,0.123573345887058,-0.116387611520126,-0.367608637765587,-0.15518553584643,-0.338785929287466,0.46476234007666,0.452532443646531,0.587683130811363,-0.189961403798078,-0.00556806730630025,-0.257377710256838,0.0172792469629026,0.247547212177896,0.153643544178772,0.00393747284156381,0.549164579913632
"GOCC_MUSCLE_MYOSIN_COMPLEX",0.0167961545751169,0.165910514836507,-0.176458321497087,-0.426231421430515,-0.148840387740854,-0.554924003380362,0.416456456626077,0.502362116465732,0.452720473399277,-0.0636182283643223,-0.394943893136086,-0.334639294676953,0.0375562296059966,0.51575521085144,0.0737681863735602,0.0151246049579243,0.134138994280707
"GOCC_KINESIN_COMPLEX",0.187296644645968,0.32451891654548,0.292403220843965,-0.00894764590091918,-0.282449404637849,0.26658083762722,-0.28827923111619,-0.433692705873565,-0.375948911007879,0.155130425365892,0.138398565778271,0.0094475333038414,0.00043142865420399,0.567320943509325,0.218542178113131,0.00176397899555349,0.0548506925263245
"GOCC_MICROTUBULE",0.137018258688811,0.0150106379931716,-0.0684775346122813,-0.0847438907551511,-0.0896876824090093,0.182594486708053,-0.260847388652951,-0.241456635248855,-0.317870567682397,0.207285246786388,0.165945619950316,0.141267126940852,0.0251921618288505,0.197245514535773,0.828964370269505,0.000144604885445696,0.127153960830443
"GOCC_ACTIN_FILAMENT",0.0462114807557885,0.186073368225859,0.130908077542258,-0.0630446479227774,0.10204728035309,0.0303122130245646,-0.309248858499632,-0.314350516370284,-0.343660477443717,0.330963188064607,0.286357545159337,0.1737141674223,0.00558449810598416,0.022838925623876,0.195365504546681,0.00452849652267922,0.0841859170079068
"GOCC_VOLTAGE_GATED_CALCIUM_CHANNEL_COMPLEX",-0.250471734743033,0.0183530532872573,0.100531049681078,-0.16000755915657,-0.0356300809112325,-0.0612353895169005,0.345702919725966,0.464987243365555,0.296140686841941,-0.225718385620851,-0.0361888715712526,-0.081130044121423,0.0421344702482992,0.700048334240095,0.73976170584656,0.00332514525840314,0.598584667578877
"GOCC_CAVEOLA",0.0934083103783415,0.159891730043421,0.0145439477822666,0.093648612676359,0.173385117621818,0.117640731068839,-0.361741050799242,-0.319752721572665,-0.279496627850614,0.254950987102649,0.230327200857946,0.12763818047694,0.00281287913541768,0.185519658955939,0.475610014320209,0.000889787736546039,0.115589346441058
"GOCC_MICROVILLUS",0.125267616318345,0.234351936561094,0.164424602805889,0.133914042058846,-0.148308755873486,-0.0105536896251942,-0.296297731608586,-0.230767769772689,-0.157193388263169,0.298873217480671,0.302605962350701,0.0730682497237455,0.00174463042324986,0.104712055127664,0.141489857025177,0.012857946544411,0.589943000268724
"GOCC_BRUSH_BORDER",0.184090448662727,0.311112459082132,0.182846042205849,0.00602704090657721,0.0340002908485933,0.14798727234684,-0.221633650632898,-0.257800559304732,-0.303637825024421,0.228020274346444,0.186769474317448,0.114792726044074,0.00176407255362203,0.110205875508878,0.054849000516516,0.000702786269955581,0.413407104500051
"GOCC_CELL_CELL_JUNCTION",0.0764541133103895,0.153623130927231,0.14996157053563,0.112895449788615,0.0666396431889103,0.0265462234221893,-0.261680620711825,-0.266757371828035,-0.210406187047137,0.237031487447899,0.188816666431528,0.118509863053096,0.000468516293717936,0.0625342742009541,0.176901466109953,0.00155982800323086,0.273951765646226
"GOCC_ADHERENS_JUNCTION",0.0483510077654053,0.262729849391332,0.15376359905056,0.244330891248086,0.0755883356040613,0.00748476528794062,-0.232476475175777,-0.287555617253431,-0.289613487117456,0.286280198428287,0.137490508348679,-0.0188200384381784,0.014412297134738,0.83044576931526,0.650998165857624,0.0391761671515935,0.862876354181714
"GOCC_ZONULA_ADHERENS",-0.0359837938640883,0.135773310525913,0.253850957389931,0.580683591030399,-0.126836243641711,-0.356991920508017,-0.422609046997306,-0.516579894801882,-0.519071720214561,0.662117415254298,0.398648801742849,-0.0141460486603543,0.0109268827983306,0.415219379735442,0.79492717650232,0.0480967663136598,0.367132613023942
"GOCC_CELL_CORTEX",0.161170317523168,0.274327608379134,0.10813292921635,0.0710735918178082,0.093514728193976,0.194107461507064,-0.390517574489059,-0.377367359795017,-0.38482000109044,0.367120822140051,0.277433047216974,0.22591649708835,0.00715638618428668,0.038488718137124,0.379110199121431,0.00348946255093915,0.166317301737132
"GOCC_CAMP_DEPENDENT_PROTEIN_KINASE_COMPLEX",0.575623678700171,0.366270683901385,0.46724596931618,0.434596396155321,-0.0506202711526495,0.448649762168907,-0.212091563617212,-0.684459788184887,-0.725290503156142,0.361094604059322,0.45513645475058,0.427062817402514,0.0163459649720311,0.493262473693706,0.365264491680063,0.0257262730435454,0.47082252134913
"GOCC_SPECTRIN",0.583039172620803,0.21439606605097,0.289957666257538,0.0526478663266122,0.117444029467552,-0.0852741755208353,-0.507332099866406,-0.458401484806516,-0.0522108923849693,0.198307620399299,0.278638761303648,0.524773142005261,0.0205967023647959,0.0690463379357066,0.077421608265076,0.0229716919213123,0.85776524463117
"GOCC_OLIGOSACCHARYLTRANSFERASE_COMPLEX",0.128622557405996,0.275225077280933,0.453031818846224,-0.339302268876711,0.0371138610649079,0.130890255552376,-0.534605162116858,-0.482555519431197,-0.412137109525136,0.676760893958404,0.299526076062965,0.541810862705933,0.00802954950355555,0.0391976097749243,0.127805084962697,0.00754374778976183,0.20451920812764
"GOCC_F_ACTIN_CAPPING_PROTEIN_COMPLEX",0.498781439883605,0.0139434106810737,0.0802059455071632,-0.0768430606784777,0.224888315712634,0.366580288851988,-0.624618878455093,-0.615645978641094,-0.558593396562935,0.588363697599015,0.59920546539845,0.598079390448613,0.0323844090013275,0.0833900396730953,0.902756587263923,0.000211722584489305,0.119982209083165
"GOCC_CASPASE_COMPLEX",-0.129930720845405,0.392225329825683,0.421678540526164,0.385158933477495,0.152364124719195,0.134085797693279,-0.602774060441063,-0.465206943715483,-0.777122448865722,0.465004034240072,0.240092684012947,0.335422646004363,0.0253625267081135,0.304534678659814,0.98468251565195,0.00148983478898219,0.584821853952649
"GOCC_INTEGRIN_COMPLEX",0.067479839055768,0.229600576963728,0.26387562038057,-0.179994518894791,0.0272491847647457,-0.086051249530586,-0.104169837771948,-0.227008231468896,-0.00847824343743711,0.344377339831517,0.346730583919546,0.254629054662297,0.0266581652040981,0.0101765764395127,0.03521887496422,0.00998002023780531,0.15636847802478
"GOCC_KATANIN_COMPLEX",0.323214292691787,-0.040879619196556,0.0523932222231321,0.300808681057298,0.000991295323889918,0.450111391419206,-0.675664005335825,-0.473817272600275,-0.515856361200884,-0.0655346925186734,0.469065971318466,0.732033422633742,0.0114234145992276,0.665804125282228,0.464075978095415,0.0498421818818267,0.382363813200761
"GOCC_EXTERNAL_SIDE_OF_PLASMA_MEMBRANE",-0.0555423561292772,0.089219052982239,0.14463197605105,0.164872115747301,0.117190455998257,0.104862828948336,-0.258672930366379,-0.207190035984034,-0.116528155794472,0.0796301236020502,0.00983369873534987,0.10961408730452,0.0302459311543975,0.160130901643966,0.36526535504645,0.00909102953515132,0.923915075968757
"GOCC_CYTOPLASMIC_SIDE_OF_PLASMA_MEMBRANE",0.0456622083732066,0.0557181973827801,0.00424735824505049,0.0238431082412214,0.137010032429389,0.192729953433061,-0.358053405384457,-0.388543779968511,-0.249712588099789,0.353714090504171,0.184983720423999,0.0706803001842096,0.00682668811729604,0.434832676213953,0.2329647519582,0.0103925901285434,0.173893077258106
"GOCC_CELL_SURFACE",-0.00462532679678929,0.13355818328684,0.111837644277065,0.150838349021708,0.105454359608414,0.0785347392938524,-0.22362285710992,-0.233820699569137,-0.160107191634048,0.145630371067162,0.0321791660728772,0.0789486159551013,0.00925330705470823,0.548017364432717,0.560035614080769,0.00290575324983888,0.926536854448645
"GOCC_VESICLE_MEMBRANE",0.107714958754517,0.165394291539108,0.129598345309575,0.0360859549357476,0.072849487574844,0.2001367759269,-0.374627951445277,-0.374171401213217,-0.39953636018052,0.362713827071622,0.334248686912887,0.214736553047638,0.000122833957587821,0.0409278450291167,0.602279527601335,0.0033915543627987,0.0508082554303681
"GOCC_INTERCALATED_DISC",0.0903969977883193,-0.0543839271356366,-0.0270748207443228,0.30552893548097,0.328724847251772,0.02364641338585,-0.353224124391958,-0.353782978214291,-0.262752258062663,0.143020840417148,0.0623870715868668,0.0719397560340706,0.00553604920141077,0.324129188381158,0.144980893265998,0.000536784579581,0.173434628311766
"GOCC_ACTIN_CYTOSKELETON",0.069217337640683,0.104014935646362,0.0460892886140918,0.036888059107397,0.140707087085469,0.0611545679666572,-0.324812106098883,-0.303030866944474,-0.316309834632802,0.368423865587426,0.22884373307055,0.147206531879685,0.000584102720912237,0.103704939078273,0.866977408290233,0.0122913029544531,0.105200889754986
"GOCC_INCLUSION_BODY",0.197366919802579,0.147266524091944,-0.0669813493095653,0.0203516509547742,0.151322550514687,0.385838062882735,-0.459846635370862,-0.460028354898168,-0.520284357382866,0.45115015782992,0.367671916548665,0.250436163006803,0.0151019687410158,0.253157170350181,0.527759117235998,0.00220314186583925,0.0634142567340865
"GOCC_BASOLATERAL_PLASMA_MEMBRANE",0.152702717515743,0.255175883235629,0.132367327723845,0.0514184958428511,0.106201266524161,-0.0427780578461651,-0.305844565261511,-0.300331043336316,-0.310045323924996,0.203258411651551,0.322930689254097,0.275577333515878,0.00585599211263148,0.0162134770494476,0.071227008605246,0.00349397863210507,0.166492496497477
"GOCC_LATERAL_PLASMA_MEMBRANE",0.127294725174302,0.269927991193018,0.0248771957434983,0.144830721851563,0.118261767508915,0.0622379985640794,-0.351906356074281,-0.170538006810171,-0.252327759762757,0.160621372022453,0.213549851810626,0.222613364788084,0.0129222142627262,0.0463753015268247,0.702317014267888,0.0069351014774747,0.502596743058596
"GOCC_MYOSIN_COMPLEX",0.076091052535244,0.335898921614145,0.167870084398466,-0.131652482261391,0.0010821193376816,-0.0733430758308175,-0.213803097884609,-0.15560015392457,-0.139678613067735,0.320288299357694,0.307467360736538,0.111657902408999,0.0326675769624729,0.0244099613619095,0.055772514638851,0.0172835878229275,0.629020333188184
"GOCC_CDC73_PAF1_COMPLEX",0.296206712906792,-0.197401068881799,-0.0271921560473026,-0.0570272389778893,-0.129000287803777,0.518644782345463,-0.780939762022955,-0.647987402059065,-0.686360625414403,0.475497027250899,0.263711783684261,0.477594815839289,0.0300591598114828,0.284811872949378,0.748102438369101,0.000675499085695556,0.101427800218873
"GOCC_FLOTILLIN_COMPLEX",0.162164377473396,0.217567569057345,0.379385388866332,0.429323588957543,0.0136787304227123,0.302932573699303,-0.602768967792027,-0.540573166893525,-0.582135409406135,0.51667944029847,0.222847902268212,0.113813965518094,0.00374588029467243,0.845343625376722,0.97677745797317,0.017223942325633,0.832839623022199
"GOCC_EXTRINSIC_COMPONENT_OF_PLASMA_MEMBRANE",0.0375394218480927,0.018651728082427,-0.0442709876729946,0.166353443630958,0.0745925056178447,0.112837556000479,-0.272881469135896,-0.310686367483706,-0.219247980793676,0.220477634175856,0.0733672032126441,0.0076491897550299,0.00173415232920438,0.81683392309412,0.0352130015255537,0.0164757679735267,0.261560882509735
"GOCC_EXTRINSIC_COMPONENT_OF_MEMBRANE",0.00151848100720675,-0.0228877749266524,-0.0460797890293155,0.108869005238751,0.115012901973224,0.182660278544938,-0.314049395528376,-0.309976084059306,-0.304703073506731,0.300295535192261,0.188418915929935,0.101425889004264,0.0016490991943816,0.406253817832731,0.00850969029199026,0.0125351638317583,0.0556530371785151
"GOCC_CELL_SUBSTRATE_JUNCTION",0.0234966224513098,0.187330417349692,0.177202181826275,0.0772866612817135,0.187707228676967,0.228625599481002,-0.416091186944303,-0.387710936893735,-0.434023878934151,0.432803873649107,0.30534621641202,0.193154479808962,0.00661095621412137,0.163874938958981,0.640558913806599,0.00728830447228059,0.111112680524206
"GOCC_HEMIDESMOSOME",0.170381442091939,0.0765947598587387,0.527989887397754,0.430895507608351,0.670695008408585,0.0536225182889382,-0.317249531309103,-0.461396829348404,-0.337423095700724,0.276352822318848,0.114283673186498,-0.0087594924276026,0.0341638196864801,0.288769247212842,0.607069342917517,0.0120584802971515,0.469202886058237
"GOCC_MITOCHONDRIAL_CRISTA",0.29397418557858,-0.0163209513106886,0.174166628637741,-0.117570829867633,0.398180623570396,0.439062943546533,-0.606472860297658,-0.196311220842192,-0.553791621822998,0.438662580748372,0.210729633286917,0.257696169729339,0.0227760672833595,0.769526299051033,0.686851976100554,0.0133426969870395,0.258148530912136
"GOCC_MITOCHONDRIAL_TRICARBOXYLIC_ACID_CYCLE_ENZYME_COMPLEX",0.0038771552137476,0.0405684515461323,0.410829341303641,-0.290011737898966,0.100679146829108,0.180734932740918,-0.554793674075005,-0.440666900123881,-0.652531663751625,0.577209414482749,0.156908060694713,0.212272092429973,0.0185769864692874,0.180860438189452,0.472784841696061,0.011243054896197,0.426520734016512
"GOCC_MEMBRANE_COAT",0.253966266147311,0.0858828013130121,0.0222865477140939,-0.0627650746682118,-0.0345435350822676,0.25289123475278,-0.450342818734328,-0.425813709379473,-0.505281453740871,0.522796479538616,0.326927512386753,0.25899655631357,0.00820553212129466,0.0718391709096215,0.607052842955975,0.00551948883084045,0.0780207142210987
"GOCC_CLATHRIN_COAT",0.329785325487385,0.0161849209456495,-0.0253902737706715,-0.143685462288105,-0.0310083332796926,0.0696983042025293,-0.385534526796462,-0.31328373703343,-0.415122595976557,0.423838357449179,0.24061317036316,0.231360509444401,0.0428385952230381,0.0191918166082694,0.345851038967144,0.00279826263534453,0.228385850365048
"GOCC_AP_TYPE_MEMBRANE_COAT_ADAPTOR_COMPLEX",0.256534968157243,-0.024143091704342,-0.0302757127515777,0.053797273265437,-0.125331146707642,0.190201627934501,-0.422668786840513,-0.390316818861817,-0.475597587636879,0.521012922808872,0.261308798671066,0.285337205186259,0.0278725242478192,0.0629015748909656,0.842844207436808,0.00692352486352,0.084610217538528
"GOCC_VESICLE_COAT",0.26744283984563,0.208730077080166,0.186036845672626,-0.0182278299235562,-0.0109466690884977,0.237141993435122,-0.485009731524106,-0.437463621651678,-0.524998944716364,0.521768242387603,0.28878725991385,0.361610955539941,3.69180377051547e-05,0.0435109252301245,0.20707937762348,0.00274144548190897,0.120018599287494
"GOCC_AP_2_ADAPTOR_COMPLEX",0.312123845503457,0.156642285275007,0.489500874972905,0.31857228483652,-0.202624535508637,0.156144008147026,-0.573744486134355,-0.29145388398196,-0.57007828351069,0.682036526002613,0.135275982232433,0.243559086816655,0.00401597068839568,0.312089575011283,0.28821581485263,0.0204978892089292,0.869888019441349
"GOCC_AP_3_ADAPTOR_COMPLEX",0.326014435302342,0.172518786921671,0.0881188761037557,-0.286209608908541,-0.464773254102119,0.183234704297302,-0.385475185835885,-0.523070954530127,-0.497578670457068,0.64541159297807,0.413969200200773,0.201881013673279,0.00269923582971805,0.0672918153712766,0.175382444296534,0.0132211119688686,0.218100310310353
"GOCC_CLATHRIN_VESICLE_COAT",0.264044985074425,0.101762578066507,0.0210591819588806,-0.0715508322666114,-0.0189770873836581,0.0799404553304008,-0.393211994087623,-0.309645518070707,-0.398769660894214,0.553248836996314,0.111470921145355,0.170314876098502,0.0111385857453792,0.170223283193974,0.2040426852548,0.0382625411805426,0.408604381268478
"GOCC_COPI_VESICLE_COAT",0.279940947474724,0.355505247585549,0.235584215776734,0.0212347754021376,-0.0264113914192248,0.401730935893474,-0.611702631221253,-0.624342104217248,-0.575287902315634,0.540442206714087,0.196612226304711,0.460157470303514,0.000345398420295672,0.197701066406877,0.363723779339235,0.00945929973893005,0.408825769257558
"GOCC_CLATHRIN_ADAPTOR_COMPLEX",0.314930644266358,-0.0924683712485734,0.0918691216070784,-0.0851526336511147,-0.152771051283709,0.0747337583003124,-0.412842122277724,-0.357297805352553,-0.4853058742406,0.429323355318314,0.255730221731525,0.270776996811291,0.0372174267429996,0.0140017590977686,0.321108473409079,0.000778716095170813,0.203940625951974
"GOCC_CLATHRIN_COAT_OF_COATED_PIT",0.357605106903189,0.236304052576688,0.367006572211868,-0.0915515675069054,-0.231232519202451,0.215793272923761,-0.502627752328734,-0.497408462295704,-0.593833073957449,0.62472170915938,0.367212762754142,0.431710120581632,0.000143328279952631,0.0399950286255442,0.103262913394178,0.00222175925086461,0.175538385255585
"GOCC_COPI_COATED_VESICLE",0.36180474328545,0.101519958497517,0.108292312486697,0.0372951856938536,-0.166238956127001,0.348343979565531,-0.527914173424515,-0.546946585102747,-0.565287911028377,0.575008465455509,0.398807528900914,0.300408860704878,0.012213931250164,0.128271814237552,0.542134699134167,0.00603598956832127,0.117141213860913
"GOCC_ENDOCYTIC_VESICLE",0.0658101544423062,0.118373604725371,0.0924395576026986,0.146123392047846,0.113419260959331,0.190550118363114,-0.383973776023329,-0.353879712646696,-0.366463678416811,0.367556506983564,0.347094140934114,0.194264583258583,7.68362846219284e-05,0.092028463268888,0.108389360681073,0.00558862701320836,0.0523607199241665
"GOCC_SECRETORY_GRANULE",0.0608229041555207,0.160871228628782,0.132410274068776,0.0276165661155977,0.114589760245875,0.18553244245602,-0.306978497787964,-0.304651759262993,-0.368485670613716,0.313307556789316,0.300661446234468,0.177231857110938,0.000472203106255566,0.0704477006470392,0.880924069900825,0.00142134764523335,0.057800608052224
"GOCC_FILOPODIUM",0.16203781831649,-0.0460510326573186,-0.0242739557236497,0.0798157977643001,0.0477900969083754,0.104437232753167,-0.306893346839264,-0.169542497491481,-0.311534621085617,0.31796783613188,0.24271360174936,0.289639495987478,0.0266137795320763,0.00225973216736003,0.555911234138381,0.00225202142365036,0.0502440338261185
"GOCC_AXON",0.132453496836542,0.19431252868778,0.0955021800804138,0.0831643949549024,0.0884463320016975,0.109007399265986,-0.207668595675497,-0.281213349800633,-0.29095335449905,0.218466645857832,0.18936500529512,0.159501815562633,0.000528846152697784,0.016964413955656,0.238822317839853,0.000352323522081631,0.237777305440675
"GOCC_SITE_OF_POLARIZED_GROWTH",0.0571277657446735,0.199551434368988,-0.0382165878109323,0.114893790010914,-0.00798204250983794,0.155585183204385,-0.331642446728427,-0.308906198809705,-0.384568355609814,0.345996512340712,0.28745380412289,0.19190256172557,0.0187273262132047,0.048393743865979,0.871828194026967,0.00128287169638713,0.0805063176357458
"GOCC_CLATHRIN_COATED_VESICLE_MEMBRANE",-0.083146183583722,-0.0198327856464376,-0.078580286424711,0.218016908809454,0.111448345450981,0.257261133341921,-0.355249100037969,-0.373630373208812,-0.318204846671423,0.305530924956968,0.0861782255377224,0.0867222598642734,0.00048982267360692,0.697636746871006,0.0149114728096112,0.0163000684156141,0.0853995956715941
"GOCC_ENDOCYTIC_VESICLE_MEMBRANE",-0.0462613311990817,0.0703328565687536,0.0145299291349244,0.218590691563428,0.112398591057924,0.29837814260968,-0.386594498199419,-0.340529132080784,-0.366799838223078,0.2854878993871,0.247890972298231,0.0531372491744627,0.00336509615834458,0.882073782152889,0.0458789164948483,0.0137775866877755,0.110342608253311
"GOCC_SECRETORY_GRANULE_MEMBRANE",0.187118974115398,0.213779089434421,0.212965739384865,0.0360775462559473,0.125371018543218,0.223891141786312,-0.373082269158187,-0.348333112253084,-0.41637943132898,0.388635965205816,0.359383181692875,0.184099485810429,0.00020804365588718,0.097038733160245,0.294222475441071,0.00493749417994334,0.237079447688108
"GOCC_CLATHRIN_COATED_ENDOCYTIC_VESICLE_MEMBRANE",-0.22082185555234,-0.105513876978891,-0.162220710846502,0.346699411848736,0.252127431934609,0.401230877963084,-0.406542626292202,-0.356612340985781,-0.280447646872828,0.216960581878521,-0.013774499431662,-0.0118350590345161,0.0205235825985325,0.0511590845058909,0.00111923771701582,0.0185280712514059,0.0808659621862128
"GOCC_PHAGOCYTIC_VESICLE_MEMBRANE",0.0318671089789519,0.157910465878288,0.0583556860632092,0.0682784727653328,0.170165731225517,0.378415440509838,-0.442926980256384,-0.459382854406874,-0.519888538884233,0.431328043954811,0.421211019099094,0.188648848374584,0.000694633340122679,0.308096321343312,0.31184207602958,0.00572046404375142,0.060414781673602
"GOCC_SYNAPTIC_VESICLE_MEMBRANE",0.0394971501050606,0.149582684237454,0.225537101869784,-0.0764487754756447,0.202876473493181,-0.030358434757399,-0.229519747755267,-0.323618858297371,-0.237861200015935,0.211723315705501,0.333717553646312,0.13767712374171,0.00647177258589142,0.1429161776111,0.366750100051126,0.00455825660618692,0.318768671106033
"GOCC_AXOLEMMA",0.244224957784138,0.23541900151646,0.453962013279832,-0.00853211166979412,0.363235343725616,-0.428217876524986,-0.479496213396613,-0.199870556882785,-0.215849174438439,0.115185760808182,0.133303369190157,0.435340261075317,0.00714175866674394,0.393732890879268,0.276917734431696,0.0194375563236232,0.549256178071087
"GOCC_CORTICAL_CYTOSKELETON",0.141676237707992,0.322631868414395,0.147299720414081,0.0377032475972505,0.15078115694283,0.112187799770994,-0.426711029801901,-0.340409658951601,-0.430748052440633,0.323535848142926,0.236774251034232,0.258888500117322,0.00309158572894018,0.0166370986121609,0.221188914815946,7.62436861886764e-05,0.370856556264004
"GOCC_CORTICAL_ACTIN_CYTOSKELETON",0.10882579627954,0.30867760219274,0.118758356027798,0.063729602525292,0.182763755806404,0.0438603921834826,-0.466321221010721,-0.339676856402679,-0.458907380350999,0.368795969728432,0.160737143124509,0.257750052047291,0.00283788043852418,0.0958195296510222,0.361513563156182,0.00127049017129254,0.398505087213847
"GOCC_ROUGH_ENDOPLASMIC_RETICULUM_MEMBRANE",-0.17001576299759,-0.0683233251869595,0.0781972408318711,-0.241222595413238,-0.0573736324691297,0.385512119474783,-0.333585143996827,-0.317619552737249,-0.52726136463133,0.504329211097656,0.184901525399125,0.0447838596359967,0.0264500769642529,0.406706511298782,0.711491978091501,0.0258570480473737,0.146943672502786
"GOCC_HOPS_COMPLEX",0.175881402697127,0.232525444747646,0.26035982784203,-0.458453806682685,-0.242957669128176,-0.110667230054211,-0.405925524108451,-0.318670023683601,-0.635787509233582,0.702768860284761,0.522745301450975,0.364479510811058,0.0142804323603442,0.00473926613036169,0.0334785486576715,0.00194797180519914,0.0800336353858908
"GOCC_RETROMER_COMPLEX",0.512827531072259,0.193432982185027,0.126277619497538,-0.192744282895911,-0.0696504033807328,0.290116814754225,-0.62111645583467,-0.649521455355497,-0.70722578941277,0.483179798092015,0.610703249085623,0.680390711641879,0.0128659902426989,0.042088627975167,0.228505317403415,0.000482367408893022,0.101893394029859
"GOCC_PLATELET_DENSE_GRANULE_MEMBRANE",0.625295697709728,0.519397726091782,0.579292307277361,0.0744101897467506,0.137286285012237,-0.0485865724380649,-0.345092559142318,-0.699681731323996,-0.21908789856819,0.284741754323348,0.500963092238031,0.410123386660383,0.016791327866943,0.0149229031944562,0.00304409405955357,0.0171463731448764,0.0886894630375795
"GOCC_PLATELET_ALPHA_GRANULE",0.0664515701754177,0.150254871514807,0.270887632625522,0.100243277359626,0.218873334757502,-0.0602429771949818,-0.306470069241494,-0.193919293353209,-0.202890305247938,0.173338259299558,0.265134996232212,0.185873273308576,0.00813636628791267,0.267793747194507,0.493102202095272,0.000837057684603156,0.540737670204795
"GOCC_PLATELET_ALPHA_GRANULE_MEMBRANE",0.584975932719726,0.286904082456922,0.355134368340671,0.2595278231289,0.0698255750932781,0.0016554463156713,-0.600243799979619,-0.552353516218086,-0.345387720879785,0.526775339249915,0.175028980077692,0.524736141870262,0.00173168223024221,0.110705951401492,0.0670505366408733,0.00467376701637211,0.99920063733286
"GOCC_PLATELET_ALPHA_GRANULE_LUMEN",-0.0312680359863137,0.160526820710892,0.240330328281105,0.0737460139505778,0.248315439338356,-0.0906176386053948,-0.230224769905283,-0.117469658467365,-0.181554388106959,0.0785046856897289,0.293132705361903,0.063888333263448,0.0499257278325635,0.610999422636034,0.735451118462867,0.033481111701723,0.850750678666407
"GOCC_PSEUDOPODIUM",0.391635647360492,0.363595144895561,0.162449196815972,0.451871860112953,0.181249400617252,0.0869340542016862,-0.617736821699974,-0.485784237769157,-0.545044285761469,0.26466253385116,0.189203014287975,0.00294615182349606,0.00175884041330298,0.552496037857254,0.645415218468768,0.00439104341602979,0.221612829280112
"GOCC_EXTRINSIC_COMPONENT_OF_CYTOPLASMIC_SIDE_OF_PLASMA_MEMBRANE",0.0222156997964036,0.114382641167109,-0.0057287203944423,0.0814037568250113,0.135989034982263,0.141353708262363,-0.338097475595363,-0.398413387745469,-0.332650811832062,0.312222873435118,0.12470889845324,-0.0325896026196649,0.00184002089991202,0.893852718474055,0.160196335756126,0.034054230563839,0.464018141937793
"GOCC_CELL_PROJECTION_MEMBRANE",0.059202746232465,0.181966920285028,0.0387946860403507,0.019555432388916,-0.00539581940799069,-0.0123444659714218,-0.185851637830828,-0.263309312431372,-0.229545413298621,0.214574072472663,0.192882844198445,0.214283012894877,0.00820153857365936,0.000118790600313443,0.168902694847583,0.00119981151081954,0.122215164174351
"GOCC_CELL_TRAILING_EDGE",0.197333964865549,0.4726090412334,0.395208384653663,0.0192321854639641,0.219876715295984,0.218637326734394,-0.431498372443874,-0.63065830894092,-0.65749803662104,0.53056963647993,0.399051839687156,-0.0508972086716935,0.00111955936417018,0.518427146109357,0.130763981989529,0.0259516147249015,0.771133360005013
"GOCC_LAMELLIPODIUM_MEMBRANE",0.206670623466838,0.231895879848124,0.198893144525814,0.209186350934756,0.005198886014638,0.154988335014397,-0.394543874755803,-0.420724945876875,-0.357592719762916,0.296294710248874,0.327822780051699,0.23465249152872,7.2937474456548e-05,0.0994863485232853,0.279183545893248,9.05002728107886e-05,0.101065190802646
"GOCC_BRUSH_BORDER_MEMBRANE",0.278454947201428,0.346438697684986,0.132982681404111,-0.0339055505291558,0.0375579798549632,0.00353684061234391,-0.0298762439417173,-0.193076331608219,-0.269742277233087,0.063489642797362,0.126353211902184,0.138190600811042,0.0120232789442704,0.0267103771674902,0.0466143829546317,0.0494133184397916,0.138869007732382
"GOCC_ENDOSOME_LUMEN",0.366283443487982,0.0913656017354499,0.186517406097508,-0.028782360263853,-0.250041807284667,0.101200978034423,-0.284979185073846,-0.359449932812461,-0.334563902205077,0.416125460859956,0.114903801049963,0.260535983470002,0.0161327312146922,0.0758321594020291,0.107470005996625,0.0163615955704527,0.699993272316371
"GOCC_MICROBODY_LUMEN",0.2144483487833,0.15121409858067,0.372510871793735,-0.13579579436025,0.119567303882382,0.137106784800027,-0.441186485328239,-0.455569172135316,-0.522568187115107,0.465065309282767,0.50414502422869,0.446907767309662,0.00379487663867183,0.035289444877392,0.140606088257182,2.04985445811008e-05,0.0672693681241093
"GOCC_FILAMENTOUS_ACTIN",0.136286608358746,0.307530327843474,0.260449491198835,-0.0386268029019872,-0.0533240418793793,-0.115808137795861,-0.126769092065693,-0.0682322082705528,-0.237552437199705,0.308557970083496,0.208360957945828,0.0264190810574774,0.00601926763845556,0.0839612679124897,0.0145615828502764,0.0377978612024296,0.615525879265488
"GOCC_VESICLE_LUMEN",-0.00120929928652821,0.170070197122957,0.131353731668665,-0.0148210540742775,0.193392546571213,0.189923686209649,-0.327677924037165,-0.327020343007722,-0.423173028467331,0.320374152960429,0.269932190321401,0.141337373906865,0.00334621661947706,0.240946507141564,0.805696420145735,0.00160095158820784,0.125316420887232
"GOCC_SEPTIN_CYTOSKELETON",0.181912383849929,0.42222109776611,0.0484068395775049,-0.178937755112504,0.430713630868598,0.331071981605654,-0.513079018317824,-0.551959051700383,-0.434022619318664,0.363581251864978,0.444631841252442,0.37709029480509,0.0155022070788866,0.399073662357543,0.921529603444685,6.32831339382046e-05,0.242616360846286
"GOCC_ACTIN_FILAMENT_BUNDLE",0.0858794806449033,0.165827443307884,0.110655985881456,0.0403377890941478,0.0690747839042485,-0.0494168581397783,-0.362905727027429,-0.24878053950472,-0.230755592368215,0.391536905248878,0.236775284416945,-0.0206777131639881,0.00280566072712009,0.264878910602707,0.088035802311507,0.0446537524097696,0.568935258379433
"GOCC_CUTICULAR_PLATE",-0.0199819125641881,0.100979020720644,-0.150233630623262,0.347373940354701,0.41126875860692,0.0465054300715202,-0.366663153776906,-0.453964149818613,-0.28421644639172,0.100249665294058,0.00381168456024283,0.0466990631045429,0.0216967683782301,0.186413687084061,0.1065390701975,0.0041670463937175,0.425117690033721
"GOCC_RUFFLE_MEMBRANE",-0.026227451249256,0.119918919670962,0.0424210946846902,0.0254410774855382,0.0164183083826085,0.145917317830295,-0.379020970582892,-0.410274582413033,-0.444675181473878,0.450260142232328,0.277116171639039,0.192843376948248,0.00304983254829212,0.0638486699822631,0.786176223533647,0.00790399982329225,0.0539885779282955
"GOCC_INSULIN_RESPONSIVE_COMPARTMENT",0.457173977698257,0.397957272260377,0.215065696411058,-0.013374655128935,-0.779950301140394,-0.376292242981383,-0.327095012706273,-0.362278803436707,-0.0167281012994721,0.290994332966909,0.363647591011979,0.303272102784562,0.0149389873284791,0.0837171588670898,0.0658263334001604,0.0326385265592454,0.665173636993454
"GOCC_DENDRITE_CYTOPLASM",0.35943334294492,0.358507192099428,0.120399375007497,-0.14031562668288,-0.0500526086292971,-0.000682676784702602,-0.480868662253657,-0.530338046749774,-0.515389675841428,0.381863778815321,0.40587544821363,0.435421186272555,0.00831632919662469,0.00334066011550213,0.0314241359354557,1.80834703042374e-06,0.245543992390124
"GOCC_PROTON_TRANSPORTING_V_TYPE_ATPASE_COMPLEX",0.20189085182433,0.067072265511279,0.158504889736153,-0.281469721246692,-0.339770827220341,0.125890469078531,-0.231058203491735,-0.297157686521317,-0.308320568938523,0.496225178676693,0.3225050389289,0.0585961725590763,0.00192831740549799,0.0790717480640664,0.163373320778014,0.0420091348862222,0.360908985670917
"GOCC_PROTON_TRANSPORTING_TWO_SECTOR_ATPASE_COMPLEX_CATALYTIC_DOMAIN",0.245664293143562,0.103103833852901,0.150480978039406,-0.444039530423928,-0.23091140316582,0.0137490418683213,-0.217976246792326,-0.449184671731951,-0.21889857449257,0.256306867332938,0.286971295965729,0.218998843556945,0.0123296487077577,0.0666819699704795,0.0883678890016435,0.0145260093848788,0.159776564013099
"GOCC_PROTON_TRANSPORTING_V_TYPE_ATPASE_V1_DOMAIN",0.439464493517112,0.134578129274857,0.176410613318344,-0.558694085621959,-0.314495796037984,0.0217251473958492,-0.418112764177494,-0.591709070656536,-0.127039038482102,0.313572362918071,0.305615692509521,0.333616392274762,0.0233388140676417,0.0697819195687715,0.0660044286566679,0.03541911173482,0.553317901846965
"GOCC_CORVET_COMPLEX",-0.0734830062869526,0.260516562754724,0.393861244283018,-0.659051605405236,-0.36562285111344,-0.0101336656127632,-0.338971842736016,-0.182454256209811,-0.563653756298078,0.754009058489016,0.473267169298462,0.0913576482227035,0.0377692606974336,0.0431826858458596,0.0879422868009364,0.0327642506044458,0.363432063905275
"GOCC_CHROMATOID_BODY",0.387739899977359,0.200781327766764,0.0793035157761349,0.313178570421775,-0.112663843617841,0.436886865910582,-0.589596499781361,-0.344897961039643,-0.400961322066066,-0.11867967648059,0.124022387430461,0.165418893541483,0.00507667526277389,0.468995771933741,0.960524836638701,0.0130327416112543,0.259130006472906
"GOCC_ELONGATOR_HOLOENZYME_COMPLEX",0.504678076822874,0.0916518040208673,0.00373200331691503,-0.603580985561633,-0.526704316438811,0.614906778198552,-0.584090999402391,-0.664338833234033,-0.711505169894192,0.471977101740347,0.148532897900288,0.163285596159393,0.0258495409587076,0.387506902508275,0.453179207461842,0.00735126681585885,0.761748601798875
"GOCC_SPHERICAL_HIGH_DENSITY_LIPOPROTEIN_PARTICLE",-0.20702599209796,-0.376192466463296,-0.387344387532361,-0.0804325886750153,0.0253846376876939,-0.603015251490614,0.640225532183117,0.443461186092697,0.595938456043066,-0.272325715383467,-0.494248414676948,-0.522440989813817,0.000450545905503411,0.39868475875716,0.651680937719783,0.000807870034302049,0.345761156925646
"GOCC_PWP2P_CONTAINING_SUBCOMPLEX_OF_90S_PRERIBOSOME",0.429335611851706,-0.0856479159439854,-0.126044844871414,0.112997098339766,0.618486168194088,0.455628323371607,-0.61205207973232,-0.579943925951203,-0.845757959825975,0.48093098283212,0.467680608365171,0.658473164909111,0.0350653112445374,0.45624144203025,0.239430248504194,0.000489304821190413,0.110099399723937
"GOCC_ENDOPLASMIC_RETICULUM_CHAPERONE_COMPLEX",0.594630800860262,0.625002280814522,0.509152611704294,-0.197166068378664,-0.26900962621092,0.255322630526915,-0.583836021416878,-0.624202001113911,-0.591159078615284,0.599829949380068,0.573232214785428,0.555544897291499,0.000246336228925151,0.0579842310758188,0.0533201961877206,3.25558452264406e-07,0.998833492638525
"GOCC_BRAHMA_COMPLEX",0.184286274158597,0.12830604138187,-0.150235611567028,0.306256971748131,0.21370884287937,0.315563021284041,-0.296939247254205,-0.610239772224921,-0.701353688123093,0.393796092351702,0.322444875239385,0.176447318503238,0.0222134715904092,0.807965157685362,0.153135720688908,0.00899266026761237,0.129881271405651
"GOCC_MICROTUBULE_PLUS_END",0.122083710629398,0.408222962998332,0.00579838553334924,-0.252259365448486,0.0513421944477298,0.201447235205786,-0.579739503748132,-0.64583927505257,-0.509690883847881,0.407338416008546,0.253087994128713,0.244921744257421,0.0164087514076382,0.13976167400825,0.376100145611564,0.000290775832539212,0.421500066768719
"GOCC_AZUROPHIL_GRANULE_MEMBRANE",0.331277101212393,0.286542272837681,0.422611093711626,-0.00966544546818157,0.207100014319727,0.380226714268803,-0.52791479291787,-0.496596596679719,-0.567671840505806,0.4485847779455,0.454165834020786,0.334702942103057,0.000303131982346744,0.18191460163826,0.303909522943596,0.000205894288307822,0.304827198110607
"GOCC_AZUROPHIL_GRANULE_LUMEN",-0.0569452481278538,0.216671231676683,0.114280482292167,-0.0543774907249685,0.209467538368079,0.312403050916695,-0.410403968364052,-0.406799764771579,-0.439648535238812,0.445144088710333,0.330032856164029,0.256091798975483,0.0220776804978481,0.223367514395996,0.660572798629183,0.00404742394052396,0.067438727359517
"GOCC_SPECIFIC_GRANULE_MEMBRANE",0.295738872127308,0.351436873963601,0.256764698473649,-0.121468182999546,-0.00177269434801011,0.346152583609719,-0.467226276442917,-0.439590278961167,-0.5265784624532,0.521151998320527,0.47687545244866,0.348537673780457,3.31980921894563e-05,0.102739841882175,0.244359693345801,0.000604591781134835,0.0851349859542991
"GOCC_SPECIFIC_GRANULE_LUMEN",0.0736587239004874,0.174561223077132,0.148443489483715,0.101831143706784,0.115166877268243,0.322780296536653,-0.449938390938298,-0.379899151781244,-0.364249236509239,0.396077297231942,0.228731292515077,0.0551313132989508,0.000211483701156527,0.722290831971958,0.586992056581021,0.0183771358462835,0.44250516134705
"GOCC_MYELIN_SHEATH_ADAXONAL_REGION",0.00760643254678983,0.26475880209153,-0.0924016005680386,0.14504223705739,-0.0586495621445479,0.49523502454054,-0.654757556095347,-0.345170541909612,-0.576710279885534,0.321122061031327,0.439171782783428,0.300900075605818,0.0148572564734899,0.429471917244714,0.532795445727377,0.00418485877959157,0.0946369120975978
"GOCC_TRANSCRIPTION_FACTOR_AP_1_COMPLEX",-0.788559116383102,-0.652716116984179,-0.744688795012332,0.20679541405639,0.0731718304390744,-0.181894995583135,0.315314541969494,0.548110727449613,0.415945290390375,-0.346763585906121,-0.58537705334075,-0.706911052292341,0.00043249883075505,0.0206243374728222,0.0138213148352698,0.00283859835450579,0.220577919146784
"GOCC_ENDOLYSOSOME",0.386356395089491,0.506914204072665,0.544204803557305,0.199332841819289,0.0304742942813787,0.287860525781372,-0.593809157772257,-0.594795660066958,-0.660830439787861,0.511993978305145,0.415669243982113,0.403499102226246,0.000349151496459312,0.0518267213821284,0.0345134486115841,4.73203247118973e-05,0.581710644542882
"GOCC_ENDOLYSOSOME_MEMBRANE",0.288951670180148,0.524155837923609,0.502123968192938,0.38935839251708,0.100595451934349,0.349462864261129,-0.624076024841566,-0.615415950266109,-0.71368212920386,0.521464304267893,0.417799252438106,0.476480890114941,0.00156326179285859,0.157759509244938,0.250354934529662,1.35493470271435e-05,0.709851453507972
"GOCC_CATSPER_COMPLEX",-0.429299474805491,-0.343295731035427,0.167318985725828,-0.114215237002752,-0.456296120439445,-0.280420157134317,0.472087154306262,0.703090413480585,0.402367920782038,-0.567924524946584,0.0341904102782927,-0.0607376104494857,0.0412600263745328,0.71272646140403,0.723238148969202,0.0422146801486332,0.989762108786696
"GOCC_MICROTUBULE_MINUS_END",0.217974263559114,0.402468502346391,-0.0643856816405644,0.713628780533962,0.490084558716247,0.670402093067223,-0.771842818489468,-0.49976262824113,-0.61491406776009,0.127791798683078,-0.177341857203196,-0.060341971126921,0.0117323031261634,0.00503887753025634,0.0641696846855822,0.00785697915673547,0.253632497260432
"GOCC_SOMATODENDRITIC_COMPARTMENT",0.0769673936649636,0.109136733144172,0.0807652066697209,0.056070680717236,0.0962117374411067,0.0192329360096127,-0.192456490859954,-0.206127967498548,-0.201029843496182,0.208739134069683,0.179445166715011,0.0885236029994277,0.000307565912328475,0.0879442387509094,0.290078855622003,0.00936460874853497,0.186384174306784
"GOCC_TOR_COMPLEX",0.0604367268388868,0.370033045779115,0.0672540946954885,0.168668731311379,0.0960436408943791,0.270594052034419,-0.46484018130258,-0.269660608141191,-0.601132803290671,0.663184228760688,0.290831237058331,-0.0278558602920738,0.0121846143694735,0.585243005824159,0.919555509325659,0.0450929243618268,0.569823394432205
"GOCC_SARCOLEMMA",0.0480757100022024,0.16288514190065,0.154714891153477,0.0859519707711896,0.185163001245701,-0.057464399723258,-0.229577969485463,-0.146700943301611,-0.178338072791961,0.107230577212419,0.200278316750678,0.0949843766596992,0.00386019634583796,0.480927701081009,0.569034948829566,0.00213757290068601,0.817352817583658
"GOCC_MCM_COMPLEX",-0.13697781701262,-0.103331742967299,0.105127390788482,0.480359783339225,0.439972026254102,0.713315799261778,-0.745640316510022,-0.711799953907279,-0.743258815396134,0.42851655527377,0.223707459476059,-0.243700270777553,0.0106588705659558,0.165369967171185,0.00688795587423889,0.0481482682191819,0.4665163099855
"GOCC_SPECIFIC_GRANULE",0.187290469432876,0.287891887869966,0.202811584157481,-0.0108398592071852,0.0734567188658317,0.340515010916067,-0.451396710478896,-0.404814554947541,-0.460061960670937,0.468861300308874,0.390190095967457,0.278858200971476,0.00027348288134152,0.132283941394163,0.482594815997037,0.00233914863026402,0.0897212859670869
"GOCC_AZUROPHIL_GRANULE",0.0975894146657135,0.286325145842874,0.245293318490271,-0.0103395735101401,0.196712030448737,0.345613605502697,-0.449227942366305,-0.434988560015764,-0.50540673140485,0.438752193392068,0.365999042900577,0.284204549940976,0.00323683151804617,0.206448084766157,0.80084002671111,0.000591351345362528,0.106680204967479
"GOCC_GLYCOGEN_GRANULE",0.197517346462226,0.411619317213659,0.0406283408328574,-0.166678986452879,0.344676160896394,0.18437609737118,-0.352484557793599,-0.504321398124478,-0.585038978255129,0.610410106949639,0.552949069958725,0.40829767606759,0.00867048148737335,0.10159581622904,0.635303043646602,0.000414299505338923,0.0843844904994415
"GOCC_ACTOMYOSIN",0.0870821035933108,0.199633192373003,0.10032845527648,-0.0156397575344081,0.00729543561162177,-0.0805109722520167,-0.3611001798871,-0.292668237355598,-0.273601299941279,0.40615600460369,0.299326573134349,0.0343504516207868,0.000856008239107709,0.122837080274018,0.0263522114225789,0.0315222786206714,0.401799037729829
"GOCC_GPI_ANCHOR_TRANSAMIDASE_COMPLEX",0.0159557583500033,0.54734801004699,0.557189175792265,0.257622930852227,0.558479857984057,0.449405042474487,-0.696739255674285,-0.775473364826554,-0.803702423473844,0.643870908667614,0.475880477781714,-0.0691805078201265,0.0212616665494812,0.780564320733434,0.824380924394496,0.033270372399923,0.937742356244864
"GOCC_MHC_CLASS_I_PEPTIDE_LOADING_COMPLEX",-0.0827565515765931,0.0811350233795374,-0.0924702638317002,-0.0989536852570028,0.181446460765234,0.530308202791895,-0.569328878774333,-0.509756572811096,-0.635701620100631,0.604803046005435,0.4317919086443,0.142784726561682,0.00243089271647801,0.454944760984728,0.324254423205832,0.0140445316400776,0.0713416622631032
"GOCC_NEURON_PROJECTION",0.054437367660284,0.109921852058877,0.057046685860374,0.0136875541849201,0.0344581552656971,0.0406262153543121,-0.175530801834131,-0.209085412633466,-0.216445377159449,0.195194046759611,0.190846271920315,0.100863891190554,0.000454635615119259,0.0420149281032741,0.119022196619958,0.00280807652304826,0.0830067363575213
"GOCC_COSTAMERE",0.298206737405585,0.125132739714234,0.413691215326914,0.260664895405257,0.485284964803518,0.461733795984142,-0.459510618539358,-0.397902147863937,-0.364276247397723,0.154042514178356,0.495518700943833,0.353685198261983,0.00892789132681317,0.609135228233109,0.325908337149738,0.0123954608519401,0.691966152791943
"GOCC_DENDRITIC_SHAFT",0.121332284592921,0.109994199491878,0.110565454030311,0.285387363738126,-0.0851365536729801,-0.0121205801635947,-0.230123287516729,-0.331693564570592,-0.137850127875403,0.251295071569769,0.136281746720509,0.103553519283213,0.0246087384512851,0.476113357798998,0.695434467388244,0.00596588118610581,0.382416851666787
"GOCC_LYSOSOMAL_LUMEN",0.220708335857966,0.372606474990478,0.334349784358217,0.0116543339478876,0.125669212029685,0.0406807842976361,-0.417882526849572,-0.352385281595507,-0.250793034272951,0.37576244999097,0.337699929892029,0.120212165108999,0.000633514791972149,0.0948155796262385,0.013996954530734,0.00511522112608552,0.754029061155732
"GOCC_MYELIN_SHEATH",0.118516436190782,0.229208684637409,0.277604117455016,-0.00462581812098625,-0.166099564465504,0.106454380901204,-0.441627167660287,-0.325707033934929,-0.384631482849829,0.313487347411222,0.288074811002446,0.398101313450586,0.000848166448869854,0.0317665742337231,0.0812904364629825,0.000109225914633645,0.104026064751582
"GOCC_COMPACT_MYELIN",0.492898447711084,0.372438503215846,0.150163327464512,0.0687474967283023,-0.116420949276634,0.398382502080222,-0.537977041467416,-0.28572135109892,-0.521733498563638,0.304945326614296,0.212113251473763,0.380498240994603,0.00420927779505373,0.35057199353313,0.296987512656163,0.00312534078781786,0.748666426363617
"GOCC_SCHMIDT_LANTERMAN_INCISURE",0.362216157911319,0.239417921613475,-0.028825117793512,0.0766326215608838,0.0288194886370109,0.385056534446087,-0.648922670907738,-0.209062536624985,-0.51696402133551,0.219050345439642,0.311789849750921,0.342379883067566,0.0208429230638265,0.373690760956097,0.87266810393045,0.0221393940544471,0.482720569130076
"GOCC_RECEPTOR_COMPLEX",0.0307782509239756,0.121973983884373,0.161733074603444,0.0265468204485436,0.106949911080398,-0.000490726010866305,-0.137155973583749,-0.11872134075061,-0.00786586099032788,0.10669709223399,0.169728806639078,0.0925578054947361,0.0262772482483321,0.127254717540807,0.298560997795676,0.0173896848219359,0.713741810065262
"GOCC_LAMININ_COMPLEX",0.216167085639362,0.295603743197101,0.525354240984184,0.0895409117943853,0.397488086805143,-0.263192166191513,-0.357250955407734,-0.453842026468871,-0.0924208854438442,0.0079117800910265,0.4786765264784,0.142797501488275,0.0110339852095375,0.601054343471591,0.294243141346846,0.0480248305722588,0.469997564665162
"GOCC_CONTRACTILE_FIBER",0.074054585750493,0.0666828825219015,0.0639672025836846,-0.0141599192995697,0.109990264851368,0.021933941694369,-0.219548862262544,-0.116570866653871,-0.0745259787428006,0.056871516297222,0.1616491489709,0.110137450628043,0.0407974919818664,0.21710738474749,0.514501926916485,0.0122380025862047,0.304838252046458
"GOCC_APICAL_JUNCTION_COMPLEX",0.114122491354469,0.191356603728592,0.125384472904296,0.113799457435232,-0.00912796002011727,-0.0592157478076203,-0.214084179474952,-0.189762487518321,-0.134923489698565,0.104072395981912,0.186044614646718,0.140863240414295,0.000654843039006559,0.113724249830348,0.113645435249349,0.000632136675573762,0.999136862354831
"GOCC_CYTOLYTIC_GRANULE",0.18849355517265,0.0152589867877475,0.0498841594899626,0.0464065621810983,0.267503530674857,0.118718152894297,-0.309173361002666,-0.403181115644693,-0.39805191025567,0.180639767262049,0.324777068590457,0.165050834284627,0.00402117356622857,0.394408953417008,0.51775156126908,0.00144524755419058,0.131380641415774
"GOCC_CELL_CELL_CONTACT_ZONE",0.0670844138286767,0.0246877871291218,0.0985187132902469,0.153504183114553,0.190358942514837,-0.0292732409145839,-0.354856291738655,-0.301448549148687,-0.278639058953675,0.313856998095572,0.289971563891556,0.118321282733725,0.000275913191514775,0.213146235914923,0.610786530341003,0.00650350782218533,0.0895855990706751
"GOCC_DENDRITIC_GROWTH_CONE",0.685519189460381,0.511968575591257,-0.00444470187915125,0.0789208300386638,-0.139830969718078,-0.272243166935772,-0.602673427057712,-0.515616448810554,-0.675380140461087,0.456355661478744,0.311249859847287,0.171301651851984,0.0353870989717723,0.0341877731728228,0.117449135430867,0.00193214911996646,0.732692016047214
"GOCC_AXONAL_GROWTH_CONE",0.280011421351714,0.33560240825027,0.226170429056905,0.215529791989614,-0.137811800373467,0.130531395615621,-0.375020303033121,-0.375415295888333,-0.436369505030995,0.359996120767235,0.147777959655394,0.139069934118479,0.000165634317064734,0.327266390892609,0.178355391344077,0.00940268360876354,0.475466975522638
"GOCC_CELL_BODY",0.0427879359238807,0.113251720133242,0.099498744440922,0.0861356620373046,0.105382112735843,0.04557909338287,-0.171149203305554,-0.188194321769751,-0.202571099800617,0.145531174051712,0.0397476195319288,0.0708518328182335,0.00223931697009517,0.870837534199839,0.836526781650165,0.00870124908221814,0.996142409365323
"GOCC_NEURON_SPINE",0.113928531881428,0.0621317962047733,0.038724811071607,0.0678714382287163,0.0764436509400448,-0.0272449524364108,-0.240116678213655,-0.187072087359173,-0.163732903512386,0.1778697384778,0.336798911301969,0.0925168357835505,0.0010641874438261,0.135865817645814,0.467059913985297,0.0224363239705649,0.202512569747819
"GOCC_PINOSOME",0.618036978662615,0.160326825517729,0.247209619141275,0.0615752119579179,0.292518106552898,0.387062190535972,-0.515611294082276,-0.639618561795786,-0.384024507206058,0.381529358129629,0.133115675072437,0.546072594584163,0.0122126719436727,0.529096622482865,0.611185851421246,0.00637364888883723,0.952533311399529
"GOCC_AUTOLYSOSOME",0.296553597125882,0.542425634724697,0.32039180656374,0.16485057678353,0.42211665934552,0.0843710650462624,-0.540619081254378,-0.575639364236606,-0.712759564023545,0.719091590364406,0.538836337218339,0.481386744358333,0.000891544138447624,0.0522493059732535,0.278310320168707,0.000300714454555181,0.143101595133085
"GOCC_PLASMA_MEMBRANE_RAFT",0.158565394746365,0.260250681336449,0.0789250064773373,0.0195343779606675,0.182903009945306,0.146728381934576,-0.348832746211958,-0.330199595229355,-0.326926585000668,0.227865206922249,0.2175379268015,0.142403774399918,0.00983657683248051,0.250714367966694,0.530363768121298,0.00152733112811311,0.645977667306978
"GOCC_APICAL_PART_OF_CELL",0.169420073095709,0.132635908488353,0.113845308836556,0.0361358573362511,0.02479595462171,-0.00782752963056516,-0.188214301077185,-0.20708040690678,-0.1624406102683,0.0870313588189473,0.151296378622051,0.189654399349941,0.000138423862994513,0.0368037176494166,0.00512777158055469,0.00312060557736135,0.913243591606183
"GOCC_BASAL_PART_OF_CELL",0.157258822280684,0.232091230911336,0.181395192758806,0.023016899631156,0.0708723412757165,-0.0655477627222912,-0.264263571371158,-0.272969014426262,-0.298023225645445,0.217658801380268,0.328543560369474,0.297242806167941,0.000453005033914966,0.006971225646716,0.0268069782080895,0.00174148216132702,0.0935780627151669
"GOCC_BASAL_CORTEX",0.509086836581092,0.178510989574023,0.160128832705857,-0.17715315699958,-0.22210150623289,-0.0998596846406842,-0.489140359596774,-0.353066275742208,-0.314909282112235,0.586757912338108,0.518855812929011,0.262656060361956,0.0148533025028962,0.0154668053678559,0.0476497414075886,0.00454620443058561,0.313752602128465
"GOCC_SYNAPSE",0.0327010254082826,0.104314115858672,0.0816518586158615,0.00786755842625234,0.0685652750301101,0.090761528469419,-0.219523723296718,-0.21327097199329,-0.279660844581498,0.276696125594626,0.209263150731567,0.115156629556398,0.00048683033689721,0.0709873924426724,0.626785529453082,0.00449047334359133,0.0958639141460436
"GOCC_TRICARBOXYLIC_ACID_CYCLE_ENZYME_COMPLEX",0.0362817711363429,0.174491612705616,0.33870348603903,-0.372635375587735,0.0802230028220271,0.107495275039006,-0.571537503003239,-0.45766406217275,-0.630825991465621,0.539282070257438,0.268868891948618,0.189717497154479,0.0042209198176296,0.113696227717047,0.259980217266913,0.00557776215092542,0.339415281809852
"GOCC_PROTON_TRANSPORTING_ATP_SYNTHASE_COMPLEX_COUPLING_FACTOR_F_O",-0.556861841094009,-0.468526825335418,-0.414981595610485,-0.583917417645684,-0.474686177358589,0.130360049138315,0.56440123540747,0.629116773326753,0.313210595705697,-0.0262192958261795,-0.305031840384774,0.0223437766019704,0.00383267531447136,0.464222769978046,0.524330180645522,0.0126003227004117,0.0505144156684578
"GOCC_CLATHRIN_COATED_ENDOCYTIC_VESICLE",-0.113158301340713,-0.0858219402392091,-0.0907843671051483,0.263424876099151,0.158248469046919,0.29232428513343,-0.341788770499143,-0.305160845492383,-0.286932723107749,0.314310041752375,0.0478046055059481,0.0843326180496409,0.00128226548840104,0.409723638126184,0.0118443931132829,0.0276649977798558,0.0972657839191804
"GOCC_LIPOPOLYSACCHARIDE_RECEPTOR_COMPLEX",0.719563714570966,0.812247823812217,0.736690285070856,-0.37887029449813,-0.309701205930088,-0.380571556948034,-0.662915738536042,-0.67981411782776,-0.741224364390418,0.590828788693268,0.618557492895042,0.794666139593686,3.51132352774052e-06,0.00153606054976528,1.01020538824853e-05,0.000723254387354444,0.303116183554582
"GOCC_PIGMENT_GRANULE",0.335033259069664,0.356127164714657,0.260344444595,-0.17940203915923,0.104340946851082,0.169856228903682,-0.501912450628448,-0.506473679987175,-0.551850267151669,0.519250726495315,0.434833003422105,0.353995996389992,0.000106980590954689,0.046538802043366,0.108006107785176,0.00103063854011047,0.114916175796309
"GOCC_PRESYNAPTIC_ACTIVE_ZONE",0.0915583272664338,0.217581837139872,0.1247521225915,0.0149586218742727,0.130827205181113,0.0398550864108544,-0.210170342824482,-0.188145182575775,-0.275118058378606,0.267029230201567,0.194244181680713,0.12457027297138,0.0020900742973226,0.0708979811087395,0.18436561157742,0.00203277377328903,0.415736212247454
"GOCC_PRESYNAPTIC_ACTIVE_ZONE_MEMBRANE",0.135131084443502,0.293026591229031,0.236572930309611,0.194728236620206,0.125250274159356,-0.100245323218387,-0.249037152019177,-0.0499588203240467,-0.238321607756434,0.193819335944152,0.0376651858049035,0.113068854904534,0.00942434494520152,0.705110493362209,0.235608572876484,0.0247980573787385,0.173634720939481
"GOCC_SPINDLE_MIDZONE",-0.0224168813603727,-0.102969271283945,-0.104830367035785,0.00118624646075441,0.296392334526952,0.409703316262144,-0.393452318485347,-0.416532302749605,-0.374145187317544,-0.147979073930547,-0.146498953926112,-0.127409358638968,0.00244441585756812,0.0902152133925871,0.11795837295948,0.000308187263403101,0.136183166424072
"GOCC_RECYCLING_ENDOSOME",0.0607329528516468,0.0531718311031026,-0.0446104010425505,-0.0367534378295748,-0.0730867251386773,0.245919735416698,-0.261050912721538,-0.308200280590068,-0.340392934704568,0.319150189415686,0.232960845257956,0.0942101474221469,0.00226420414452028,0.241181204712963,0.850410265394115,0.00919395599837007,0.0798935269244545
"GOCC_RECYCLING_ENDOSOME_MEMBRANE",0.0439656764744012,0.148829433856466,-0.00847063168647716,-0.0885143896017423,-0.0044611172977975,0.297245001724446,-0.352566260442829,-0.391637207395168,-0.388656430059283,0.351597625514276,0.267223608145477,0.0856659705930647,0.00745369180516518,0.311072189490538,0.961668227559508,0.0142253298528809,0.146202027735721
"GOCC_EXCITATORY_SYNAPSE",0.199556450326364,0.0695650576912462,0.22171478096149,0.037076185702151,0.0372777876271468,-0.0660955915217391,-0.0975040391136665,-0.0960460796923251,-0.213849411587206,0.0620719082124857,0.192584767399946,0.196814117052174,0.00899612597518393,0.0613967086030097,0.0572239996089254,0.00864515692016581,0.849615965369234
"GOCC_CELL_POLE",0.453866068149608,0.432243795040497,0.358501102533613,0.00634465766026807,0.0129607046005069,0.303595951762971,-0.617160195106645,-0.663248454122627,-0.653104250591506,0.42516418942275,0.527072883444094,0.609017208750326,8.13458362532671e-05,0.0326642978426735,0.0782356084330602,0.00115928750480758,0.17692656909581
"GOCC_CORTICAL_GRANULE",0.229627646028843,0.624087198776848,0.414284257095989,-0.256435735945844,0.0287656502034073,-0.346519782008313,-0.481904711460735,-0.569697137626713,-0.699434189502734,0.618135033412755,0.714340579153556,0.571432596090916,0.00390672433655402,0.0106125813128512,0.0187062074316471,0.000217634091393705,0.195834663172855
"GOCC_TIGHT_JUNCTION",0.0971877983316262,0.19975603889999,0.0817695796891583,0.120469481350792,0.0307446091060627,0.00125959955093852,-0.245862585363736,-0.193797364125984,-0.140587064285985,0.140014356189647,0.204827343004462,0.217372486015827,0.00299035582105766,0.0410385253707333,0.217299015019882,0.000774745916342845,0.248908668659202
"GOCC_ANCHORING_JUNCTION",0.0400321033698483,0.154355853045765,0.141301802154492,0.0848705719055175,0.105605789006127,0.113579258243107,-0.33936882361534,-0.319575747617978,-0.331485444098263,0.341103422101577,0.23660956580577,0.154418338941077,0.00563015994133748,0.115003685898557,0.8007007898675,0.00817300246363707,0.12196086569864
"GOCC_EXOCYTIC_VESICLE",0.12203330541403,0.134768779806173,0.201650006159862,-0.0645919559632666,0.0672884850198827,-0.0229847020086443,-0.277181301102406,-0.31018463869718,-0.298472001663205,0.276352993608777,0.283890048220838,0.189881707773752,0.00099556498113055,0.00760291641735797,0.0335986002775601,0.00140833840499685,0.0695969781948529
"GOCC_RISC_LOADING_COMPLEX",0.566682031189856,0.233461410179147,0.249435907860652,0.0766219463784918,0.191483040535717,0.312570226254169,-0.660581652191195,-0.70957209802647,-0.562678462791475,0.527656302643432,0.601398819423756,0.502225698965593,0.00560782652486178,0.0221886489181924,0.301034014859589,5.73941434376044e-05,0.210425326752649
"GOCC_ENDOPLASMIC_RETICULUM_EXIT_SITE",0.402448885376767,0.199589733343434,0.177051400185157,-0.0157905043714953,0.0682527606544686,0.106573064656641,-0.426845299126739,-0.373699033203007,-0.413554308025973,0.281598164953516,0.46269131723352,0.398359393076226,0.00884386268448536,0.0096370137860523,0.0833947410684839,0.00243901200078416,0.251244326517446
"GOCC_POST_MRNA_RELEASE_SPLICEOSOMAL_COMPLEX",-0.507387295334668,-0.578410617000269,-0.647120131894331,-0.255417283075386,-0.147703435832306,0.438324816791589,0.201828308681683,0.324331386169262,0.31407166955059,-0.182784184801789,-0.0463275968039842,-0.396733937588021,0.000108604845013868,0.426782949857953,0.107113957559587,0.0284668940132094,0.0534879057809414
"GOCC_NPBAF_COMPLEX",0.0637128296243051,0.131046492563358,-0.262846491690158,0.359376685774044,0.180758532172932,0.31972345690667,-0.389634903115408,-0.5845866448158,-0.655940170348023,0.429455158769207,0.388206260364987,0.304183346981485,0.0296493064061952,0.262103829868352,0.110298109027289,0.00243466754401093,0.0719231104310799
"GOCC_IGD_IMMUNOGLOBULIN_COMPLEX",-0.633744754521325,-0.12010677612119,-0.506908765143544,0.303275855447585,0.85920893121833,-0.536118898575701,0.144936441491484,0.554050150549721,0.535891539338572,-0.408011277964581,-0.378777986866237,0.0179346365067982,0.0158108904261324,0.372510820250542,0.257399911572612,0.0252144523608145,0.472626992662449
"GOCC_ELASTIC_FIBER",-0.237940705894079,-0.345829975188524,-0.581253437536136,0.0645391499078562,0.154812956188128,0.252859080754341,0.219874239283753,0.407609215481384,0.363104996222246,-0.500352350781614,-0.288875478208681,-0.088050511153947,0.00743892059236092,0.0459093506375812,0.0169404265895652,0.0199791436904672,0.573513649217694
"GOCC_FLEMMING_BODY",0.396420780258446,0.165170670682688,0.195136966106394,-0.10309999319762,0.153262079508799,0.482502991840234,-0.504209240206125,-0.611141419779531,-0.590795150307573,0.301961439750446,0.364867095538898,0.366377531523021,0.00268083360497902,0.428987833838069,0.715248873874209,6.69562577904567e-05,0.331649318680819
"GOCC_GLYCOPROTEIN_COMPLEX",0.260741594875379,0.00533972360682297,0.087544510161591,0.25652835580743,0.370578795375888,0.117063162444257,-0.367339486250093,-0.0754225128711405,-0.346690183274811,0.16497137338785,0.150562514539994,0.00573304035584649,0.0363846767737701,0.197825892863331,0.283122826341482,0.038988844287268,0.911956043219753
"GOCC_SYNAPTIC_MEMBRANE",0.0906264919515619,0.169224933843454,0.19361934613924,0.0379302580986082,0.0711336327868443,-0.0769816915083785,-0.068487531965168,-0.145112270204083,-0.0548636454845358,0.0925618961394828,0.0737885003883364,0.058002444382321,0.00469181774042764,0.287498633584013,0.0693002427846608,0.0187255738929147,0.122521073691966
"GOCC_TETRASPANIN_ENRICHED_MICRODOMAIN",0.0204722549510313,-0.0132206165592688,0.36657607415347,-0.0523202212661832,0.0679930887408991,0.429697792269109,-0.553994451106237,-0.636743470935153,-0.544346728024916,0.520471458258559,0.551981424154937,0.244973479249093,0.0233766490211201,0.181296585141148,0.905844244209474,0.00553343435348,0.116726397000142
"GOCC_LEWY_BODY",0.00412059949613122,0.0844641703575927,-0.223812730470309,-0.0553698297983813,0.258618348692398,0.374945970476355,-0.56069167865814,-0.312856345193651,-0.630736558342188,0.589366661647787,0.00832692018323231,0.0332622236102998,0.0269023076791588,0.942974416375483,0.21433960077083,0.0448956733046792,0.315426496009699
"GOCC_TUBULAR_ENDOSOME",0.460130154625146,0.158005914659773,-0.0101778238660834,-0.0442840703910728,-0.112636212840374,0.345344815827648,-0.648154549294869,-0.803856051003983,-0.726658217152127,0.379256358688532,0.546837193225097,0.795336538450459,0.0142100634998336,0.053810574412039,0.519391492509044,0.00407808330485521,0.113806600438414
"GOCC_SORTING_ENDOSOME",0.752378097416193,0.648190299113304,0.44630927051766,-0.134869921908339,-0.119135843229834,0.00945343301731671,-0.540830373473689,-0.678440508496915,-0.552077822195893,0.424151425227329,0.364532128185805,-0.131394991550041,0.00141779809311091,0.225404006195987,0.00639737623758896,0.0374966714048653,0.139297773203146
"GOCC_DENDRITIC_TREE",0.100445965853604,0.104926012681937,0.0657478443992903,0.0705799833898071,0.103987964140271,0.0569006393785395,-0.232370303530584,-0.222464721168278,-0.22080647342653,0.231849476911105,0.20995994944719,0.103209300714836,0.000717114539493973,0.106609055557862,0.518759649810184,0.00896893227186426,0.138709495380939
"GOCC_SPERM_PLASMA_MEMBRANE",0.167472035216885,0.275604352794052,0.0380816897053851,0.2941450112441,0.124188222749281,0.156960663746624,-0.220798075507127,-0.212672187204141,-0.406770562463939,0.377429315283829,0.291807552952648,0.431473209680857,0.00935817910213353,0.0603622667067507,0.735427485996919,0.00200162467494743,0.0748945785191242
"GOCC_CILIARY_BASE",-0.043838845382463,-0.00118679544932135,-0.115350158341348,0.126409419052631,0.143755610197598,-0.0209707234083905,-0.189350320085922,-0.283970684515219,-0.255567735918444,0.110339286125665,0.14281094654837,0.374548220135591,0.0129166160603526,0.280304768105062,0.104405431857002,0.0229474888211007,0.0717307743337468
"GOCC_LATERAL_PART_OF_CELL",0.178116341564017,0.626719519756385,-0.0766351243616196,0.47584199138925,0.0216816192959644,0.607740650010563,-0.815001152162195,-0.718181119901599,-0.727398417697142,0.570302769436331,0.5180533344348,0.732940519334763,0.0374818210535582,0.310634392668564,0.66809034420638,0.000421609758648353,0.212131222580483
"GOCC_9PLUS0_MOTILE_CILIUM",-0.315400768687663,0.0524926066750509,-0.220776067195068,0.0292077053260243,0.0681401014727412,-0.254958326692488,0.642508959430387,0.278212145987396,0.733840304182601,0.00721838873952932,-0.611015093904484,-0.602117951720853,0.017629771368001,0.225763404521117,0.509358824615898,0.0230788254983639,0.374890574169424
"GOCC_SIDE_OF_MEMBRANE",-0.0559267693372807,0.036591595734022,0.0599102006406761,0.114070413880196,0.0953962652553662,0.163533954955584,-0.293527873688532,-0.28068561088072,-0.199913722939098,0.241229370031757,0.0789042901932958,0.104059753618047,0.00455837616619569,0.776873345060902,0.0680298695092564,0.00510641191416249,0.114613431411164
"GOCC_CYTOPLASMIC_SIDE_OF_MEMBRANE",0.0118486018781273,-0.0042137107578567,-0.0435369352164201,0.00873853007069852,0.0454374352223205,0.231056499461469,-0.34939395098261,-0.374053442337861,-0.290507608417987,0.401812769336179,0.233843467483702,0.112431011625109,0.000810881186722312,0.230709750348807,0.257030619759606,0.0139905591498163,0.0843184165900599
"GOCC_PLASMA_MEMBRANE_REGION",0.10939708503481,0.174961002007063,0.142190986415667,0.0172955934692606,0.0400131926746632,0.000718883299280104,-0.182791651253537,-0.227885338975048,-0.194154172005852,0.174160411840574,0.201218841655195,0.153726933193847,0.000228232259067156,0.00107595578066541,0.00900995920563247,4.01691724960043e-05,0.224283916005884
"GOCC_EXTERNAL_SIDE_OF_APICAL_PLASMA_MEMBRANE",0.342494689331574,0.44029030768641,0.703413038619033,0.330568325397232,0.10386908808176,0.100257624444849,-0.603384046450482,-0.640815988048524,-0.615701011378119,0.407239676147623,0.512434263003426,0.626012953173818,0.0086691483989392,0.0286055426239293,0.0812541417420429,0.00242879074006493,0.88328891737873
"GOCC_PROTEIN_COMPLEX_INVOLVED_IN_CELL_ADHESION",0.133717435496068,0.24946308554744,0.291415487767999,-0.0877298950873482,-0.091344771230482,0.0215325080823554,-0.192410535376675,-0.196806260793043,-0.0734900441722795,0.311844549273558,0.213487931326682,0.216565731024343,0.003927707824664,0.00387488609079831,0.0111938839285158,0.00179592643600172,0.717134075235673
"GOCC_PROTEIN_COMPLEX_INVOLVED_IN_CELL_MATRIX_ADHESION",0.110262836716729,0.364492362706787,0.354328823157559,-0.0861563012873995,-0.0107250109614882,0.335216349536146,-0.402357989763486,-0.290858700236788,-0.363913334558638,0.212810572588589,0.224501480224229,0.112919014145257,0.00920849710844093,0.511092505079787,0.281360986648888,0.000385404138288103,0.386607364162255
"GOCC_SCHAFFER_COLLATERAL_CA1_SYNAPSE",0.141462236802806,0.297315930553223,0.141843921998297,-0.0578864283260224,-0.103425647932375,0.0528386572819511,-0.352349067206696,-0.268658422620776,-0.333121019235477,0.337931620140752,0.223019716662508,0.0985743526900367,0.00345225106025894,0.0443367179516876,0.0304895990958902,0.00922131111638068,0.777173081891841
"GOCC_HIPPOCAMPAL_MOSSY_FIBER_TO_CA3_SYNAPSE",0.21386438855154,0.127530023434384,0.0504557690945495,0.0326170479606104,-0.223728029500116,0.0483248474541996,-0.262683338229594,-0.146003826387344,-0.0911800967121708,-0.00562838808242536,0.264029337737425,0.289202376336743,0.0128064528654754,0.149690237415216,0.171035777010018,0.0457387922719596,0.65703879581558
"GOCC_PRESYNAPSE",0.116171014546027,0.129217062887305,0.110403533922281,0.0160073552820625,0.0139227143591718,0.0531318186437407,-0.206303517795862,-0.233188369684856,-0.264599278453403,0.266521235637072,0.226904153705355,0.128472292174562,0.000940278997986782,0.0386526899801696,0.00958170381927244,0.00354691201343377,0.160972362138164
"GOCC_POSTSYNAPSE",0.0807788136857409,0.123672464510392,0.0953783367917269,0.00196080788711228,0.0569409533816793,0.0766839340255623,-0.224447921432298,-0.22649369516749,-0.262613437689629,0.253836136841938,0.224139789224227,0.11788916345044,4.41808434487928e-05,0.0450556436586126,0.118185311591183,0.00536870151325348,0.129505941924563
"GOCC_PRESYNAPTIC_ACTIVE_ZONE_CYTOPLASMIC_COMPONENT",0.440890040134996,0.399424563094978,0.136412776809243,-0.137715571873007,0.0908243714437984,0.0671097340521278,-0.291430127932476,-0.426526986185624,-0.355743430279901,0.412119724887109,0.408797392841465,0.0891247839768826,0.0101365453228573,0.092739930373045,0.0604966664502727,0.016198448436029,0.884414062370825
"GOCC_EXTRINSIC_COMPONENT_OF_SYNAPTIC_VESICLE_MEMBRANE",0.282748892806539,0.446326752787114,0.465510494839773,-0.298985869179661,0.328353684756423,-0.351304892729334,-0.295100475774933,-0.37725113917941,-0.0167890907811726,0.379364907330174,0.241517196889388,0.169453791722311,0.0141653125887208,0.226700418728656,0.138908638897181,0.0265740422592118,0.186621543256158
"GOCC_CLUSTER_OF_ACTIN_BASED_CELL_PROJECTIONS",0.0581126569234675,0.233785821412174,0.0929112170850949,0.00944589408123581,-0.0307594734610369,0.0107377096088312,-0.116103722246507,-0.218661321388287,-0.227508990792219,0.136961436601253,0.159937222084693,0.0554258634210012,0.0114368275327565,0.0460017637648531,0.126072323284465,0.0032499537578625,0.872442082873091
"GOCC_EXTRINSIC_COMPONENT_OF_PRESYNAPTIC_MEMBRANE",0.475983561250658,0.427534416134874,0.455624726718721,-0.147268445098529,-0.117857066448601,0.366340961537837,-0.557505839205141,-0.69809509178883,-0.878333023484007,0.559483371675533,0.118721452003435,0.539803482225729,0.00543364912688456,0.167379343161243,0.127101927145304,0.00481520685001918,0.775049927606703
"GOCC_GLUTAMATERGIC_SYNAPSE",0.135160821378333,0.130318196901972,0.10381514383772,0.0503915138544083,0.0400755372680171,0.125019263977645,-0.273416523422885,-0.286386049833409,-0.302281162536541,0.276541187677372,0.203818554743006,0.166503498040759,7.08821015675207e-06,0.0280625498609898,0.186828914556572,0.00255181474044814,0.0928730840512478
"GOCC_POSTSYNAPTIC_SPECIALIZATION_INTRACELLULAR_COMPONENT",0.147701834170504,0.235753713289357,0.123619773915941,0.118960286897337,-0.410364890534296,-0.237068552478445,-0.185711223506892,-0.250302707922155,-0.259606321576078,0.423444789596345,0.463419100937387,0.101403478529249,0.00113674068767735,0.0644955843814296,0.15168843577457,0.0348195208295802,0.294574562077173
"GOCC_EXTRINSIC_COMPONENT_OF_SYNAPTIC_MEMBRANE",0.193700457190526,-0.0947033416388698,0.0382346117166568,0.208328531366452,0.188213471204643,0.526051045592021,-0.569899900462673,-0.579331001624629,-0.355772125138454,0.36218813345389,0.179398015640401,0.172089720376596,0.00816464672047758,0.616673121330282,0.134750158266686,0.00168293096944096,0.144104672052027
"GOCC_SECRETORY_VESICLE",0.0636754106697702,0.152254589660096,0.148231186159513,0.00677424519924918,0.107772443542677,0.153742387055146,-0.304082378108207,-0.309764917508023,-0.357816992741602,0.311873662028932,0.293703026133038,0.181598502349317,0.000616001377658787,0.0440847385955736,0.577656833244343,0.00160520334910317,0.0537355602437727
"GOCC_CYTOSOLIC_REGION",0.313294611044092,0.458771503808139,0.339794863866599,-0.0738124300532599,-0.109263202767113,0.141420095044806,-0.511289321179406,-0.525165348694546,-0.546287489075836,0.331164492558303,0.492546344738192,0.258161513788681,0.00161877001013446,0.0237080367836771,0.0210588967491283,0.00522858689709052,0.91026640534146
"GOCC_PRESYNAPTIC_CYTOSOL",0.354209582841564,0.386773039010973,0.201585269914682,0.103048774933601,0.0309086180564297,0.264827656063515,-0.564396759851383,-0.543613554746907,-0.568346389855265,0.439168539788221,0.386394731673371,0.211130244003147,0.00372649120671269,0.0949796147599632,0.115847906327105,0.00530082719809542,0.744155798900193
"GOCC_POSTSYNAPTIC_CYTOSOL",0.391770185763034,0.585862240224031,0.429094567110268,0.00441005053344684,-0.109027038685137,0.0569617946366766,-0.5456716089991,-0.622482965275761,-0.51125317141075,0.194669503810524,0.431491827229864,0.188687497775289,0.00050507618321656,0.0479751994935032,0.00367372545463227,0.00387621445569093,0.124638756110314
"GOCC_CYTOPLASMIC_REGION",0.135866112867468,0.112804842766242,0.00398851404348741,-0.0402592792274052,-0.120474203382278,-0.0230069384802085,-0.116681828024556,-0.191254558997226,-0.122512183353454,0.0843456867177589,0.114547669570737,0.110780881775911,0.0142006963574094,0.0233649423688867,0.0498197045616833,0.00417116801208931,0.689751069740112
"GOCC_PRESYNAPTIC_CYTOSKELETON",0.500263685388998,0.584410643586833,0.524141509893376,0.0468201344609487,-0.0281408566108469,0.195045443246303,-0.56382268143509,-0.582684972171013,-0.279633851560245,0.141991223319838,0.498448488087258,0.414782115602455,0.00645764685608545,0.104189678518563,0.0111333958874454,0.00486104723918621,0.224626371617077
"GOCC_POSTSYNAPTIC_SPECIALIZATION",0.0314050101346969,0.151424272601802,0.124254169200496,-0.0272616855536886,-0.011558989776277,0.057626581239034,-0.158392023076621,-0.172417360432013,-0.241877199171514,0.22373380191523,0.21596655629702,0.120296500860064,0.00393384975230874,0.0145962338610047,0.105157803559979,0.00112234392349903,0.162721104859504
"GOCC_CELL_CORTEX_REGION",0.377645398290521,0.327853830847653,0.100118579961389,-0.0859444374702302,0.0555756218589263,0.176200723333923,-0.427013443777279,-0.447932605043493,-0.327378601516319,0.384030774247264,0.311703155287668,0.128645154634117,0.00753964787881015,0.10274234774019,0.127386541030538,0.00459637930522497,0.95903868097247
"GOCC_FICOLIN_1_RICH_GRANULE",0.0501529819704384,0.214847709400254,0.100263594379836,0.00647627598116349,0.193266412895508,0.344021142005218,-0.404340107204587,-0.420973344748952,-0.516277032653414,0.464543666576157,0.338887019001138,0.229955197182269,0.00109447796627277,0.2497007233252,0.624214242620504,0.00193375895485813,0.0619082923613083
"GOCC_FICOLIN_1_RICH_GRANULE_MEMBRANE",0.0465025099713416,0.230410048024122,0.181099470379646,-0.0471622329004923,0.0561006960971023,0.208460902209949,-0.229458463937211,-0.329715012699901,-0.357026836574029,0.499907512101344,0.344373793778587,0.136207188395482,0.00354484780039004,0.127659495468776,0.438118134819114,0.0171959994980561,0.238614252167125
"GOCC_NEURON_PROJECTION_CYTOPLASM",0.249230034024648,0.210258071552994,0.0607128464627493,-0.0140527302797325,-0.00611465941479547,0.148587820514391,-0.345210018744077,-0.412606293682371,-0.42709630952445,0.402761332139772,0.264693644915784,0.338266471896531,0.00401895904628841,0.0136364759062244,0.170407178782073,0.000295725199652287,0.0897427001173678
"GOCC_PAR_POLARITY_COMPLEX",0.199116160636846,0.552951418786145,0.287799822737842,0.141321789906583,-0.214897749206527,-0.174407419131704,-0.228988918549445,-0.491594295818074,-0.298123662968694,0.552450443300422,0.0225268394393491,0.470509658390028,0.00818981055939957,0.105765468884372,0.0503965159764655,0.0353268627562138,0.992906039204941
"GOCC_BBAF_COMPLEX",0.0848620359922004,0.0568562331654924,-0.196754663611728,0.283686506439362,0.153717791392939,0.363475150485068,-0.298286329297834,-0.606927799913983,-0.713241108085368,0.474536532428826,0.35560669776215,0.11293351074352,0.0316913629589123,0.723633755571244,0.0660723708888203,0.00688478171107691,0.0768694380811667
"GOCC_ENDOPLASMIC_RETICULUM_PLASMA_MEMBRANE_CONTACT_SITE",-0.0109642036876081,-0.000488730611302723,-0.0667865313212984,0.243980446272621,-0.00454339116856667,0.341845582047367,-0.228082077446988,-0.286191034230223,-0.439424560560888,0.352635383050995,0.307060846120496,0.0725751342085987,0.0334758192750691,0.728244984942808,0.162183340752553,0.00812535793164479,0.0823289256994181
"GOCC_CHROMOSOME_TELOMERIC_REPEAT_REGION",0.20714913179699,-0.26245199078153,0.00933131917259342,0.109615731182789,0.292213198079714,0.269976554188882,-0.586338622929337,-0.347404514824354,-0.573699278993089,0.273880459332949,0.455013251631991,0.496498516465763,0.0490259664760191,0.109791375402134,0.214080728774139,0.000985210493032467,0.070236681390529
"GOCC_DISTAL_AXON",0.0293314385404286,0.161251162538952,-0.0190338844753646,0.140870392793658,0.0149234579183488,0.0620927977037732,-0.167227981157059,-0.236123691740728,-0.277694258810954,0.250772146079456,0.20856483710277,0.0537763306005475,0.0167360460784498,0.247523649676878,0.82585723731487,0.00933311984967418,0.231159725279191
"GOCC_CEREBELLAR_CLIMBING_FIBER_TO_PURKINJE_CELL_SYNAPSE",0.569432138391246,0.14640703614079,0.525525724404848,0.165404247268133,0.107564142172291,-0.0460870496390471,-0.777026272741261,-0.61895742453404,-0.310006293285181,-0.0968116290826633,0.349347448964494,0.341424294633245,0.00690162254641747,0.506344999985895,0.111923462327987,0.0191603507774849,0.340538232157693
"GOCC_PEPTIDASE_INHIBITOR_COMPLEX",0.157724531654879,0.0870003327099497,-0.0521091566348633,0.0321911493545004,0.137312537583596,0.123157579016705,-0.358246909370266,-0.339809016331764,-0.364284447487291,0.550549341957632,0.266948612149646,0.270706482087719,0.0198163768203987,0.0929061304180734,0.665277577039047,0.016264755449286,0.065930912729809
"GOCC_AXON_CYTOPLASM",0.229424277501782,0.206986906426066,0.0736637945933687,0.125725700698759,-0.0259902395503215,0.253236413353294,-0.361260436190218,-0.421287984336408,-0.450161104273552,0.421800167753956,0.260358677053953,0.334472024488961,0.00165498952489318,0.0927482470636101,0.61399442967903,0.000611099946908015,0.0664481821339512
"GOCC_TERTIARY_GRANULE_LUMEN",0.0473714621184457,0.193390741997197,0.100870696287785,0.144650316813286,0.129185641037237,0.358706740328662,-0.434036350329389,-0.36228019386397,-0.401309308951735,0.37867690687294,0.351953466919195,0.170992449348095,0.00197614566397754,0.415628013928573,0.334438319780967,0.0049164325173921,0.0851363898434803
"GOCC_GTPASE_COMPLEX",-0.138641387685685,-0.10503241021616,-0.225057170313258,0.274723365334251,0.180893962939673,0.245075012266653,-0.372639539347488,-0.277273848992614,-0.437910157232298,0.218189655069392,0.0186205490187198,-0.0113157645822465,0.0274060062292903,0.147191704614734,0.00129969840721635,0.0104575301170032,0.0655029786252343
"GOCC_MITOTIC_SPINDLE_MIDZONE",-0.29689982490434,-0.298836247091001,-0.347361035956751,-0.115106686022549,-0.126649011052187,0.40115323919623,-0.134100610783211,0.00580616324973268,0.0469295084644001,-0.41036493798899,-0.371072547645103,-0.217672851260681,0.0263983209885279,0.146385386404918,0.168033782609648,0.0191657864477972,0.785137872505315
"GOCC_DNA_REPAIR_COMPLEX",0.227459370380441,-0.106452945811169,0.0397035426921101,0.207569763398534,-0.200702324966695,0.431658796507354,-0.547359771712337,-0.518026489266474,-0.549646292650431,0.304935347313989,0.20594612660144,0.505715577576006,0.0245777557054688,0.41965463262493,0.687319776017219,0.00923884835970798,0.095238552717616
"GOCC_PHOSPHOLIPID_TRANSLOCATING_ATPASE_COMPLEX",0.477787537465543,0.289386982938435,-0.0513545734730868,-0.116881619194533,-0.176477513488714,0.239636457282121,-0.478592581791422,-0.399454318090795,-0.376973377623315,0.286746933902984,0.488827836210668,0.53025804361305,0.0465853031987712,0.0521771314719086,0.275154418565704,0.00310477018637186,0.338911032517145
"GOCC_MICROTUBULE_END",0.127042970401764,0.3513126497705,-0.040354157930255,0.0938689213146837,0.252903061482766,0.397685900061853,-0.603493798259092,-0.601834860282078,-0.530255597229904,0.333791427704352,0.141361032301207,0.163894666815962,0.0199020178727506,0.76039566734972,0.517994922069413,0.00227476328873105,0.637902259719417
"GOCC_WNT_SIGNALOSOME",0.239716060794503,0.309953834941562,-0.0136217223464205,0.486508598342841,0.325765652045594,0.406017841729259,-0.632811849906673,-0.453335548304705,-0.157521376469812,0.489683310232832,0.351551867068219,0.290030562317945,0.029647026155085,0.719955172987776,0.132225505773383,0.0173449420928568,0.174126155724542
"GOMF_SINGLE_STRANDED_DNA_ENDODEOXYRIBONUCLEASE_ACTIVITY",0.179978988017208,-0.106364411233844,0.100040527873308,0.331741522992918,-0.197428388720542,0.0984907153367462,-0.4739166530848,-0.421711330757774,-0.561004919896294,0.623989193908998,0.189483483075622,0.584664272240643,0.0118556128462421,0.133980519660251,0.917260806260927,0.0147327147325754,0.0790733272955305
"GOMF_MICROFILAMENT_MOTOR_ACTIVITY",0.153703561514062,0.342441915589425,0.0914065384859593,-0.23924159003241,-0.0607694377310732,0.128042595435287,-0.292665591207726,-0.128601891315454,-0.0601635145459541,0.36729967506609,0.253133383869188,0.243081011540989,0.0255660259519461,0.0683932407379211,0.13122309032779,0.00930601386347813,0.359218457569577
"GOMF_RNA_7_METHYLGUANOSINE_CAP_BINDING",0.311540323495924,0.105444845059983,-0.128794133380966,0.472318759976906,0.172602732947909,0.540450703560844,-0.704802151363302,-0.675908428048187,-0.601037264694102,0.488392188565346,0.485494532316839,0.486008506601073,0.0220370737480187,0.503039041613959,0.154608595000633,0.000719056241389369,0.0917026493602893
"GOMF_ADENYL_NUCLEOTIDE_EXCHANGE_FACTOR_ACTIVITY",0.0647347480446664,-0.116237218365385,-0.199828530437028,-0.31477388644859,0.434879169893994,0.552465320141784,-0.521932345385593,-0.377485393552852,-0.68544652141961,0.582652390931908,0.0377334251039845,0.101116616824099,0.0204577704925101,0.962391081923097,0.375656216107005,0.0286153428536971,0.191435583153831
"GOMF_MRNA_REGULATORY_ELEMENT_BINDING_TRANSLATION_REPRESSOR_ACTIVITY",0.237267378644659,0.129452012165809,-0.195775677937297,-0.107969669083432,0.162085761779979,0.227346473906043,-0.628519145078271,-0.339778742884601,-0.347386482813135,0.3121558876711,0.39642506272433,0.268043154138829,0.0417553740623626,0.140934480345818,0.835565000364839,0.00783661362970417,0.167475694337481
"GOMF_DNA_BINDING_TRANSCRIPTION_ACTIVATOR_ACTIVITY",0.00931502992412275,-0.0776728185643666,-0.122871814637528,0.125109324384086,0.0974561233215771,0.212851493104215,-0.224489695168361,-0.225101495979434,-0.165588819167189,0.089398980228182,0.0904927736130679,0.107511524432646,0.0482692510690612,0.290587929004754,0.0163827490104659,0.00232102822379203,0.0514357510195986
"GOMF_G_PROTEIN_COUPLED_CHEMOATTRACTANT_RECEPTOR_ACTIVITY",0.186069517177707,0.39693917223913,0.182593647045049,0.292138983410565,0.408187586702398,-0.179103433221891,-0.42326292365731,-0.311934510091302,-0.202275097683862,0.285987991160196,0.0924333346578913,0.24043821876785,0.00413625318543914,0.876541281680774,0.705379351836088,0.00398592389804126,0.62353779761845
"GOMF_PROTEINASE_ACTIVATED_RECEPTOR_ACTIVITY",-0.240885817636033,-0.583477359142402,-0.707516726369697,0.723724093220028,0.2671613901521,0.352893012864161,0.189058978583295,0.0873756577178056,0.267739820376001,-0.225992978065842,-0.538166467095822,-0.800946756764581,0.0266980535606402,0.0118876957002403,0.00835450501318757,0.0413858103224237,0.961810556709423
"GOMF_PHOSPHOTYROSINE_RESIDUE_BINDING",-0.0343302148354527,0.034711328135168,-0.00176070432504866,0.385885680056466,0.111451612306565,0.296392412964714,-0.388075853387648,-0.403969613938874,-0.441259494145821,0.296747160736232,0.159334837062977,0.0553138993740699,0.00012185234601516,0.429150776922803,0.0740853874436876,0.0111033288613809,0.125412376955811
"GOMF_PHOSPHATIDYLSERINE_BINDING",0.246356386911049,0.339796570430994,0.286238449211759,-0.0802077495202329,-0.167733263591661,-0.0487880266720776,-0.225672076664337,-0.249260291792825,-0.0945311878103059,0.14071638573277,0.22471030839152,0.0767430461654282,0.00263617687824203,0.0123770534079582,0.00129452132024985,0.00660743545953074,0.0576616345098167
"GOMF_OPSONIN_BINDING",0.203374119603595,0.232066752196984,0.491900009288566,-0.198757125225129,-0.065057194972137,0.384659078010797,-0.403092528693584,-0.397625716386201,-0.33219658716167,0.317433705108598,0.376617146675325,0.17676293113528,0.0133199785128266,0.29031402041144,0.269155630773091,0.00347115402817262,0.872770231032265
"GOMF_OPSONIN_RECEPTOR_ACTIVITY",0.435463329348657,0.565531597986561,0.53320210575129,-0.00759918446707253,0.171443872067999,0.299536622880227,-0.536822593561028,-0.571272572931868,-0.781665722753295,0.40728477075455,0.243806984243425,0.493071116593341,0.000958037823643185,0.122950855894596,0.0406091377876744,0.000676745253664917,0.213173487903413
"GOMF_LIPOPOLYSACCHARIDE_IMMUNE_RECEPTOR_ACTIVITY",0.555154401597731,0.625287442637159,0.603840635107841,-0.31059677013529,-0.084227952266223,0.0144262302374278,-0.635389460746965,-0.635965586111858,-0.741281302811982,0.690130596429494,0.601596918411536,0.576248133669102,4.0549717262576e-05,0.00937892917510938,0.0141132937211117,1.25834064925216e-05,0.534415064302247
"GOMF_NUCLEOSIDE_BINDING",0.510441100340613,0.168532226886759,0.351919724344626,0.144648770709552,0.216362422531524,0.36017250797989,-0.463837912367076,-0.528430566490343,-0.628492987013595,0.550532377146611,0.53703819848684,0.275652968797828,0.00457402057137597,0.130432677210617,0.436697852015184,0.00207715748675965,0.453033064573949
"GOMF_P53_BINDING",0.185515239464819,0.0790261938161672,-0.0860808372196661,0.110638493059374,0.136778686820181,0.414201230967247,-0.479954574638235,-0.48965400975032,-0.491402611397005,0.410464409700828,0.361212701857579,0.336323306264981,0.020093592157733,0.262582405913396,0.270386134667965,0.000482397136176564,0.0506412521101403
"GOMF_TRANSLATION_ELONGATION_FACTOR_ACTIVITY",0.0172135831842207,0.265431802152161,0.44672388662937,0.0665145083885433,-0.0348835358845316,-0.0140206237023122,-0.541940371665789,-0.597380799221045,-0.656480333763843,0.592824420747502,0.254586702684942,0.257137262533001,0.0160597098423689,0.0749970260018056,0.191542097957821,0.00877148086398378,0.497608715308355
"GOMF_PROTEIN_DISULFIDE_ISOMERASE_ACTIVITY",0.160985631976927,-0.0248215639753163,0.0569690107085002,-0.332248577205955,-0.0346061828547885,0.206465081854279,-0.404570800415524,-0.278307842810206,-0.536009907854091,0.492603034849813,0.308434083600392,0.178272971793114,0.00879053169861402,0.119651103982904,0.536194167758499,0.00385998203515987,0.0833227374118204
"GOMF_ACTIN_BINDING",0.112890648601513,0.127340071371378,0.0565610338448528,-0.0165495201000878,0.0644000894207706,0.0322478053172316,-0.298113958685955,-0.221569128476846,-0.240735307133529,0.295643543462938,0.144543167658842,0.0810316603884264,0.000373350075997604,0.135094205084929,0.0870111033618392,0.0133455902937648,0.362741228309178
"GOMF_3_HYDROXYACYL_COA_DEHYDROGENASE_ACTIVITY",0.508549709599325,0.399166203757234,0.466179827298513,-0.443589191395061,0.217376303675963,0.476309931109561,-0.753160469065721,-0.594647968143005,-0.69959669675506,0.575953772866779,0.410229501705591,0.425566226669871,8.81124358254532e-05,0.291464944926309,0.304219846742666,9.09532569124639e-05,0.850040106466125
"GOMF_DNA_APURINIC_OR_APYRIMIDINIC_SITE_ENDONUCLEASE_ACTIVITY",0.0397095829911252,0.149029084208571,-0.0212928913526991,-0.0811305186980075,-0.199922732834547,0.394252995052414,-0.27203056571413,-0.491526637140046,-0.478712072521441,0.376068123728147,0.155320914407164,0.38555756846708,0.00770691042550836,0.276399464447024,0.931204961003819,0.00227445651777593,0.0590420356757701
"GOMF_ACYL_COA_OXIDASE_ACTIVITY",-0.0888676235917374,0.0827416931983175,0.0168665378713265,0.454054510304337,0.239331668907272,0.338391405376996,-0.372449814619164,-0.532014438671655,-0.322537733504654,0.4989784002883,0.414776086519932,-0.0432110620318341,0.00789228164563636,0.787493169101208,0.0142208969447371,0.0401665003468356,0.225771299225843
"GOMF_3_CHLOROALLYL_ALDEHYDE_DEHYDROGENASE_ACTIVITY",0.611930877828271,0.359535522793188,0.778142663233974,-0.636912367320958,-0.463130808818103,-0.575383677346142,-0.436543016134773,-0.734411691771697,-0.207172919129581,0.755873112755655,0.487798927863571,0.527682236043911,0.00678106065604634,0.000827572781757641,0.00495188062526739,0.008309751484759,0.963472220650153
"GOMF_ALDEHYDE_DEHYDROGENASE_NAD_P_PLUS_ACTIVITY",0.122917562684525,0.201125133972755,0.100921459496841,-0.228287001740328,-0.0857000793985872,0.109037567742305,-0.333318934196878,-0.524432241735554,-0.380983930736897,0.563835917582797,0.390394253448436,0.232757868079576,0.00321589342000068,0.0274744300964675,0.155868029118978,0.00399880445983659,0.106205850850591
"GOMF_ARYLSULFATASE_ACTIVITY",0.118046668160993,0.397786314093052,0.0984116501269278,0.129100352300689,0.235114588151502,-0.075267091730059,-0.441311676312164,-0.477227046935062,-0.133335888793602,0.223466625369691,0.329327289647956,-0.0356226884395432,0.0194659089327198,0.620366030641116,0.460303254276193,0.0272779876855561,0.834766534836827
"GOMF_CYTIDINE_DEAMINASE_ACTIVITY",-0.400723528889277,-0.0727365531514976,-0.469908034025346,-0.219061186933561,0.149572380505294,0.24575814011591,0.220350013830746,0.423879083937023,0.14229917414255,-0.48551802448943,0.00230451994233646,-0.314061162126822,0.0223835137213207,0.182065697111425,0.118538402729677,0.0449350143061495,0.80887854102752
"GOMF_CYTOCHROME_B5_REDUCTASE_ACTIVITY_ACTING_ON_NAD_P_H",-0.0910047022926777,0.22442957343857,0.536133728333254,0.0210546602974061,-0.115162043314589,0.266197939975912,-0.654524796117526,-0.602566500696918,-0.490008541520323,0.235940285752923,0.111650405615407,0.626153241865008,0.0392959495181727,0.241059516168167,0.487233764167173,0.0202447988877326,0.692894314542258
"GOMF_ENDOPEPTIDASE_ACTIVITY",0.0760054634813318,0.0578786685914081,0.1736263389321,0.0894737118750451,0.00805407404653978,0.0138605644999514,-0.192437513354386,-0.220028100091042,-0.0374156207088887,0.178968191073897,0.0901629003436402,0.0819430736796388,0.0268381614007382,0.122807602271426,0.222071313440318,0.0243339175951458,0.775408805474995
"GOMF_CARBOXYPEPTIDASE_ACTIVITY",0.250927799415672,0.336319370640805,0.42027044527811,0.176647479278669,0.0350543415354143,-0.17424325597501,-0.382584848952361,-0.213582308810744,-0.0996482198029585,0.288411057669073,0.240252473053721,0.182356065686592,0.00753782323183091,0.149667061108341,0.0679103957946916,0.019211169594899,0.175327454901988
"GOMF_SERINE_TYPE_CARBOXYPEPTIDASE_ACTIVITY",0.648192956177791,0.688589220890992,0.710642547144452,-0.0342589392019901,-0.338111829574892,-0.1074388663487,-0.735276412293989,-0.58843184698667,-0.644621116103633,0.684178572186131,0.631908437992182,0.537696689776001,0.000190778326282429,0.00554184286269661,0.00943531387637896,3.0165901927372e-05,0.269176233172229
"GOMF_ENOYL_COA_HYDRATASE_ACTIVITY",0.571593494702229,0.592982442896801,0.439331668907128,0.241559299339637,-0.244066074372885,0.435835719957357,-0.723414433143987,-0.718516373596538,-0.681851353947276,0.50030748144308,0.383120882148478,0.562409622876746,0.000759471785185714,0.232774611875588,0.188226686858049,0.00113919032359865,0.500769171335505
"GOMF_EPOXIDE_HYDROLASE_ACTIVITY",0.156213017572398,0.490192661705871,0.536076651301436,-0.26612210346346,-0.27258141358425,0.664816886634248,-0.514710400983354,-0.433377411311135,-0.687325898147342,0.663886381066265,0.605143715418108,0.572701045912753,0.00482674621488236,0.206944091996951,0.37993030853358,0.00175151980384362,0.203552736950715
"GOMF_HYALURONONGLUCOSAMINIDASE_ACTIVITY",0.349393298401994,0.226425485133822,0.314368753821631,0.0131297763321626,-0.14868664719789,-0.09957677735883,-0.231311408865687,-0.353542706410041,-0.33922203540751,0.556981712163737,0.598563595287201,0.278375011590569,0.00034590384101282,0.0172139861605748,0.00422758918115106,0.00870052404180567,0.205812603838653
"GOMF_ISOCITRATE_DEHYDROGENASE_NAD_P_PLUS_ACTIVITY",-0.141784720785545,0.590472318062043,0.421165616048973,-0.368780789626927,0.170457234073799,0.470598576842825,-0.623471231853325,-0.693929198149492,-0.868072358566182,0.534393363290757,0.545473323503154,0.0297024624763302,0.0338350659468098,0.409078851196599,0.579635344871528,0.0126866999711203,0.789793915603927
"GOMF_LYSINE_N_ACETYLTRANSFERASE_ACTIVITY_ACTING_ON_ACETYL_PHOSPHATE_AS_DONOR",0.15278993995533,0.0321112964809483,0.402816761922189,-0.0445921032414439,0.07033523312131,-0.2557967530168,-0.292160264674777,-0.226878071787449,-0.331888983034502,0.0253949262115775,0.332457587839099,0.423545544197827,0.0397794985556087,0.0968646946683427,0.134638233878632,0.0387140459899411,0.711708158616696
"GOMF_POLY_A_SPECIFIC_RIBONUCLEASE_ACTIVITY",0.192526201894776,-0.246310121280215,-0.0596738485686819,-0.0142387806618467,-0.109874671849258,0.122718834456831,-0.66329400356139,-0.465567472868255,-0.472525906701653,0.430429529355763,0.177577779988982,0.476031016911935,0.0407587304516737,0.0390347526797848,0.811821859747152,0.0021794760320026,0.0700087101622226
"GOMF_DINUCLEOTIDE_PHOSPHATASE_ACTIVITY",-0.260630171694595,-0.184518159986003,-0.514317722328685,-0.249495695898605,-0.287339243991827,-0.478233005316654,0.322647963746582,0.597064295789829,0.624459139545512,-0.382103962288091,-0.142703641275352,0.0564936782756271,0.00385257270599309,0.294824780631422,0.887610790247477,0.0156797017932985,0.370451594845586
"GOMF_HYDROLASE_ACTIVITY_HYDROLYZING_O_GLYCOSYL_COMPOUNDS",0.00952728750006512,0.108447758029747,0.187025077764507,-0.088182391119699,0.225257684002606,0.0674888666005619,-0.207233984836338,-0.251349895391978,-0.286857230740264,0.270516590681997,0.296065338337229,0.214244491119139,0.0105098953452307,0.160655292103961,0.76769032547477,0.000109792107061816,0.0724286540175492
"GOMF_MANNOSYL_OLIGOSACCHARIDE_1_2_ALPHA_MANNOSIDASE_ACTIVITY",0.307241868077165,0.358470553004004,0.0757411040934937,0.372364456347832,0.397464951027298,0.564980605128055,-0.558896419079889,-0.623554616321233,-0.640838691859391,0.354597971036841,0.56094769773321,0.55740955867355,0.00661239849645945,0.640314354375178,0.143878504275,0.00152220392617973,0.0958677946856241
"GOMF_DOLICHYL_DIPHOSPHOOLIGOSACCHARIDE_PROTEIN_GLYCOTRANSFERASE_ACTIVITY",0.44575723647371,0.505838538168313,0.285991356141508,-0.00823987138424359,0.199446940891735,0.289372372102446,-0.725659638206803,-0.704958328532076,-0.814187502400024,0.623316668136531,0.47664001302832,0.677074931827838,0.000580296138093699,0.019820470566571,0.0886803209221231,0.000219981247277977,0.113537878879973
"GOMF_PHOSPHOLIPASE_ACTIVITY",0.221133663564072,0.278548944676035,0.259751332090205,-0.0149004325018938,0.0130314285810407,-0.0919422462008893,-0.262661060303786,-0.21997440993619,-0.227288372576338,0.225447542343798,0.179409531370197,0.0369830001209223,3.45363517825833e-05,0.0674828969889491,0.00377952540492991,0.0170426429693342,0.196343904956913
"GOMF_LYSOPHOSPHOLIPASE_ACTIVITY",0.247072240865991,0.295425857426852,0.191377263375306,-0.019333370007337,0.00805220121090247,-0.0743306197702985,-0.336362026551323,-0.266484984643704,-0.209264811606415,0.36652782916138,0.385495718794479,0.207390822832592,0.000500919599733954,0.0142073828754762,0.00248262597678829,0.00180991005691292,0.323488141837342
"GOMF_PHOSPHOLIPASE_A2_ACTIVITY",0.185441059231481,0.295303169669874,0.226141254743725,-0.198892144485393,0.0841222080360476,-0.137415713982551,-0.195349467442229,-0.0356241314764069,0.00532247828650562,0.246758722087807,0.207973164511492,0.189305000387033,0.0202170012404082,0.0686515955784541,0.0513855203557067,0.0341057331250243,0.60350277337648
"GOMF_POLYPEPTIDE_N_ACETYLGALACTOSAMINYLTRANSFERASE_ACTIVITY",0.109980286290856,0.000428319116376127,0.119043959422098,0.25418920417441,0.232802640116675,0.342332397221522,-0.34596232098904,-0.363214519477499,-0.280820442559255,0.0128828122315079,0.448344878355628,0.202033327303738,0.00166784619938747,0.708035337796052,0.0175078008305497,0.0439081452565918,0.371418226454633
"GOMF_TRANSMEMBRANE_RECEPTOR_PROTEIN_SERINE_THREONINE_KINASE_ACTIVITY",0.262375135772888,-0.0268038236366655,0.0646697840115256,0.213756561361156,0.250601562230143,0.1057270039283,-0.460972203211237,-0.396965233063557,-0.222957614401387,0.234261029124272,0.544750190680594,0.281327533044282,0.0153006409914735,0.227676285302565,0.417492677733577,0.00521514198435561,0.121863152026084
"GOMF_MAP_KINASE_KINASE_ACTIVITY",0.0579231349822382,0.404052581215196,-0.102652836548657,0.0842815267830629,0.319754504315904,0.57298852038779,-0.489943740057767,-0.51266949629227,-0.703416659124077,0.303814766012454,0.32735791080235,0.0803901206195816,0.0285272043555989,0.620515490766303,0.373411593243242,0.00162318717579532,0.536633106041787
"GOMF_RIBOSOMAL_PROTEIN_S6_KINASE_ACTIVITY",-0.248289944019301,0.252879638057799,-0.104550265449956,0.32584254597679,-0.0886634830522746,0.518399654250735,-0.854933636798175,-0.620369902453892,-0.612245889252805,0.634010289598049,0.288382258798428,0.184028386039837,0.028518709732223,0.632350846103132,0.290148381966736,0.00523929179724772,0.117565858093248
"GOMF_PROTEIN_TYROSINE_KINASE_ACTIVITY",0.102720605648043,-0.00721376391518672,-0.0376872290213785,-0.0379465400975869,0.106072237402309,0.0312963856327693,-0.204411253591031,-0.157043429237281,-0.153983132870164,0.288987880351904,0.240925497155083,0.10858271394073,0.0333772717599247,0.0615269829998173,0.827330981955374,0.0132096719891994,0.0510244550998612
"GOMF_PHOSPHOPROTEIN_PHOSPHATASE_ACTIVITY",0.144322411746338,0.012041188246227,-0.160399739336401,0.189306754495696,0.200809620417684,0.331374664252188,-0.442847938965369,-0.381740931266322,-0.386329259271414,0.349467588800542,0.283127750842474,0.316440930719564,0.0393667477869105,0.232695451481185,0.0929690634851186,1.26057193631323e-05,0.0632271202821567
"GOMF_PYRUVATE_DEHYDROGENASE_ACETYL_TRANSFERRING_KINASE_ACTIVITY",0.585636020820352,0.59613633296014,0.266617147241504,0.413803783555531,0.0967725354784992,-0.0322862945137554,-0.729931655248118,-0.737181702960756,-0.496819119340359,0.64880782442477,0.468179897837692,0.384670242897216,0.00154389741475513,0.106672981415715,0.134541766718245,0.000480830396399833,0.901071391803025
"GOMF_PYRUVATE_DEHYDROGENASE_LIPOAMIDE_PHOSPHATASE_ACTIVITY",0.179429840718739,0.358670142655073,0.258345862514855,0.614194643243345,0.00781171907251926,-0.0640919866939092,-0.310517675633789,-0.267200631646976,-0.435905676544156,0.0907584855599116,0.466788085144477,0.211446648925766,0.00113901423447467,0.790231386622978,0.750545344176375,0.019335454900627,0.945353673131408
"GOMF_SPHINGOMYELIN_PHOSPHODIESTERASE_ACTIVITY",0.325119458536025,0.854988876985057,0.588721586003319,0.34342162623962,0.120201193900114,0.292513662762258,-0.566737814556093,-0.569818968917191,-0.596376558737116,0.575521356896898,0.486403257931492,0.0756525399881144,0.0164512896288736,0.50908028276967,0.145026817122022,0.0245600990258615,0.387142291109108
"GOMF_PHOSPHOLIPASE_INHIBITOR_ACTIVITY",0.227971749563509,-0.0646310486071574,0.25123516750587,-0.273871531920381,-0.178159133582096,0.189923615497686,-0.344570518081081,-0.199748394210222,-0.39199055217997,0.176225543927527,0.3344314271328,0.477006234501282,0.027990262021701,0.0787536191805352,0.2713617123119,0.00553749706264245,0.227910155850928
"GOMF_COMPLEMENT_RECEPTOR_ACTIVITY",0.194846992955803,0.556606171710452,0.558262914425452,-0.0230110253159481,-0.173960179410073,0.229960043049893,-0.40127279240259,-0.508022405884212,-0.348352804780707,0.330631225724041,0.360377844089875,0.251207061939284,0.0109967116307108,0.114883119072659,0.0653129713716659,0.000413483184379439,0.419594747174043
"GOMF_NUCLEAR_RECEPTOR_ACTIVITY",0.0404398995766648,-0.00260830537184309,0.0363610901504136,0.241523863198908,0.295103576033188,0.0636858807111267,-0.310395738843693,-0.290269956146189,-0.21240275826663,0.304537894455841,0.213377959169481,0.0751018844374133,0.00375260912988321,0.981132843871652,0.124081508209604,0.00971985243294729,0.116668040952802
"GOMF_CYTOKINE_RECEPTOR_ACTIVITY",-0.0742334498689755,0.0954721358479502,-0.0570289584869877,0.275106908615703,0.214509178462199,0.0903212768669341,-0.302451975435593,-0.276807191632737,-0.146037011298547,0.260026708315554,0.0536254211511331,0.0938705171561912,0.0343767592241514,0.529228786011425,0.0552499650921715,0.0105632671948861,0.151604738803993
"GOMF_EXTRACELLULARLY_ATP_GATED_MONOATOMIC_CATION_CHANNEL_ACTIVITY",-0.518583021152843,-0.601719467019796,-0.654530516015028,0.12306510466683,-0.0429673922223579,-0.0459680006317569,0.615001510304806,0.705624698002198,0.474768153971216,-0.180973108063112,-0.499109142692092,-0.634848956019353,0.00039615787615393,0.0627440521813667,0.0014535734748571,0.00667390215968158,0.373748012263365
"GOMF_IONOTROPIC_GLUTAMATE_RECEPTOR_ACTIVITY",-0.198818191166158,0.00530236912349027,0.0811689203957212,0.170767913910717,-0.171982896175552,-0.129724210217132,0.380485739788485,0.381378251037959,0.323045184045363,-0.0564259080627798,-0.0392058667862113,-0.114229954831818,0.035525966485776,0.832024237648765,0.96609107758801,0.000155121574557295,0.739409310004278
"GOMF_TRANSFORMING_GROWTH_FACTOR_BETA_RECEPTOR_ACTIVITY",0.271185852817869,0.0820094599345053,0.19976795580883,0.333088429774775,0.24947482085962,0.368167721278966,-0.426827501114473,-0.500625462095724,-0.133016627915976,0.253158999769649,0.673132453163528,0.267990405313279,0.0245797753832922,0.619316437863957,0.125056429635352,0.014507252060002,0.257057135743796
"GOMF_TRANSFORMING_GROWTH_FACTOR_BETA_RECEPTOR_ACTIVITY_TYPE_I",0.683911356915233,0.339640382511557,0.43493304600228,0.401714595769662,0.343941232226277,0.185568615890795,-0.709492736467138,-0.755785106960366,-0.566850899492526,0.450934228676697,0.666474161039334,0.462859801701577,0.00183892537347255,0.085943999769933,0.233491460333657,0.00023236864353893,0.762233215634527
"GOMF_LOW_DENSITY_LIPOPROTEIN_PARTICLE_RECEPTOR_ACTIVITY",0.180567151425269,0.166011265710365,0.102236271790572,0.249314448974878,0.182682130199939,0.368477062462436,-0.441368373748386,-0.49359619877684,-0.454632865379711,0.285345044534857,0.241440777032231,0.407282468965691,8.89266551921797e-05,0.577962399204731,0.151227755444468,0.00203600656409439,0.063639080712723
"GOMF_SIGNAL_SEQUENCE_BINDING",0.187866229022711,-0.157306576507179,-0.0880076373094242,0.0751440502155993,0.252232409238147,0.352982005416536,-0.49106077029412,-0.501064880752901,-0.502200090378824,0.426100152579422,0.419482088740843,0.371747790473869,0.0450469346320149,0.153295785357118,0.142937460782051,0.000214189612605641,0.0530400618521831
"GOMF_PROTEIN_KINASE_C_BINDING",0.0673684575717296,0.0247129685119293,-0.017183211004304,0.226132709012783,0.124095731829743,0.402624255276863,-0.391427998212039,-0.433589839712481,-0.386020027390829,0.332154755729232,0.113446301287874,-0.00878770142658131,0.000363352970448317,0.460744334986802,0.0985113737525564,0.0290948620453474,0.349788760359376
"GOMF_GTPASE_INHIBITOR_ACTIVITY",0.0118960332254913,0.284441855766464,0.00199386888623343,-0.101581956021918,-0.245764907673583,0.201471751159792,-0.434015796027128,-0.356500508576446,-0.43238822533534,0.303605563576571,0.20948490414175,0.182874395799292,0.0249323019456914,0.159445010232764,0.415431692430061,0.00027565115737401,0.287243216664171
"GOMF_SIGNALING_RECEPTOR_BINDING",-0.00324833384913734,0.0777031425212127,0.0693846691551268,0.0982907391225096,0.126825793720283,0.0366964666973969,-0.170981825865417,-0.176794472205126,-0.1345438500082,0.125233773689273,0.126788730736957,0.0196501023682242,0.00554873944270432,0.944714682621173,0.347721827084567,0.0113861805269844,0.390599796892533
"GOMF_INTERLEUKIN_6_RECEPTOR_BINDING",0.376446320485322,0.0565008642212873,0.03970299016612,-0.280320094861288,0.351998648405766,0.360252768751088,-0.690431488620353,-0.420616836141679,-0.319465867024995,-0.0769194107918281,0.175810123798917,0.264461929875572,0.0151900267102302,0.929033949483219,0.958248852631607,0.0167800536438957,0.819947225728423
"GOMF_INTERLEUKIN_1_RECEPTOR_BINDING",0.0358476727048238,-0.0113950165064673,0.298418907286563,-0.0698662979946759,0.248119107176697,0.0109065536798421,-0.251131460895621,-0.365331311711861,-0.444960008083992,0.0509484215940907,0.395773471693186,0.378903163042443,0.0223366384134307,0.225023228224267,0.758911326092745,0.0159944236054484,0.321915393623871
"GOMF_EPIDERMAL_GROWTH_FACTOR_RECEPTOR_BINDING",0.0245406959055068,0.00480775364585248,-0.130031420136812,0.145455541042508,0.29013988368545,0.233587679784494,-0.399808803288441,-0.364719210252824,-0.38387171765131,0.00343255200225076,0.241114779593163,0.153488567630303,0.0156132516016174,0.340025677555053,0.016878899418369,0.016040495838827,0.12946946373606
"GOMF_TRANSFORMING_GROWTH_FACTOR_BETA_RECEPTOR_BINDING",0.119255193660918,0.1952690105977,0.123185187012725,0.0400796689966643,-0.0527490677731268,-0.109075729803194,-0.362459633764584,-0.286613493672543,-0.295470140919328,0.273777947983254,0.312086931841234,0.149159223949188,0.000180924944099419,0.0125606823397727,0.0305833355149512,0.00230733479385881,0.171171842530523
"GOMF_NEUROTROPHIN_TRK_RECEPTOR_BINDING",0.390813645198594,0.415905701012657,-0.10500844983844,0.41196612984932,-0.00489654874214229,0.524294749106512,-0.645364269197644,-0.718434877058567,-0.537241619648628,0.281748522241136,0.315533425909169,0.266734464882609,0.0274826737816256,0.902073900201393,0.759849723878004,0.00184271799773554,0.780349851127894
"GOMF_INTEGRIN_BINDING",0.0337302839358176,0.148318902289764,0.104735658691019,0.069273470508572,0.170291733860239,-0.0962629856784109,-0.207134636303912,-0.224924636350282,-0.0585785213898925,0.164635465508648,0.229463164753993,0.0386753316927052,0.0200502749883085,0.375978413953927,0.61503589641306,0.0162299266567204,0.505650867328504
"GOMF_EXTRACELLULAR_LIGAND_GATED_MONOATOMIC_ION_CHANNEL_ACTIVITY",-0.12423499491991,0.0303319616143135,0.0389190468690954,0.0690873792071129,-0.0254836380307966,-0.131926839063483,0.336218139016577,0.320500594953525,0.296112315839795,-0.183566420978905,-0.105808855224102,-0.225702884715477,0.0199932966104403,0.118955675023817,0.894481185916868,0.00250398125501445,0.0831727470102644
"GOMF_EXCITATORY_EXTRACELLULAR_LIGAND_GATED_MONOATOMIC_ION_CHANNEL_ACTIVITY",-0.222246071809531,-0.0289392813578811,-0.158566571910038,0.0309116152991739,0.124363176629655,0.0866983576344319,0.257519287964593,0.344655821179974,0.276064150131923,-0.312114940755349,-0.243106276879524,-0.383849498223105,0.00768591339933067,0.00225262096464897,0.0439983686651419,0.000549065699116051,0.0715687438237347
"GOMF_INORGANIC_PHOSPHATE_TRANSMEMBRANE_TRANSPORTER_ACTIVITY",0.627837308445713,0.324347370103473,-0.0130462225994004,-0.311385542958009,-0.0635633905595845,0.434112993048331,-0.504363865545424,-0.540822788256575,-0.664784729423186,0.521295280794364,0.568421861197585,0.632369320582283,0.0341994015718173,0.124316561720782,0.365887862368657,0.000110354241621393,0.292656783854424
"GOMF_LIPID_TRANSPORTER_ACTIVITY",0.133221602077099,0.248144504142537,0.0683068924811098,0.00878851344243203,-0.137690197645631,-0.0208851586075537,-0.235484651259609,-0.189445252528509,-0.2891042521634,0.235121238506079,0.235602768528882,0.021157203050142,0.00676710523423204,0.0758477784202901,0.0457143425877123,0.0187587729382879,0.882260657001493
"GOMF_ORGANIC_ACID_TRANSMEMBRANE_TRANSPORTER_ACTIVITY",0.0673944535295853,0.241348054841677,0.172670826503569,-0.0411332745263817,-0.0718700957061797,-0.11328936011664,-0.140996761770006,-0.287774192293652,-0.222661132105216,0.328246510600965,0.269116650647413,0.189038472513948,0.00506308928617288,0.00503314542502068,0.0291563443010046,0.00122806888616473,0.194684852399635
"GOMF_COPPER_ION_TRANSMEMBRANE_TRANSPORTER_ACTIVITY",0.633977806074844,0.335353734224258,0.206821934139862,-0.301848755956639,-0.237596444705242,-0.432806414711584,-0.335041048037144,-0.534511983585428,-0.324238502129645,0.466265027123803,0.562981094965389,0.63537324029594,0.0111133221316949,0.000356519546829852,0.0168824927264248,0.000584385287322949,0.32842822230316
"GOMF_ZINC_ION_TRANSMEMBRANE_TRANSPORTER_ACTIVITY",0.334836503011855,0.250128852985858,0.153010090833162,0.14855825785756,-0.194140393514357,0.314285523908509,-0.392624565205334,-0.529452622598583,-0.290605966563863,0.269270805770611,0.289473688539187,0.37333513901814,0.00223597344077539,0.2755697971874,0.410195196648733,0.00332198237045665,0.363271722348647
"GOMF_STEROID_BINDING",0.228062728062485,0.0558688373145524,0.0439417652831628,0.0759096038245236,-0.00834088643205405,0.0607509857647394,-0.320292751440411,-0.206411005000681,-0.130795258430863,0.077561214312074,0.0781727172222993,0.0584206828725211,0.0156371628723694,0.385688700951403,0.387344036225463,0.0325941047384088,0.589881182155034
"GOMF_ANDROGEN_BINDING",0.671096058677711,0.675308215232255,0.624704564853055,-0.0629350416486756,0.201011159798165,-0.303175970949624,-0.637917533645138,-0.48213875070354,-0.511230337306353,0.626739164488087,0.60552466809283,-0.00915276316994368,0.000580006288965635,0.151407113186681,0.0379178501313243,0.0390291538279641,0.354235218165346
"GOMF_IRON_ION_BINDING",0.13995870262826,0.123668200831155,0.170461895041624,0.010482559515448,-0.0257041541297181,0.0597347499253104,-0.135069972263153,-0.20491276188656,-0.0697756428260145,0.203130951609574,0.102496632072769,0.0172035315544998,0.0115070371736374,0.220785564774862,0.0178282703038176,0.0249216126640941,0.565500893196858
"GOMF_CALCIUM_ION_BINDING",0.0888698073850781,0.116134237706728,0.137582930370302,0.116859717415546,0.109643923228384,-0.0854785969631313,-0.148715540686018,-0.173922942717173,-0.016911723340279,0.0816785331549668,0.160257237700182,0.102776900804598,0.0345182635146094,0.418273488515262,0.418411642925362,0.0263130338521178,0.980855277227043
"GOMF_GLUCOSE_BINDING",0.553330681891667,0.624460544058648,0.704418617445154,-0.461364706827349,0.0975241909126802,0.102699317807215,-0.572504945708034,-0.681406389671288,-0.702424294319593,0.47925951067654,0.266387001616843,0.0951939140334304,2.88722076060147e-05,0.182896912827487,0.0556681886856693,0.00774711506747538,0.0737041908241335
"GOMF_CALCIUM_DEPENDENT_PHOSPHOLIPID_BINDING",0.371911901263675,0.213362573484834,0.223486797688759,-0.125577134460309,0.152832873714863,-0.145851491748729,-0.139227595664703,-0.275836766182989,-0.0846050723961906,0.0833618601516989,0.378839241561597,0.184318521485647,0.00484416167937221,0.121306435870466,0.0648615815259831,0.0272898464675991,0.625964275874337
"GOMF_1_PHOSPHATIDYLINOSITOL_BINDING",0.606289621426473,0.264213160958679,0.169542044837023,0.0253759474626609,0.101537522342481,0.299055165978335,-0.585605780901509,-0.475698087217503,-0.622863510592476,0.194714744075991,0.480716681549564,0.603212383721007,0.0135675038066549,0.133258726197675,0.272038027067299,0.00824114130654518,0.680907489954155
"GOMF_PHOSPHATIDYLINOSITOL_4_5_BISPHOSPHATE_BINDING",0.290405578427241,0.373494730814464,0.254934731832398,0.156625274039759,0.0472590091348819,-0.0370975196731479,-0.355156328722723,-0.436988886781967,-0.369301885669686,0.307800703765668,0.327928568220316,0.160184447976049,0.000167928371620915,0.0531442939081214,0.0264230430786188,0.00190391774646328,0.558761729057769
"GOMF_PHOSPHATIDYLINOSITOL_3_4_5_TRISPHOSPHATE_BINDING",0.0932922584842858,0.295677758213451,-0.10782251568087,0.228871901060747,0.0499105049762541,0.176305592307705,-0.490656499286825,-0.528189906350363,-0.442114904434698,0.398769146292853,0.34374502518845,0.302388036390754,0.0331646367994202,0.0459405722427585,0.68341494371872,2.6425690786135e-05,0.154221949020986
"GOMF_PHOSPHOLIPID_TRANSPORTER_ACTIVITY",0.124819868469435,0.195397005785114,0.0831268705564826,0.0474354405556579,-0.0930978742377383,0.211402464680752,-0.359025531428467,-0.388657181268737,-0.394117111713394,0.26381501359211,0.24363055230497,0.020568447648856,0.00186815179966982,0.363098231555135,0.470804908178216,0.0175012245539432,0.660375085263506
"GOMF_CHEMOKINE_ACTIVITY",-0.28177781199843,-0.0781474170525597,0.0544952095554446,0.167849425500265,-0.111379931824784,-0.312536343129651,0.195675369863773,0.412921543267541,0.197209232018008,-0.0411503963030805,-0.124020973132346,-0.0406465654961879,0.0425122373749698,0.916183835761417,0.928134534909023,0.0302320337517937,0.771086940940289
"GOMF_BETA_CATENIN_BINDING",0.104247870099213,0.134222170911174,-0.134288286535651,0.313591140266184,0.194540895119399,0.132884148453507,-0.404339258414688,-0.398139746621175,-0.348268705270549,0.236868626399953,0.186484079651609,0.19183572096924,0.0342086189208953,0.888784815228354,0.162164953522878,1.76290281352019e-05,0.179090167842025
"GOMF_MICROTUBULE_BINDING",0.14153077562869,0.0675964475711876,-0.0511423741083945,-0.00773590978974115,-0.0302354366273366,0.168541231563633,-0.299134004647995,-0.292120900510021,-0.355916386973005,0.171841710751637,0.0869089207627443,0.16994455539204,0.0141175664177866,0.251700479308219,0.918916578466298,0.000325355744283048,0.247628308200077
"GOMF_HIGH_DENSITY_LIPOPROTEIN_PARTICLE_BINDING",0.411031002523212,0.404697460677717,0.26137764228652,-0.113587158064305,0.126081746866402,-0.0678161449560996,-0.209081899491254,-0.464352335812206,-0.574602489233862,0.261669779928651,0.0380041146625711,0.119487381221192,0.00917755564691991,0.183949467780262,0.0172902311143138,0.0180143311430997,0.0594652435542246
"GOMF_GLUTAMATE_RECEPTOR_ACTIVITY",-0.0482434491187866,0.111647779777214,0.138979393623085,0.281667190831367,-0.0488047928484408,-0.221575495770966,0.427004395210071,0.385797579384371,0.423200826744774,-0.147724522673453,-0.154798247745575,-0.0364771217608107,0.0230426689264578,0.515608460326745,0.71878947851114,0.00249839608306174,0.0707063860133146
"GOMF_PHOSPHORIC_DIESTER_HYDROLASE_ACTIVITY",0.0978267880557346,0.10178597883212,0.254869887344588,0.0118290563232173,-0.0245867225526144,-0.0764980041430988,-0.236189286437095,-0.235559241710594,-0.190808414605157,0.0381604178635392,0.245053615590746,0.214893329690925,0.0132621472625187,0.0782135523341621,0.053379464709618,0.022024143277983,0.869327799705062
"GOMF_CYTOSKELETAL_PROTEIN_BINDING",0.137445148417731,0.094287113022027,0.0407485817783565,0.0471525788768209,0.0228291508375617,0.161772887199134,-0.324803201029011,-0.30843557000121,-0.333337689966297,0.260248213467845,0.148991125738927,0.153428461340273,0.00284485500668391,0.123020822952178,0.805855101115607,0.00383667982485734,0.107238064999515
"GOMF_NUCLEAR_LOCALIZATION_SEQUENCE_BINDING",0.1861874004739,-0.127164449749085,-0.220421373367142,0.211705353147795,0.435850131493562,0.440944449682296,-0.573386864795321,-0.591539189417406,-0.400467706476509,0.427261056518434,0.274389778464665,0.32983329745009,0.0437851685577226,0.841525243057206,0.0559027272547889,0.000526275682174267,0.0699806407719559
"GOMF_PROTEIN_PHOSPHATASE_1_BINDING",-0.0295608017726999,0.0555029443620534,-0.271198601743528,0.371877094418522,0.405376185509328,0.295192225860297,-0.507035689018643,-0.564166282605535,-0.46841152367643,0.293488956734377,0.186286416643685,0.0508564360394475,0.0392903878848386,0.107260626965779,0.035514410187191,0.00471268122028073,0.105291035350265
"GOMF_O_METHYLTRANSFERASE_ACTIVITY",0.0595039067197836,-0.0992512217963628,0.0800289330127747,-0.104705398711627,-0.245982067485353,0.447232967659019,-0.409126569269369,-0.43750384052706,-0.489261323309195,0.414797474948416,0.273174731484698,0.00614548107063911,0.00733464255427572,0.469708725356172,0.93866445141222,0.0262778078631739,0.203294155183165
"GOMF_ADENYLATE_CYCLASE_BINDING",0.211243302030514,0.214733224027911,0.57485152024705,-0.0233802937940059,-0.247356150563167,-0.0344711157442542,-0.365180608167059,-0.619553556886541,-0.42035085895003,0.427553980268806,0.522978941699848,0.287203818867217,0.00796197695441591,0.00684795280006712,0.047575977099658,0.00110239186281787,0.607012003868322
"GOMF_METALLOEXOPEPTIDASE_ACTIVITY",0.080429987587391,0.314573632940387,0.287028211799964,0.0389466724450059,0.0306393382189688,-0.0436993471794367,-0.303097022670938,-0.29421891852482,-0.165302550170357,0.244121823414179,0.229424436001647,0.235325922697871,0.0088861705109999,0.0114360471695915,0.0843235720893218,0.00770204057037045,0.914765487261336
"GOMF_METALLOPEPTIDASE_ACTIVITY",0.0810787584069732,0.21901957794447,0.278263698691813,0.0247061924978056,0.0117715678041492,0.0664738721009712,-0.25135139649018,-0.255537253746236,-0.0866558887835263,0.141459720519863,0.177921006800725,0.0749465149390315,0.00842969920188484,0.0639128733969773,0.103893993176991,0.0128780330703634,0.419651178610724
"GOMF_EXOPEPTIDASE_ACTIVITY",0.099243963815634,0.30181342416805,0.226171203251449,0.0244475730734398,0.0663096348072232,-0.118123117019675,-0.320561588634556,-0.316991910668859,-0.262489187610599,0.359731504122921,0.288509147108964,0.237965811575971,0.00822885441109452,0.0147180004477871,0.0551869668042476,0.000603590801107953,0.29211127015041
"GOMF_DIPEPTIDYL_PEPTIDASE_ACTIVITY",0.254444519681161,0.289276289877601,0.315942847143756,-0.15521172582745,0.158782384018134,-0.22543987083129,-0.252109787037339,-0.271642336399055,-0.463784650587714,0.490424090733269,0.430218725391636,0.330906671253696,0.0083301147776419,0.0391394407534234,0.0895105258188159,0.00138875234925439,0.0923737739304806
"GOMF_LIPID_BINDING",0.154691847239158,0.155551516264319,0.102802153576612,0.0381086790415592,0.0225379338507282,0.0741340906069434,-0.280088282759694,-0.25716430262054,-0.260266466713187,0.272775218532707,0.220453335518005,0.178789836014994,0.00047250691112782,0.00917816307219286,0.016681945204234,0.00179685845737118,0.0659427896058192
"GOMF_PROTEIN_TRANSMEMBRANE_TRANSPORTER_ACTIVITY",-0.109658391918367,-0.206915181488887,-0.0421450546792364,-0.275407493709183,0.149331798389942,0.459588441061503,-0.351925970873482,-0.414391834531959,-0.459100811790004,0.347371515651533,0.0300199238081984,0.13399706013637,0.0106317582635068,0.816708621855028,0.39262837254306,0.0171033365212559,0.0704260470760391
"GOMF_HIGH_VOLTAGE_GATED_CALCIUM_CHANNEL_ACTIVITY",-0.397841434251717,-0.177869959976286,-0.172520885352502,-0.00285382967717435,0.379890764659088,0.0927880906659359,0.520520971018512,0.407576160613243,0.345543899233862,-0.395193012282269,-0.325393131507748,-0.159158239729332,0.00270549035674115,0.0384297046609567,0.0502725735028934,0.0016858921520482,0.689670308252164
"GOMF_O_ACYLTRANSFERASE_ACTIVITY",0.183931627568093,0.374567274182381,0.0989307464971482,-0.0177058241973116,-0.100609880895553,0.0273927884044587,-0.411556299181106,-0.322899038732178,-0.145704287330634,0.342921034964579,0.308158986489899,0.0725755626345856,0.0105458958724173,0.068076568072177,0.074251594633864,0.00995030931425244,0.86036325065593
"GOMF_ACETYLGALACTOSAMINYLTRANSFERASE_ACTIVITY",0.225009807140245,0.0578373258155044,-0.0177547095653121,0.217907694033809,0.127735476406997,0.308200913239205,-0.361693864420213,-0.3100889049381,-0.379334840923531,0.0253634092347822,0.365519193748194,0.331860066982809,0.019140737565549,0.86103082890467,0.224133952789113,0.028247900593876,0.314197840556024
"GOMF_RNA_POLYMERASE_II_CTD_HEPTAPEPTIDE_REPEAT_PHOSPHATASE_ACTIVITY",0.437041216194368,0.399367739521956,-0.119070482043344,0.46864140913764,0.495966731325608,0.602687612737737,-0.698397622436861,-0.620392516251138,-0.689462459107929,0.582151861289075,0.0502764250472105,0.0816547138072578,0.0347621702510155,0.236968349526602,0.25208476978072,0.0320236075199952,0.99672858377554
"GOMF_PHOSPHATIDYLETHANOLAMINE_BINDING",0.464628749757727,0.408311966517125,0.386031088228196,-0.0145554549459069,0.198848522147314,0.40824958136254,-0.157906572220568,-0.555749232715202,-0.506380751508849,0.602002447372865,0.244024109364543,0.18368461623331,0.0193180158461758,0.460818679473301,0.207083475580097,0.014359765672476,0.619581058067502
"GOMF_SELENIUM_BINDING",0.148512277184862,0.220411925967598,0.288238997810732,-0.168861548247822,0.582823730990885,0.190976256293467,-0.19271609109256,-0.179997204608787,-0.0358735213414468,0.261164444902581,0.0467800746640554,0.120648836646164,0.00604935485302745,0.815969118295986,0.943916770549676,0.0276914014135895,0.374638629770734
"GOMF_PHOSPHOFRUCTOKINASE_ACTIVITY",-0.154399711016158,0.251018914454039,0.216586189046509,0.319103550931347,0.465448094799123,0.673383579522285,-0.519883128102498,-0.436365158459673,-0.615003581088358,0.619248704931163,0.288797551141136,0.256356108677212,0.0272838698107869,0.562465508064789,0.0859650210964859,0.00726974451516478,0.179244157631575
"GOMF_SULFURIC_ESTER_HYDROLASE_ACTIVITY",-0.00200512453102042,0.35712939784718,0.18794975712866,0.185386834342192,0.212567471425551,0.0430932905391578,-0.49418305776704,-0.488827473041017,-0.141887900568992,0.351763834385854,0.370063218476201,-0.0209859686244214,0.0240434459079869,0.579528117745339,0.78921082101931,0.0246697208292955,0.765549486088451
"GOMF_TRANSLATION_ACTIVATOR_ACTIVITY",-0.0963172458691521,0.000427135311368121,0.142681916389526,0.208010951534763,0.200905105492984,0.511697149483204,-0.341218091954186,-0.356361276376338,-0.61147303257094,0.471287922105204,0.127183443280386,0.400954409045114,0.017255109288288,0.866551123406981,0.0871349571039869,0.0053844503331014,0.07462602558145
"GOMF_BENZODIAZEPINE_RECEPTOR_ACTIVITY",0.518013217832343,0.552543788066722,0.726549169513173,-0.456710482828936,-0.194295965382076,-0.645086693079944,0.194999556227914,-0.000652942080061891,0.1938122528138,0.338623410571138,0.560503852476091,0.572932150544451,0.00685503066184606,0.00721206807639123,0.0063465675941082,0.0235188838586457,0.340149340977785
"GOMF_ORGANIC_ANION_TRANSMEMBRANE_TRANSPORTER_ACTIVITY",0.00799333799120003,0.169327235693895,0.0928304919777517,-0.0267178000679762,-0.0518564973482545,-0.0586015880253468,-0.136970374734613,-0.238286227883512,-0.201120633843502,0.274113985567017,0.246304349034939,0.134342135092344,0.0106946848041607,0.0208483168265609,0.0946459448842007,0.00222493535670877,0.112975376718782
"GOMF_PHOSPHATIDYLCHOLINE_TRANSPORTER_ACTIVITY",0.0859039203276988,0.50433752224143,0.362799162027142,0.209838803222626,-0.0450273103383496,0.252000313349054,-0.404872808597524,-0.469125343262068,-0.418209382313453,0.291089757403198,0.330332372811263,0.32599598828794,0.0235761415944331,0.195015242159247,0.314715643904868,2.48318539467215e-05,0.989246025949521
"GOMF_ABC_TYPE_XENOBIOTIC_TRANSPORTER_ACTIVITY",0.282407658783132,0.439106314839889,0.633791417975014,-0.2147945499245,-0.157757160631159,-0.376091116911236,-0.245082676071418,-0.41452345916327,-0.331680473265462,0.438846923086223,0.4548636435723,0.499055345168562,0.00701221560671491,0.00538132425520762,0.00705946000685103,0.00147451067555933,0.914184268248356
"GOMF_CROSSOVER_JUNCTION_DNA_ENDONUCLEASE_ACTIVITY",-0.492341047579319,-0.589753932471077,-0.527214846896449,-0.492679954939145,-0.573078304941022,0.100048904114054,0.735242942406587,0.279570985931952,0.365478948477638,-0.558158437136764,-0.114279910319172,-0.211370258540723,0.016031820423526,0.919645682418019,0.41881254570318,0.017776713147463,0.210745744855802
"GOMF_BIOTIN_BINDING",0.582479591153594,0.623712512910569,0.745900065291705,-0.310020355647539,0.167484290297521,0.166993125168001,-0.821792065137622,-0.684833122095127,-0.6266466950874,0.764220148250547,0.6220762760687,0.59442332065914,6.83403652255638e-05,0.0434751772760685,0.0460047741424407,6.6133172202237e-05,0.900897666158663
"GOMF_PYROPHOSPHATE_HYDROLYSIS_DRIVEN_PROTON_TRANSMEMBRANE_TRANSPORTER_ACTIVITY",0.221397578380627,0.170386237279645,0.355492400237217,-0.335363127648922,-0.0762209357569989,0.0742534822570978,-0.201923633166383,-0.347342630944591,-0.219770954986548,0.403169729778507,0.321778701896243,-0.00199059795143017,0.00242175613093256,0.109333006310096,0.0763115175042341,0.0434197561043034,0.956350513529953
"GOMF_PHOSPHATIDYLINOSITOL_5_PHOSPHATE_BINDING",0.345344560982193,0.378576057671108,0.372666466384007,-0.097495366533381,-0.193983760921849,0.1554450574953,-0.516781635596096,-0.527404537741166,-0.484737635446418,0.315361763160114,0.434020546049812,0.274657561798707,1.2755897713226e-06,0.0478295125615791,0.0573998273040455,0.00181664400363723,0.666181096615268
"GOMF_CYCLASE_REGULATOR_ACTIVITY",-0.139228276177846,-0.474589128738347,-0.121436133753546,0.0838214613626885,0.293899421563419,-0.143204684993647,0.259598353361234,0.101406650328406,0.228204471677076,-0.0751725940965581,-0.0524324832325239,-0.0885944379067944,0.045583311718511,0.355923963494014,0.131745462728989,0.0264255286339248,0.270430498743303
"GOMF_GLUCURONOSYLTRANSFERASE_ACTIVITY",0.450257270513836,0.265522369738118,0.363398076711327,0.0046273444889057,0.0155386520174456,-1.54460045833638e-05,-0.398297987412579,-0.420179871460291,-0.170900341952943,0.446545104973496,0.352194650867976,0.222139446345284,0.00327562883575166,0.035418110011656,0.0214294626420297,0.0032843799745633,0.829086783797502
"GOMF_CORECEPTOR_ACTIVITY",0.216049172742328,0.249278016011219,0.208864792778019,0.111077807447478,0.213682376994492,-0.0638220506558169,-0.365533658902338,-0.38182331435917,-0.315929398098007,0.32619823920886,0.162996293199499,0.152415498535558,6.30891591328164e-05,0.275415344616358,0.229214031960847,0.0050809043692399,0.866472805663658
"GOMF_DISULFIDE_OXIDOREDUCTASE_ACTIVITY",0.264767478956009,0.226341272678345,0.0343388245167513,-0.111102737270297,0.0934489376723583,0.296347578129119,-0.440105402548063,-0.299350330430387,-0.495014465650664,0.324522566173255,0.356440987815301,0.262486293857507,0.00354516663859249,0.195411809146812,0.588443520677159,0.00188334874541139,0.180330446942439
"GOMF_LACTATE_TRANSMEMBRANE_TRANSPORTER_ACTIVITY",0.331627958841321,0.673802506821198,0.685894934725753,-0.0894112224910541,0.0581096132426576,0.164877105331806,-0.104094193809403,-0.675745448687364,-0.162961461126411,0.326879872051977,0.404104220935493,0.521035452876402,0.0209343568483211,0.0181294988259276,0.0263190041486345,0.046095757021984,0.341846972779875
"GOMF_URATE_TRANSMEMBRANE_TRANSPORTER_ACTIVITY",0.617202301137596,0.426220961471524,0.468630796305359,-0.241206928768879,0.23533496964938,-0.380021223171334,-0.211235519874515,-0.403358009476873,-0.0155335699940479,0.51943705573227,0.328260139287834,0.0935627592564663,0.0109079195079884,0.129523807331892,0.0658964918847599,0.0350415276529741,0.261193935935969
"GOMF_AMINO_ACID_TRANSMEMBRANE_TRANSPORTER_ACTIVITY",0.156307467788099,0.269383102003388,0.00670957500455466,0.127861401550646,0.134019966456613,0.158647851000808,-0.365991321576389,-0.41763247393247,-0.318018579120525,0.301035843278061,0.150918778409883,0.267571958952639,0.0128030149176701,0.155018667304798,0.963397127568532,0.000848211353794445,0.35340874107865
"GOMF_NEUTRAL_L_AMINO_ACID_TRANSMEMBRANE_TRANSPORTER_ACTIVITY",0.151982725603113,0.100958404653558,0.0965223880056766,0.222269026593202,0.160934741431065,0.205523791271284,-0.437164763857175,-0.398828562092133,-0.405015719045636,0.352292726944104,0.145277630748276,0.386173561650149,4.78904277488525e-05,0.320462653273336,0.0354178615220471,0.00972825806721521,0.135186126496276
"GOMF_L_AMINO_ACID_TRANSMEMBRANE_TRANSPORTER_ACTIVITY",0.223092752504964,0.291924145819656,0.0632360457834331,0.0780898567401587,0.229986043922893,0.192217582988529,-0.352924070566597,-0.403675933945586,-0.328362582261103,0.258516287938442,0.156102255416923,0.306387076928035,0.00904864738157669,0.312029348079926,0.768423740890194,0.00131885826138562,0.592973104664133
"GOMF_L_ALANINE_TRANSMEMBRANE_TRANSPORTER_ACTIVITY",0.332238342362153,0.367955483763866,-0.0483282391192788,0.141512565518601,-0.150502420140435,0.390848983406122,-0.413250753997814,-0.565764258706474,-0.530095761101091,0.39081606631416,0.259503343229038,0.0697447711296363,0.0228761748363479,0.576428985078121,0.684519822117686,0.00615026421018239,0.896301119833888
"GOMF_GLYCINE_TRANSMEMBRANE_TRANSPORTER_ACTIVITY",0.125853196722361,0.181528878336998,-0.0134191372132166,0.558225716176069,0.136404727607603,0.156714165413845,-0.328091198996195,-0.50434179927807,-0.522923174578663,0.213485101167778,-0.109379055938377,0.113398509506336,0.00298352210953717,0.282751831417353,0.310160565094714,0.0142201282111974,0.832866880350332
"GOMF_L_LEUCINE_TRANSMEMBRANE_TRANSPORTER_ACTIVITY",0.62348121913699,0.510182547914773,0.649341404389014,-0.134951430703209,0.275252036628765,-0.184462765267421,-0.464036851024972,-0.586989377798336,-0.631446455234526,0.61958901478764,0.529894515077284,0.377972229009657,7.36313469792461e-05,0.0506130281277006,0.0435008904857335,0.000438956742430002,0.371345977535735
"GOMF_L_PROLINE_TRANSMEMBRANE_TRANSPORTER_ACTIVITY",0.141298642494245,0.144168286118922,-0.0133814318072255,0.637196670856408,-0.243184156956884,0.302020982332414,-0.340172058618368,-0.600795793636873,-0.174448547787463,0.262909007606874,0.00824556922605979,0.453742215264207,0.0489883141762332,0.975410155950661,0.639725053115018,0.0266840045912531,0.367226019078834
"GOMF_L_SERINE_TRANSMEMBRANE_TRANSPORTER_ACTIVITY",0.0125985202242339,0.179288965145332,0.0530882903288667,0.146219985038817,0.34726222579071,0.462947320438502,-0.361753980166584,-0.474014743756502,-0.377997174923244,0.420400152437464,0.113542454200904,0.172358281655602,0.0021463377486246,0.56170976381103,0.107255379231061,0.0125776280273626,0.243253946928543
"GOMF_HEME_TRANSMEMBRANE_TRANSPORTER_ACTIVITY",0.177831604135094,-0.0862694844845998,0.352124461337836,-0.204234349266117,-0.307509593433923,0.122220030974574,-0.26151737899443,-0.212142532519157,-0.471678527917352,0.560834960728874,0.452884708608454,0.564854067544112,0.0466298423044531,0.0292441277169525,0.201107787998553,0.00311371270955917,0.087383838279079
"GOMF_FATTY_ACID_TRANSMEMBRANE_TRANSPORTER_ACTIVITY",0.153878634970261,0.255865300323321,0.488783097856565,-0.247403977488401,-0.426331154969433,-0.266386903474732,-0.364362680101308,0.0533919942713605,-0.140449459901528,0.702481277125306,0.380626302561675,0.217191780793382,0.0469979240591158,0.0225553344504639,0.0108540669849665,0.0366397196874892,0.48839702697939
"GOMF_WATER_CHANNEL_ACTIVITY",-0.153589322347821,-0.306491803351548,-0.208786622837317,0.226986158224933,0.290888875475789,0.00995109219040327,0.518304411360407,0.164240330722516,0.57131982256404,-0.12554569551694,-0.360222355052317,-0.54463140771311,0.0270066098450456,0.0295732218256626,0.0249363864066029,0.0124993245682928,0.43117660137393
"GOMF_PROTON_CHANNEL_ACTIVITY",-0.341616868515375,-0.347485642843321,-0.242180558832454,-0.302564294491831,-0.421452430139369,0.0984923868248425,0.362148276798123,0.440941189609665,0.169623461791478,-0.0632943822622843,-0.197973660471642,-0.264739181234305,0.00766911085887771,0.858165387102785,0.586417958637382,0.00936750279214238,0.137008243407524
"GOMF_SECONDARY_ACTIVE_TRANSMEMBRANE_TRANSPORTER_ACTIVITY",0.0443788345818006,0.165215942010923,0.0996732733690223,0.0579734493942841,-0.0148604885608163,0.0115102341900704,-0.166787603190781,-0.241671045497373,-0.268923903414274,0.319778513072578,0.222930327634981,0.149944952115432,0.00223353007870607,0.0340977510122855,0.121133529612383,0.002850131114729,0.109012883285306
"GOMF_SOLUTE_PROTON_SYMPORTER_ACTIVITY",0.149066862007726,0.446968546821715,0.346312008961277,0.0803444333566445,0.0408468199396937,-0.0759757375980814,-0.208668347535654,-0.385213533700454,-0.243153842161716,0.252157822145489,0.307676070946222,0.297002996424764,0.00771583641035664,0.0191224043065382,0.0556223453890248,0.00527964611700727,0.777535278896756
"GOMF_ANTIPORTER_ACTIVITY",0.0848600988566161,0.0639594464817361,0.0916534428132782,0.0484443585382571,0.0759631932594926,0.211902138292413,-0.262515414765049,-0.27868959400236,-0.436230241871541,0.391316767272602,0.199048922707058,0.187299480682991,0.0164013741472633,0.156785555931724,0.593526271856538,0.00275204506491079,0.111405127086434
"GOMF_CALCIUM_MONOATOMIC_CATION_ANTIPORTER_ACTIVITY",0.473520449145954,0.436705045166858,-0.0435476280560948,-0.140925602870825,0.136975508862667,0.0471308773684124,-0.274102710444289,-0.356533152522275,-0.483806545644114,0.496550823109245,0.44380273054496,0.121011312013463,0.044946259231927,0.0844403584660732,0.238280848034795,0.0118638767342224,0.767755918412967
"GOMF_ABC_TYPE_GLUTATHIONE_S_CONJUGATE_TRANSPORTER_ACTIVITY",0.231139518907241,0.0710265791548647,0.552864264086824,-0.391515225711164,-0.0867033183021589,-0.514157943473801,-0.316686270585751,-0.521911138950658,-0.359473057416006,0.385622498297724,0.539905092010688,0.661503982859909,0.025731429805735,0.00765223138946056,0.0323446265917463,0.00102237562750977,0.226168034955191
"GOMF_EFFLUX_TRANSMEMBRANE_TRANSPORTER_ACTIVITY",0.295100532244279,0.294238944820415,0.430781595291171,-0.071588110296208,-0.130656215125636,-0.115413295791171,-0.0905149312494394,-0.351566727775009,-0.035887603525969,0.398393579438211,0.376439748016815,0.267518373099089,0.0213639091450049,0.00289594129667652,0.00480879066214255,0.0222873355582849,0.908937739509385
"GOMF_TUBULIN_BINDING",0.12946261224007,0.0579976472328054,-0.055763172577345,0.0347381395621259,-0.0347973704724526,0.222771601838925,-0.316652728249773,-0.300992915442396,-0.371641665797529,0.178537041827819,0.0929659958255975,0.150900806996877,0.0113696761400245,0.483961278831378,0.764713680589276,0.000166922343454914,0.207337585780103
"GOMF_FATTY_ACID_LIGASE_ACTIVITY",0.186127930719256,0.195733484459447,0.143526450692344,0.131088897273105,-0.144906203666785,0.281295845023287,-0.402110238688228,-0.142353995630434,-0.301124128912217,-0.0703313350572505,0.286121165192284,0.226610967789615,0.0223358823899713,0.744148953645485,0.563030923709236,0.0387070466611607,0.82623310699765
"GOMF_QUATERNARY_AMMONIUM_GROUP_TRANSMEMBRANE_TRANSPORTER_ACTIVITY",0.494955880240187,0.345431897758652,0.533085437953324,-0.242738423989874,-0.0722608543955972,-0.244612670303921,-0.113974612673717,-0.290562029029869,-0.377602431326118,0.2963108553105,-0.0749411254061947,0.247422419223047,0.00238739988525938,0.0799994301258172,0.00134601399509036,0.0485382447661062,0.105332915120218
"GOMF_BRANCHED_CHAIN_AMINO_ACID_TRANSMEMBRANE_TRANSPORTER_ACTIVITY",0.538780660594284,0.493103135148287,0.656975092338611,0.113722802325045,0.144254192867698,0.0262963013889593,-0.480184088404123,-0.538751716513191,-0.541267069393093,0.504621836899149,0.346893079819048,0.473210161068811,0.000537233343561679,0.00570919195493581,0.00214879648428518,0.000690479642245078,0.151609525636839
"GOMF_MANNOSIDASE_ACTIVITY",0.219670933471622,0.346675647630303,0.168590953480866,0.04605081810799,0.345539465362815,0.268870079662916,-0.420369389239849,-0.460622651507049,-0.394481980294089,0.420340001983225,0.425085907268915,0.457601857523707,0.00280421801916426,0.13764066157702,0.826072138207816,1.74665971673126e-05,0.0638629081314996
"GOMF_MANNOSYL_OLIGOSACCHARIDE_MANNOSIDASE_ACTIVITY",0.262170123102325,0.339318857930702,-0.0520670685650286,0.333106138080721,0.412537079395643,0.455664043066723,-0.495788341043728,-0.517649991065168,-0.559480052514967,0.35622007761027,0.505731776723274,0.461676647329363,0.0251334735388714,0.515968595167529,0.204821317410879,0.000525997939009306,0.152824955890262
"GOMF_CHANNEL_REGULATOR_ACTIVITY",-0.0039581321904959,-0.0316383505303674,-0.000140783994527549,0.15887261157952,0.00972217113082235,-0.125670696870637,-0.120921732693741,-0.0805888807645465,-0.088307708868074,0.030709238580798,0.137505239184705,0.0459553139340902,0.00672011876518987,0.571264346400732,0.780658862421945,0.0258801857306157,0.120074410806098
"GOMF_LIPASE_ACTIVITY",0.226180816034514,0.188472583041814,0.219492186410391,-0.0163057155273724,0.0351832907512227,-0.0874639122356248,-0.249118687732154,-0.223466728815809,-0.213442531566291,0.23021939230217,0.225343910870182,0.012034457810381,1.04578129688602e-05,0.114624334200395,0.0150376321732314,0.0309585094508287,0.522243860294425
"GOMF_1_PHOSPHATIDYLINOSITOL_3_KINASE_ACTIVITY",0.634104825257338,0.537905341262101,0.392176844099849,0.453763456446673,0.387085965994626,0.448645983729916,-0.694042177236975,-0.738524180847774,-0.706295855261045,0.467730509226986,0.499984460881763,0.695848443718235,0.00245421174765246,0.216586673434022,0.32200059908204,0.00240400480189933,0.757379202191127
"GOMF_PHOSPHATIDYLINOSITOL_PHOSPHATE_KINASE_ACTIVITY",0.466347309495854,0.403107989278658,0.236806949327643,0.330777923104789,0.259923484207487,0.491147595764804,-0.623258734191437,-0.676001149033797,-0.725732356828663,0.58113118217649,0.548052150429145,0.617117188866898,0.00129233341064514,0.0735450808838993,0.937020159355619,1.34308965664485e-05,0.0793183516525877
"GOMF_INOSITOL_BISPHOSPHATE_PHOSPHATASE_ACTIVITY",0.648299338400772,0.150883599937667,0.0399512360142139,-0.289116848696371,-0.318154014654225,-0.107457388756463,-0.601924181776628,-0.285524768909604,-0.386504513439247,0.160843747805126,0.564169160150531,0.490899432427852,0.0448163188304314,0.0188858891468123,0.0964639726673217,0.0072532183920399,0.609861083180457
"GOMF_ACTIVIN_RECEPTOR_ACTIVITY_TYPE_I",0.522218381533984,0.259572178726311,0.627594534410607,0.274477522451107,0.436969445193973,-0.268410580582504,-0.829234712690625,-0.646036312094854,-0.601567000806241,0.617452171062079,0.836725574237317,0.545054150101665,0.00177672220908556,0.121373197420281,0.272027517688055,0.000351116466863444,0.236695157204941
"GOMF_C_ACYLTRANSFERASE_ACTIVITY",0.269420590680961,0.215603574289987,0.210700746427134,-0.0846589617439406,0.140046324704658,0.296452401619049,-0.559039140221034,-0.430177008002421,-0.652630893281738,0.0642583213536289,-0.117081000293604,0.330229131500906,0.00405629323462335,0.891575402808963,0.40932687129395,0.022709425443749,0.395530933368916
"GOMF_C_ACETYLTRANSFERASE_ACTIVITY",0.0875808933181114,0.224351834069323,0.377153770317355,-0.46022454422445,-0.00437872095251401,0.332894249973598,-0.60969967677258,-0.561445570255141,-0.812214326868517,0.683964123457203,-0.0876838616027295,0.496267292768643,0.00146925711542008,0.279852579715935,0.35843165272087,0.0369991424943578,0.630602087322958
"GOMF_OXIDOREDUCTASE_ACTIVITY",-0.0502426385530759,0.0865978666593222,0.0574682818990325,-0.175038135252078,-0.0134447168114197,0.130216777133152,-0.213701416617766,-0.199389035150147,-0.25727230499931,0.378305308789933,0.204679994166531,0.149430226226062,0.0148068781933727,0.0819001644010403,0.640767473357786,0.0163628894397402,0.070394761540609
"GOMF_PROTEIN_HORMONE_RECEPTOR_ACTIVITY",0.542528314445772,0.54458041583407,0.356785839383569,-0.196509618098168,-0.213155998792736,0.186440795108867,-0.416309267636246,-0.321219247228944,-0.0787336208064745,0.107420449603002,0.12412361306189,0.486983888171571,0.0056277510615489,0.156148513854781,0.0337057747824991,0.0346382334155246,0.1809587016013
"GOMF_PEPTIDASE_ACTIVATOR_ACTIVITY",-0.085285975047421,0.0392335101319755,-0.00789731371609009,0.00826691073965249,0.251851666156638,0.318404703383414,-0.377860036889946,-0.379139820938386,-0.468076818831617,0.412206298350329,0.129715948795691,0.211049921300436,0.00134233984806517,0.669281191705108,0.142766355471657,0.00927189261435893,0.0681550630906184
"GOMF_PEPTIDASE_ACTIVATOR_ACTIVITY_INVOLVED_IN_APOPTOTIC_PROCESS",0.000357565919016367,-0.00108070672694763,0.126809906282954,-0.36427539070877,0.0426659756067783,0.0704583665049805,-0.254523369530222,-0.212812421035497,-0.374981372475444,0.438381312222107,0.039973424897531,0.403761748289262,0.00783513868437339,0.1179183214838,0.469655587232372,0.0329260563397597,0.17807927869129
"GOMF_OXIDOREDUCTASE_ACTIVITY_ACTING_ON_CH_OH_GROUP_OF_DONORS",0.0354002625930331,0.233873354664789,0.0509342319356976,-0.149102582322094,0.0393232059415229,-0.0171896880000769,-0.269238430755434,-0.224464095845951,-0.1725988571315,0.275972040000454,0.122503629150294,0.0300368495064198,0.0219282080677667,0.115502062749026,0.154563248386779,0.0245317500331213,0.726062489100371
"GOMF_OXIDOREDUCTASE_ACTIVITY_ACTING_ON_THE_ALDEHYDE_OR_OXO_GROUP_OF_DONORS_NAD_OR_NADP_AS_ACCEPTOR",0.374848121362837,0.202680501570686,0.253253163860074,-0.102885298525303,-0.184274936936032,0.116650268474691,-0.425318098273117,-0.552887856570212,-0.402402702749978,0.515878816387237,0.422626219575707,0.210142087828137,0.000460076338279636,0.0260972415118768,0.0446362849499449,0.00369722807238525,0.379483195810793
"GOMF_OXIDOREDUCTASE_ACTIVITY_ACTING_ON_THE_CH_CH_GROUP_OF_DONORS_NAD_OR_NADP_AS_ACCEPTOR",0.0340159029010968,0.304739369277744,0.115627689748449,-0.0445366320793552,-0.27093447918555,-0.157586893729407,-0.374104456082646,-0.233846195290587,-0.234803212130594,0.492827751617637,0.469070285642485,0.148793821542781,0.0159725690778276,0.0226277144462255,0.0424876635511987,0.0163899062353088,0.192129666524344
"GOMF_OXIDOREDUCTASE_ACTIVITY_ACTING_ON_THE_CH_NH_GROUP_OF_DONORS",0.131939796652844,0.0467716104119552,0.309113991588129,-0.0506247998340617,0.102426866760252,0.423154004307505,-0.522380796561725,-0.40309444645812,-0.392411743605454,0.473210901934012,0.457819418569862,0.387936889800082,0.00588293263315879,0.177687124134076,0.980178110693083,0.000186164413024055,0.0573944890348765
"GOMF_OXIDOREDUCTASE_ACTIVITY_ACTING_ON_NAD_P_H_HEME_PROTEIN_AS_ACCEPTOR",-0.117865478623664,0.176435081787556,0.403843272139173,-0.19663185882579,-0.104166368047075,0.179229105796969,-0.549847183316417,-0.441045400498924,-0.426717437151476,0.283982397076049,0.2493605846197,0.582255793946359,0.0459560334681716,0.0563837279111681,0.364720628082682,0.00860515479771621,0.309975866376716
"GOMF_OXIDOREDUCTASE_ACTIVITY_ACTING_ON_A_SULFUR_GROUP_OF_DONORS",0.238750349887109,0.289587584268601,0.142840460877575,-0.111480115706828,0.00768920598629338,0.189174392145127,-0.418146121904035,-0.347259192549975,-0.455335496863202,0.37624552387235,0.386116005462424,0.226821638316966,0.000468742550348743,0.0536673088139112,0.141405581846882,0.00071560109467669,0.191717691031004
"GOMF_OXIDOREDUCTASE_ACTIVITY_ACTING_ON_PAIRED_DONORS_WITH_INCORPORATION_OR_REDUCTION_OF_MOLECULAR_OXYGEN",0.063680401831423,0.120899224087224,0.166868550786236,0.0550826944037258,0.072212337275558,0.106904706296072,-0.251357213584803,-0.301347983996925,-0.147059313775223,0.257564981489229,0.217599397701484,0.18744422295374,0.00486726839152577,0.00613443127802307,0.328416935546124,0.00381228581065054,0.052696000248955
"GOMF_2_OXOGLUTARATE_DEPENDENT_DIOXYGENASE_ACTIVITY",0.202660530616939,0.139591790142991,0.19216111435649,0.0037288202285124,0.205093708012259,0.336780450651528,-0.508809913769106,-0.53075822059189,-0.383322893200265,0.517321784318821,0.307902423672643,0.340236656546287,0.00161522572409777,0.161445319091054,0.97308199305108,0.000713940405430297,0.0734047339467331
"GOMF_OXIDOREDUCTASE_ACTIVITY_ACTING_ON_PAIRED_DONORS_WITH_OXIDATION_OF_A_PAIR_OF_DONORS_RESULTING_IN_THE_REDUCTION_OF_MOLECULAR_OXYGEN_TO_TWO_MOLECULES_OF_WATER",-0.0987580202175398,0.303858209640844,0.522721967961996,-0.113880245644052,0.268158238670484,0.443849855042306,-0.487637034959241,-0.515649802322536,-0.612291759794501,0.262844878385793,0.535844268369571,0.559580369128843,0.0451697708463136,0.269616656043416,0.868811679947432,0.00406299875446453,0.381133796537963
"GOMF_OXIDOREDUCTASE_ACTIVITY_ACTING_ON_CH_OR_CH2_GROUPS_DISULFIDE_AS_ACCEPTOR",0.711756346737339,0.414833931537161,0.388723259208163,-0.0137112570573465,0.0557270692176047,-0.243315573762874,-0.614879188434674,-0.400833369679736,-0.635268577095305,0.292276375926553,0.641960014982446,0.640958144510982,0.00174088355246102,0.0178642651334266,0.0146640755256409,0.00275780491894574,0.904333740480835
"GOMF_HYDROXYMETHYL_FORMYL_AND_RELATED_TRANSFERASE_ACTIVITY",0.0427593300800133,-0.121310754610426,-0.000401560433090309,0.206850542629598,0.450660200929037,0.708833577470548,-0.312171758842046,-0.545513085911833,-0.399985900045605,0.275105552066197,0.191283758899472,-0.112257964229932,0.0118230773911442,0.148005274889131,0.0672928411848304,0.0255996812113521,0.348711834700928
"GOMF_TRANSFERASE_ACTIVITY_TRANSFERRING_NITROGENOUS_GROUPS",0.237457339746321,0.173312868638848,0.0047699052641875,-0.281931521481782,0.0239331864603374,0.105572494223591,-0.0931772506644449,-0.424596680198035,-0.36983341867113,0.234482612303631,0.046547551707207,0.255852057054692,0.0305134152896328,0.183756031108063,0.254227797757292,0.0237076418000165,0.695516846541119
"GOMF_PHOSPHOTRANSFERASE_ACTIVITY_FOR_OTHER_SUBSTITUTED_PHOSPHATE_GROUPS",0.403527225480648,0.0418104625353485,0.0575829849590737,-0.00786473268879859,-0.214657999347387,0.208301980989547,-0.32204493856153,-0.498574630360322,-0.600060046276745,0.52314539164628,0.48847474419738,0.319573335131788,0.0144576202194686,0.0471472497620631,0.367559806199722,0.00114522091942112,0.129424664803719
"GOMF_PHOSPHATASE_ACTIVITY",0.122914994458051,0.000162886726590677,-0.1683581693528,0.115536116116426,0.14105757492688,0.28141902204593,-0.414239595687144,-0.336308274701401,-0.3667788253994,0.291902681399454,0.294874272571226,0.302209070589564,0.043590639274962,0.150918209237463,0.135462906973174,0.0009586768740044,0.0660896134154769
"GOMF_DIPEPTIDASE_ACTIVITY",0.133963499656372,0.158093147013817,0.280314854451667,0.0303252924470902,-0.370086447968854,-0.194651330878947,-0.215537493420879,-0.31676908611893,-0.0791453792131138,0.406531613815092,0.192667624680424,0.293096340908536,0.0124318276722453,0.0352052508370008,0.070934032978116,0.00581026627777863,0.242334439603304
"GOMF_LYASE_ACTIVITY",0.1079464838543,0.0961930493621878,0.179343013455957,-0.158700922653728,-0.112175023478109,0.089952701465243,-0.200867806344493,-0.292453636467892,-0.339121319499433,0.333456880706025,0.180455750816463,0.218569431460921,0.0021615016715848,0.0365230848678207,0.121012926924272,0.00112159721363064,0.110386180467837
"GOMF_CARBON_CARBON_LYASE_ACTIVITY",0.194311854543059,0.0998432977132696,0.269645299538555,-0.122965079542449,0.0326039872271469,0.0544096117309777,-0.257385054040275,-0.365054842019292,-0.465984728077717,0.44105978944544,0.270216817528756,0.226619770835606,0.00242767703687066,0.0204303985269471,0.0557210112291519,0.00165706454628326,0.207588892246359
"GOMF_CARBOXY_LYASE_ACTIVITY",-0.00990259046252168,0.0335123212369565,0.259905089223873,-0.128176149848543,-0.120396181105582,0.0058947486014897,-0.177685774918357,-0.269537097074528,-0.352535902069696,0.455373932250395,0.140447968577788,0.164391605751818,0.0294319566322299,0.0638481540581695,0.159508183685288,0.020255160561045,0.295037789037725
"GOMF_ALDEHYDE_LYASE_ACTIVITY",0.191478299304935,0.394421584797409,0.240011578489605,0.0857068854803713,0.500207668127415,0.170050930660878,-0.123818458253836,-0.608584406840632,-0.692611990385673,0.165943974448661,0.393429617755409,0.141765146284501,0.0398333229966514,0.909755800677679,0.87913211943346,0.0403023618401308,0.702563809237752
"GOMF_CARBON_OXYGEN_LYASE_ACTIVITY",0.122732471353726,0.0751230013883847,0.158510851892643,-0.17394407511577,-0.101524911984827,0.243130510215716,-0.320116068529932,-0.341940696589589,-0.34708770987544,0.265765832066118,0.180066682009105,0.364800715210405,0.00115103941642507,0.148289915165858,0.420693366993284,0.00661605344654394,0.087798601621847
"GOMF_HYDRO_LYASE_ACTIVITY",0.174871315233968,-0.0144069187187641,0.128106201877744,-0.112222299662402,-0.110746209281455,0.233633936433176,-0.37264450804026,-0.296739085580584,-0.333712621919079,0.28200603764167,0.183088428124238,0.394668895604777,0.00941925692270691,0.116807040591093,0.523871341176148,0.00491220478845037,0.0851589948115427
"GOMF_RACEMASE_AND_EPIMERASE_ACTIVITY",-0.016351273274937,0.113424500756078,-0.0531310794955734,-0.230954531745818,-0.110309632417055,0.216895645682044,-0.238373862582577,-0.231984413448055,-0.443772963190786,0.405584262474167,0.373881637329024,-0.00449630896773129,0.0241653888536571,0.185595171701998,0.725170216793782,0.0318071323206434,0.197433708028022
"GOMF_RACEMASE_AND_EPIMERASE_ACTIVITY_ACTING_ON_CARBOHYDRATES_AND_DERIVATIVES",0.171493184150788,0.332694187651698,0.128573515177898,-0.284642994987325,0.176742170029408,0.316116157120761,-0.481697126612092,-0.287266452445073,-0.454237440789605,0.607911886543739,0.229838218647643,0.0897500714390274,0.0020615923544575,0.373039972948377,0.524722548462217,0.0304819264164544,0.602511350757371
"GOMF_INTRAMOLECULAR_OXIDOREDUCTASE_ACTIVITY",-0.018267405369388,0.0752312259233528,0.109161039543267,-0.290935364570881,-0.151486704208186,0.235103764045713,-0.249973525859322,-0.203430886547241,-0.376548332491899,0.471259359914415,0.169773486973439,0.0564486327752473,0.00834948156644355,0.210243786723346,0.514921367749374,0.0390523945555193,0.286436894510078
"GOMF_INTRAMOLECULAR_TRANSFERASE_ACTIVITY_PHOSPHOTRANSFERASES",0.151802834318344,0.186607383259827,-0.0225400093221965,-0.225568016324996,0.40747180900661,0.180254541794623,-0.54275658537895,-0.612214982270475,-0.442872360681231,0.501288976851756,0.620297794313873,0.139674528955351,0.0018852923271403,0.274765987673299,0.943196145904349,0.0145788163879827,0.148187893652237
"GOMF_LIGASE_ACTIVITY_FORMING_CARBON_SULFUR_BONDS",0.352452241816424,0.257319009364292,0.108796777992136,-0.138148484253684,-0.0464452235710701,0.271475083671121,-0.499718630532111,-0.405462950669317,-0.429514874130877,0.222195776299565,0.388384486589457,0.349681372507866,0.00489390881427028,0.130228608713527,0.232167739250186,0.000714773217577792,0.411573545110182
"GOMF_ACID_THIOL_LIGASE_ACTIVITY",0.341189141863475,0.317514536438562,0.280036333352881,-0.12767859171204,-0.0879906392546727,0.203333758394727,-0.477268173804241,-0.370427011847517,-0.415721103046807,0.1713004801139,0.39031650381684,0.361857880302605,0.000168186627954462,0.0767899714190615,0.0894304849287831,0.0032079647370675,0.948713524864402
"GOMF_LIGASE_ACTIVITY_FORMING_CARBON_CARBON_BONDS",0.525342110052075,0.565296735237077,0.717278471868807,-0.275130119113542,0.0982166651920488,0.16996351065858,-0.801728442482104,-0.68473209141611,-0.6712886498951,0.678296203934396,0.527656425939855,0.626118686383568,0.000106696889563927,0.0369492105044064,0.0333354568294607,2.62779380994858e-05,0.918171813636806
"GOMF_DNA_ENDONUCLEASE_ACTIVITY_PRODUCING_3_PHOSPHOMONOESTERS",-0.403049704912374,-0.428674356511701,-0.343797449399558,-0.476639549278205,-0.520764412610855,0.238125015064199,0.646715102781048,0.127857612491863,0.288577926702765,-0.366025912575621,-0.186627710728557,-0.158759547834995,0.0367171818268689,0.955064656134114,0.630117501910341,0.0450970330433511,0.127071657305549
"GOMF_ENDONUCLEASE_ACTIVITY_ACTIVE_WITH_EITHER_RIBO_OR_DEOXYRIBONUCLEIC_ACIDS_AND_PRODUCING_3_PHOSPHOMONOESTERS",-0.267479057143513,-0.259001508381298,-0.176522197263014,-0.3610676054599,-0.585612594370789,-0.107991902614803,0.501805693211828,0.197338562560128,0.177798375294312,-0.224680033076954,-0.192389974319947,-0.208145451934355,0.0300959803414032,0.408466671797021,0.486953089467047,0.0402489259873683,0.470967377586632
"GOMF_OXIDOREDUCTASE_ACTIVITY_ACTING_ON_THE_ALDEHYDE_OR_OXO_GROUP_OF_DONORS",0.243737978250637,0.0544984999059712,0.1524922316185,-0.122186258916897,-0.0987954951468225,0.105233869085173,-0.379354303901544,-0.418069127196416,-0.363622583237452,0.461343730942635,0.387417424229058,0.153933612195752,0.0064353296314739,0.0365750421710311,0.110561657401515,0.013991840118426,0.178820806009175
"GOMF_ACTIVIN_RECEPTOR_ACTIVITY",0.44015621635555,0.0368680606901091,0.346827411444666,0.230153848850096,0.314590029531802,-0.228696619235784,-0.740389819161396,-0.558041969200781,-0.505537574003812,0.486370699161352,0.656344601482604,0.576250647130046,0.00681458438701997,0.099472865604932,0.466032328294494,0.00034488384671571,0.120163266502394
"GOMF_MYOSIN_BINDING",-0.0211914648119522,0.142695627101746,0.0504785718989259,-0.0220221012045584,-0.125708828054135,0.120994269171743,-0.28721170430768,-0.286725704456145,-0.106384900471707,0.25287647447016,0.188117813767783,0.182785383412198,0.0227467416271757,0.0824366902542752,0.489315583144429,0.0108452358441651,0.0679497531289318
"GOMF_SYNTAXIN_1_BINDING",0.197480338716343,0.0316615202777634,0.0760759080609666,-0.41899898235259,-0.107199551526819,0.177558148970621,-0.171612195451895,-0.41188903139313,-0.210327896226174,0.305837128847169,0.283770950731419,0.197367814504693,0.0197184225225402,0.154815473916321,0.332852631746698,0.00963305494290946,0.062983487533587
"GOMF_SEMAPHORIN_RECEPTOR_ACTIVITY",0.244935875953342,0.538201833941979,0.475918694860176,0.230404872831248,0.103270773311542,-0.195370905835489,-0.402403716974577,-0.397741843093586,-0.175577085713842,0.239607146773144,0.178954851726607,0.268652484266881,0.00339150769221809,0.28221685324863,0.080091362407145,0.0107466534815423,0.157783318636652
"GOMF_VINCULIN_BINDING",0.347992851890454,0.603653171468916,0.370332113621386,0.3258130280104,0.339051306787453,0.216735678102177,-0.472096702173471,-0.524127203713804,-0.294286208259448,0.333379956812608,0.172922267595636,0.153991578013801,0.0013968616625191,0.351733546086199,0.207692616231228,0.00224417554785036,0.0993324705017918
"GOMF_CDP_ALCOHOL_PHOSPHATIDYLTRANSFERASE_ACTIVITY",0.471432696100305,0.0492592109697467,0.2455171551778,0.0365057258091239,-0.509377509835068,0.116598266990986,-0.43324969297421,-0.610062973138173,-0.732384680527915,0.602691050804964,0.354804400811159,0.618707230255224,0.00649136804884195,0.064825678097705,0.195064081585249,0.000785282589773355,0.152336094376837
"GOMF_3_HYDROXYACYL_COA_DEHYDRATASE_ACTIVITY",0.636691157964457,-0.0180241032091255,0.348856964868124,0.659324938131389,-0.372920250654196,0.386488458731817,-0.724275514920733,-0.646694386435106,-0.471858599087725,0.34850405192609,0.46642022386884,0.831313095401653,0.0260736407708211,0.415393686209985,0.802337050628568,0.00578949846466881,0.400381497995886
"GOMF_GDP_BINDING",0.137188712233066,-0.175849589567131,-0.152146494478108,0.158236950429595,0.10859603621672,0.395070094225557,-0.472281928006511,-0.372556031349439,-0.504508037557067,0.327325100907815,0.295850877495723,0.319006981892702,0.0469330694208837,0.401396163208546,0.102238061351279,0.00171886931073219,0.063025695080418
"GOMF_MYRISTOYLTRANSFERASE_ACTIVITY",0.329642991757542,-0.19956887309173,0.0106341685330768,0.0974359914729759,0.0592064661910122,0.573662172025553,-0.591692977045233,-0.549240352879219,-0.672349646891676,0.580935341746015,0.262469032560143,0.56040793718023,0.0451799858539049,0.324915520692675,0.433726960848347,0.00473438932173838,0.0949812009788406
"GOMF_DEOXYNUCLEOSIDE_KINASE_ACTIVITY",-0.115105901147808,0.309801482878881,0.122815702481282,-0.0177819632872538,0.395724886161499,0.219621225994535,-0.458022665613324,-0.550070291073647,-0.746584864262932,0.432943899171741,0.385345103508151,0.125965470430812,0.0130018045706873,0.494442005734415,0.615501707303314,0.00225379273169148,0.254617318924753
"GOMF_CARBOHYDRATE_KINASE_ACTIVITY",0.322686037230023,0.349327093906104,0.446389080865156,0.165719257374142,0.340246758382109,0.230883603835415,-0.496048084907806,-0.54347772162129,-0.632704629138122,0.485357322972888,0.350285623721722,0.355739176555362,7.3359620567495e-05,0.0891561803517392,0.120944475834351,9.47446561880521e-05,0.696867874578903
"GOMF_PHOSPHATASE_REGULATOR_ACTIVITY",0.121430298926032,0.0947713128086797,-0.167238392010907,0.163372839669471,0.0961322113253219,0.38310115601155,-0.428881379224425,-0.409364411066599,-0.429715392235936,0.340221824094567,0.27735753085605,0.336527824207609,0.0406827490251517,0.353384489645447,0.19293832820598,0.000253707025534181,0.0755781846008696
"GOMF_KINASE_INHIBITOR_ACTIVITY",0.00945522368306817,-0.0203701558975457,-0.0196915958725964,0.148049026039859,0.0877509094273086,0.229358784870626,-0.42201879413865,-0.366862823490916,-0.406961689006034,0.471130175008179,0.156353370623186,0.306286940730739,0.000151287023965651,0.222214923482396,0.0497135377559928,0.013761869952986,0.069861847234818
"GOMF_PHOSPHATASE_INHIBITOR_ACTIVITY",0.0486308731766637,0.199046269611539,-0.0880723945675198,0.184602081981789,-0.0300866580947768,0.328868723701073,-0.301268597755248,-0.234827079003886,-0.392156749610792,0.317246750018568,0.148136999911309,0.293821178662618,0.0294073947486479,0.489714039686431,0.465487714796741,0.0014124528761215,0.124332466556024
"GOMF_INTERMEDIATE_FILAMENT_BINDING",0.074406570014378,0.0882251429582128,0.0684312801683412,0.458906889276482,0.272110904294192,0.167143718279292,-0.332048035675389,-0.329259501660812,-0.124197634398425,0.0385848082686824,0.53373601211963,0.519308844417012,0.0380130519763687,0.748607793048396,0.120390900884743,0.0454295888952346,0.219810192557203
"GOMF_CENTROMERIC_DNA_BINDING",0.388333570035011,0.520976786635774,0.307645341587846,-0.353111729743596,0.0409661296952515,0.696706382934262,-0.70595678833258,-0.67581624351424,-0.851743739438353,0.462201240003442,0.221366520227131,0.530503826439434,0.000172282400683016,0.46628587453345,0.461986688191324,0.00132597583653254,0.993649835364668
"GOMF_TOXIN_TRANSMEMBRANE_TRANSPORTER_ACTIVITY",0.498140554589745,0.404223130561319,0.219882214105085,-0.0641095303263345,0.505191686904528,-0.130091197045627,-0.0906263647179421,-0.510944081063242,-0.200188525462173,0.310517914581359,0.289613192648181,0.383816246019959,0.0178708480008863,0.381782745260204,0.312932089726032,0.0363916617746016,0.638308994857775
"GOMF_ATPASE_COUPLED_MONOATOMIC_CATION_TRANSMEMBRANE_TRANSPORTER_ACTIVITY",0.137376138572402,0.145433145448095,0.321857503718747,-0.135801610748617,-0.0722898536177041,0.0318944839003836,-0.27236342997658,-0.181266693976847,-0.259344064751587,0.263571217935786,0.278561895213173,0.121711356109102,0.00829024452165484,0.0160702627275609,0.0302364267096898,0.00334039416363249,0.813761945337
"GOMF_PHOSPHOLIPASE_A2_INHIBITOR_ACTIVITY",0.528790212980965,0.558222859255726,0.655810738151935,-0.14514888032073,0.490431010161612,-0.0304938935405865,-0.702742146094325,-0.710845687072703,-0.582187572010204,0.654159305630197,0.659928394366848,0.685198185145892,2.65287868171737e-05,0.102576096300839,0.130531082707784,0.000575843093977029,0.149134209270872
"GOMF_VITAMIN_BINDING",0.227217538019728,0.245205909341154,0.122733612744311,0.0278876946498978,-0.0814626714544041,0.0223148692220538,-0.253344580505793,-0.255467662142418,-0.316239778717185,0.294203138779441,0.0865640304620343,0.107481210910925,0.00147310608536421,0.102028862141159,0.0162624853707505,0.0152580355156516,0.67021453634108
"GOMF_PROTEIN_PHOSPHATASE_REGULATOR_ACTIVITY",0.074859924749691,0.0880579287880988,-0.184792702726537,0.137511137140649,0.0752691145317167,0.39332100033309,-0.3845883154097,-0.380689042500971,-0.409395499429739,0.352208191095453,0.264988174855458,0.31617546072448,0.0482024234244658,0.379655196407841,0.187924521551091,0.000412438000515238,0.0603202366681405
"GOMF_KINESIN_BINDING",0.17645119404031,-0.0541524202457583,0.0896472487704373,0.0890617146364617,-0.0858933712217272,0.267152628136383,-0.19162759509803,-0.272711161053158,-0.420616798836307,0.340447262641161,0.232112684578639,0.141806350980073,0.0182901787636929,0.291169880897607,0.882233830458272,0.00408386364946116,0.13289684799274
"GOMF_SYNTAXIN_BINDING",0.182326065668039,0.0389341938369448,-0.0592164370845791,-0.269363222367715,-0.144921575718947,0.168960463572731,-0.144449612020483,-0.322824224378599,-0.318272006984692,0.304371012761504,0.29590034000232,0.313759350107443,0.0272667146236537,0.0972785410694912,0.425396918666446,0.0101311880193296,0.0693824666131569
"GOMF_C_X3_C_CHEMOKINE_BINDING",0.642893531636544,0.0107330211937934,0.497195212369759,0.175856019632239,-0.0265548970770645,0.50272064334272,-0.718976840649438,-0.643134574105359,-0.516420848565427,0.11302084898134,0.307703307251224,0.673502075571524,0.0256258754746618,0.548819845149615,0.537052753149645,0.017276375521241,0.944002855691006
"GOMF_INTERLEUKIN_1_BINDING",0.167984138728184,-0.0209239107008083,0.135846147141166,0.115975428996118,0.612779911964398,0.264693045112583,-0.4084884834288,-0.471705403433116,-0.203511057208398,0.365219932216553,0.167849658834384,0.553710821636991,0.0128389849098872,0.87492491698361,0.244447881198759,0.00805431341916664,0.122301871870304
"GOMF_ACTIVE_MONOATOMIC_ION_TRANSMEMBRANE_TRANSPORTER_ACTIVITY",-0.017513816355071,0.0965632428785215,0.134420958264268,-0.103838192478381,-0.113773278190232,0.0402335524891716,-0.056128873406142,-0.0999496475077562,-0.171640384590094,0.317923910750102,0.163696125896769,0.093776163455371,0.0377225253373494,0.0427416020751542,0.126478269595727,0.0275941789019813,0.216711248245734
"GOMF_ALANINE_TRANSMEMBRANE_TRANSPORTER_ACTIVITY",0.189511255675311,0.154349476802836,-0.0755998639421443,0.38895134065753,-0.0110580658002696,0.347501268118717,-0.409416156412181,-0.451440760830871,-0.507727896129081,0.35523459401258,0.0830095972580457,0.124452889326172,0.0146640741068773,0.742804903374143,0.380572469785665,0.0105265554586347,0.454705134217493
"GOMF_MACROMOLECULE_TRANSMEMBRANE_TRANSPORTER_ACTIVITY",0.0559227234254378,-0.00534928688300504,0.142387668346017,-0.227611626612156,0.169502944694042,0.443925109032436,-0.342300008159572,-0.427126941224816,-0.487431955580827,0.390968056796284,0.121086870376394,0.134310025658835,0.00129762339896715,0.713817361372772,0.775529128432357,0.00838827825353518,0.222774034004018
"GOMF_MHC_CLASS_I_PROTEIN_COMPLEX_BINDING",0.54176529943562,0.519566295096701,0.612194369263284,-0.708901900838211,-0.488010816898198,-0.305001335155717,-0.213627878744516,-0.327105681304596,-0.401754427132684,0.303760957626882,0.519445829069942,0.0483427148162664,0.000788904047309897,0.0122049506717628,0.00894668163264336,0.0332551831882621,0.184400259283543
"GOMF_SIGNALING_RECEPTOR_COMPLEX_ADAPTOR_ACTIVITY",-0.0784271257810797,0.122860382071832,-0.0864216273987344,0.351571479537947,-0.0397632343521206,0.262612064764791,-0.350491544123804,-0.293935644237486,-0.348802214630727,0.323310568440778,0.25943033935774,-0.0176013658828287,0.0359899359997419,0.98533296735809,0.224510332686391,0.0348169098444487,0.192119614519093
"GOMF_LIPOPROTEIN_PARTICLE_RECEPTOR_ACTIVITY",0.0632931313455355,0.236312991130716,0.214397271342875,0.140234408237355,0.0970741637630061,0.36536132789551,-0.38697893594134,-0.461421337005795,-0.540927270769977,0.353151423440936,0.0807384618484565,0.291790062305359,0.000995022866451814,0.74398943966515,0.78320625453179,0.00448825996537683,0.520357480305257
"GOMF_NITRIC_OXIDE_SYNTHASE_REGULATOR_ACTIVITY",0.495659464758458,0.340476682815812,0.71171725937993,0.292355997645321,-0.0307032545486499,0.492414057998665,-0.467187709780088,-0.636414713039832,-0.395732221131335,0.263474957292901,0.354339226726293,0.112251981473597,0.00248362126758986,0.965178800993837,0.236654497679295,0.00177725249444895,0.11256171186575
"GOMF_CARBOHYDRATE_BINDING",0.0686466810821141,0.134177557914681,0.198730280915891,-0.00640592332489723,0.123931952490836,0.0869275194659321,-0.252465219618007,-0.26683189510056,-0.226816231764748,0.194705462355134,0.0927981684374131,0.0684063327685976,0.00566050800858126,0.408829922004133,0.290526849572926,0.00684467142549107,0.791784830990493
"GOMF_CLATHRIN_BINDING",0.258657214916512,0.247043665783088,0.105201842660896,-0.0399928921269145,-0.0438157701297465,0.00250765954571144,-0.298158935643198,-0.38528034301039,-0.316315305934622,0.378535317679018,0.243000745626107,0.09701063466846,0.00219482541968023,0.0772368062961302,0.0338895797732003,0.012872969551011,0.728904133821982
"GOMF_NUCLEAR_ESTROGEN_RECEPTOR_BINDING",0.361361005757062,0.308933474413474,0.192448117429231,0.237657216841905,0.0909371666131173,0.386919447270128,-0.518193693608373,-0.569720675351319,-0.517144145395489,0.373678923137197,0.328659763277852,0.324396781015293,0.00156037509151272,0.348205560380779,0.651803103353949,3.34094767861042e-06,0.390143153500208
"GOMF_PROTEIN_PHOSPHATASE_2B_BINDING",0.372679111755641,0.0731354426258924,0.363148755953815,-0.153791395181546,0.147256905550595,-0.371710149152679,-0.309699511404836,-0.526834312735355,-0.497852573681506,0.521067793354932,0.189296573795884,0.611714930245381,0.00567042160825849,0.0470124656978133,0.103373432897694,0.00852821015263391,0.353569551574254
"GOMF_ANKYRIN_BINDING",0.331411304486536,0.26339679663483,0.175282337950778,0.153870600505107,-0.128315315001649,-0.126192134158203,-0.358247302932613,-0.420716996277547,-0.159873524130951,0.145532258387888,0.209793906528535,0.282882614044796,0.00676428631497064,0.103874383069766,0.0716205473860621,0.00980832783607725,0.505949434826172
"GOMF_SPECTRIN_BINDING",0.310571650754889,0.170404452212977,0.164223253258189,0.00641922486595337,0.1872361574871,0.247651244922432,-0.435294793097926,-0.33036317144782,-0.114840787679397,-0.0102491982253895,0.335270121566239,0.385740482551399,0.0176050481759987,0.574264117956109,0.48372509623543,0.0305164307052984,0.881765135270843
"GOMF_MITOCHONDRION_TARGETING_SEQUENCE_BINDING",0.195054377765133,0.0525406152781927,0.138503151420628,-0.38101066017741,0.137795420899502,0.576516330619083,-0.532203826220144,-0.586289488065075,-0.827859516709758,0.0462029176322618,0.287119648189848,0.507937830992604,0.00563578797968878,0.621348430300289,0.955352668351598,0.00656826226273794,0.374780243271542
"GOMF_POTASSIUM_ION_BINDING",0.188218936591334,0.418040088821584,0.634482382037485,-0.0595618436176607,0.228049003607634,-0.104011448767241,-0.625439132828961,-0.657551742874491,-0.522380718099755,0.488826651071331,0.466857305986473,0.210732697164622,0.0101641688558066,0.0566395000048813,0.0799172718386408,0.00276695624202488,0.882961105800237
"GOMF_TAT_PROTEIN_BINDING",0.212617661383611,0.164220347615558,0.287862549103799,0.200716988883962,-0.323456899514566,0.303568523714527,-0.34568750067064,-0.607482477314908,-0.659805553345463,0.627151972637937,0.216165276300903,0.00427097741398058,0.00903575789808766,0.45167082715824,0.495032740578684,0.0279364377153348,0.772639570502398
"GOMF_PHOSPHATIDYLCHOLINE_BINDING",0.231005868543837,0.0445594482085303,0.230842514748768,0.189720225676827,0.0685201471795347,0.422188433017964,-0.321756891329212,-0.439233657610354,-0.406480924700571,0.24699183203608,0.171353817449871,0.208067330480257,0.00362820217991502,0.879654359775885,0.661755267330994,0.000385397009237008,0.594432741421194
"GOMF_COBALAMIN_BINDING",0.197102693962386,0.138768875839933,-0.0547602532035154,0.0272590750672304,0.549799807869693,0.189758184065295,-0.419800762127739,-0.419180634692324,-0.128871328725305,0.483163786574125,0.57504046211889,0.186032508480314,0.0302377534385377,0.46108191850424,0.418095447544195,0.0091486009883717,0.0944637675298418
"GOMF_MITOGEN_ACTIVATED_PROTEIN_KINASE_KINASE_KINASE_BINDING",0.0313290644634616,0.24944111423016,0.201638171503475,0.152278220434437,0.061469795198996,0.389025520850802,-0.334099711010825,-0.40122808910036,-0.459610220883604,0.437847909029859,0.322942291324192,0.17362529642031,0.00453837202788817,0.425820912440078,0.753074669517586,0.00427126481468771,0.212020251295624
"GOMF_MYOSIN_V_BINDING",0.0279624638588896,0.0970537867432154,0.271880468243382,0.397937203608271,-0.2682545384566,0.270694335357972,-0.402940868455322,-0.418615097634118,-0.341924386859495,-0.0327270279979206,-0.131324839973191,0.0774355672759985,0.0124978742446679,0.515021193376162,0.996126628197249,0.0168516282798445,0.165219102728052
"GOMF_PEPTIDYL_PROLINE_4_DIOXYGENASE_ACTIVITY",0.254907626165151,0.342689063460662,0.139170645688345,-0.526566629768103,-0.452862587133356,0.36622245138686,-0.511139142063045,-0.47505138365753,-0.0901208966267815,0.456271007972728,0.209239500269355,0.0300328414499532,0.0310204515659034,0.26471071931972,0.253838780766567,0.0322946277303782,0.926653481714594
"GOMF_CCR3_CHEMOKINE_RECEPTOR_BINDING",0.355597352240764,0.44930875576041,0.0224270353305778,-0.601382488479163,0.436897477019228,0.299155145929441,-0.0399769585252545,-0.527880184331776,-0.523809523809351,0.707795698924713,0.7328725038403,0.668817204301087,0.0391660238659444,0.180167958642067,0.563232986180314,0.0211070773489655,0.0779975516054273
"GOMF_CLATHRIN_HEAVY_CHAIN_BINDING",0.437907806817888,0.234970309720653,0.434096275653511,-0.16186776886657,0.0617785531433234,0.0554963212216012,-0.529951252263404,-0.691656556102709,-0.576685683180746,0.621697259163779,0.618893370930077,0.517676070765064,0.000513812259714191,0.0062055018760137,0.0184634189357623,7.69945986115772e-05,0.063872725442834
"GOMF_DNA_INSERTION_OR_DELETION_BINDING",0.447995083730237,-0.0478390527373372,0.323617760773086,0.00560963148653576,-0.0308332070532405,0.441634194775888,-0.571492996340834,-0.693066082871681,-0.719465355661826,0.464391432819457,0.393621390547608,0.655145929700801,0.018962949806239,0.121965036219923,0.655134591829889,0.00070171411088062,0.21496855002961
"GOMF_PHOSPHATIDYLINOSITOL_3_PHOSPHATE_BINDING",0.298175416123393,0.321450819072725,0.346011502432779,0.0591462987001603,-0.134575726509649,0.0174379636762112,-0.339522363337369,-0.409055188710487,-0.445637767068448,0.388395110686892,0.413868120342051,0.337825614025919,0.000391258685417525,0.0124755896448141,0.0235888748714692,7.18974143331805e-05,0.104766211948901
"GOMF_INHIBITORY_MHC_CLASS_I_RECEPTOR_ACTIVITY",-0.368804485984039,-0.376531892164893,-0.298474683952103,0.631111961684251,0.659613326906208,0.168077102262879,0.20353014232787,-0.0134434415210156,0.420991708303395,-0.439044222807931,-0.65627462403115,-0.607660549984597,0.0434120833124483,0.012305638555655,0.0320031936977352,0.0119068317310512,0.06474450112519
"GOMF_HISTONE_H3K9_DEMETHYLASE_ACTIVITY",0.376860846732484,0.118713742364272,0.155797042825438,0.572354839949823,0.432948103159547,0.51723805625062,-0.638721796898236,-0.629228889815474,-0.526521380757402,0.483715065824282,0.235704026674183,0.513256519700073,0.00369908579021643,0.39658210395204,0.0497417833122662,0.00303975897835392,0.180282266966532
"GOMF_DEOXYRIBONUCLEOTIDE_BINDING",0.608341654504999,0.27510001897663,0.197627014154773,-0.341302389453827,-0.202930111260431,0.571624124544723,-0.382895335539548,-0.384518985559962,-0.61426122275676,0.409870049662244,0.56423297295111,0.488642117588136,0.008804518390566,0.232196651929089,0.347028186065649,0.00129694933483788,0.424025419463929
"GOMF_STEROL_BINDING",0.228601431048121,0.124219191568868,0.097075243964272,-0.122104307546091,-0.130385566708131,0.0562217877324159,-0.32981411380216,-0.267357212712302,-0.315251651267405,0.151895254463868,0.210344519373666,0.163339163578678,0.00248479899915466,0.0488971424860982,0.0500302225991341,5.19784436217189e-05,0.608900900704886
"GOMF_AMIDE_BINDING",0.082189250881745,0.0395747217929063,0.0725128302467727,0.133971938379084,0.149223159910042,0.178556971757125,-0.313191640881768,-0.295796192912772,-0.266426149191234,0.272732327320737,0.120113605216622,0.100050176554916,4.63944332281544e-05,0.868615746773704,0.00832562563668342,0.0103980255404216,0.20483057429309
"GOMF_DEHYDROASCORBIC_ACID_TRANSMEMBRANE_TRANSPORTER_ACTIVITY",-0.0214038183016495,0.032647149504648,0.0407955939760431,-0.071218785596465,0.00019589036348,-0.00882149521881284,-0.420082284718018,-0.511336295659114,-0.234661906539055,-0.118366318884618,0.179944972808061,-0.0149043583659463,0.032074313403544,0.681607229521706,0.214899200688696,0.0279105365278867,0.985742858896322
"GOMF_APOLIPOPROTEIN_BINDING",0.294429598474605,0.434495677846903,0.325210495962515,-0.141070472602246,-0.0412472011953594,-0.111962993928844,-0.349925186969872,-0.0787220279682309,-0.147036085392782,0.0859841997555136,0.437330440266943,0.294214082060027,0.00953021069106643,0.0583862566109855,0.00158931368076056,0.0255879994237161,0.532603917617302
"GOMF_APOLIPOPROTEIN_A_I_BINDING",0.33422614199397,0.689285585258772,0.636826496024015,-0.697338046191763,-0.439240970046017,-0.4380617868333,-0.216386273844185,-0.234290017394967,-0.398903596038517,0.654245338046655,0.216742111289456,0.439628641035971,0.00662743901467684,0.00491042557847883,0.00194261434260931,0.0163957809204685,0.526368465959167
"GOMF_PROTEIN_KINASE_A_CATALYTIC_SUBUNIT_BINDING",0.20558629067143,0.322520358428138,-0.139523972498503,0.363227581484624,0.0777446971029523,0.25415535680968,-0.571837040222455,-0.615986155610297,-0.570975717269035,0.2458154984742,0.431144575527843,0.553304745341383,0.0342744762983426,0.218176851398853,0.568882406712394,0.0067406338327562,0.176367070155721
"GOMF_DYNACTIN_BINDING",0.476703470499431,0.363397066999108,0.0100364012582499,-0.215335264652978,0.0494796449310197,0.195637733534821,-0.602305514333515,-0.444452793222816,-0.535505353451539,0.483097461106155,0.621906674647423,0.663077164793872,0.020439303339581,0.0254902441406608,0.21503810962521,0.00011674596163654,0.149734733801898
"GOMF_CHONDROITIN_SULFOTRANSFERASE_ACTIVITY",0.114901347756547,0.266364042976784,-0.0838072421139655,0.183715188213773,-0.038408357658571,0.153971245524156,-0.529358728418789,-0.436246762011554,-0.327006345423777,0.723493333318997,0.396113667826344,0.127477339069036,0.0175421089176659,0.200176501711503,0.996329476716314,0.0287794131037769,0.204947619685018
"GOMF_PHOSPHATIDYLINOSITOL_PHOSPHATE_4_PHOSPHATASE_ACTIVITY",0.457706385163344,0.319432111235297,-0.142363164467056,-0.0349185617702555,0.00532037106425315,0.277725860972029,-0.517772987494265,-0.34162235769506,-0.58259881805399,0.427152527645972,0.323403208694434,0.526607867968345,0.047444710170851,0.0518048850568383,0.575372966827683,0.000750199743439316,0.360633163449723
"GOMF_TYPE_I_TRANSFORMING_GROWTH_FACTOR_BETA_RECEPTOR_BINDING",0.143674849218258,0.277748250242581,-0.0144062689611436,0.153029600272885,-0.0578815201882874,0.149204571650748,-0.513291048756237,-0.424354997939238,-0.592150119848649,0.526014609753376,0.284594532549892,0.176568747768355,0.00575891332512238,0.127682418765005,0.647239204596237,0.00624704007784521,0.223490161227453
"GOMF_PHOSPHATIDYLINOSITOL_3_KINASE_ACTIVITY",0.453351925482464,0.334251042117658,0.138906281827948,0.358057469205053,0.33547918510667,0.403773438970946,-0.594517121339528,-0.589112953890747,-0.617589085904956,0.409440704624776,0.488504584607801,0.649132053553798,0.00951292503305141,0.159556530125735,0.600934865079399,0.0035422806411063,0.15286436193297
"GOMF_1_PHOSPHATIDYLINOSITOL_4_PHOSPHATE_3_KINASE_ACTIVITY",0.612338672146501,0.54299586517165,0.501726944502182,0.408251679234193,0.332379919302515,0.444964255916014,-0.693962206176523,-0.738439084345264,-0.706214472269623,0.553583311601817,0.551259088245245,0.640204028754061,0.000117276921728785,0.0139508835551753,0.0273849783588356,6.10296073044564e-05,0.538060027882106
"GOMF_SIRNA_BINDING",0.347652196007797,0.0019800956740732,-0.0571195410811785,-0.0912971837944951,0.00935735983323788,0.381561612232264,-0.491509776475095,-0.482529655380227,-0.636907591700841,0.426595495745691,0.592350934461278,0.553020783109698,0.0249816027027981,0.0853559583255262,0.990721894111064,0.00011510233450136,0.062186945148686
"GOMF_UDP_GLUCOSYLTRANSFERASE_ACTIVITY",0.340507708842508,0.102983572593961,-0.123526898278129,-0.0985395580690532,-0.425567945853369,0.421837642406193,-0.433247151677063,-0.474502134952296,-0.585436768266466,0.0337325882085819,0.423098619787446,0.621472329882819,0.034842346268679,0.268897698856497,0.649756764123034,0.0313910276802464,0.315382092221405
"GOMF_UDP_XYLOSYLTRANSFERASE_ACTIVITY",0.400844003131642,0.373490024242355,0.180564363752537,0.340682137787166,-0.239523531527381,0.323364483729854,-0.495865196466932,-0.580670871758705,-0.20159303771236,0.255442064845901,0.278590678359776,0.370756389317779,0.00903098196478516,0.490810616803307,0.458395691061438,0.0171360525044224,0.843817855632796
"GOMF_G_PROTEIN_COUPLED_GLUTAMATE_RECEPTOR_BINDING",0.365700788136216,0.408389885701709,0.219834431355586,-0.272525324621379,0.419530500414781,-0.137631693610867,-0.302563020602104,-0.490349018841772,-0.531280509365521,0.62423814179304,0.573467247862394,0.412316287216104,0.00124850560180216,0.118062123637743,0.257999977544792,0.000528288065459144,0.0753939474376357
"GOMF_5_3_DNA_EXONUCLEASE_ACTIVITY",0.329952895251028,0.088074182013033,0.414589135373649,-0.312753364485113,-0.253523368288742,0.533330904920985,-0.605152602399014,-0.239098139339459,-0.607070706667562,0.591450771838743,0.198077970619895,0.492859654712823,0.00932188037644206,0.245319502110553,0.405517879799765,0.00587674978492962,0.385565179318369
"GOMF_TOLL_LIKE_RECEPTOR_BINDING",0.400511039604172,0.255748214681024,0.0302588623212788,0.407395824693084,0.374464996782466,0.333556921615067,-0.40078743824613,-0.575823983430387,-0.639590831074906,0.349722500433168,0.303612621640169,0.309500660775217,0.00623131465635997,0.129686479458233,0.314624259046341,0.00528184052874709,0.483320285296383
"GOMF_ATP_GATED_ION_CHANNEL_ACTIVITY",-0.606173204257696,-0.5672516524601,-0.587778232688979,0.189270013088561,-0.175941771154575,0.12929002539855,0.452699854145365,0.487005390971101,0.140540016878014,-0.179610941801021,-0.542590512926371,-0.593195318976429,0.0125922601149396,0.0490300520297363,0.0292834572846061,0.0100813843107529,0.37204775425685
"GOMF_OXIDATIVE_RNA_DEMETHYLASE_ACTIVITY",-0.00956331374591654,-0.15032527329537,-0.166367685243214,0.538619538130409,0.524946361830628,0.573908070370369,-0.775895840534261,-0.76471943772282,-0.76310634865733,0.547367349846126,0.182586319468307,0.120842882719606,0.00541865108938133,0.186251838164925,0.00332807605548674,0.0155755783310054,0.0841067259322549
"GOMF_GANGLIOSIDE_BINDING",0.340901304326839,0.624625697365852,0.363550373164772,0.356527022840151,0.0495832853247118,0.11127796664469,-0.254276007334657,-0.399465814948437,-0.0991061177144263,0.111728638844479,0.231527106524863,0.0505497940137336,0.00529660683189281,0.726485436693332,0.107217857901328,0.0276633970177111,0.0545953797063417
"GOMF_AP_2_ADAPTOR_COMPLEX_BINDING",0.383878915730345,0.427108086844067,0.184289280063037,0.10933581186856,0.289520230894078,0.434380621909417,-0.440079293694482,-0.698121080860682,-0.508863429716529,0.555716754436954,0.572727348957207,0.446967038661301,0.0012115230520587,0.103770327489897,0.677389341768949,0.00117416775003118,0.105277222508544
"GOMF_TOLL_LIKE_RECEPTOR_4_BINDING",0.788531704881557,0.698851634212959,0.541724862949752,-0.0132232542542476,-0.0682572838907582,-0.695428342564829,-0.207499265123136,-0.602441674310024,-0.51100491601951,0.242418281552129,0.570065339334931,0.603129674685381,0.0028891124031448,0.0590402428704423,0.0397234183074486,0.00534631810949711,0.219749605311451
"GOMF_ATP_DEPENDENT_DNA_DNA_ANNEALING_ACTIVITY",0.306235647508297,0.395641528501628,0.343862859297624,-0.35618823639946,-0.00952508033109645,0.545064179853386,-0.750162287392242,-0.597330529520344,-0.364276989713209,0.475629408160519,0.238953692986907,0.132389731343392,0.0113410421043449,0.495126304702168,0.38592051328768,0.00501617976509977,0.584906023972999
"GOMF_PATTERN_RECOGNITION_RECEPTOR_ACTIVITY",0.416056819665805,0.406619770809096,0.395471215981426,0.12328056049282,-0.0370680868858754,-0.0733214894773934,-0.473699192743616,-0.312683645907107,-0.424091330480225,0.282223752537941,0.293426269339454,0.377352100167707,0.00305170409874217,0.0197899053463158,0.0210143160636397,0.000560164090068321,0.0933553067013203
"GOMF_SH2_DOMAIN_BINDING",-0.0486611340407425,0.185672067771778,0.109053262952715,0.0578096329103075,0.258811506394024,0.222230703647517,-0.444347495447662,-0.43627358206467,-0.419667664774422,0.230548870173774,0.0727458141215555,0.126707377678355,0.0165890768888392,0.664797771605644,0.352135012592731,0.00545037120220892,0.50695412885305
"GOMF_PEPTIDE_BINDING",0.0604073032948775,0.0183879955997754,0.0548604844447539,0.103149004842605,0.152235475460307,0.14518498529619,-0.249999407605735,-0.232652130379593,-0.209506307702131,0.237696874139482,0.108154449594614,0.0660881231649262,0.000107756755081644,0.949448856009619,0.0122627915140035,0.0154059933986457,0.209288775584781
"GOMF_ATPASE_COUPLED_TRANSMEMBRANE_TRANSPORTER_ACTIVITY",0.127577480214555,0.201552121081604,0.274016774486422,-0.185197081042542,-0.094783884688855,-0.0719881467795798,-0.233525118301598,-0.221711858933102,-0.235890050486779,0.291277704980208,0.286646526552213,0.170279373235437,0.00890122631320434,0.00237040647086083,0.00485869787156532,0.0062314097567486,0.450922464897941
"GOMF_FUCOSE_BINDING",-0.756785886386123,-0.453654839295413,-0.514112005349364,-0.174548578272296,-0.091964150968576,0.198288837956494,0.598056554370341,0.478547484064005,0.638757849541975,-0.254400235873801,-0.662477184722888,-0.444362986719774,0.00160290183530383,0.0577659442574174,0.0208660535827293,0.006213957932181,0.466901737067579
"GOMF_WNT_RECEPTOR_ACTIVITY",0.304393568942341,0.331439706364564,-0.0111949258950522,0.0542610239866076,0.353392327958561,0.388241841144908,-0.428482124102427,-0.562386323706047,-0.260365178582932,0.199133990809676,0.126955559526466,0.110706127446601,0.0125705342041794,0.376707434703925,0.72759545185646,0.0163631918057809,0.630630039251977
"GOMF_PEPTIDOGLYCAN_BINDING",0.178378219622034,0.53325293519332,0.439811710608779,-0.290408968867218,0.245687247224171,0.266452924162726,-0.383459053110818,-0.122741543665338,-0.401912910861116,0.255133106942686,0.257727247010653,0.225733181311327,0.00842608602249225,0.444358545885236,0.232173682831079,0.024686973931128,0.324124269148127
"GOMF_XENOBIOTIC_TRANSMEMBRANE_TRANSPORTER_ACTIVITY",0.301657527346258,0.439838874807102,0.402672168231998,-0.0127904250951766,-0.0280505086286733,-0.340002664284898,-0.199578636699062,-0.463092775819339,-0.317674546719429,0.390871117836126,0.325541426908412,0.297180403993837,0.00347413899608535,0.0413893864648866,0.0287080244477868,0.0070220826975331,0.437448232134721
"GOMF_NUCLEAR_RETINOIC_ACID_RECEPTOR_BINDING",-0.115014777039605,0.294577217692432,0.0512921730548554,0.258740801592457,0.262797851130059,0.390031468382602,-0.461216347566542,-0.583887749230272,-0.53325841466222,0.544514671212167,0.420350557879063,0.159893683220883,0.0284916431416493,0.605310465300417,0.188125494513737,0.0100174972022261,0.144084875537317
"GOMF_CYSTEINE_TYPE_ENDOPEPTIDASE_REGULATOR_ACTIVITY_INVOLVED_IN_APOPTOTIC_PROCESS",0.0243794137883716,0.100515379886139,0.15194961209761,-0.200516075525034,-0.0136401570984605,-0.00188438636625524,-0.282667731082214,-0.261079190196059,-0.241918896078257,0.448030117172586,0.186190469065747,0.441985132390375,0.0064569900399817,0.0187735587213036,0.108339969081577,0.0173254787005875,0.0739798458260433
"GOMF_NEUROTROPHIN_BINDING",0.25048307824383,0.425729098230065,0.270410178039825,-0.01835754161493,0.537111378590246,-0.0851332581563306,-0.363381987959443,-0.425133956548381,-0.0329523692583227,0.166786400799841,0.500012070626568,0.149215721982699,0.0251026538033236,0.612634028531251,0.481216317203794,0.03094852555391,0.754860867304267
"GOMF_GLYCOSPHINGOLIPID_BINDING",0.192025787909786,0.364424871243878,0.167511896218278,0.366312215364846,0.192587144941726,0.33817988910057,-0.379033600845715,-0.492090683949261,-0.14887850218937,0.161988859633671,0.211688294041705,-0.0360559782815876,0.0127418864210568,0.122592863447848,0.521500032326859,0.0261716398932452,0.260819714803612
"GOMF_LAMININ_BINDING",0.143808581734252,0.393764271055343,0.276334654343258,0.247223948888777,0.0642896450886803,-0.0841956134413295,-0.372651320883639,-0.377068826290447,-0.0948891597554505,0.213440781794488,0.147751746011071,0.173405167739118,0.0109012779750565,0.397618053218353,0.183930968962829,0.034348036263222,0.325371028496207
"GOMF_PHOSPHATIDYLINOSITOL_3_4_BISPHOSPHATE_BINDING",0.248299416949043,0.281599894545746,0.0545776328730849,0.392288157756264,0.114387766287812,0.168503052938151,-0.560829173752686,-0.424832156132508,-0.530006568133345,0.350415637248578,0.551943729353577,0.26752845516142,0.00257195715243078,0.240911539989402,0.798634112179204,0.00281638422654639,0.153463655122994
"GOMF_ADP_BINDING",0.378148735491467,0.254974173626403,0.273000522502072,0.00322067921078423,0.113521279763933,0.256593574823504,-0.497907640553776,-0.518732134950852,-0.551264331864008,0.419685118268886,0.422578017889213,0.343846535710062,0.000600102540692925,0.0532709527605458,0.120672895165928,3.83536349652943e-05,0.123847712868706
"GOMF_PROTEIN_SERINE_THREONINE_KINASE_ACTIVATOR_ACTIVITY",0.200097641036559,-0.076331811051205,-0.0793178098763917,0.125708910125675,0.0982805996151811,0.253695536729857,-0.423781866223983,-0.448657514221234,-0.426749947464967,0.199239545026751,0.379274290881362,0.448434442161953,0.0393719412672517,0.118833165311524,0.260224007347252,0.00848425143323263,0.0536307267892524
"GOMF_PHOSPHATIDYLINOSITOL_3_KINASE_BINDING",-0.00650067648384348,0.237749661221,0.235089026858405,-0.0714036945053421,0.162440514799632,0.304411354098109,-0.313674332808945,-0.437114557547643,-0.307029023214179,0.171638147935687,0.41540937783725,0.0981324860906934,0.0113127758625596,0.543998749589488,0.871413267062312,0.0145095921123204,0.593084093595138
"GOMF_INSULIN_BINDING",0.173223087059196,0.12007492984254,0.225045348585712,-0.438821908512194,0.0048122994403299,0.395733152529411,-0.412596399690706,-0.2807561689373,-0.437417027264044,0.23766178899261,0.400506584188753,0.0431488469198819,0.00149820541907248,0.434332114936925,0.522746997460924,0.0150485245456699,0.657353340630804
"GOMF_PHOSPHATIDYLINOSITOL_3_5_BISPHOSPHATE_5_PHOSPHATASE_ACTIVITY",0.387764299387694,0.212075941409652,-0.0905282758833477,-0.103122479548322,0.0214292529006025,0.340592234128336,-0.639148247408091,-0.457834731912611,-0.522169939292767,0.635346863004249,0.479044502508226,0.522413693163463,0.025009178515173,0.0605938356036827,0.686656281714494,0.000116758039926661,0.102924836324223
"GOMF_GLYCERALDEHYDE_3_PHOSPHATE_DEHYDROGENASE_NADPLUS_NON_PHOSPHORYLATING_ACTIVITY",0.206689628210648,0.107741910084325,-0.0054612474473143,-0.255766641972261,-0.00726828046771841,-0.110069888307521,-0.550208490562691,-0.575941488399672,-0.657353194900133,0.637437584558204,0.269188660255348,0.463962543559888,0.00199640460833494,0.0142517917348825,0.0757928483924799,0.00622025076609314,0.0587495602575218
"GOMF_TRANSLATION_REGULATOR_ACTIVITY",0.025184517457945,-0.0101724640843724,-0.00167010267899,0.0502877585624897,0.044157171768977,0.245081781407093,-0.286767180325379,-0.302593405487512,-0.256882244424112,0.134810402104116,0.0442313115149083,0.232247731719101,0.000105035451037995,0.793869686301244,0.23915765989175,0.0124769306124357,0.129672090919347
"GOMF_TRAIL_BINDING",0.292260161680999,0.536509991101058,0.0765547236572519,0.0276836347348061,-0.0217914169875181,0.598448548118131,-0.668164535084311,-0.757829005436418,-0.695663862963864,0.636591165880502,0.506112869284501,0.61352827230878,0.0141416342748393,0.189501232947153,0.699529120755888,3.83811184813447e-05,0.157786321606805
"GOMF_GLUCOSYLTRANSFERASE_ACTIVITY",0.280332909694913,0.111075126313706,0.0126724575097183,-0.28669247782048,-0.240971077502317,0.254615283194398,-0.357563450171444,-0.52238697964994,-0.613862429856447,0.277060538835644,0.469004413831215,0.570241572670712,0.00430773174813074,0.0733887937172402,0.326608445202433,0.0012965020408949,0.0595249799156613
"GOMF_SPHINGOLIPID_BINDING",0.166717935026183,0.306939242806185,0.0811539095585872,0.28002542448257,0.131115520107708,0.346442346624713,-0.41467672435275,-0.479896208473104,-0.371125548404729,0.373557579370066,0.247651241755456,-0.0493793954075185,0.00426477931078079,0.689795967821322,0.501415177169734,0.0329729234905759,0.970542153833526
"GOMF_TRANSITION_METAL_ION_TRANSMEMBRANE_TRANSPORTER_ACTIVITY",0.327064291259102,0.215932284218078,0.0483332164670841,-0.253483613166276,-0.305365304094721,0.122234735818568,-0.152230587792838,-0.317682487430914,-0.176465934739371,0.331540303672764,0.323699830944463,0.262764388612204,0.018013269747138,0.0751051907361556,0.109724385834064,0.00403024718160879,0.309673519473016
"GOMF_MONOSACCHARIDE_BINDING",0.164789091104339,0.240837089511858,0.242995001946623,-0.160951167018931,-0.0454962920236357,0.168955346876851,-0.342264704579373,-0.385954446728663,-0.348337071887516,0.37716227616426,0.172388465433905,0.042553565668272,0.000257978276347224,0.20089330110531,0.133741171710424,0.027359014019513,0.867010136779918
"GOMF_NERVE_GROWTH_FACTOR_BINDING",0.282112233268685,0.389852328167369,0.0205280000772098,0.154200426267256,0.718131889234539,-0.164161147316557,-0.575181472519526,-0.591604797118971,-0.303153888027972,0.235014120188525,0.542923086982264,0.0768296940091066,0.00797902231672058,0.877606931270336,0.986415046006114,0.0127260227603124,0.773820160314649
"GOMF_M7G_5_PPPN_DIPHOSPHATASE_ACTIVITY",0.0198916979024161,0.124253280525056,0.254868851666411,-0.257562475246261,0.106439290122334,0.380231387664966,-0.408866556483893,-0.485379720701836,-0.491098654793926,0.344248851439993,0.276392367669766,0.326483958027889,0.00645373154541392,0.324098300688451,0.795456966382112,3.42602251776506e-05,0.104857478631124
"GOMF_FLAVIN_ADENINE_DINUCLEOTIDE_BINDING",0.0306114075610532,0.256162685929475,0.142881094652397,-0.0597029040372717,0.182747342016216,0.195434213371514,-0.426258831776523,-0.415692244742297,-0.459855994011364,0.409184822129186,0.395682883891663,0.314134872203441,0.0101138479106239,0.0711301373498011,0.744062908731265,0.000243861212445251,0.0539311698809598
"GOMF_LBD_DOMAIN_BINDING",0.380862765988159,0.219577828430351,0.458116427061606,0.244994209426512,0.165496024218484,0.412586979571821,-0.399369482360056,-0.564618819972218,-0.610325130813434,0.282732299055511,0.15183311343285,0.430464283434914,0.000797206635971112,0.903762155457333,0.481322062614035,0.00169497039291208,0.57911905692616
"GOMF_LOW_DENSITY_LIPOPROTEIN_PARTICLE_RECEPTOR_BINDING",0.360640722928349,0.395224228757094,0.118859476319285,-0.187654945773017,-0.0895740186731248,0.257114708136904,-0.445588164052243,-0.498364617877821,-0.455275030985813,0.533153766828429,0.443742506032073,0.320841628685653,0.0108343448824644,0.0648245390909732,0.14874844419501,0.00289254596022154,0.263308245053424
"GOMF_QUATERNARY_AMMONIUM_GROUP_BINDING",0.172130817129647,0.208667869139401,0.00705234147051861,0.109773456031036,0.154331232484429,0.248879040453907,-0.271345591575563,-0.36584269607812,-0.380370514919831,0.289009863190745,0.0483455213027791,-0.059119868065379,0.00626794118014769,0.537610658230882,0.609039276827535,0.0412299770410934,0.779335157301096
"GOMF_MICROTUBULE_PLUS_END_BINDING",0.476330639958164,0.447473748476245,0.252782265662043,-0.0572037867000547,0.247681995888611,0.428412276392821,-0.601636143938657,-0.708497383555214,-0.660373678361641,0.334937777329869,0.425908439490951,0.361065589495943,0.00131589813480638,0.358072230725441,0.326511502051051,1.73411249996956e-05,0.826527313386977
"GOMF_ACTIN_FILAMENT_BINDING",0.0260462513536059,0.150178304417379,0.0523266734828852,0.00603263438216403,0.0686610312499827,0.0166895033900805,-0.28404106798673,-0.254440546084567,-0.29454465947523,0.306562897515943,0.21515131414037,0.135451184039614,0.00676007047326453,0.0477206567387063,0.36060867341663,0.00707684685082855,0.087826418936083
"GOMF_PROTEIN_KINASE_A_BINDING",0.25911790667085,0.140143666152663,-0.136140437412687,0.104049846034432,0.0663677351210511,0.328094099020222,-0.39591517734858,-0.475363651676465,-0.44661004161845,0.289117361857114,0.312864012296802,0.512133253634,0.0414468357719339,0.131817543925058,0.615087699713857,0.00405593915002296,0.121749723444078
"GOMF_METAL_CATION_PROTON_ANTIPORTER_ACTIVITY",0.133821923776092,0.195107308971336,0.0700606403393026,0.137634312375616,0.22942030223995,0.319513317042385,-0.113750503255408,-0.219781794983659,-0.430710294232358,0.23550087705124,0.171320198060639,0.257921726635224,0.0393242535553822,0.90919412027155,0.21574140183601,0.0288502729649826,0.124259043326119
"GOMF_DIOXYGENASE_ACTIVITY",0.0542066450948658,0.0908509501264171,0.137270433563013,0.0312168650140623,0.16558800978168,0.20197901200957,-0.42173864264024,-0.417387672134262,-0.346444471295951,0.460398685898085,0.254283786273459,0.190571666524708,0.000139706559585127,0.167979128291166,0.549011464178013,0.00876450363070885,0.115763965298983
"GOMF_NAD_BINDING",0.062251645828606,0.337994069439134,0.0725381488057424,-0.363605248840951,0.0223739225246539,0.199984856390917,-0.425118861318511,-0.36859063976411,-0.373698880308301,0.473013735373845,0.369358566708763,0.271135187386308,0.0226255373949631,0.116217727872407,0.35674073616859,0.00318917394657119,0.129598648564675
"GOMF_HORMONE_RECEPTOR_BINDING",-0.330452431304261,-0.253552064897898,-0.308140469449451,0.0412404035783134,-0.164003923437118,0.0308774090377806,0.46120022080868,0.143678647701631,0.411948487331768,-0.130518357356788,-0.198041938366211,-0.298782376019752,0.0189094896546491,0.103433268239507,0.0453544181061013,0.0165295962623234,0.205698329911819
"GOMF_PEPTIDE_HORMONE_RECEPTOR_BINDING",-0.216768246724048,-0.275653166095622,-0.289715952624789,-0.0318152198727478,-0.0553904631312093,0.132148579746337,0.460896312648691,0.100176842949369,0.41512685152294,-0.175997456123446,-0.453320479702911,-0.348802613413073,0.0314259813547765,0.0311334706842479,0.0304285078518445,0.0120346848725436,0.508163385047157
"GOMF_CORTICOTROPIN_RELEASING_HORMONE_RECEPTOR_BINDING",-0.506035773287034,-0.220552397589923,-0.730390599355493,0.305824765391737,0.121608507159074,0.119531383986303,0.456484588597882,0.487871443459396,0.69691229470504,-0.0934630724845676,-0.627544358245695,-0.652570740428431,0.00850113942027347,0.0600459588159366,0.0310724691548334,0.0193933561149792,0.911600961097174
"GOMF_2_IRON_2_SULFUR_CLUSTER_BINDING",0.19486409394387,-0.0965616038549507,0.0494457717850987,-0.0923771525068681,-0.325040429246503,-0.0274099557700503,-0.192870980367838,-0.212981038458657,-0.428224826348323,0.444401825326367,0.192593811923046,0.0279446528195651,0.044840996142632,0.0757067064035451,0.185206803123912,0.0331068659535623,0.314500642854257
"GOMF_METAL_CLUSTER_BINDING",0.00776238498747386,0.0564979636419898,-0.0473262957034365,-0.221039294982915,-0.207997483796773,0.0438567991789151,-0.330036982186255,-0.271696743132573,-0.462768810471933,0.478376419991198,0.322164776755826,0.141316301489755,0.0106516625867881,0.0278782730913722,0.256305155251326,0.00785764775832257,0.0760284859149789
"GOMF_PROTEIN_PHOSPHATASE_2A_BINDING",0.131280508756318,0.217177001614132,0.0174400145969358,0.364891291603996,0.389118923127954,0.341360264182935,-0.577805827627999,-0.420555008647262,-0.559009737612174,0.435393689930328,0.155789164524785,0.479619604799785,0.00120764284776543,0.943260785461465,0.0456685449827919,0.00497975651513236,0.132450981722031
"GOMF_MISFOLDED_PROTEIN_BINDING",0.439883481432313,0.328480847261869,0.331079360568076,-0.0720243136303024,-0.0527078708844475,0.185291003288753,-0.487391111330297,-0.439966867482438,-0.546201529253253,0.433466415346147,0.472371397477664,0.365955433887476,7.10167170169932e-05,0.0276583740249976,0.0364253106367599,3.07917019386031e-05,0.299996405281367
"GOMF_GLYCOLIPID_BINDING",0.170482450508888,0.296589841375557,0.308414946503742,0.034570456520977,0.256553762002745,0.179646176915694,-0.329690312317654,-0.464438640208793,-0.311698481436812,0.211483619562846,0.131154565099421,0.327030079217565,0.000684214077016732,0.486444827123223,0.274779267148638,0.00151926816269056,0.651220073324691
"GOMF_DYNEIN_LIGHT_INTERMEDIATE_CHAIN_BINDING",-0.347170128817439,-0.0468491172792224,-0.372338702728723,0.0343943618314684,-0.231350652022886,-0.0696255045133962,0.306601866645174,0.255208414781617,0.278533072284009,-0.151391832025986,-0.0162919414627843,-0.191019860473149,0.0338494868064927,0.761532128999315,0.274848187026884,0.0121606181716866,0.331081752680263
"GOMF_PROTEIN_CARBOXYL_O_METHYLTRANSFERASE_ACTIVITY",0.570786603164776,-0.0469024309233761,-0.0290799924523708,-0.354389340262825,-0.607207375455914,0.351961389478641,-0.660947611635354,-0.721125071682326,-0.421667263546575,0.450111509998549,0.801044707328233,0.579654328860203,0.0462872811154711,0.091918399405892,0.360146330074273,0.000965372553385946,0.146395636949011
"GOMF_LYSOPHOSPHATIDIC_ACID_PHOSPHATASE_ACTIVITY",0.594637026163485,0.298871652395831,-0.108570906197017,0.581892986297331,0.0850419062451607,0.809389510268316,-0.618763781086489,-0.658767954528181,-0.648048765401867,0.605806417543471,0.467278592825846,0.560990945084674,0.0468818702351852,0.830297323562727,0.479046922629466,0.000523989864890752,0.297959928663233
"GOMF_PHOSPHATIDYLINOSITOL_KINASE_ACTIVITY",0.438741327143036,0.288431413906417,0.131423675269689,0.346186570342929,0.473558288064219,0.470476528196476,-0.633224708461524,-0.664208973945823,-0.732729080799234,0.490654250867564,0.493403042830512,0.580724163365214,0.00457788645131332,0.157209438935534,0.243413070620636,8.73157955656024e-06,0.105721172355817
"GOMF_C3HC4_TYPE_RING_FINGER_DOMAIN_BINDING",0.631523806647892,0.678405473770388,0.591189871106394,-0.156614487821588,0.197729669091305,0.510831620857605,-0.759002020906016,-0.500067794551588,-0.635104418476593,0.640406022192012,0.614930038900757,0.193862241969765,0.00153397759241975,0.287451386659968,0.142663340991199,0.0064258199218487,0.407845470178796
"GOMF_MOLECULAR_TRANSDUCER_ACTIVITY",0.0537682944530557,0.157978706568616,0.155207114995342,0.140420417341807,0.14704372172056,0.0036659775876392,-0.157247798871477,-0.144111626614649,-0.029772536191532,0.0505676885200827,0.0552384753705186,0.072052593018413,0.0125372742710356,0.504773617465187,0.687179823650112,0.0492479066141844,0.204068909828287
"GOMF_PEPTIDASE_REGULATOR_ACTIVITY",-0.0431597204256625,0.133361370338726,0.0999476086854749,0.014097415726549,0.152419046791566,0.155248836326303,-0.220626911638762,-0.18418564172555,-0.0689507995181048,0.258325125705729,0.119216131802986,0.166066295311081,0.0367749971528284,0.299725487716305,0.572955819009843,0.00541433190866109,0.162745113832421
"GOMF_L_ARGININE_TRANSMEMBRANE_TRANSPORTER_ACTIVITY",0.298026086378355,0.240173960226743,0.0890093833848583,0.0479921961593917,-0.202207611127615,-0.0747220584564426,-0.29700670543622,-0.44279935153626,-0.0408582046767199,0.282856927146959,0.250572608073901,0.298632365624274,0.0378056651725545,0.0351152399261346,0.0413771175050374,0.0428291486456086,0.388083601712883
"GOMF_ASPARTIC_TYPE_PEPTIDASE_ACTIVITY",0.153568714399316,0.364589518753424,0.381051593577517,-0.0760691488310225,0.151170639681052,0.0582869342472918,-0.355443845070886,-0.335112881254175,-0.329434938928952,0.404359967607673,0.23550301079396,0.0754865385426439,0.0121125618008778,0.177297343903072,0.0613425119418837,0.0252302766615792,0.637840271040994
"GOMF_METALLOAMINOPEPTIDASE_ACTIVITY",-0.0308160303259499,0.28418672001146,0.0698155622435794,-0.253496620998573,0.120211815002526,0.091359547232557,-0.334742651901086,-0.416109833687886,-0.434475432177304,0.268261508119297,0.293717389921466,0.256129433608499,0.0234465027849228,0.138415392548714,0.470241997239415,0.000729653970193197,0.216376993767441
"GOMF_FRUCTOSE_BINDING",-0.0489303683220719,0.356872568898023,0.575847709467632,-0.154546870719005,0.569290019723571,0.33837051398057,-0.473861006563325,-0.715251373045717,-0.711777972815905,0.401634829099188,0.506487590544706,-0.0819602872835638,0.0229561371091751,0.934989004024324,0.884561188243837,0.0234381683600392,0.944129596464188
"GOMF_DELTA_CATENIN_BINDING",0.453716560174008,0.41185295146185,0.56172882033495,-0.0611641508963571,-0.201532484948174,-0.0827997903895344,-0.330521456430954,-0.488774675679297,-0.485046575969592,0.400827845577705,0.259746927162422,0.1413992064083,0.000215044547165124,0.0187136370933287,0.000696603782552848,0.00241901437770639,0.0899896214671111
"GOMF_PHOSPHATIDYLINOSITOL_4_PHOSPHATE_BINDING",0.395808596586303,0.209076534267829,0.223363540346677,0.0662041825847307,-0.240045130306047,0.159236242630838,-0.408782072060095,-0.469916450469742,-0.382939372743985,0.129318709009931,0.259932966539398,0.223730933361245,0.00271066095482908,0.218995276586393,0.130406927404513,0.000413513288486758,0.381196084729921
"GOMF_VITAMIN_B6_BINDING",0.237900916772271,0.274395614486911,0.181475577845552,-0.134630257201214,-0.205589432627095,-0.0889071929868216,-0.0936990781606114,-0.209511096822927,-0.316585182296413,0.284354663948683,0.069656202489994,0.236077808882215,0.0112865827250624,0.0187611190355683,0.00123247895146146,0.011622154399211,0.661049543446761
"GOMF_PHOSPHATIDIC_ACID_BINDING",-0.0324383942492478,0.216873482801574,0.233362442324531,0.441651692428743,0.111990898297434,0.416390247144513,-0.527800681776712,-0.470603808765328,-0.367337625795331,0.228889612263747,0.180616896149109,-0.160090673629041,0.00820193781958625,0.213431824553152,0.251367357850965,0.0348167282655046,0.728623167467285
"GOMF_LIPOPROTEIN_PARTICLE_RECEPTOR_BINDING",0.364919223236905,0.314722947758798,0.226045447059307,-0.232170989624276,0.0873401471289944,0.178430998244586,-0.409233487353069,-0.482565540820957,-0.39513420531203,0.450046575654983,0.312754058424415,0.231502346941602,0.000274038696252488,0.106547834453889,0.134186725832866,0.00257252360279307,0.719278340202749
"GOMF_NADPH_BINDING",0.344448274041461,0.259593685903712,0.0197717191832351,-0.0495083056854171,-0.330892201757463,0.226571160045337,-0.482748462338716,-0.373154833218214,-0.428715221745327,0.40709563717439,0.466658475893004,0.473966573920694,0.0153160842890396,0.0872443879987299,0.254315884950521,6.09577174023301e-05,0.125282958233311
"GOMF_ADENYLYLTRANSFERASE_ACTIVITY",0.157210626322145,0.038451626028015,-0.0901384421256655,-0.0062719636647322,0.0736652243351223,0.258061527922774,-0.214368960038158,-0.230329638000036,-0.403313339400682,0.112797748695861,0.137875990582367,0.121702186182936,0.0285432653358897,0.860404105465825,0.527371276041232,0.0201476195203892,0.338842192265817
"GOMF_LEUCINE_BINDING",0.601446590972387,0.323640247639651,0.0881499804070466,0.292232312089851,0.36878450917369,0.090258580827031,-0.77781834261688,-0.548393484790082,-0.65903591319446,0.47502543106167,0.648670823417321,0.627572834402142,0.0108917612980001,0.0355606404877326,0.641487917981061,0.000164550669606814,0.233681424236475
"GOMF_PROTEIN_GLUTAMIC_ACID_LIGASE_ACTIVITY",0.355018715254636,0.338766684455944,0.577537487299862,0.342773003602323,-0.284182475062754,0.174303821778412,-0.296362355053207,-0.249700831742294,-0.131874698751994,0.335447700504681,0.350611985066953,0.09491411502878,0.00376512388211239,0.443436694260524,0.197631169672181,0.0123255665893154,0.222290622821776
"GOMF_GROWTH_FACTOR_RECEPTOR_BINDING",0.109244331680785,-0.0525717804321829,0.0341990835511127,0.048752865455322,0.242915876031688,0.182265426393167,-0.341028874699222,-0.226993318806356,-0.154525121905246,-0.0483551076591798,0.147025230053695,0.192365820474497,0.0201388805754875,0.552013095849185,0.162387935469968,0.0244802330203594,0.495012233413668
"GOMF_PRIMARY_MIRNA_BINDING",0.234032288280876,-0.1871658396135,-0.169523555092745,-0.0716971374196222,-0.42702622932968,0.510919895807718,-0.456872878113923,-0.501535131664573,-0.680584478714893,0.486713877881864,0.363002256834882,0.524392800198632,0.0476317699975671,0.236326237618411,0.892688080503261,0.000488269317251005,0.0552458317339855
"GOMF_LYSOPHOSPHATIDIC_ACID_RECEPTOR_ACTIVITY",-0.266720140603818,-0.653185622302271,-0.747954663499329,0.331989157920405,-0.207571946832214,0.704246824535775,0.114017431135307,0.493481645665327,0.323450423226355,-0.471015973610067,-0.433480686828714,-0.745173994047201,0.0110936071677143,0.0749320498291942,0.0676310444253253,0.00444881850966484,0.974536130424831
"GOMF_CONNEXIN_BINDING",0.706763063304308,0.700016546495177,0.478736704697179,0.0857976803133772,0.0578379383751005,-0.116154800915825,-0.774612842187556,-0.201105542116063,-0.69272770569682,0.166477736486198,-0.0903679238037572,0.416687043884456,0.0121691969471333,0.408986345034432,0.00352286397065074,0.0376435452831508,0.0670682050774275
"GOMF_LYSOPHOSPHOLIPID_ACYLTRANSFERASE_ACTIVITY",0.36460032756686,0.243415649077696,0.0248397711823416,-0.0827766893005856,0.0997909218014602,0.429713732544002,-0.468551982276745,-0.437650747449653,-0.401721338575548,0.519245039581821,0.423569665878179,0.101877991019211,0.0196775349338778,0.368292219658422,0.750075699974551,0.022821940872652,0.443520333988847
"GOMF_NEUROPEPTIDE_RECEPTOR_BINDING",-0.11560319492572,-0.0772153453898474,-0.258638553697744,0.467164630564869,0.182012638978756,0.142785899642311,0.500126582370907,0.360761792966118,0.553661903955713,-0.245253806511164,-0.348842710528509,-0.348605040729586,0.00146462130561282,0.0209276751850588,0.0361378783485867,0.00087374356037254,0.0776286749967837
"GOMF_14_3_3_PROTEIN_BINDING",0.0066351539264177,0.120863992039608,-0.0403508168405989,0.258397518330164,-0.046457523003053,0.264796949319129,-0.377670948074029,-0.409879799659421,-0.321822509195293,0.479412340202607,0.204011671520025,0.138210691505954,0.00485189189586385,0.476552668513826,0.339363888373624,0.0203582511542645,0.129324503554246
"GOMF_ARP2_3_COMPLEX_BINDING",0.232671912006404,-0.0297062469505208,0.0495168759483599,-0.0803056038423901,-0.0680699666438909,0.0840173771680891,-0.440155705810849,-0.361987060696539,-0.617604909644748,0.553889569552482,0.202527728004302,0.357080218625936,0.00679989613025718,0.0414959172914163,0.331721956473122,0.00347833408351736,0.0929698153018348
"GOMF_CORECEPTOR_ACTIVITY_INVOLVED_IN_WNT_SIGNALING_PATHWAY",0.225079031648898,0.340042450728853,0.190230451461168,-0.259568197720157,0.117515370538562,0.376779764133953,-0.62000546649927,-0.460532562404655,-0.237767200938405,0.640029103912051,0.226675317222825,0.363666920076433,0.0144241366766035,0.218581968081338,0.448895598117941,0.0068339209905227,0.323206196498602
"GOMF_FAD_BINDING",-0.00395991740048238,0.276968611008054,0.329806623594729,-0.0260945450509488,0.17855477490513,0.105749115258221,-0.424151595322048,-0.360877377220881,-0.488776077868263,0.475470622914944,0.429467721798882,0.486446089470916,0.0173322146572826,0.0178245248994144,0.403756703173148,0.000294502628335621,0.122732560254065
"GOMF_WD40_REPEAT_DOMAIN_BINDING",0.511752054689242,0.0804977340808771,0.14655694708558,-0.123932134049878,0.286211375239883,0.615408249481463,-0.709463092403269,-0.703702281281114,-0.7919579076733,0.420195229067174,0.272678393117638,0.686015559070732,0.0149499985329541,0.471637735741741,0.961953187601332,0.00747758600954616,0.303487161488744
"GOMF_MODIFIED_AMINO_ACID_BINDING",0.210534461732718,0.326403666347079,0.289120660016688,0.0586758593941993,-0.107151169871967,0.0314445025744048,-0.276432395798515,-0.245934859603921,-0.176509588489338,0.202524813621401,0.205000313791801,0.125865625735476,0.000396561140249378,0.0506746182704041,0.0142646988177133,0.000518205540869605,0.0901238742591293
"GOMF_PHOSPHATIDYLINOSITOL_3_5_BISPHOSPHATE_BINDING",0.215213347949383,0.302015035270458,0.0517300750436134,0.392316100812515,-0.208265287248205,-0.187408660753153,-0.417703949631132,-0.457168901798056,-0.512587962537894,0.36465921578743,0.405787713514211,0.0969290274027946,0.00648825392893133,0.279974843400542,0.441369232737585,0.0113651294418451,0.462017909153336
"GOMF_CASPASE_BINDING",-0.154471712390503,0.260043098068886,0.14853700507189,0.483933956911343,0.381569858802045,0.401601402151119,-0.498947712778496,-0.57920351341672,-0.258207078561785,0.38794013306548,0.160679603586299,0.571348619327279,0.0304631889708999,0.724076565360399,0.104455659596946,0.00660309261308668,0.167987823996878
"GOMF_PHOSPHATIDYLCHOLINE_FLOPPASE_ACTIVITY",0.0341984954396831,0.364655326833662,0.324076661097598,0.104789262015974,-0.147953655841673,0.322589045668323,-0.256426030478186,-0.474855730246626,-0.395227646489217,0.627022627549125,0.466482867506939,0.321723868198676,0.0116910176107398,0.0906017848814971,0.43965831530197,0.00213366039112134,0.167819849186865
"GOMF_PHOSPHATIDYLETHANOLAMINE_FLIPPASE_ACTIVITY",0.352015015166543,0.312065870872334,0.262108704426697,0.417464323653522,0.188827270223991,0.488053636147349,-0.644073548848629,-0.645850136344121,-0.606661311718253,0.519388493241555,0.412950800783533,0.666282597841583,8.05025974885448e-05,0.225040885991805,0.603749475824702,0.00316236079413308,0.0793300490055138
"GOMF_ALPHA_GLUCOSIDASE_ACTIVITY",0.571356641641705,0.619423236483625,0.645844895481103,0.156968928831957,0.328232647487176,-0.00195875100826964,-0.596228444136826,-0.665975342781084,-0.772592848638088,0.732215391463396,0.661788992587527,0.561733399754501,0.00034831354760492,0.0196037009713047,0.0362632832452327,4.89244252741345e-05,0.520239173390466
"GOMF_CERAMIDE_BINDING",0.161999199581902,0.392740749569304,0.0887379667183127,0.238664926352893,0.0952431829348363,0.23728329844137,-0.449111422986209,-0.453514255476425,-0.51470671222178,0.390241094465539,0.235517004473318,0.0781754421363535,0.0137133925119105,0.693086811459189,0.830413015045101,0.0123380383558786,0.882960793180165
"GOMF_UBIQUITIN_PROTEIN_TRANSFERASE_ACTIVATOR_ACTIVITY",0.242917017022609,-0.201741571556962,0.0383497226209397,-0.223310448253992,0.127176434473738,0.504783462732474,-0.340466244398511,-0.499790884810713,-0.607867977776941,0.595455213365486,0.446770596801627,0.154512199489045,0.037159580159035,0.358431304945807,0.683652695716478,0.00782304430219046,0.110801577940531
"GOMF_DISORDERED_DOMAIN_SPECIFIC_BINDING",0.106654900678795,0.235655793547732,0.267915892530301,-0.232308047577371,0.0154586682954099,0.189327598957342,-0.496925788259684,-0.469855235243358,-0.554583139032022,0.525678671191749,0.44627634418429,0.303104055458799,0.00107501297939267,0.0508159917782764,0.217817579845468,0.00189549983347485,0.0576038689023459
"GOMF_CADHERIN_BINDING_INVOLVED_IN_CELL_CELL_ADHESION",0.0241149462693147,0.328144380106128,0.429235355605869,0.184176288576176,0.165219801635053,0.303138920666097,-0.466879858821893,-0.318361344297342,-0.33955033639466,0.355545283966124,0.307124985219143,0.308448802936929,0.023409690150299,0.120242097019578,0.765231613210178,0.00198123202515781,0.656432742314515
"GOMF_BMP_RECEPTOR_ACTIVITY",0.513666981795238,0.154224790840251,0.106464388218776,0.388634234716867,0.154094330926535,-0.104941631563885,-0.48461472881596,-0.493977504953758,-0.417669356351983,0.082989446781634,0.337707705763623,0.208705637731598,0.0267450909904801,0.717159030150039,0.590544019309075,0.00690994700299894,0.764467866502708
"GOMF_STRUCTURAL_CONSTITUENT_OF_PRESYNAPTIC_ACTIVE_ZONE",0.62071622123743,0.618655215806705,0.332978232792812,-0.211135675487888,-0.65350663083601,-0.000733976910813783,-0.422898183354263,-0.567620390051321,-0.0633713561470881,0.436044718035533,0.660595532546925,0.596784777038601,0.0119261923268008,0.0358309612913925,0.0337170235855386,0.0140792888759148,0.74863776751704
"GOMF_PHOSPHATIDYL_PHOSPHOLIPASE_B_ACTIVITY",0.261726562294654,0.472007574090318,0.368840905064147,-0.427034835233239,-0.167366021044629,-0.306630551006993,-0.431273921450071,-0.169690497657076,-0.359192864068523,0.549246598787789,0.455565918764623,0.416977068933491,0.00278043434268306,0.00269486389744614,0.00267356146176531,0.00299540642754919,0.226522512193039
"GOMF_HYDROPEROXY_ICOSATETRAENOATE_DEHYDRATASE_ACTIVITY",0.602035774778362,0.151987321669616,0.756428824685975,0.0508518863216393,-0.0417593167128739,0.338641202511335,-0.602371577108734,-0.46553649497054,-0.425040770073711,0.106924189740845,0.412109231106291,0.421152903896344,0.0237505888774879,0.270228058085699,0.158101339055245,0.00602070206622439,0.426098811339285
"GOMF_LIPID_TRANSFER_ACTIVITY",0.0748486968786058,0.225039970828963,0.165806768527405,0.0677906859691164,0.158624208883193,0.39641491954819,-0.389310009065692,-0.317795537131108,-0.382461532957497,0.258716147681165,0.112396184121898,-0.0761803516309978,0.00179708190620316,0.472145363538118,0.661432849740631,0.035537450732539,0.632226910081384
"GOMF_PHOSPHATIDYLCHOLINE_TRANSFER_ACTIVITY",0.274973164446741,0.587611972070745,0.132711854813029,0.0289890235369828,0.69279970294738,0.061898098038408,-0.455825935630121,-0.588165487043487,-0.297516690890202,0.0159612699745786,-0.0227252405311681,0.0283861128519051,0.0123293382279439,0.360527802950189,0.797814958146241,0.0291440960842228,0.135243134738808
"GOMF_SULFATIDE_BINDING",0.379368484369514,0.560260212148967,0.323138468701313,-0.655153352048196,-0.521925252444725,0.0919111998772084,-0.242739797419387,-0.613788870451435,-0.77425169016015,0.585987952426884,0.588415120257059,0.560569754375243,0.0137245722855516,0.0547951584782485,0.065611773694672,0.0188531359056069,0.156837439808511
"GOMF_ACYL_COA_BINDING",0.0897500287957524,0.124190568229588,-0.0444699698543457,0.342198513625444,-0.153254901496439,0.310249698152113,-0.46451790510517,-0.524498931694606,-0.37568611043839,0.315823904580402,0.065548324576035,0.234346676675793,0.0017986200296141,0.840591995085046,0.570285990945286,0.00345367171686777,0.181678765225729
"GOMF_EXOGENOUS_PROTEIN_BINDING",0.155888469990781,0.3292313250179,0.317460387985386,-0.086823564669846,0.102557221696546,0.125238511262683,-0.441278108828835,-0.410260706145174,-0.359824474470801,0.290853627629855,0.294800703323875,0.160202741387157,0.00253167747713915,0.076146436890891,0.067266394581873,0.000883759728261856,0.804618823509444
"GOMF_INTRAMEMBRANE_LIPID_TRANSPORTER_ACTIVITY",0.234887476248785,0.245907832155347,0.110076013600392,-0.104167622959705,-0.274875235927356,0.137404507356423,-0.29009654199179,-0.262614977935985,-0.375393479523373,0.343500835234874,0.442084931695251,0.253784240941785,0.00102681339031915,0.0525483946536626,0.134218261794057,0.00121045976624145,0.101718982811426
"GOMF_CARGO_ADAPTOR_ACTIVITY",0.255316157065127,0.143658895613843,0.0052463854930424,0.184014624206643,-0.0174025355546008,0.196640531050047,-0.523320601637442,-0.408001460723764,-0.497930896100623,0.415546459537475,0.354487158503691,0.230405451532259,0.00538183653156862,0.0772448633193986,0.898182200011124,0.000572274452036813,0.0983509313535373
"GOMF_ATPASE_COUPLED_INTRAMEMBRANE_LIPID_TRANSPORTER_ACTIVITY",0.245444290799353,0.33879804489842,0.0606536609013416,-0.143026931412154,-0.216535283650795,0.276338616825911,-0.353149398373064,-0.222788246908267,-0.360230138987969,0.44549673200884,0.489063113326706,0.425026675222274,0.0100208073366952,0.0864152323774822,0.255820706493445,0.0009909270922986,0.0934566799063734
"GOMF_FLIPPASE_ACTIVITY",0.321513307661742,0.270140227743351,0.0205383654745384,0.0252223137220064,-0.0915604194875512,0.183245708934692,-0.441614832784996,-0.447944219825654,-0.394940299674355,0.428997770614802,0.471105082822813,0.526845701346507,0.0183417391259281,0.0217562945134125,0.250242603077566,5.95662348977613e-05,0.0891816803809938
"GOMF_FLOPPASE_ACTIVITY",0.208462164318262,0.444747436294232,0.106480871921955,0.0720715030324705,-0.16977815723478,0.286008339855553,-0.3775562350331,-0.316869062742267,-0.438735730016866,0.540062450244705,0.509756517927517,0.407817573551754,0.0158685175197756,0.0740016145211796,0.317959102603822,9.45796760080946e-05,0.132844499374611
"GOMF_GLYCEROPHOSPHOLIPID_FLIPPASE_ACTIVITY",0.249029599750769,0.264210423584887,-0.0703795756313355,-0.0408276211285248,-0.0856406803860738,0.15371763055095,-0.380612963387059,-0.43544728558816,-0.540218535403916,0.557917214249635,0.521628889742681,0.524838203693783,0.0189929449118479,0.0170404453061926,0.359312472360115,0.00134595466187404,0.069452608592413
"GOMF_ABC_TYPE_TRANSPORTER_ACTIVITY",0.112280224659166,0.282452891600725,0.25706267664658,-0.159984374027453,-0.108086771717681,-0.166083215107074,-0.16471912145133,-0.228784800095884,-0.23100138784212,0.301435151632116,0.26844162767326,0.169752360769115,0.00758585040003407,0.00368652821376,0.013217276504015,0.00179114989968591,0.682626977808034
"GOMF_IMMUNE_RECEPTOR_ACTIVITY",-0.105564023479736,0.0702850625978215,-0.00359967197199076,0.278713836995412,0.241197077055578,0.109263725748842,-0.29727690343405,-0.276616307115264,-0.163452343002562,0.194763879389005,-0.0421299653408243,0.0578066143228258,0.0256621835088352,0.184579012392703,0.0370607458400004,0.024605095748562,0.390442328140151
"GOMF_METAL_DEPENDENT_DEUBIQUITINASE_ACTIVITY",0.195874955953011,-0.275683614433094,-0.0780607736928813,-0.0324787162104365,0.0270764509074659,0.625192997891293,-0.640974552739724,-0.615564637710097,-0.747992777842623,0.423102111458851,0.425879440589901,0.531559487368844,0.0369955301227677,0.350299158039416,0.368140224386546,3.52654207690675e-05,0.0562259563134186
"GOMF_TRANSCRIPTION_REGULATOR_ACTIVATOR_ACTIVITY",0.526721100745947,0.0508138021208076,0.17502369702875,0.327527769068473,0.468199585175634,0.163014410331072,-0.520136165373567,-0.402602654535643,-0.604030789588132,0.370093472373183,0.4259172657855,0.214861967717482,0.0211899229098871,0.88124025533247,0.706684992103476,0.000617718581351697,0.62229731312294
"GOMF_ATP_DEPENDENT_PROTEIN_DISAGGREGASE_ACTIVITY",0.609321028343921,0.756818898494519,0.416793856198929,-0.304292417168604,0.127931650890774,0.616582428652236,-0.705949771497303,-0.672491934245192,-0.75095075767074,0.626265545674072,0.618829371107209,0.605736555087757,0.00398687922557941,0.219095783467102,0.228709157493099,0.000124332006820337,0.839689569134803
"GOMF_ATP_DEPENDENT_ACTIVITY",0.132206223725347,0.0606050521208894,-0.0454860279019286,-0.039154719636003,-0.0117159991862914,0.287688052694996,-0.349553059709527,-0.312729514170234,-0.371839429810169,0.246980442332991,0.26844602954523,0.244381834394707,0.0104988364292401,0.237286860067511,0.815212274041031,0.000129627023509922,0.0555413409142081
"GOMF_ATP_DEPENDENT_PROTEIN_FOLDING_CHAPERONE",0.299923181348926,0.11248123567263,0.215882968622444,-0.252964031137543,-0.0120702710520683,0.243488006357267,-0.542321950955894,-0.46076751783472,-0.487392763284169,0.287723187744108,0.363415273782127,0.466324229814333,0.00188570617877262,0.104751728711825,0.266847971502119,0.000851256340980071,0.0953521478257983
"GOMF_ANNEALING_ACTIVITY",0.321512686874542,0.0196627699657786,-0.15373074606895,-0.0374097192873233,0.124394891312606,0.490804667328484,-0.608593149595977,-0.487180035188324,-0.428629016811446,0.343988648347682,0.351149838175361,0.203038048065004,0.0407614115420067,0.571228484941142,0.567798637438897,0.000370570492633367,0.224118562452862
"GOMF_MOLECULAR_FUNCTION_ACTIVATOR_ACTIVITY",0.015398051811312,0.0202571448603473,0.0127248163442621,0.0294328784481777,0.0397854976842972,0.0896061601174354,-0.213556578496306,-0.22324295506925,-0.240964525194229,0.230083712700614,0.189611583177685,0.103748523376383,0.000528866300019089,0.0631063369878288,0.18439737852175,0.00653779074370821,0.0506589021741577
"GOMF_HISTONE_H3K9ME_H3K9ME2_DEMETHYLASE_ACTIVITY",0.341350155702386,-0.155739908591489,-0.0263087145216888,0.338880291707457,0.291700095919282,0.631793217344617,-0.570371653637584,-0.649205212715672,-0.471204025755936,0.556654862315875,0.286118048855704,0.527002231708763,0.0417516171519261,0.806733535104135,0.122248645117052,0.0013528594765691,0.0951199679070623
"GOMF_HISTONE_H3K9ME2_H3K9ME3_DEMETHYLASE_ACTIVITY",0.134654530091797,0.308320323843026,0.523063332949232,0.645087372573272,0.506625187233597,0.583734293834328,-0.668156431697734,-0.651994621508234,-0.272544827360935,0.406699483819085,0.0332357631126531,0.540443585995197,0.00798440677307399,0.2348740165332,0.138476020312566,0.013325564520693,0.981113397693074
"GOMF_PROTEIN_CONTAINING_COMPLEX_DESTABILIZING_ACTIVITY",0.564128882120697,0.479907614572255,0.43743069714616,0.0977926670529987,0.30535365037106,0.428019967861738,-0.580007378789351,-0.533063090721088,-0.577133987992792,0.238769578692251,0.396723266306574,0.527116330692426,0.000281059138849016,0.435792445736644,0.141266084596075,0.00621554692422087,0.334853965673633
"GOMF_METAL_CATION_MONOATOMIC_CATION_ANTIPORTER_ACTIVITY",0.25232295920616,0.18568039918484,0.0276098341809153,-0.0460586408893106,0.275423698839301,0.287503921775149,-0.195834696003816,-0.308096603906314,-0.409248201185036,0.25476101018043,0.221976682060069,0.266090815639597,0.00727936954990833,0.562545203816189,0.90149155499452,0.00969189876561094,0.298438254357228
"GOMF_OLEATE_TRANSMEMBRANE_TRANSPORTER_ACTIVITY",0.4530838308293,0.1836518711431,0.266332685962935,-0.33774418817045,-0.403585808382076,0.00685471837599871,-0.457503682957184,-0.0886113142568582,-0.222308239293744,0.654389166184243,0.362031295119629,0.202488861576383,0.0168276963661544,0.0239297848484639,0.0296956888989928,0.0192185847198652,0.540504726005745
"GOMF_CARBOHYDRATE_DERIVATIVE_TRANSMEMBRANE_TRANSPORTER_ACTIVITY",0.014084456533725,0.210199346892771,0.0941756003288761,-0.126113539057414,0.037370721872306,0.098641562020651,-0.108068979113439,-0.364336908740407,-0.411392151914702,0.34807002762645,0.345465290386495,0.114362467409705,0.0306835289723324,0.0615522556885163,0.308889896979778,0.0107641808744419,0.171285224903318
"GOMF_PHOSPHATIDYLINOSITOL_PHOSPHATE_BINDING",0.261335021179107,0.300469502856431,0.183072276177584,0.102351106805661,0.0172941590808107,0.0864241291624472,-0.417312035183392,-0.408191941436127,-0.416649888442608,0.339177128101053,0.36797411928144,0.30120235687827,0.00254820101399514,0.00167427624482106,0.0165111184955039,0.000515921298674329,0.108967014229013
"GOMF_PHOSPHATIDYLINOSITOL_BISPHOSPHATE_BINDING",0.2591155805981,0.374705099673129,0.208087880354234,0.169770403003696,-0.0230483067215375,-0.0718596822603211,-0.364047089807546,-0.399928831174129,-0.394859922531256,0.332544849742327,0.337129480787637,0.179957762353717,0.00384426236597854,0.0519626606562551,0.0529142628504046,0.00434499280874782,0.972963240278496
"GOMF_CUPRIC_ION_BINDING",-0.0513500019203155,0.32479213888929,0.0923685524445573,0.126895666546713,0.27096782009614,-0.161231687797587,-0.853795361539286,-0.613508234734051,-0.372722666119315,0.511293317880259,0.337716399698219,-0.00987056880598922,0.0158159476574966,0.371864907709306,0.8103779344353,0.0127224374545268,0.453966232615374
"GOMF_RETROMER_COMPLEX_BINDING",0.545461529596978,0.379370943850456,0.322224220552394,0.0613256181616055,-0.00257365651295285,0.467291423237195,-0.642261744708969,-0.726601907390896,-0.691814235778095,0.591825759612766,0.569085391618216,0.568049802233078,0.00144172569557148,0.111991336658061,0.240194133623346,0.000116236152100281,0.136723001976301
"GOMF_TRANSFERRIN_RECEPTOR_BINDING",0.218590417733728,-0.0328924771324714,0.247973569974278,-0.379837194106464,0.0887110011879953,0.263541640410669,-0.279658021748293,-0.426661186614752,-0.607058896971279,0.355206597510583,0.282876196550401,0.332079875598616,0.011093301886992,0.224381486061268,0.523281983424858,0.0119478227057344,0.177079749677126
"GOMF_UBIQUITIN_LIGASE_ACTIVATOR_ACTIVITY",0.401364475297146,0.539041647272558,0.563911127415122,-0.0406360424027188,0.408237361716982,0.338316979109448,-0.596058149774596,-0.62021934676929,-0.700610993577028,0.646796742971206,0.582539273359941,-0.0598570678860732,0.000152206359229868,0.597247179862091,0.188003796506618,0.0425219607832355,0.673074555940081
"GOMF_PROTEIN_TYROSINE_KINASE_BINDING",0.0483729029344395,0.266975252587858,-0.0169514660099776,0.159068909963744,0.111566067473759,0.260783462648208,-0.37798706291379,-0.320441414496635,-0.324162739581209,0.203772031807462,0.197476532978648,-0.0193868443727708,0.0311903878240369,0.597797171180078,0.479951764718138,0.0186274798907091,0.817800652185083
"GOMF_DNA_DNA_ANNEALING_ACTIVITY",0.133915547933296,0.0784638665440117,-0.0919683347689868,-0.0130598448183106,0.188282437845816,0.492432953989454,-0.623432567442941,-0.420766214350405,-0.303200310202014,0.323249031291256,0.316670944090821,-0.0367657864364688,0.0161710094862609,0.915146457091881,0.346536755142347,0.0142378238547926,0.320485761016917
"GOMF_GLYCOGEN_BINDING",0.285707604848753,0.322238602784467,0.126257970346474,0.129306160153246,0.58473970036485,-0.0364908164390555,-0.417034685451324,-0.470822293848056,-0.106542226302571,0.150840718614686,0.464661078174707,0.110585313360178,0.0200870963328163,0.944844034087087,0.930389467389672,0.0228195554604359,0.98432180338059
